75.19649031244467 13.0 v
67.53272670916624 24.0 v
66.96686335121518 27.0 v
62.509331489806286 35.0 v
56.6817575511641 39.0  v
53.86190230922796 40.0 v
53.29123457867565 41.0 v
51.32133453626565 45.0 v
48.81087948374474 46.0 v
48.42185876561995 49.0 v
46.29322815761555 53.0 v
43.46661765109797 60.0 v
41.80506617008619 61.0 v
40.30723040058647 64.0 v
39.55684794273807 67.0 v
38.948186559716405 68.0 v
38.44170180531921 69.0 v
37.548603989396355 70.0 v
36.8747922554139 75.0 v
36.34923633980469 81.0 v
35.7111680393752 82.0 v
35.203604616218534 83.0  v
34.00677314387833 89.0 v
33.107866803910696 90.0 v
32.22362430852654 98.0 v
31.42651701542688 100.0 v
31.066409837119505 101.0 v
30.073295104323087 110.0 v 
29.543841646628792 111.0 v
28.95121117794607 113.0 v
28.23688809865318 120.0 v
27.765678602320083 123.0 v
26.891877596299835 128.0 v
26.06268985162615 135.0 v
25.711748236338064 137.0 v
25.188035660548056 142.0 v
24.45193784433655 145.0 v
23.489631243609832 153.0 v
22.649413187148987 161.0 v
22.143138748790758 166.0 v
21.603752054892077 178.0 v
20.93644610904171 192.0 v
75.55886452159102 1.0 d
75.19649031244467 13.0 d
75.19506251595767 14.0 d
75.15895137578622 17.0 d
73.21990600942247 19.0 d
72.89713436621253 20.0 d
67.53272670916624 24.0 d
67.3716092145616 25.0 d
66.96686335121518 27.0 d
66.80525178130122 28.0 d
64.87606018663368 29.0 d
62.54333090826702 30.0 d
62.35150962530434 31.0 d
60.40673345908617 32.0 d
59.467688793926676 34.0 d
58.93250768328347 35.0 d
56.979831732083966 36.0 d
56.720020765803156 38.0 d
53.89614935344152 39.0 d
53.325468559926065 40.0 d
51.37512753169137 41.0 d
51.13000221103248 43.0 d
51.00145992526881 44.0 d
48.85623720712895 45.0 d
48.611628359387225 46.0 d
48.566287602931695 47.0 d
48.467166450466365 48.0 d
48.22270282366306 49.0 d
46.922324396489294 50.0 d
46.59299303151745 51.0 d
46.33829123627881 52.0 d
44.80941859338047 53.0 d
43.977599282490026 57.0 d
43.54245919297345 58.0 d
41.88637815383121 59.0 d
41.86475020007305 60.0 d
41.133264944414016 62.0 d
40.89496608624254 63.0 d
40.462802674936114 64.0 d
39.65920422355037 65.0 d
39.33395785338345 66.0 d
39.09661741819383 67.0 d
38.905261100514345 68.0 d
38.72157221912882 72.0 d
38.0428754075969 73.0 d
37.632463893523955 74.0 d
37.362668546533726 75.0 d
36.56704706794018 76.0 d
36.27312249380667 77.0 d
35.609953290520025 78.0 d
35.524971357390505 79.0 d
35.508199459236884 80.0 d
35.216088628884144 82.0 d
34.89550793183694 84.0 d
34.74072235208101 85.0 d
34.32375891640219 86.0 d
34.1687767494101 87.0 d
34.032494720167186 88.0 d
33.86810306239754 89.0 d
33.375893233380104 90.0 d
32.84948083089434 92.0 d
32.34614962923195 94.0 d
32.18182652201989 98.0 d
32.04192969342334 99.0 d
31.98851278425516 100.0 d
31.879446814381268 101.0 d
31.546250252392085 102.0 d
31.447675193970458 103.0 d
31.394825937771586 104.0 d
30.8065439903539 105.0 d
30.74624016025938 106.0 d
30.72048429718192 107.0 d
30.443249023390507 108.0 d
30.19907651701643 109.0 d
30.139097786113574 110.0 d
30.107739079990196 111.0 d
30.025924762193885 112.0 d
29.650328064556188 113.0 d
29.591261045765314 114.0 d
29.47898276950313 115.0 d
29.152582947992542 116.0 d
28.96373771890954 118.0 d
28.88073516726785 119.0 d
28.836433873178166 120.0 d
28.3886431442618 121.0 d
28.275802501163685 123.0 d
28.02369406834997 124.0 d
27.818911132209035 125.0 d
27.628165164984978 126.0 d
27.59920087395665 127.0 d
27.429107440872187 129.0 d
27.2374946132788 130.0 d
27.01058491078677 132.0 d
26.95847179605056 134.0 d
26.911528559689526 135.0 d
26.65253161718453 136.0 d
26.601483327177874 137.0 d
26.348466325044274 138.0 d
26.31932781801911 139.0 d
26.106846262780007 140.0 d
25.73614036684243 141.0 d
25.524963031708232 142.0 d
25.375368390033866 143.0 d
25.261348096232012 144.0 d
25.092097113713592 145.0 d
24.983156310982242 146.0 d
24.72956548822908 148.0 d
24.443765221262353 149.0 d
24.239298586660052 151.0 d
24.153782797911795 155.0 d
24.145784533521756 156.0 d
23.84976933780952 157.0 d
23.744166704936596 158.0 d
23.63946101873087 159.0 d
23.600401336668156 161.0 d
23.576882293591396 162.0 d
23.484985482629252 163.0 d
23.389592272293502 164.0 d
23.08273352528063 165.0 d
23.060360375185226 167.0 d
22.974200919151325 168.0 d
22.96852375390554 170.0 d
22.797170665876404 171.0 d
22.659124521044816 172.0 d
22.4187142157338 173.0 d
22.383605127597264 174.0 d
22.341839641174364 175.0 d
22.28853998335089 176.0 d
22.24104025479817 177.0 d
22.160920741019027 178.0 d
22.13328022355486 180.0 d
22.02567239650457 181.0 d
21.95801911819435 182.0 d
21.910291946441703 183.0 d
21.89156362217363 184.0 d
21.858915396283503 185.0 d
21.772083959945032 186.0 d
21.710325654160563 188.0 d
21.64882730630393 189.0 d
21.611030100550703 191.0 d
21.535036174765818 192.0 d
21.423287582819775 195.0 d
21.386983712875644 202.0 d
(0.01 1.0 0.01)(60.23935616863884 43.0)
(0.01 1.0 0.02)(59.66008238039703 51.0)
(0.01 1.0 0.03)(59.36318056900885 61.0)
(0.01 1.0 0.04)(55.27846275509154 73.0)
(0.01 1.0 0.05)(41.07433703863156 80.0)
(0.01 1.0 0.060000000000000005)(58.02242184848355 70.0)
(0.01 1.0 0.07)(38.251219359121976 77.0)
(0.01 1.0 0.08)(38.53254539414455 84.0)
(0.01 1.0 0.09)(35.21372036164982 90.0)
(0.01 1.0 0.09999999999999999)(34.313519328439355 99.0)
(0.01 1.0 0.10999999999999999)(30.988451663657862 113.0)
(0.01 1.0 0.11999999999999998)(36.07974682759479 105.0)
(0.01 1.0 0.12999999999999998)(36.066745748894014 109.0)
(0.01 1.0 0.13999999999999999)(33.365999251326535 115.0)
(0.01 1.0 0.15)(35.798070072418355 108.0)
(0.01 1.0 0.16)(31.246987913132806 110.0)
(0.01 1.0 0.17)(35.62410500103204 112.0)
(0.01 1.0 0.18000000000000002)(34.467013007334316 118.0)
(0.01 1.0 0.19000000000000003)(33.92487070732863 121.0)
(0.01 1.0 0.20000000000000004)(33.49943811751146 125.0)
(0.01 1.0 0.21000000000000005)(34.472810590992665 123.0)
(0.01 1.0 0.22000000000000006)(34.18848033333164 118.0)
(0.01 1.0 0.23000000000000007)(33.81879471151485 121.0)
(0.01 1.0 0.24000000000000007)(33.576593690485375 123.0)
(0.01 6.0 0.01)(60.26309726840606 42.0)
(0.01 6.0 0.02)(59.85589719430535 49.0)
(0.01 6.0 0.03)(54.32864258593801 66.0)
(0.01 6.0 0.04)(52.59253823447402 75.0)
(0.01 6.0 0.05)(38.19501628981471 83.0)
(0.01 6.0 0.060000000000000005)(42.76067348563215 80.0)
(0.01 6.0 0.07)(37.76114932176872 82.0)
(0.01 6.0 0.08)(37.766521910057236 86.0)
(0.01 6.0 0.09)(33.66701196148605 92.0)
(0.01 6.0 0.09999999999999999)(29.229546611131124 106.0)
(0.01 6.0 0.10999999999999999)(23.070416879462176 106.0)
(0.01 6.0 0.11999999999999998)(22.172278616066066 111.0)
(0.01 6.0 0.12999999999999998)(21.970330084524882 112.0)
(0.01 6.0 0.13999999999999999)(21.83158841075964 113.0)
(0.01 6.0 0.15)(20.798192268267478 115.0)
(0.01 6.0 0.16)(20.60966601141179 113.0)
(0.01 6.0 0.17)(22.50136913057861 118.0)
(0.01 6.0 0.18000000000000002)(18.72618191269432 127.0)
(0.01 6.0 0.19000000000000003)(18.107055614099988 128.0)
(0.01 6.0 0.20000000000000004)(17.841350839247188 132.0)
(0.01 6.0 0.21000000000000005)(17.833565195740043 132.0)
(0.01 6.0 0.22000000000000006)(18.19837800839523 130.0)
(0.01 6.0 0.23000000000000007)(19.816307215700935 125.0)
(0.01 6.0 0.24000000000000007)(18.360429102759873 128.0)
(0.01 11.0 0.01)(60.26309726840606 42.0)
(0.01 11.0 0.02)(59.85589719430535 49.0)
(0.01 11.0 0.03)(53.12495729877482 63.0)
(0.01 11.0 0.04)(53.36877591498368 68.0)
(0.01 11.0 0.05)(37.58437867123787 82.0)
(0.01 11.0 0.060000000000000005)(44.418683036864934 72.0)
(0.01 11.0 0.07)(37.91965422327849 75.0)
(0.01 11.0 0.08)(37.789628492150314 84.0)
(0.01 11.0 0.09)(36.88562325974961 88.0)
(0.01 11.0 0.09999999999999999)(33.83496530951108 100.0)
(0.01 11.0 0.10999999999999999)(23.544864860820795 107.0)
(0.01 11.0 0.11999999999999998)(22.577610278082027 109.0)
(0.01 11.0 0.12999999999999998)(22.687456753412242 107.0)
(0.01 11.0 0.13999999999999999)(22.118941328506278 107.0)
(0.01 11.0 0.15)(21.767989083357413 108.0)
(0.01 11.0 0.16)(21.49931866785145 107.0)
(0.01 11.0 0.17)(22.020143341255842 115.0)
(0.01 11.0 0.18000000000000002)(21.467380535666507 116.0)
(0.01 11.0 0.19000000000000003)(21.323441993748606 117.0)
(0.01 11.0 0.20000000000000004)(20.952670786540345 120.0)
(0.01 11.0 0.21000000000000005)(18.110948435853555 130.0)
(0.01 11.0 0.22000000000000006)(18.11859558556263 131.0)
(0.01 11.0 0.23000000000000007)(20.98459248406676 119.0)
(0.01 11.0 0.24000000000000007)(20.345747344000934 121.0)
(0.01 16.0 0.01)(60.721681996740635 40.0)
(0.01 16.0 0.02)(55.59994122888255 52.0)
(0.01 16.0 0.03)(53.12495729877482 63.0)
(0.01 16.0 0.04)(50.667203588419945 68.0)
(0.01 16.0 0.05)(35.23793146163575 76.0)
(0.01 16.0 0.060000000000000005)(44.418683036864934 72.0)
(0.01 16.0 0.07)(37.973810694973324 73.0)
(0.01 16.0 0.08)(37.789628492150314 84.0)
(0.01 16.0 0.09)(36.88562325974961 88.0)
(0.01 16.0 0.09999999999999999)(34.81638613613792 95.0)
(0.01 16.0 0.10999999999999999)(23.171019209203536 104.0)
(0.01 16.0 0.11999999999999998)(22.895663216727254 106.0)
(0.01 16.0 0.12999999999999998)(23.0062630419183 104.0)
(0.01 16.0 0.13999999999999999)(21.76712781069152 109.0)
(0.01 16.0 0.15)(22.13501454166539 106.0)
(0.01 16.0 0.16)(21.07142155848544 110.0)
(0.01 16.0 0.17)(21.58594520931065 112.0)
(0.01 16.0 0.18000000000000002)(20.709089936432115 116.0)
(0.01 16.0 0.19000000000000003)(19.804499735572158 120.0)
(0.01 16.0 0.20000000000000004)(20.241267587295223 121.0)
(0.01 16.0 0.21000000000000005)(19.687844097833064 120.0)
(0.01 16.0 0.22000000000000006)(17.847050035492472 128.0)
(0.01 16.0 0.23000000000000007)(20.54214301959891 120.0)
(0.01 16.0 0.24000000000000007)(20.213252229112207 121.0)
(0.01 21.0 0.01)(60.796981060198256 38.0)
(0.01 21.0 0.02)(56.50176858949131 51.0)
(0.01 21.0 0.03)(46.93741526099236 61.0)
(0.01 21.0 0.04)(49.56788371776039 67.0)
(0.01 21.0 0.05)(37.973810694973324 73.0)
(0.01 21.0 0.060000000000000005)(44.418683036864934 72.0)
(0.01 21.0 0.07)(37.973810694973324 73.0)
(0.01 21.0 0.08)(34.68312403455348 82.0)
(0.01 21.0 0.09)(33.58688829251462 86.0)
(0.01 21.0 0.09999999999999999)(31.80256793294102 95.0)
(0.01 21.0 0.10999999999999999)(23.029450758353065 103.0)
(0.01 21.0 0.11999999999999998)(23.023493561343074 103.0)
(0.01 21.0 0.12999999999999998)(23.0062630419183 104.0)
(0.01 21.0 0.13999999999999999)(21.76712781069152 109.0)
(0.01 21.0 0.15)(22.13501454166539 106.0)
(0.01 21.0 0.16)(21.07142155848544 110.0)
(0.01 21.0 0.17)(21.58594520931065 110.0)
(0.01 21.0 0.18000000000000002)(20.691408948250803 117.0)
(0.01 21.0 0.19000000000000003)(19.94894946580697 118.0)
(0.01 21.0 0.20000000000000004)(20.34378392239399 119.0)
(0.01 21.0 0.21000000000000005)(20.97681692741856 119.0)
(0.01 21.0 0.22000000000000006)(19.988706013189898 119.0)
(0.01 21.0 0.23000000000000007)(20.645109068952124 118.0)
(0.01 21.0 0.24000000000000007)(20.441790334253138 119.0)
(0.01 26.0 0.01)(60.796981060198256 38.0)
(0.01 26.0 0.02)(56.91927348502913 47.0)
(0.01 26.0 0.03)(46.93741526099236 61.0)
(0.01 26.0 0.04)(49.56788371776039 67.0)
(0.01 26.0 0.05)(45.787770020668724 69.0)
(0.01 26.0 0.060000000000000005)(41.20939781288217 69.0)
(0.01 26.0 0.07)(37.973810694973324 73.0)
(0.01 26.0 0.08)(34.68312403455348 82.0)
(0.01 26.0 0.09)(33.58688829251462 86.0)
(0.01 26.0 0.09999999999999999)(31.80256793294102 95.0)
(0.01 26.0 0.10999999999999999)(23.029450758353065 103.0)
(0.01 26.0 0.11999999999999998)(24.073544852560122 101.0)
(0.01 26.0 0.12999999999999998)(23.856081875918594 104.0)
(0.01 26.0 0.13999999999999999)(26.13449693579338 102.0)
(0.01 26.0 0.15)(22.13501454166539 106.0)
(0.01 26.0 0.16)(21.07142155848544 110.0)
(0.01 26.0 0.17)(21.58594520931065 110.0)
(0.01 26.0 0.18000000000000002)(20.691408948250803 115.0)
(0.01 26.0 0.19000000000000003)(19.94894946580697 118.0)
(0.01 26.0 0.20000000000000004)(20.5103441281685 118.0)
(0.01 26.0 0.21000000000000005)(21.211198283270118 117.0)
(0.01 26.0 0.22000000000000006)(20.15692349725018 118.0)
(0.01 26.0 0.23000000000000007)(20.446575159519977 119.0)
(0.01 26.0 0.24000000000000007)(20.243256424820963 120.0)
(0.01 31.0 0.01)(60.796981060198256 38.0)
(0.01 31.0 0.02)(56.91927348502913 47.0)
(0.01 31.0 0.03)(51.46747310465145 59.0)
(0.01 31.0 0.04)(49.56788371776039 67.0)
(0.01 31.0 0.05)(45.787770020668724 69.0)
(0.01 31.0 0.060000000000000005)(41.20939781288217 69.0)
(0.01 31.0 0.07)(39.58814698710687 71.0)
(0.01 31.0 0.08)(38.532837904022614 77.0)
(0.01 31.0 0.09)(35.71702989969659 81.0)
(0.01 31.0 0.09999999999999999)(35.00160322505218 85.0)
(0.01 31.0 0.10999999999999999)(25.646449798475842 98.0)
(0.01 31.0 0.11999999999999998)(27.881697106576283 97.0)
(0.01 31.0 0.12999999999999998)(26.842626126920717 100.0)
(0.01 31.0 0.13999999999999999)(25.169006020270455 103.0)
(0.01 31.0 0.15)(23.08129414449708 104.0)
(0.01 31.0 0.16)(20.87436461109947 111.0)
(0.01 31.0 0.17)(21.58594520931065 110.0)
(0.01 31.0 0.18000000000000002)(20.691408948250803 115.0)
(0.01 31.0 0.19000000000000003)(19.94894946580697 118.0)
(0.01 31.0 0.20000000000000004)(20.5103441281685 118.0)
(0.01 31.0 0.21000000000000005)(21.211198283270118 117.0)
(0.01 31.0 0.22000000000000006)(21.211198283270118 117.0)
(0.01 31.0 0.23000000000000007)(20.446575159519977 119.0)
(0.01 31.0 0.24000000000000007)(20.243256424820963 120.0)
(0.01 36.0 0.01)(61.023753483977885 37.0)
(0.01 36.0 0.02)(56.91927348502913 47.0)
(0.01 36.0 0.03)(51.46747310465145 59.0)
(0.01 36.0 0.04)(49.56788371776039 67.0)
(0.01 36.0 0.05)(46.73013663690693 68.0)
(0.01 36.0 0.060000000000000005)(41.20939781288217 69.0)
(0.01 36.0 0.07)(39.58814698710687 71.0)
(0.01 36.0 0.08)(36.652693314643514 78.0)
(0.01 36.0 0.09)(35.71702989969659 81.0)
(0.01 36.0 0.09999999999999999)(35.00160322505218 85.0)
(0.01 36.0 0.10999999999999999)(29.35502806069522 96.0)
(0.01 36.0 0.11999999999999998)(25.71131517511647 97.0)
(0.01 36.0 0.12999999999999998)(26.321096718904137 99.0)
(0.01 36.0 0.13999999999999999)(25.396419526193295 102.0)
(0.01 36.0 0.15)(25.182288434883333 97.0)
(0.01 36.0 0.16)(22.493567493589502 102.0)
(0.01 36.0 0.17)(22.323858045685615 108.0)
(0.01 36.0 0.18000000000000002)(22.423496702025215 111.0)
(0.01 36.0 0.19000000000000003)(21.179904208777284 109.0)
(0.01 36.0 0.20000000000000004)(20.5103441281685 118.0)
(0.01 36.0 0.21000000000000005)(21.211198283270118 117.0)
(0.01 36.0 0.22000000000000006)(21.211198283270118 117.0)
(0.01 36.0 0.23000000000000007)(20.446575159519977 119.0)
(0.01 36.0 0.24000000000000007)(20.243256424820963 120.0)
(0.01 41.0 0.01)(61.023753483977885 37.0)
(0.01 41.0 0.02)(56.91927348502913 47.0)
(0.01 41.0 0.03)(51.46747310465145 59.0)
(0.01 41.0 0.04)(49.56788371776039 67.0)
(0.01 41.0 0.05)(46.73013663690693 68.0)
(0.01 41.0 0.060000000000000005)(41.20939781288217 69.0)
(0.01 41.0 0.07)(39.58814698710687 71.0)
(0.01 41.0 0.08)(36.652693314643514 78.0)
(0.01 41.0 0.09)(35.71702989969659 81.0)
(0.01 41.0 0.09999999999999999)(35.15342327344148 87.0)
(0.01 41.0 0.10999999999999999)(27.814250917488508 97.0)
(0.01 41.0 0.11999999999999998)(28.392928644132024 97.0)
(0.01 41.0 0.12999999999999998)(26.321096718904137 99.0)
(0.01 41.0 0.13999999999999999)(25.396419526193295 102.0)
(0.01 41.0 0.15)(24.226943155906124 100.0)
(0.01 41.0 0.16)(23.638156380565615 102.0)
(0.01 41.0 0.17)(23.009570393341967 108.0)
(0.01 41.0 0.18000000000000002)(22.82095328665229 108.0)
(0.01 41.0 0.19000000000000003)(21.179904208777284 109.0)
(0.01 41.0 0.20000000000000004)(20.434571076850077 117.0)
(0.01 41.0 0.21000000000000005)(22.96617363502495 105.0)
(0.01 41.0 0.22000000000000006)(21.870228797146737 106.0)
(0.01 41.0 0.23000000000000007)(21.495909384089792 114.0)
(0.01 41.0 0.24000000000000007)(21.279332589802625 115.0)
(0.01 46.0 0.01)(61.023753483977885 37.0)
(0.01 46.0 0.02)(56.91927348502913 47.0)
(0.01 46.0 0.03)(51.46747310465145 59.0)
(0.01 46.0 0.04)(49.71010026595024 66.0)
(0.01 46.0 0.05)(46.73013663690693 68.0)
(0.01 46.0 0.060000000000000005)(41.20939781288217 69.0)
(0.01 46.0 0.07)(39.58814698710687 71.0)
(0.01 46.0 0.08)(36.652693314643514 78.0)
(0.01 46.0 0.09)(35.71702989969659 81.0)
(0.01 46.0 0.09999999999999999)(35.15342327344148 87.0)
(0.01 46.0 0.10999999999999999)(27.814250917488508 97.0)
(0.01 46.0 0.11999999999999998)(28.392928644132024 97.0)
(0.01 46.0 0.12999999999999998)(25.37150387209333 100.0)
(0.01 46.0 0.13999999999999999)(25.396419526193295 102.0)
(0.01 46.0 0.15)(23.71410949279883 101.0)
(0.01 46.0 0.16)(23.779780045315604 102.0)
(0.01 46.0 0.17)(23.33698367688521 107.0)
(0.01 46.0 0.18000000000000002)(23.469896074351105 103.0)
(0.01 46.0 0.19000000000000003)(21.55023177562956 110.0)
(0.01 46.0 0.20000000000000004)(23.64555181872609 114.0)
(0.01 46.0 0.21000000000000005)(23.170527282081505 104.0)
(0.01 3.0 0.01)(60.23935616863884 43.0)
(0.01 3.0 0.02)(59.66008238039703 51.0)
(0.01 3.0 0.03)(59.36318056900885 61.0)
(0.01 3.0 0.04)(51.603046602240696 75.0)
(0.01 3.0 0.05)(35.19173863754697 87.0)
(0.01 3.0 0.060000000000000005)(43.81232056698593 79.0)
(0.01 3.0 0.07)(37.76114932176872 82.0)
(0.01 3.0 0.08)(37.37297183559187 88.0)
(0.01 3.0 0.09)(32.86261340146183 95.0)
(0.01 3.0 0.09999999999999999)(30.074513412803555 110.0)
(0.01 3.0 0.10999999999999999)(22.39973308470242 112.0)
(0.01 3.0 0.11999999999999998)(23.073895397942263 111.0)
(0.01 3.0 0.12999999999999998)(22.495707749261197 113.0)
(0.01 3.0 0.13999999999999999)(20.777163053001633 119.0)
(0.01 3.0 0.15)(24.572891193975856 118.0)
(0.01 3.0 0.16)(19.850659738470203 117.0)
(0.01 3.0 0.17)(20.44905510669602 126.0)
(0.01 3.0 0.18000000000000002)(20.131991308949456 127.0)
(0.01 3.0 0.19000000000000003)(19.98944886390254 128.0)
(0.01 3.0 0.20000000000000004)(20.580259363304364 129.0)
(0.01 3.0 0.21000000000000005)(19.52863287805013 133.0)
(0.01 3.0 0.22000000000000006)(24.597220576251836 127.0)
(0.01 3.0 0.23000000000000007)(24.56348220908951 123.0)
(0.01 3.0 0.24000000000000007)(19.21956947954862 133.0)
(0.01 8.0 0.01)(60.26309726840606 42.0)
(0.01 8.0 0.02)(59.85589719430535 49.0)
(0.01 8.0 0.03)(54.55421535716426 64.0)
(0.01 8.0 0.04)(53.22645944183882 71.0)
(0.01 8.0 0.05)(39.5568159837329 80.0)
(0.01 8.0 0.060000000000000005)(42.815666635474265 77.0)
(0.01 8.0 0.07)(38.82151155230269 79.0)
(0.01 8.0 0.08)(37.766521910057236 86.0)
(0.01 8.0 0.09)(33.199660400439605 93.0)
(0.01 8.0 0.09999999999999999)(29.229546611131124 106.0)
(0.01 8.0 0.10999999999999999)(22.420738962791507 107.0)
(0.01 8.0 0.11999999999999998)(22.172278616066066 111.0)
(0.01 8.0 0.12999999999999998)(21.55319905778589 111.0)
(0.01 8.0 0.13999999999999999)(21.327170885239994 114.0)
(0.01 8.0 0.15)(21.135611468447365 116.0)
(0.01 8.0 0.16)(20.906338314757114 114.0)
(0.01 8.0 0.17)(22.109691705261216 117.0)
(0.01 8.0 0.18000000000000002)(18.727801766880987 127.0)
(0.01 8.0 0.19000000000000003)(17.987451468614374 129.0)
(0.01 8.0 0.20000000000000004)(17.725183399596656 133.0)
(0.01 8.0 0.21000000000000005)(17.786851334697182 132.0)
(0.01 8.0 0.22000000000000006)(18.19837800839523 130.0)
(0.01 8.0 0.23000000000000007)(19.85899924012218 124.0)
(0.01 8.0 0.24000000000000007)(18.360429102759873 128.0)
(0.01 13.0 0.01)(60.26309726840606 42.0)
(0.01 13.0 0.02)(59.85589719430535 49.0)
(0.01 13.0 0.03)(53.12495729877482 63.0)
(0.01 13.0 0.04)(50.667203588419945 68.0)
(0.01 13.0 0.05)(34.82315979777019 79.0)
(0.01 13.0 0.060000000000000005)(44.418683036864934 72.0)
(0.01 13.0 0.07)(37.91965422327849 75.0)
(0.01 13.0 0.08)(37.789628492150314 84.0)
(0.01 13.0 0.09)(36.88562325974961 88.0)
(0.01 13.0 0.09999999999999999)(34.81638613613792 95.0)
(0.01 13.0 0.10999999999999999)(23.562594375114323 106.0)
(0.01 13.0 0.11999999999999998)(22.577610278082027 109.0)
(0.01 13.0 0.12999999999999998)(22.687456753412242 107.0)
(0.01 13.0 0.13999999999999999)(22.118941328506278 107.0)
(0.01 13.0 0.15)(21.806917300893115 108.0)
(0.01 13.0 0.16)(21.602468518476083 106.0)
(0.01 13.0 0.17)(22.48875939509556 111.0)
(0.01 13.0 0.18000000000000002)(21.654218096420095 117.0)
(0.01 13.0 0.19000000000000003)(21.323441993748606 117.0)
(0.01 13.0 0.20000000000000004)(20.952670786540345 120.0)
(0.01 13.0 0.21000000000000005)(19.832164813199824 123.0)
(0.01 13.0 0.22000000000000006)(18.11859558556263 131.0)
(0.01 13.0 0.23000000000000007)(19.917391566425746 120.0)
(0.01 13.0 0.24000000000000007)(19.60060846221503 121.0)
(0.01 18.0 0.01)(60.721681996740635 40.0)
(0.01 18.0 0.02)(56.50176858949131 51.0)
(0.01 18.0 0.03)(46.93741526099236 61.0)
(0.01 18.0 0.04)(49.12939195573118 70.0)
(0.01 18.0 0.05)(35.23793146163575 76.0)
(0.01 18.0 0.060000000000000005)(44.418683036864934 72.0)
(0.01 18.0 0.07)(37.973810694973324 73.0)
(0.01 18.0 0.08)(34.68312403455348 82.0)
(0.01 18.0 0.09)(37.025066876282104 85.0)
(0.01 18.0 0.09999999999999999)(34.95501863222329 92.0)
(0.01 18.0 0.10999999999999999)(23.29930710003007 101.0)
(0.01 18.0 0.11999999999999998)(23.023493561343074 103.0)
(0.01 18.0 0.12999999999999998)(23.0062630419183 104.0)
(0.01 18.0 0.13999999999999999)(21.76712781069152 109.0)
(0.01 18.0 0.15)(22.13501454166539 106.0)
(0.01 18.0 0.16)(21.07142155848544 110.0)
(0.01 18.0 0.17)(21.58594520931065 112.0)
(0.01 18.0 0.18000000000000002)(20.691408948250803 117.0)
(0.01 18.0 0.19000000000000003)(19.94894946580697 118.0)
(0.01 18.0 0.20000000000000004)(20.34378392239399 119.0)
(0.01 18.0 0.21000000000000005)(21.040298787541776 118.0)
(0.01 18.0 0.22000000000000006)(19.988706013189898 119.0)
(0.01 18.0 0.23000000000000007)(20.54214301959891 120.0)
(0.01 18.0 0.24000000000000007)(20.213252229112207 121.0)
(0.01 23.0 0.01)(60.796981060198256 38.0)
(0.01 23.0 0.02)(56.50176858949131 51.0)
(0.01 23.0 0.03)(46.93741526099236 61.0)
(0.01 23.0 0.04)(49.56788371776039 67.0)
(0.01 23.0 0.05)(37.973810694973324 73.0)
(0.01 23.0 0.060000000000000005)(44.418683036864934 72.0)
(0.01 23.0 0.07)(37.973810694973324 73.0)
(0.01 23.0 0.08)(34.68312403455348 82.0)
(0.01 23.0 0.09)(33.58688829251462 86.0)
(0.01 23.0 0.09999999999999999)(31.80256793294102 95.0)
(0.01 23.0 0.10999999999999999)(23.029450758353065 103.0)
(0.01 23.0 0.11999999999999998)(23.087846771041047 102.0)
(0.01 23.0 0.12999999999999998)(23.0062630419183 104.0)
(0.01 23.0 0.13999999999999999)(21.76712781069152 109.0)
(0.01 23.0 0.15)(22.13501454166539 106.0)
(0.01 23.0 0.16)(21.07142155848544 110.0)
(0.01 23.0 0.17)(21.58594520931065 110.0)
(0.01 23.0 0.18000000000000002)(20.691408948250803 115.0)
(0.01 23.0 0.19000000000000003)(19.94894946580697 118.0)
(0.01 23.0 0.20000000000000004)(20.34378392239399 119.0)
(0.01 23.0 0.21000000000000005)(20.97681692741856 119.0)
(0.01 23.0 0.22000000000000006)(19.988706013189898 119.0)
(0.01 23.0 0.23000000000000007)(20.645109068952124 118.0)
(0.01 23.0 0.24000000000000007)(20.441790334253138 119.0)
(0.01 28.0 0.01)(60.796981060198256 38.0)
(0.01 28.0 0.02)(56.91927348502913 47.0)
(0.01 28.0 0.03)(47.4630732603497 60.0)
(0.01 28.0 0.04)(49.56788371776039 67.0)
(0.01 28.0 0.05)(45.787770020668724 69.0)
(0.01 28.0 0.060000000000000005)(41.20939781288217 69.0)
(0.01 28.0 0.07)(37.973810694973324 73.0)
(0.01 28.0 0.08)(36.39117354205674 79.0)
(0.01 28.0 0.09)(35.28700903034282 82.0)
(0.01 28.0 0.09999999999999999)(33.36107572758673 91.0)
(0.01 28.0 0.10999999999999999)(23.029450758353065 103.0)
(0.01 28.0 0.11999999999999998)(24.073544852560122 101.0)
(0.01 28.0 0.12999999999999998)(24.0643346588834 103.0)
(0.01 28.0 0.13999999999999999)(25.169006020270455 103.0)
(0.01 28.0 0.15)(26.01857424647474 101.0)
(0.01 28.0 0.16)(21.07142155848544 110.0)
(0.01 28.0 0.17)(21.58594520931065 110.0)
(0.01 28.0 0.18000000000000002)(20.691408948250803 115.0)
(0.01 28.0 0.19000000000000003)(19.94894946580697 118.0)
(0.01 28.0 0.20000000000000004)(20.5103441281685 118.0)
(0.01 28.0 0.21000000000000005)(21.211198283270118 117.0)
(0.01 28.0 0.22000000000000006)(21.211198283270118 117.0)
(0.01 28.0 0.23000000000000007)(20.446575159519977 119.0)
(0.01 28.0 0.24000000000000007)(20.243256424820963 120.0)
(0.01 33.0 0.01)(60.796981060198256 38.0)
(0.01 33.0 0.02)(56.91927348502913 47.0)
(0.01 33.0 0.03)(51.46747310465145 59.0)
(0.01 33.0 0.04)(49.56788371776039 67.0)
(0.01 33.0 0.05)(45.787770020668724 69.0)
(0.01 33.0 0.060000000000000005)(41.20939781288217 69.0)
(0.01 33.0 0.07)(39.58814698710687 71.0)
(0.01 33.0 0.08)(38.532837904022614 77.0)
(0.01 33.0 0.09)(35.71702989969659 81.0)
(0.01 33.0 0.09999999999999999)(35.00160322505218 85.0)
(0.01 33.0 0.10999999999999999)(29.35502806069522 96.0)
(0.01 33.0 0.11999999999999998)(25.390150238193673 99.0)
(0.01 33.0 0.12999999999999998)(25.415208046388884 101.0)
(0.01 33.0 0.13999999999999999)(23.52547983417425 102.0)
(0.01 33.0 0.15)(23.08129414449708 104.0)
(0.01 33.0 0.16)(20.87436461109947 111.0)
(0.01 33.0 0.17)(21.58594520931065 110.0)
(0.01 33.0 0.18000000000000002)(20.691408948250803 115.0)
(0.01 33.0 0.19000000000000003)(19.94894946580697 118.0)
(0.01 33.0 0.20000000000000004)(20.5103441281685 118.0)
(0.01 33.0 0.21000000000000005)(21.211198283270118 117.0)
(0.01 33.0 0.22000000000000006)(21.211198283270118 117.0)
(0.01 33.0 0.23000000000000007)(20.446575159519977 119.0)
(0.01 33.0 0.24000000000000007)(20.243256424820963 120.0)
(0.01 38.0 0.01)(61.023753483977885 37.0)
(0.01 38.0 0.02)(56.91927348502913 47.0)
(0.01 38.0 0.03)(51.46747310465145 59.0)
(0.01 38.0 0.04)(49.56788371776039 67.0)
(0.01 38.0 0.05)(46.73013663690693 68.0)
(0.01 38.0 0.060000000000000005)(41.20939781288217 69.0)
(0.01 38.0 0.07)(39.58814698710687 71.0)
(0.01 38.0 0.08)(36.652693314643514 78.0)
(0.01 38.0 0.09)(35.71702989969659 81.0)
(0.01 38.0 0.09999999999999999)(35.00160322505218 85.0)
(0.01 38.0 0.10999999999999999)(29.35502806069522 96.0)
(0.01 38.0 0.11999999999999998)(25.71131517511647 97.0)
(0.01 38.0 0.12999999999999998)(26.321096718904137 99.0)
(0.01 38.0 0.13999999999999999)(25.396419526193295 102.0)
(0.01 38.0 0.15)(24.226943155906124 100.0)
(0.01 38.0 0.16)(23.638156380565615 102.0)
(0.01 38.0 0.17)(22.323858045685615 108.0)
(0.01 38.0 0.18000000000000002)(22.423496702025215 111.0)
(0.01 38.0 0.19000000000000003)(21.179904208777284 109.0)
(0.01 38.0 0.20000000000000004)(20.434571076850077 117.0)
(0.01 38.0 0.21000000000000005)(21.211198283270118 117.0)
(0.01 38.0 0.22000000000000006)(21.211198283270118 117.0)
(0.01 38.0 0.23000000000000007)(20.446575159519977 119.0)
(0.01 38.0 0.24000000000000007)(20.243256424820963 120.0)
(0.01 43.0 0.01)(61.023753483977885 37.0)
(0.01 43.0 0.02)(56.91927348502913 47.0)
(0.01 43.0 0.03)(51.46747310465145 59.0)
(0.01 43.0 0.04)(49.56788371776039 67.0)
(0.01 43.0 0.05)(46.73013663690693 68.0)
(0.01 43.0 0.060000000000000005)(41.20939781288217 69.0)
(0.01 43.0 0.07)(39.58814698710687 71.0)
(0.01 43.0 0.08)(36.652693314643514 78.0)
(0.01 43.0 0.09)(35.71702989969659 81.0)
(0.01 43.0 0.09999999999999999)(35.15342327344148 87.0)
(0.01 43.0 0.10999999999999999)(27.814250917488508 97.0)
(0.01 43.0 0.11999999999999998)(28.392928644132024 97.0)
(0.01 43.0 0.12999999999999998)(25.37150387209333 100.0)
(0.01 43.0 0.13999999999999999)(25.396419526193295 102.0)
(0.01 43.0 0.15)(23.71410949279883 101.0)
(0.01 43.0 0.16)(23.638156380565615 102.0)
(0.01 43.0 0.17)(23.33698367688521 107.0)
(0.01 43.0 0.18000000000000002)(22.82095328665229 108.0)
(0.01 43.0 0.19000000000000003)(22.28020416502634 105.0)
(0.01 43.0 0.20000000000000004)(23.284702628827972 115.0)
(0.01 43.0 0.21000000000000005)(23.170527282081505 104.0)
(0.01 43.0 0.22000000000000006)(21.870228797146737 106.0)
(0.01 43.0 0.23000000000000007)(21.495909384089792 114.0)
(0.01 43.0 0.24000000000000007)(21.279332589802625 115.0)
(0.01 48.0 0.01)(61.023753483977885 37.0)
(0.01 48.0 0.02)(56.91927348502913 47.0)
(0.01 48.0 0.03)(51.46747310465145 59.0)
(0.01 48.0 0.04)(49.71010026595024 66.0)
(0.01 48.0 0.05)(46.73013663690693 68.0)
(0.01 48.0 0.060000000000000005)(41.20939781288217 69.0)
(0.01 48.0 0.07)(39.58814698710687 71.0)
(0.01 48.0 0.08)(36.652693314643514 78.0)
(0.01 48.0 0.09)(35.71702989969659 81.0)
(0.01 48.0 0.09999999999999999)(35.15342327344148 87.0)
(0.01 48.0 0.10999999999999999)(27.814250917488508 97.0)
(0.01 48.0 0.11999999999999998)(28.392928644132024 97.0)
(0.01 48.0 0.12999999999999998)(25.37150387209333 100.0)
(0.01 48.0 0.13999999999999999)(25.396419526193295 102.0)
(0.01 48.0 0.15)(23.71410949279883 101.0)
(0.01 48.0 0.16)(23.779780045315604 102.0)
(0.01 48.0 0.17)(23.80187017867782 101.0)
(0.01 48.0 0.18000000000000002)(23.972331486967246 106.0)
(0.01 48.0 0.19000000000000003)(21.55023177562956 110.0)
(0.01 48.0 0.20000000000000004)(23.64555181872609 114.0)
(0.01 48.0 0.21000000000000005)(23.11706141930916 105.0)
(0.01 48.0 0.22000000000000006)(21.73186482141394 111.0)
(0.01 48.0 0.23000000000000007)(24.585085558365947 107.0)
(0.01 48.0 0.24000000000000007)(21.279332589802625 115.0)
(0.01 53.0 0.01)(61.023753483977885 37.0)
(0.01 53.0 0.02)(57.56836054488233 46.0)
(0.01 53.0 0.03)(53.102561006014696 58.0)
(0.01 53.0 0.04)(49.71010026595024 66.0)
(0.01 53.0 0.05)(46.73013663690693 68.0)
(0.01 53.0 0.060000000000000005)(41.20939781288217 69.0)
(0.01 53.0 0.07)(39.58814698710687 71.0)
(0.01 53.0 0.08)(36.652693314643514 78.0)
(0.01 53.0 0.09)(35.71702989969659 81.0)
(0.01 53.0 0.09999999999999999)(35.15342327344148 87.0)
(0.01 53.0 0.10999999999999999)(27.814250917488508 97.0)
(0.01 53.0 0.11999999999999998)(28.392928644132024 97.0)
(0.01 53.0 0.12999999999999998)(25.37150387209333 100.0)
(0.01 53.0 0.13999999999999999)(25.396419526193295 102.0)
(0.01 53.0 0.15)(23.71410949279883 101.0)
(0.01 53.0 0.16)(23.779780045315604 102.0)
(0.01 53.0 0.17)(23.80187017867782 101.0)
(0.01 53.0 0.18000000000000002)(23.972331486967246 106.0)
(0.01 53.0 0.19000000000000003)(22.166105535247787 106.0)
(0.01 53.0 0.20000000000000004)(23.64555181872609 114.0)
(0.01 53.0 0.21000000000000005)(21.727971999660358 109.0)
(0.01 53.0 0.22000000000000006)(22.10027640970014 109.0)
(0.01 53.0 0.23000000000000007)(24.585085558365947 107.0)
(0.01 53.0 0.24000000000000007)(19.942720874190762 120.0)
(0.01 58.0 0.01)(61.023753483977885 37.0)
(0.01 58.0 0.02)(57.56836054488233 46.0)
(0.01 58.0 0.03)(53.102561006014696 58.0)
(0.01 58.0 0.04)(49.71010026595024 66.0)
(0.01 58.0 0.05)(46.73013663690693 68.0)
(0.01 58.0 0.060000000000000005)(41.20939781288217 69.0)
(0.01 58.0 0.07)(39.58814698710687 71.0)
(0.01 58.0 0.08)(36.652693314643514 78.0)
(0.01 58.0 0.09)(35.71702989969659 81.0)
(0.01 58.0 0.09999999999999999)(35.15342327344148 87.0)
(0.01 58.0 0.10999999999999999)(27.814250917488508 97.0)
(0.01 58.0 0.11999999999999998)(28.392928644132024 97.0)
(0.01 58.0 0.12999999999999998)(25.37150387209333 100.0)
(0.01 58.0 0.13999999999999999)(25.396419526193295 102.0)
(0.01 58.0 0.15)(23.71410949279883 101.0)
(0.01 58.0 0.16)(23.779780045315604 102.0)
(0.01 58.0 0.17)(23.80187017867782 101.0)
(0.01 58.0 0.18000000000000002)(23.972331486967246 106.0)
(0.01 58.0 0.19000000000000003)(22.166105535247787 106.0)
(0.01 58.0 0.20000000000000004)(23.64555181872609 114.0)
(0.01 58.0 0.21000000000000005)(21.727971999660358 109.0)
(0.01 58.0 0.22000000000000006)(25.448708163691812 107.0)
(0.01 58.0 0.23000000000000007)(22.42547505920445 103.0)
(0.01 58.0 0.24000000000000007)(20.332414304674334 118.0)
(0.01 63.0 0.01)(61.023753483977885 37.0)
(0.01 63.0 0.02)(57.56836054488233 46.0)
(0.01 63.0 0.03)(53.102561006014696 58.0)
(0.01 63.0 0.04)(49.71010026595024 66.0)
(0.01 63.0 0.05)(46.73013663690693 68.0)
(0.01 63.0 0.060000000000000005)(41.20939781288217 69.0)
(0.01 63.0 0.07)(39.58814698710687 71.0)
(0.01 63.0 0.08)(36.652693314643514 78.0)
(0.01 63.0 0.09)(35.71702989969659 81.0)
(0.01 63.0 0.09999999999999999)(35.15342327344148 87.0)
(0.01 63.0 0.10999999999999999)(27.814250917488508 97.0)
(0.01 63.0 0.11999999999999998)(28.392928644132024 97.0)
(0.01 63.0 0.12999999999999998)(25.37150387209333 100.0)
(0.01 63.0 0.13999999999999999)(25.396419526193295 102.0)
(0.01 63.0 0.15)(23.71410949279883 101.0)
(0.01 63.0 0.16)(23.779780045315604 102.0)
(0.01 63.0 0.17)(23.80187017867782 101.0)
(0.01 63.0 0.18000000000000002)(23.972331486967246 106.0)
(0.01 63.0 0.19000000000000003)(22.166105535247787 106.0)
(0.01 63.0 0.20000000000000004)(23.64555181872609 114.0)
(0.01 63.0 0.21000000000000005)(21.727971999660358 109.0)
(0.01 63.0 0.22000000000000006)(25.448708163691812 107.0)
(0.01 63.0 0.23000000000000007)(22.42547505920445 103.0)
(0.01 63.0 0.24000000000000007)(20.332414304674334 118.0)
(0.01 68.0 0.01)(61.023753483977885 37.0)
(0.01 68.0 0.02)(57.56836054488233 46.0)
(0.01 68.0 0.03)(53.102561006014696 58.0)
(0.01 68.0 0.04)(52.29376166171379 64.0)
(0.01 68.0 0.05)(46.73013663690693 68.0)
(0.01 68.0 0.060000000000000005)(41.20939781288217 69.0)
(0.01 68.0 0.07)(39.58814698710687 71.0)
(0.01 68.0 0.08)(36.652693314643514 78.0)
(0.01 68.0 0.09)(35.71702989969659 81.0)
(0.01 68.0 0.09999999999999999)(35.15342327344148 87.0)
(0.01 68.0 0.10999999999999999)(27.814250917488508 97.0)
(0.01 68.0 0.11999999999999998)(28.392928644132024 97.0)
(0.01 68.0 0.12999999999999998)(25.37150387209333 100.0)
(0.01 68.0 0.13999999999999999)(25.396419526193295 102.0)
(0.01 68.0 0.15)(23.71410949279883 101.0)
(0.01 68.0 0.16)(23.779780045315604 102.0)
(0.01 68.0 0.17)(23.80187017867782 101.0)
(0.01 68.0 0.18000000000000002)(23.972331486967246 106.0)
(0.01 68.0 0.19000000000000003)(22.166105535247787 106.0)
(0.01 68.0 0.20000000000000004)(23.64555181872609 114.0)
(0.01 68.0 0.21000000000000005)(21.727971999660358 109.0)
(0.01 68.0 0.22000000000000006)(25.448708163691812 107.0)
(0.01 68.0 0.23000000000000007)(22.42547505920445 103.0)
(0.01 68.0 0.24000000000000007)(20.332414304674334 118.0)
(0.01 73.0 0.01)(61.023753483977885 37.0)
(0.01 73.0 0.02)(57.56836054488233 46.0)
(0.01 73.0 0.03)(53.102561006014696 58.0)
(0.01 73.0 0.04)(52.29376166171379 64.0)
(0.01 73.0 0.05)(46.73013663690693 68.0)
(0.01 73.0 0.060000000000000005)(41.20939781288217 69.0)
(0.01 73.0 0.07)(39.58814698710687 71.0)
(0.01 73.0 0.08)(36.652693314643514 78.0)
(0.01 73.0 0.09)(35.71702989969659 81.0)
(0.01 73.0 0.09999999999999999)(35.15342327344148 87.0)
(0.01 73.0 0.10999999999999999)(27.814250917488508 97.0)
(0.01 73.0 0.11999999999999998)(28.392928644132024 97.0)
(0.01 73.0 0.12999999999999998)(25.37150387209333 100.0)
(0.01 73.0 0.13999999999999999)(25.396419526193295 102.0)
(0.01 73.0 0.15)(23.71410949279883 101.0)
(0.01 73.0 0.16)(23.779780045315604 102.0)
(0.01 73.0 0.17)(23.80187017867782 101.0)
(0.01 73.0 0.18000000000000002)(23.972331486967246 106.0)
(0.01 73.0 0.19000000000000003)(22.166105535247787 106.0)
(0.01 73.0 0.20000000000000004)(23.64555181872609 114.0)
(0.01 73.0 0.21000000000000005)(21.727971999660358 109.0)
(0.01 73.0 0.22000000000000006)(25.448708163691812 107.0)
(0.01 73.0 0.23000000000000007)(22.42547505920445 103.0)
(0.01 73.0 0.24000000000000007)(20.332414304674334 118.0)
(0.01 78.0 0.01)(61.023753483977885 37.0)
(0.01 78.0 0.02)(57.56836054488233 46.0)
(0.01 78.0 0.03)(53.102561006014696 58.0)
(0.01 78.0 0.04)(52.29376166171379 64.0)
(0.01 78.0 0.05)(46.73013663690693 68.0)
(0.01 78.0 0.060000000000000005)(41.20939781288217 69.0)
(0.01 78.0 0.07)(39.58814698710687 71.0)
(0.01 78.0 0.08)(36.652693314643514 78.0)
(0.01 78.0 0.09)(35.71702989969659 81.0)
(0.01 78.0 0.09999999999999999)(35.15342327344148 87.0)
(0.01 78.0 0.10999999999999999)(27.814250917488508 97.0)
(0.01 78.0 0.11999999999999998)(28.392928644132024 97.0)
(0.01 78.0 0.12999999999999998)(25.37150387209333 100.0)
(0.01 78.0 0.13999999999999999)(25.396419526193295 102.0)
(0.01 78.0 0.15)(23.71410949279883 101.0)
(0.01 78.0 0.16)(23.779780045315604 102.0)
(0.01 78.0 0.17)(23.80187017867782 101.0)
(0.01 78.0 0.18000000000000002)(23.972331486967246 106.0)
(0.01 78.0 0.19000000000000003)(22.166105535247787 106.0)
(0.01 78.0 0.20000000000000004)(23.64555181872609 114.0)
(0.01 78.0 0.21000000000000005)(21.727971999660358 109.0)
(0.01 78.0 0.22000000000000006)(25.448708163691812 107.0)
(0.01 78.0 0.23000000000000007)(22.42547505920445 103.0)
(0.01 78.0 0.24000000000000007)(20.332414304674334 118.0)
(0.01 83.0 0.01)(61.023753483977885 37.0)
(0.01 83.0 0.02)(57.56836054488233 46.0)
(0.01 83.0 0.03)(53.102561006014696 58.0)
(0.01 83.0 0.04)(52.29376166171379 64.0)
(0.01 83.0 0.05)(46.73013663690693 68.0)
(0.01 83.0 0.060000000000000005)(41.20939781288217 69.0)
(0.01 83.0 0.07)(39.58814698710687 71.0)
(0.01 83.0 0.08)(36.652693314643514 78.0)
(0.01 83.0 0.09)(35.71702989969659 81.0)
(0.01 83.0 0.09999999999999999)(35.15342327344148 87.0)
(0.01 83.0 0.10999999999999999)(27.814250917488508 97.0)
(0.01 83.0 0.11999999999999998)(28.392928644132024 97.0)
(0.01 83.0 0.12999999999999998)(25.37150387209333 100.0)
(0.01 83.0 0.13999999999999999)(25.396419526193295 102.0)
(0.01 83.0 0.15)(23.71410949279883 101.0)
(0.01 83.0 0.16)(23.779780045315604 102.0)
(0.01 83.0 0.17)(23.80187017867782 101.0)
(0.01 83.0 0.18000000000000002)(23.972331486967246 106.0)
(0.01 83.0 0.19000000000000003)(22.166105535247787 106.0)
(0.01 83.0 0.20000000000000004)(23.64555181872609 114.0)
(0.01 83.0 0.21000000000000005)(21.727971999660358 109.0)
(0.01 83.0 0.22000000000000006)(25.448708163691812 107.0)
(0.01 83.0 0.23000000000000007)(22.42547505920445 103.0)
(0.01 83.0 0.24000000000000007)(20.332414304674334 118.0)
(0.01 88.0 0.01)(61.023753483977885 37.0)
(0.01 88.0 0.02)(57.56836054488233 46.0)
(0.01 88.0 0.03)(53.102561006014696 58.0)
(0.01 88.0 0.04)(52.29376166171379 64.0)
(0.01 88.0 0.05)(46.73013663690693 68.0)
(0.01 88.0 0.060000000000000005)(41.20939781288217 69.0)
(0.01 88.0 0.07)(39.58814698710687 71.0)
(0.01 88.0 0.08)(36.652693314643514 78.0)
(0.01 88.0 0.09)(35.71702989969659 81.0)
(0.01 88.0 0.09999999999999999)(35.15342327344148 87.0)
(0.01 88.0 0.10999999999999999)(27.814250917488508 97.0)
(0.01 88.0 0.11999999999999998)(28.392928644132024 97.0)
(0.01 88.0 0.12999999999999998)(25.37150387209333 100.0)
(0.01 88.0 0.13999999999999999)(25.396419526193295 102.0)
(0.01 88.0 0.15)(23.71410949279883 101.0)
(0.01 88.0 0.16)(23.779780045315604 102.0)
(0.01 88.0 0.17)(23.80187017867782 101.0)
(0.01 88.0 0.18000000000000002)(23.972331486967246 106.0)
(0.01 88.0 0.19000000000000003)(22.166105535247787 106.0)
(0.01 88.0 0.20000000000000004)(23.64555181872609 114.0)
(0.01 88.0 0.21000000000000005)(21.727971999660358 109.0)
(0.01 88.0 0.22000000000000006)(25.448708163691812 107.0)
(0.01 88.0 0.23000000000000007)(22.42547505920445 103.0)
(0.01 88.0 0.24000000000000007)(20.332414304674334 118.0)
(0.01 93.0 0.01)(61.023753483977885 37.0)
(0.01 93.0 0.02)(57.56836054488233 46.0)
(0.01 93.0 0.03)(53.102561006014696 58.0)
(0.01 93.0 0.04)(52.29376166171379 64.0)
(0.01 93.0 0.05)(46.73013663690693 68.0)
(0.01 93.0 0.060000000000000005)(41.20939781288217 69.0)
(0.01 93.0 0.07)(39.58814698710687 71.0)
(0.01 93.0 0.08)(36.652693314643514 78.0)
(0.01 93.0 0.09)(35.71702989969659 81.0)
(0.01 93.0 0.09999999999999999)(35.15342327344148 87.0)
(0.01 93.0 0.10999999999999999)(27.814250917488508 97.0)
(0.01 93.0 0.11999999999999998)(28.392928644132024 97.0)
(0.01 93.0 0.12999999999999998)(25.37150387209333 100.0)
(0.01 93.0 0.13999999999999999)(25.396419526193295 102.0)
(0.01 93.0 0.15)(23.71410949279883 101.0)
(0.01 93.0 0.16)(23.779780045315604 102.0)
(0.01 93.0 0.17)(23.80187017867782 101.0)
(0.01 93.0 0.18000000000000002)(23.972331486967246 106.0)
(0.01 93.0 0.19000000000000003)(22.166105535247787 106.0)
(0.01 93.0 0.20000000000000004)(23.64555181872609 114.0)
(0.01 93.0 0.21000000000000005)(21.727971999660358 109.0)
(0.01 93.0 0.22000000000000006)(25.448708163691812 107.0)
(0.01 93.0 0.23000000000000007)(22.42547505920445 103.0)
(0.01 93.0 0.24000000000000007)(20.332414304674334 118.0)
(0.01 98.0 0.01)(61.023753483977885 37.0)
(0.01 98.0 0.02)(57.56836054488233 46.0)
(0.01 98.0 0.03)(53.102561006014696 58.0)
(0.01 98.0 0.04)(52.29376166171379 64.0)
(0.01 98.0 0.05)(46.73013663690693 68.0)
(0.01 98.0 0.060000000000000005)(41.20939781288217 69.0)
(0.01 98.0 0.07)(39.58814698710687 71.0)
(0.01 98.0 0.08)(36.652693314643514 78.0)
(0.01 98.0 0.09)(35.71702989969659 81.0)
(0.01 98.0 0.09999999999999999)(35.15342327344148 87.0)
(0.01 98.0 0.10999999999999999)(27.814250917488508 97.0)
(0.01 98.0 0.11999999999999998)(28.392928644132024 97.0)
(0.01 98.0 0.12999999999999998)(25.37150387209333 100.0)
(0.01 98.0 0.13999999999999999)(25.396419526193295 102.0)
(0.01 98.0 0.15)(23.71410949279883 101.0)
(0.01 98.0 0.16)(23.779780045315604 102.0)
(0.01 98.0 0.17)(23.80187017867782 101.0)
(0.01 98.0 0.18000000000000002)(23.972331486967246 106.0)
(0.01 98.0 0.19000000000000003)(22.166105535247787 106.0)
(0.01 98.0 0.20000000000000004)(23.64555181872609 114.0)
(0.01 98.0 0.21000000000000005)(21.727971999660358 109.0)
(0.01 98.0 0.22000000000000006)(25.448708163691812 107.0)
(0.01 98.0 0.23000000000000007)(22.42547505920445 103.0)
(0.01 98.0 0.24000000000000007)(20.332414304674334 118.0)
(0.01 103.0 0.01)(61.023753483977885 37.0)
(0.01 103.0 0.02)(57.56836054488233 46.0)
(0.01 103.0 0.03)(53.102561006014696 58.0)
(0.01 103.0 0.04)(52.29376166171379 64.0)
(0.01 103.0 0.05)(46.73013663690693 68.0)
(0.01 103.0 0.060000000000000005)(41.20939781288217 69.0)
(0.01 103.0 0.07)(39.58814698710687 71.0)
(0.01 103.0 0.08)(36.652693314643514 78.0)
(0.01 103.0 0.09)(35.71702989969659 81.0)
(0.01 103.0 0.09999999999999999)(35.15342327344148 87.0)
(0.01 103.0 0.10999999999999999)(27.814250917488508 97.0)
(0.01 103.0 0.11999999999999998)(28.392928644132024 97.0)
(0.01 103.0 0.12999999999999998)(25.37150387209333 100.0)
(0.01 103.0 0.13999999999999999)(25.396419526193295 102.0)
(0.01 103.0 0.15)(23.71410949279883 101.0)
(0.01 103.0 0.16)(23.779780045315604 102.0)
(0.01 103.0 0.17)(23.80187017867782 101.0)
(0.01 103.0 0.18000000000000002)(23.972331486967246 106.0)
(0.01 103.0 0.19000000000000003)(22.166105535247787 106.0)
(0.01 103.0 0.20000000000000004)(23.64555181872609 114.0)
(0.01 103.0 0.21000000000000005)(21.727971999660358 109.0)
(0.01 103.0 0.22000000000000006)(25.448708163691812 107.0)
(0.01 103.0 0.23000000000000007)(22.42547505920445 103.0)
(0.01 103.0 0.24000000000000007)(20.332414304674334 118.0)
(0.01 108.0 0.01)(61.023753483977885 37.0)
(0.01 108.0 0.02)(57.56836054488233 46.0)
(0.01 108.0 0.03)(53.102561006014696 58.0)
(0.01 108.0 0.04)(52.29376166171379 64.0)
(0.01 108.0 0.05)(46.73013663690693 68.0)
(0.01 108.0 0.060000000000000005)(41.20939781288217 69.0)
(0.01 108.0 0.07)(39.58814698710687 71.0)
(0.01 108.0 0.08)(36.652693314643514 78.0)
(0.01 108.0 0.09)(35.71702989969659 81.0)
(0.01 108.0 0.09999999999999999)(35.15342327344148 87.0)
(0.01 108.0 0.10999999999999999)(27.814250917488508 97.0)
(0.01 108.0 0.11999999999999998)(28.392928644132024 97.0)
(0.01 108.0 0.12999999999999998)(25.37150387209333 100.0)
(0.01 108.0 0.13999999999999999)(25.396419526193295 102.0)
(0.01 108.0 0.15)(23.71410949279883 101.0)
(0.01 108.0 0.16)(23.779780045315604 102.0)
(0.01 108.0 0.17)(23.80187017867782 101.0)
(0.01 108.0 0.18000000000000002)(23.972331486967246 106.0)
(0.01 108.0 0.19000000000000003)(22.166105535247787 106.0)
(0.01 108.0 0.20000000000000004)(23.64555181872609 114.0)
(0.01 108.0 0.21000000000000005)(21.727971999660358 109.0)
(0.01 108.0 0.22000000000000006)(25.448708163691812 107.0)
(0.01 108.0 0.23000000000000007)(22.42547505920445 103.0)
(0.01 108.0 0.24000000000000007)(20.332414304674334 118.0)
(0.01 113.0 0.01)(61.023753483977885 37.0)
(0.01 113.0 0.02)(57.56836054488233 46.0)
(0.01 113.0 0.03)(53.102561006014696 58.0)
(0.01 113.0 0.04)(52.29376166171379 64.0)
(0.01 113.0 0.05)(46.73013663690693 68.0)
(0.01 113.0 0.060000000000000005)(41.20939781288217 69.0)
(0.01 113.0 0.07)(39.58814698710687 71.0)
(0.01 113.0 0.08)(36.652693314643514 78.0)
(0.01 113.0 0.09)(35.71702989969659 81.0)
(0.01 113.0 0.09999999999999999)(35.15342327344148 87.0)
(0.01 113.0 0.10999999999999999)(27.814250917488508 97.0)
(0.01 113.0 0.11999999999999998)(28.392928644132024 97.0)
(0.01 113.0 0.12999999999999998)(25.37150387209333 100.0)
(0.01 113.0 0.13999999999999999)(25.396419526193295 102.0)
(0.01 113.0 0.15)(23.71410949279883 101.0)
(0.01 113.0 0.16)(23.779780045315604 102.0)
(0.01 113.0 0.17)(23.80187017867782 101.0)
(0.01 113.0 0.18000000000000002)(23.972331486967246 106.0)
(0.01 113.0 0.19000000000000003)(22.166105535247787 106.0)
(0.01 113.0 0.20000000000000004)(23.64555181872609 114.0)
(0.01 113.0 0.21000000000000005)(21.727971999660358 109.0)
(0.01 113.0 0.22000000000000006)(25.448708163691812 107.0)
(0.01 113.0 0.23000000000000007)(22.42547505920445 103.0)
(0.01 113.0 0.24000000000000007)(20.332414304674334 118.0)
(0.01 118.0 0.01)(61.023753483977885 37.0)
(0.01 118.0 0.02)(57.56836054488233 46.0)
(0.01 118.0 0.03)(53.102561006014696 58.0)
(0.01 118.0 0.04)(52.29376166171379 64.0)
(0.01 118.0 0.05)(46.73013663690693 68.0)
(0.01 118.0 0.060000000000000005)(41.20939781288217 69.0)
(0.01 118.0 0.07)(39.58814698710687 71.0)
(0.01 118.0 0.08)(36.652693314643514 78.0)
(0.01 118.0 0.09)(35.71702989969659 81.0)
(0.01 118.0 0.09999999999999999)(35.15342327344148 87.0)
(0.01 118.0 0.10999999999999999)(27.814250917488508 97.0)
(0.01 118.0 0.11999999999999998)(28.392928644132024 97.0)
(0.01 118.0 0.12999999999999998)(25.37150387209333 100.0)
(0.01 118.0 0.13999999999999999)(25.396419526193295 102.0)
(0.01 118.0 0.15)(23.71410949279883 101.0)
(0.01 118.0 0.16)(23.779780045315604 102.0)
(0.01 118.0 0.17)(23.80187017867782 101.0)
(0.01 118.0 0.18000000000000002)(23.972331486967246 106.0)
(0.01 118.0 0.19000000000000003)(22.166105535247787 106.0)
(0.01 118.0 0.20000000000000004)(23.64555181872609 114.0)
(0.01 118.0 0.21000000000000005)(21.727971999660358 109.0)
(0.01 118.0 0.22000000000000006)(25.448708163691812 107.0)
(0.01 118.0 0.23000000000000007)(22.42547505920445 103.0)
(0.01 118.0 0.24000000000000007)(20.332414304674334 118.0)
(0.01 123.0 0.01)(61.023753483977885 37.0)
(0.01 123.0 0.02)(57.56836054488233 46.0)
(0.01 123.0 0.03)(53.102561006014696 58.0)
(0.01 123.0 0.04)(52.29376166171379 64.0)
(0.01 123.0 0.05)(46.73013663690693 68.0)
(0.01 123.0 0.060000000000000005)(41.20939781288217 69.0)
(0.01 123.0 0.07)(39.58814698710687 71.0)
(0.01 123.0 0.08)(36.652693314643514 78.0)
(0.01 123.0 0.09)(35.71702989969659 81.0)
(0.01 123.0 0.09999999999999999)(35.15342327344148 87.0)
(0.01 123.0 0.10999999999999999)(27.814250917488508 97.0)
(0.01 123.0 0.11999999999999998)(28.392928644132024 97.0)
(0.01 123.0 0.12999999999999998)(25.37150387209333 100.0)
(0.01 123.0 0.13999999999999999)(25.396419526193295 102.0)
(0.01 123.0 0.15)(23.71410949279883 101.0)
(0.01 123.0 0.16)(23.779780045315604 102.0)
(0.01 123.0 0.17)(23.80187017867782 101.0)
(0.01 123.0 0.18000000000000002)(23.972331486967246 106.0)
(0.01 123.0 0.19000000000000003)(22.166105535247787 106.0)
(0.01 123.0 0.20000000000000004)(23.64555181872609 114.0)
(0.01 123.0 0.21000000000000005)(21.727971999660358 109.0)
(0.01 123.0 0.22000000000000006)(25.448708163691812 107.0)
(0.01 123.0 0.23000000000000007)(22.42547505920445 103.0)
(0.01 123.0 0.24000000000000007)(20.332414304674334 118.0)
(0.01 128.0 0.01)(61.023753483977885 37.0)
(0.01 128.0 0.02)(57.56836054488233 46.0)
(0.01 128.0 0.03)(53.102561006014696 58.0)
(0.01 128.0 0.04)(52.29376166171379 64.0)
(0.01 128.0 0.05)(46.73013663690693 68.0)
(0.01 128.0 0.060000000000000005)(41.20939781288217 69.0)
(0.01 128.0 0.07)(39.58814698710687 71.0)
(0.01 128.0 0.08)(36.652693314643514 78.0)
(0.01 128.0 0.09)(35.71702989969659 81.0)
(0.01 128.0 0.09999999999999999)(35.15342327344148 87.0)
(0.01 128.0 0.10999999999999999)(27.814250917488508 97.0)
(0.01 128.0 0.11999999999999998)(28.392928644132024 97.0)
(0.01 128.0 0.12999999999999998)(25.37150387209333 100.0)
(0.01 128.0 0.13999999999999999)(25.396419526193295 102.0)
(0.01 128.0 0.15)(23.71410949279883 101.0)
(0.01 128.0 0.16)(23.779780045315604 102.0)
(0.01 128.0 0.17)(23.80187017867782 101.0)
(0.01 128.0 0.18000000000000002)(23.972331486967246 106.0)
(0.01 128.0 0.19000000000000003)(22.166105535247787 106.0)
(0.01 128.0 0.20000000000000004)(23.64555181872609 114.0)
(0.01 128.0 0.21000000000000005)(21.727971999660358 109.0)
(0.01 128.0 0.22000000000000006)(25.448708163691812 107.0)
(0.01 128.0 0.23000000000000007)(22.42547505920445 103.0)
(0.01 128.0 0.24000000000000007)(20.332414304674334 118.0)
(0.01 133.0 0.01)(61.023753483977885 37.0)
(0.01 133.0 0.02)(57.56836054488233 46.0)
(0.01 133.0 0.03)(53.102561006014696 58.0)
(0.01 133.0 0.04)(52.29376166171379 64.0)
(0.01 133.0 0.05)(46.73013663690693 68.0)
(0.01 133.0 0.060000000000000005)(41.20939781288217 69.0)
(0.01 133.0 0.07)(39.58814698710687 71.0)
(0.01 133.0 0.08)(36.652693314643514 78.0)
(0.01 133.0 0.09)(35.71702989969659 81.0)
(0.01 133.0 0.09999999999999999)(35.15342327344148 87.0)
(0.01 133.0 0.10999999999999999)(27.814250917488508 97.0)
(0.01 133.0 0.11999999999999998)(28.392928644132024 97.0)
(0.01 133.0 0.12999999999999998)(25.37150387209333 100.0)
(0.01 133.0 0.13999999999999999)(25.396419526193295 102.0)
(0.01 133.0 0.15)(23.71410949279883 101.0)
(0.01 133.0 0.16)(23.779780045315604 102.0)
(0.01 133.0 0.17)(23.80187017867782 101.0)
(0.01 133.0 0.18000000000000002)(23.972331486967246 106.0)
(0.01 133.0 0.19000000000000003)(22.166105535247787 106.0)
(0.01 133.0 0.20000000000000004)(23.64555181872609 114.0)
(0.01 133.0 0.21000000000000005)(21.727971999660358 109.0)
(0.01 133.0 0.22000000000000006)(25.448708163691812 107.0)
(0.01 133.0 0.23000000000000007)(22.42547505920445 103.0)
(0.01 133.0 0.24000000000000007)(20.332414304674334 118.0)
(0.01 138.0 0.01)(61.023753483977885 37.0)
(0.01 138.0 0.02)(57.56836054488233 46.0)
(0.01 138.0 0.03)(53.102561006014696 58.0)
(0.01 138.0 0.04)(52.29376166171379 64.0)
(0.01 138.0 0.05)(46.73013663690693 68.0)
(0.01 138.0 0.060000000000000005)(41.20939781288217 69.0)
(0.01 138.0 0.07)(39.58814698710687 71.0)
(0.01 138.0 0.08)(36.652693314643514 78.0)
(0.01 138.0 0.09)(35.71702989969659 81.0)
(0.01 138.0 0.09999999999999999)(35.15342327344148 87.0)
(0.01 138.0 0.10999999999999999)(27.814250917488508 97.0)
(0.01 138.0 0.11999999999999998)(28.392928644132024 97.0)
(0.01 138.0 0.12999999999999998)(25.37150387209333 100.0)
(0.01 138.0 0.13999999999999999)(25.396419526193295 102.0)
(0.01 138.0 0.15)(23.71410949279883 101.0)
(0.01 138.0 0.16)(23.779780045315604 102.0)
(0.01 138.0 0.17)(23.80187017867782 101.0)
(0.01 138.0 0.18000000000000002)(23.972331486967246 106.0)
(0.01 138.0 0.19000000000000003)(22.166105535247787 106.0)
(0.01 138.0 0.20000000000000004)(23.64555181872609 114.0)
(0.01 138.0 0.21000000000000005)(21.727971999660358 109.0)
(0.01 138.0 0.22000000000000006)(25.448708163691812 107.0)
(0.01 138.0 0.23000000000000007)(22.42547505920445 103.0)
(0.01 138.0 0.24000000000000007)(20.332414304674334 118.0)
(0.01 143.0 0.01)(61.023753483977885 37.0)
(0.01 143.0 0.02)(57.56836054488233 46.0)
(0.01 143.0 0.03)(53.102561006014696 58.0)
(0.01 143.0 0.04)(52.29376166171379 64.0)
(0.01 143.0 0.05)(46.73013663690693 68.0)
(0.01 143.0 0.060000000000000005)(41.20939781288217 69.0)
(0.01 143.0 0.07)(39.58814698710687 71.0)
(0.01 143.0 0.08)(36.652693314643514 78.0)
(0.01 143.0 0.09)(35.71702989969659 81.0)
(0.01 143.0 0.09999999999999999)(35.15342327344148 87.0)
(0.01 143.0 0.10999999999999999)(27.814250917488508 97.0)
(0.01 143.0 0.11999999999999998)(28.392928644132024 97.0)
(0.01 143.0 0.12999999999999998)(25.37150387209333 100.0)
(0.01 143.0 0.13999999999999999)(25.396419526193295 102.0)
(0.01 143.0 0.15)(23.71410949279883 101.0)
(0.01 143.0 0.16)(23.779780045315604 102.0)
(0.01 143.0 0.17)(23.80187017867782 101.0)
(0.01 143.0 0.18000000000000002)(23.972331486967246 106.0)
(0.01 143.0 0.19000000000000003)(22.166105535247787 106.0)
(0.01 143.0 0.20000000000000004)(23.64555181872609 114.0)
(0.01 143.0 0.21000000000000005)(21.727971999660358 109.0)
(0.01 143.0 0.22000000000000006)(25.448708163691812 107.0)
(0.01 143.0 0.23000000000000007)(22.42547505920445 103.0)
(0.01 143.0 0.24000000000000007)(20.332414304674334 118.0)
(0.01 148.0 0.01)(61.023753483977885 37.0)
(0.01 148.0 0.02)(57.56836054488233 46.0)
(0.01 148.0 0.03)(53.102561006014696 58.0)
(0.01 148.0 0.04)(52.29376166171379 64.0)
(0.01 148.0 0.05)(46.73013663690693 68.0)
(0.01 148.0 0.060000000000000005)(41.20939781288217 69.0)
(0.01 148.0 0.07)(39.58814698710687 71.0)
(0.01 148.0 0.08)(36.652693314643514 78.0)
(0.01 148.0 0.09)(35.71702989969659 81.0)
(0.01 148.0 0.09999999999999999)(35.15342327344148 87.0)
(0.01 148.0 0.10999999999999999)(27.814250917488508 97.0)
(0.01 148.0 0.11999999999999998)(28.392928644132024 97.0)
(0.01 148.0 0.12999999999999998)(25.37150387209333 100.0)
(0.01 148.0 0.13999999999999999)(25.396419526193295 102.0)
(0.01 148.0 0.15)(23.71410949279883 101.0)
(0.01 148.0 0.16)(23.779780045315604 102.0)
(0.01 148.0 0.17)(23.80187017867782 101.0)
(0.01 148.0 0.18000000000000002)(23.972331486967246 106.0)
(0.01 148.0 0.19000000000000003)(22.166105535247787 106.0)
(0.01 148.0 0.20000000000000004)(23.64555181872609 114.0)
(0.01 148.0 0.21000000000000005)(21.727971999660358 109.0)
(0.01 148.0 0.22000000000000006)(25.448708163691812 107.0)
(0.01 148.0 0.23000000000000007)(22.42547505920445 103.0)
(0.01 148.0 0.24000000000000007)(20.332414304674334 118.0)
(0.01 153.0 0.01)(61.023753483977885 37.0)
(0.01 153.0 0.02)(57.56836054488233 46.0)
(0.01 153.0 0.03)(53.102561006014696 58.0)
(0.01 153.0 0.04)(52.29376166171379 64.0)
(0.01 153.0 0.05)(46.73013663690693 68.0)
(0.01 153.0 0.060000000000000005)(41.20939781288217 69.0)
(0.01 153.0 0.07)(39.58814698710687 71.0)
(0.01 153.0 0.08)(36.652693314643514 78.0)
(0.01 153.0 0.09)(35.71702989969659 81.0)
(0.01 153.0 0.09999999999999999)(35.15342327344148 87.0)
(0.01 153.0 0.10999999999999999)(27.814250917488508 97.0)
(0.01 153.0 0.11999999999999998)(28.392928644132024 97.0)
(0.01 153.0 0.12999999999999998)(25.37150387209333 100.0)
(0.01 153.0 0.13999999999999999)(25.396419526193295 102.0)
(0.01 153.0 0.15)(23.71410949279883 101.0)
(0.01 153.0 0.16)(23.779780045315604 102.0)
(0.01 153.0 0.17)(23.80187017867782 101.0)
(0.01 153.0 0.18000000000000002)(23.972331486967246 106.0)
(0.01 153.0 0.19000000000000003)(22.166105535247787 106.0)
(0.01 153.0 0.20000000000000004)(23.64555181872609 114.0)
(0.01 153.0 0.21000000000000005)(21.727971999660358 109.0)
(0.01 153.0 0.22000000000000006)(25.448708163691812 107.0)
(0.01 153.0 0.23000000000000007)(22.42547505920445 103.0)
(0.01 153.0 0.24000000000000007)(20.332414304674334 118.0)
(0.01 158.0 0.01)(61.023753483977885 37.0)
(0.01 158.0 0.02)(57.56836054488233 46.0)
(0.01 158.0 0.03)(53.102561006014696 58.0)
(0.01 158.0 0.04)(52.29376166171379 64.0)
(0.01 158.0 0.05)(46.73013663690693 68.0)
(0.01 158.0 0.060000000000000005)(41.20939781288217 69.0)
(0.01 158.0 0.07)(39.58814698710687 71.0)
(0.01 158.0 0.08)(36.652693314643514 78.0)
(0.01 158.0 0.09)(35.71702989969659 81.0)
(0.01 158.0 0.09999999999999999)(35.15342327344148 87.0)
(0.01 158.0 0.10999999999999999)(27.814250917488508 97.0)
(0.01 158.0 0.11999999999999998)(28.392928644132024 97.0)
(0.01 158.0 0.12999999999999998)(25.37150387209333 100.0)
(0.01 158.0 0.13999999999999999)(25.396419526193295 102.0)
(0.01 158.0 0.15)(23.71410949279883 101.0)
(0.01 158.0 0.16)(23.779780045315604 102.0)
(0.01 158.0 0.17)(23.80187017867782 101.0)
(0.01 158.0 0.18000000000000002)(23.972331486967246 106.0)
(0.01 158.0 0.19000000000000003)(22.166105535247787 106.0)
(0.01 158.0 0.20000000000000004)(23.64555181872609 114.0)
(0.01 158.0 0.21000000000000005)(21.727971999660358 109.0)
(0.01 158.0 0.22000000000000006)(25.448708163691812 107.0)
(0.01 158.0 0.23000000000000007)(22.42547505920445 103.0)
(0.01 158.0 0.24000000000000007)(20.332414304674334 118.0)
(0.01 163.0 0.01)(61.023753483977885 37.0)
(0.01 163.0 0.02)(57.56836054488233 46.0)
(0.01 163.0 0.03)(53.102561006014696 58.0)
(0.01 163.0 0.04)(52.29376166171379 64.0)
(0.01 163.0 0.05)(46.73013663690693 68.0)
(0.01 163.0 0.060000000000000005)(41.20939781288217 69.0)
(0.01 163.0 0.07)(39.58814698710687 71.0)
(0.01 163.0 0.08)(36.652693314643514 78.0)
(0.01 163.0 0.09)(35.71702989969659 81.0)
(0.01 163.0 0.09999999999999999)(35.15342327344148 87.0)
(0.01 163.0 0.10999999999999999)(27.814250917488508 97.0)
(0.01 163.0 0.11999999999999998)(28.392928644132024 97.0)
(0.01 163.0 0.12999999999999998)(25.37150387209333 100.0)
(0.01 163.0 0.13999999999999999)(25.396419526193295 102.0)
(0.01 163.0 0.15)(23.71410949279883 101.0)
(0.01 163.0 0.16)(23.779780045315604 102.0)
(0.01 163.0 0.17)(23.80187017867782 101.0)
(0.01 163.0 0.18000000000000002)(23.972331486967246 106.0)
(0.01 163.0 0.19000000000000003)(22.166105535247787 106.0)
(0.01 163.0 0.20000000000000004)(23.64555181872609 114.0)
(0.01 163.0 0.21000000000000005)(21.727971999660358 109.0)
(0.01 163.0 0.22000000000000006)(25.448708163691812 107.0)
(0.01 163.0 0.23000000000000007)(22.42547505920445 103.0)
(0.01 163.0 0.24000000000000007)(20.332414304674334 118.0)
(0.01 168.0 0.01)(61.023753483977885 37.0)
(0.01 168.0 0.02)(57.56836054488233 46.0)
(0.01 168.0 0.03)(53.102561006014696 58.0)
(0.01 168.0 0.04)(52.29376166171379 64.0)
(0.01 168.0 0.05)(46.73013663690693 68.0)
(0.01 168.0 0.060000000000000005)(41.20939781288217 69.0)
(0.01 168.0 0.07)(39.58814698710687 71.0)
(0.01 168.0 0.08)(36.652693314643514 78.0)
(0.01 168.0 0.09)(35.71702989969659 81.0)
(0.01 168.0 0.09999999999999999)(35.15342327344148 87.0)
(0.01 168.0 0.10999999999999999)(27.814250917488508 97.0)
(0.01 168.0 0.11999999999999998)(28.392928644132024 97.0)
(0.01 168.0 0.12999999999999998)(25.37150387209333 100.0)
(0.01 168.0 0.13999999999999999)(25.396419526193295 102.0)
(0.01 168.0 0.15)(23.71410949279883 101.0)
(0.01 168.0 0.16)(23.779780045315604 102.0)
(0.01 168.0 0.17)(23.80187017867782 101.0)
(0.01 168.0 0.18000000000000002)(23.972331486967246 106.0)
(0.01 168.0 0.19000000000000003)(22.166105535247787 106.0)
(0.01 168.0 0.20000000000000004)(23.64555181872609 114.0)
(0.01 168.0 0.21000000000000005)(21.727971999660358 109.0)
(0.01 168.0 0.22000000000000006)(25.448708163691812 107.0)
(0.01 168.0 0.23000000000000007)(22.42547505920445 103.0)
(0.01 168.0 0.24000000000000007)(20.332414304674334 118.0)
(0.01 173.0 0.01)(61.023753483977885 37.0)
(0.01 173.0 0.02)(57.56836054488233 46.0)
(0.01 173.0 0.03)(53.102561006014696 58.0)
(0.01 173.0 0.04)(52.29376166171379 64.0)
(0.01 173.0 0.05)(46.73013663690693 68.0)
(0.01 173.0 0.060000000000000005)(41.20939781288217 69.0)
(0.01 173.0 0.07)(39.58814698710687 71.0)
(0.01 173.0 0.08)(36.652693314643514 78.0)
(0.01 173.0 0.09)(35.71702989969659 81.0)
(0.01 173.0 0.09999999999999999)(35.15342327344148 87.0)
(0.01 173.0 0.10999999999999999)(27.814250917488508 97.0)
(0.01 173.0 0.11999999999999998)(28.392928644132024 97.0)
(0.01 173.0 0.12999999999999998)(25.37150387209333 100.0)
(0.01 173.0 0.13999999999999999)(25.396419526193295 102.0)
(0.01 173.0 0.15)(23.71410949279883 101.0)
(0.01 173.0 0.16)(23.779780045315604 102.0)
(0.01 173.0 0.17)(23.80187017867782 101.0)
(0.01 173.0 0.18000000000000002)(23.972331486967246 106.0)
(0.01 173.0 0.19000000000000003)(22.166105535247787 106.0)
(0.01 173.0 0.20000000000000004)(23.64555181872609 114.0)
(0.01 173.0 0.21000000000000005)(21.727971999660358 109.0)
(0.01 173.0 0.22000000000000006)(25.448708163691812 107.0)
(0.01 173.0 0.23000000000000007)(22.42547505920445 103.0)
(0.01 173.0 0.24000000000000007)(20.332414304674334 118.0)
(0.01 178.0 0.01)(61.023753483977885 37.0)
(0.01 178.0 0.02)(57.56836054488233 46.0)
(0.01 178.0 0.03)(53.102561006014696 58.0)
(0.01 178.0 0.04)(52.29376166171379 64.0)
(0.01 178.0 0.05)(46.73013663690693 68.0)
(0.01 178.0 0.060000000000000005)(41.20939781288217 69.0)
(0.01 178.0 0.07)(39.58814698710687 71.0)
(0.01 178.0 0.08)(36.652693314643514 78.0)
(0.01 178.0 0.09)(35.71702989969659 81.0)
(0.01 178.0 0.09999999999999999)(35.15342327344148 87.0)
(0.01 178.0 0.10999999999999999)(27.814250917488508 97.0)
(0.01 178.0 0.11999999999999998)(28.392928644132024 97.0)
(0.01 178.0 0.12999999999999998)(25.37150387209333 100.0)
(0.01 178.0 0.13999999999999999)(25.396419526193295 102.0)
(0.01 178.0 0.15)(23.71410949279883 101.0)
(0.01 178.0 0.16)(23.779780045315604 102.0)
(0.01 178.0 0.17)(23.80187017867782 101.0)
(0.01 178.0 0.18000000000000002)(23.972331486967246 106.0)
(0.01 178.0 0.19000000000000003)(22.166105535247787 106.0)
(0.01 178.0 0.20000000000000004)(23.64555181872609 114.0)
(0.01 178.0 0.21000000000000005)(21.727971999660358 109.0)
(0.01 178.0 0.22000000000000006)(25.448708163691812 107.0)
(0.01 178.0 0.23000000000000007)(22.42547505920445 103.0)
(0.01 178.0 0.24000000000000007)(20.332414304674334 118.0)
(0.01 183.0 0.01)(61.023753483977885 37.0)
(0.01 183.0 0.02)(57.56836054488233 46.0)
(0.01 183.0 0.03)(53.102561006014696 58.0)
(0.01 183.0 0.04)(52.29376166171379 64.0)
(0.01 183.0 0.05)(46.73013663690693 68.0)
(0.01 183.0 0.060000000000000005)(41.20939781288217 69.0)
(0.01 183.0 0.07)(39.58814698710687 71.0)
(0.01 183.0 0.08)(36.652693314643514 78.0)
(0.01 183.0 0.09)(35.71702989969659 81.0)
(0.01 183.0 0.09999999999999999)(35.15342327344148 87.0)
(0.01 183.0 0.10999999999999999)(27.814250917488508 97.0)
(0.01 183.0 0.11999999999999998)(28.392928644132024 97.0)
(0.01 183.0 0.12999999999999998)(25.37150387209333 100.0)
(0.01 183.0 0.13999999999999999)(25.396419526193295 102.0)
(0.01 183.0 0.15)(23.71410949279883 101.0)
(0.01 183.0 0.16)(23.779780045315604 102.0)
(0.01 183.0 0.17)(23.80187017867782 101.0)
(0.01 183.0 0.18000000000000002)(23.972331486967246 106.0)
(0.01 183.0 0.19000000000000003)(22.166105535247787 106.0)
(0.01 183.0 0.20000000000000004)(23.64555181872609 114.0)
(0.01 183.0 0.21000000000000005)(21.727971999660358 109.0)
(0.01 183.0 0.22000000000000006)(25.448708163691812 107.0)
(0.01 183.0 0.23000000000000007)(22.42547505920445 103.0)
(0.01 183.0 0.24000000000000007)(20.332414304674334 118.0)
(0.01 188.0 0.01)(61.023753483977885 37.0)
(0.01 188.0 0.02)(57.56836054488233 46.0)
(0.01 188.0 0.03)(53.102561006014696 58.0)
(0.01 188.0 0.04)(52.29376166171379 64.0)
(0.01 188.0 0.05)(46.73013663690693 68.0)
(0.01 188.0 0.060000000000000005)(41.20939781288217 69.0)
(0.01 188.0 0.07)(39.58814698710687 71.0)
(0.01 188.0 0.08)(36.652693314643514 78.0)
(0.01 188.0 0.09)(35.71702989969659 81.0)
(0.01 188.0 0.09999999999999999)(35.15342327344148 87.0)
(0.01 188.0 0.10999999999999999)(27.814250917488508 97.0)
(0.01 188.0 0.11999999999999998)(28.392928644132024 97.0)
(0.01 188.0 0.12999999999999998)(25.37150387209333 100.0)
(0.01 188.0 0.13999999999999999)(25.396419526193295 102.0)
(0.01 188.0 0.15)(23.71410949279883 101.0)
(0.01 188.0 0.16)(23.779780045315604 102.0)
(0.01 188.0 0.17)(23.80187017867782 101.0)
(0.01 188.0 0.18000000000000002)(23.972331486967246 106.0)
(0.01 188.0 0.19000000000000003)(22.166105535247787 106.0)
(0.01 188.0 0.20000000000000004)(23.64555181872609 114.0)
(0.01 188.0 0.21000000000000005)(21.727971999660358 109.0)
(0.01 188.0 0.22000000000000006)(25.448708163691812 107.0)
(0.01 188.0 0.23000000000000007)(22.42547505920445 103.0)
(0.01 188.0 0.24000000000000007)(20.332414304674334 118.0)
(0.01 193.0 0.01)(61.023753483977885 37.0)
(0.01 193.0 0.02)(57.56836054488233 46.0)
(0.01 193.0 0.03)(53.102561006014696 58.0)
(0.01 193.0 0.04)(52.29376166171379 64.0)
(0.01 193.0 0.05)(46.73013663690693 68.0)
(0.01 193.0 0.060000000000000005)(41.20939781288217 69.0)
(0.01 193.0 0.07)(39.58814698710687 71.0)
(0.01 193.0 0.08)(36.652693314643514 78.0)
(0.01 193.0 0.09)(35.71702989969659 81.0)
(0.01 193.0 0.09999999999999999)(35.15342327344148 87.0)
(0.01 193.0 0.10999999999999999)(27.814250917488508 97.0)
(0.01 193.0 0.11999999999999998)(28.392928644132024 97.0)
(0.01 193.0 0.12999999999999998)(25.37150387209333 100.0)
(0.01 193.0 0.13999999999999999)(25.396419526193295 102.0)
(0.01 193.0 0.15)(23.71410949279883 101.0)
(0.01 193.0 0.16)(23.779780045315604 102.0)
(0.01 193.0 0.17)(23.80187017867782 101.0)
(0.01 193.0 0.18000000000000002)(23.972331486967246 106.0)
(0.01 193.0 0.19000000000000003)(22.166105535247787 106.0)
(0.01 193.0 0.20000000000000004)(23.64555181872609 114.0)
(0.01 193.0 0.21000000000000005)(21.727971999660358 109.0)
(0.01 193.0 0.22000000000000006)(25.448708163691812 107.0)
(0.01 193.0 0.23000000000000007)(22.42547505920445 103.0)
(0.01 193.0 0.24000000000000007)(20.332414304674334 118.0)
(0.01 198.0 0.01)(61.023753483977885 37.0)
(0.01 198.0 0.02)(57.56836054488233 46.0)
(0.01 198.0 0.03)(53.102561006014696 58.0)
(0.01 198.0 0.04)(52.29376166171379 64.0)
(0.01 198.0 0.05)(46.73013663690693 68.0)
(0.01 198.0 0.060000000000000005)(41.20939781288217 69.0)
(0.01 198.0 0.07)(39.58814698710687 71.0)
(0.01 198.0 0.08)(36.652693314643514 78.0)
(0.01 198.0 0.09)(35.71702989969659 81.0)
(0.01 198.0 0.09999999999999999)(35.15342327344148 87.0)
(0.01 198.0 0.10999999999999999)(27.814250917488508 97.0)
(0.01 198.0 0.11999999999999998)(28.392928644132024 97.0)
(0.01 198.0 0.12999999999999998)(25.37150387209333 100.0)
(0.01 198.0 0.13999999999999999)(25.396419526193295 102.0)
(0.01 198.0 0.15)(23.71410949279883 101.0)
(0.01 198.0 0.16)(23.779780045315604 102.0)
(0.01 198.0 0.17)(23.80187017867782 101.0)
(0.01 198.0 0.18000000000000002)(23.972331486967246 106.0)
(0.01 198.0 0.19000000000000003)(22.166105535247787 106.0)
(0.01 198.0 0.20000000000000004)(23.64555181872609 114.0)
(0.01 198.0 0.21000000000000005)(21.727971999660358 109.0)
(0.01 198.0 0.22000000000000006)(25.448708163691812 107.0)
(0.01 198.0 0.23000000000000007)(22.42547505920445 103.0)
(0.01 198.0 0.24000000000000007)(20.332414304674334 118.0)
(0.01 203.0 0.01)(61.023753483977885 37.0)
(0.01 203.0 0.02)(57.56836054488233 46.0)
(0.01 203.0 0.03)(53.102561006014696 58.0)
(0.01 203.0 0.04)(52.29376166171379 64.0)
(0.01 203.0 0.05)(46.73013663690693 68.0)
(0.01 203.0 0.060000000000000005)(41.20939781288217 69.0)
(0.01 203.0 0.07)(39.58814698710687 71.0)
(0.01 203.0 0.08)(36.652693314643514 78.0)
(0.01 203.0 0.09)(35.71702989969659 81.0)
(0.01 203.0 0.09999999999999999)(35.15342327344148 87.0)
(0.01 203.0 0.10999999999999999)(27.814250917488508 97.0)
(0.01 203.0 0.11999999999999998)(28.392928644132024 97.0)
(0.01 203.0 0.12999999999999998)(25.37150387209333 100.0)
(0.01 203.0 0.13999999999999999)(25.396419526193295 102.0)
(0.01 203.0 0.15)(23.71410949279883 101.0)
(0.01 203.0 0.16)(23.779780045315604 102.0)
(0.01 203.0 0.17)(23.80187017867782 101.0)
(0.01 203.0 0.18000000000000002)(23.972331486967246 106.0)
(0.01 203.0 0.19000000000000003)(22.166105535247787 106.0)
(0.01 203.0 0.20000000000000004)(23.64555181872609 114.0)
(0.01 203.0 0.21000000000000005)(21.727971999660358 109.0)
(0.01 203.0 0.22000000000000006)(25.448708163691812 107.0)
(0.01 203.0 0.23000000000000007)(22.42547505920445 103.0)
(0.01 203.0 0.24000000000000007)(20.332414304674334 118.0)
(0.01 208.0 0.01)(61.023753483977885 37.0)
(0.01 208.0 0.02)(57.56836054488233 46.0)
(0.01 208.0 0.03)(53.102561006014696 58.0)
(0.01 208.0 0.04)(52.29376166171379 64.0)
(0.01 208.0 0.05)(46.73013663690693 68.0)
(0.01 208.0 0.060000000000000005)(41.20939781288217 69.0)
(0.01 208.0 0.07)(39.58814698710687 71.0)
(0.01 208.0 0.08)(36.652693314643514 78.0)
(0.01 208.0 0.09)(35.71702989969659 81.0)
(0.01 208.0 0.09999999999999999)(35.15342327344148 87.0)
(0.01 208.0 0.10999999999999999)(27.814250917488508 97.0)
(0.01 208.0 0.11999999999999998)(28.392928644132024 97.0)
(0.01 208.0 0.12999999999999998)(25.37150387209333 100.0)
(0.01 208.0 0.13999999999999999)(25.396419526193295 102.0)
(0.01 208.0 0.15)(23.71410949279883 101.0)
(0.01 208.0 0.16)(23.779780045315604 102.0)
(0.01 208.0 0.17)(23.80187017867782 101.0)
(0.01 208.0 0.18000000000000002)(23.972331486967246 106.0)
(0.01 208.0 0.19000000000000003)(22.166105535247787 106.0)
(0.01 208.0 0.20000000000000004)(23.64555181872609 114.0)
(0.01 208.0 0.21000000000000005)(21.727971999660358 109.0)
(0.01 208.0 0.22000000000000006)(25.448708163691812 107.0)
(0.01 208.0 0.23000000000000007)(22.42547505920445 103.0)
(0.01 208.0 0.24000000000000007)(20.332414304674334 118.0)
(0.01 213.0 0.01)(61.023753483977885 37.0)
(0.01 213.0 0.02)(57.56836054488233 46.0)
(0.01 213.0 0.03)(53.102561006014696 58.0)
(0.01 213.0 0.04)(52.29376166171379 64.0)
(0.01 213.0 0.05)(46.73013663690693 68.0)
(0.01 213.0 0.060000000000000005)(41.20939781288217 69.0)
(0.01 213.0 0.07)(39.58814698710687 71.0)
(0.01 213.0 0.08)(36.652693314643514 78.0)
(0.01 213.0 0.09)(35.71702989969659 81.0)
(0.01 213.0 0.09999999999999999)(35.15342327344148 87.0)
(0.01 213.0 0.10999999999999999)(27.814250917488508 97.0)
(0.01 213.0 0.11999999999999998)(28.392928644132024 97.0)
(0.01 213.0 0.12999999999999998)(25.37150387209333 100.0)
(0.01 213.0 0.13999999999999999)(25.396419526193295 102.0)
(0.01 213.0 0.15)(23.71410949279883 101.0)
(0.01 213.0 0.16)(23.779780045315604 102.0)
(0.01 213.0 0.17)(23.80187017867782 101.0)
(0.01 213.0 0.18000000000000002)(23.972331486967246 106.0)
(0.01 213.0 0.19000000000000003)(22.166105535247787 106.0)
(0.01 213.0 0.20000000000000004)(23.64555181872609 114.0)
(0.01 213.0 0.21000000000000005)(21.727971999660358 109.0)
(0.01 213.0 0.22000000000000006)(25.448708163691812 107.0)
(0.01 213.0 0.23000000000000007)(22.42547505920445 103.0)
(0.01 213.0 0.24000000000000007)(20.332414304674334 118.0)
(0.01 218.0 0.01)(61.023753483977885 37.0)
(0.01 218.0 0.02)(57.56836054488233 46.0)
(0.01 218.0 0.03)(53.102561006014696 58.0)
(0.01 218.0 0.04)(52.29376166171379 64.0)
(0.01 218.0 0.05)(46.73013663690693 68.0)
(0.01 218.0 0.060000000000000005)(41.20939781288217 69.0)
(0.01 218.0 0.07)(39.58814698710687 71.0)
(0.01 218.0 0.08)(36.652693314643514 78.0)
(0.01 218.0 0.09)(35.71702989969659 81.0)
(0.01 218.0 0.09999999999999999)(35.15342327344148 87.0)
(0.01 218.0 0.10999999999999999)(27.814250917488508 97.0)
(0.01 218.0 0.11999999999999998)(28.392928644132024 97.0)
(0.01 218.0 0.12999999999999998)(25.37150387209333 100.0)
(0.01 218.0 0.13999999999999999)(25.396419526193295 102.0)
(0.01 218.0 0.15)(23.71410949279883 101.0)
(0.01 218.0 0.16)(23.779780045315604 102.0)
(0.01 218.0 0.17)(23.80187017867782 101.0)
(0.01 218.0 0.18000000000000002)(23.972331486967246 106.0)
(0.01 218.0 0.19000000000000003)(22.166105535247787 106.0)
(0.01 218.0 0.20000000000000004)(23.64555181872609 114.0)
(0.01 218.0 0.21000000000000005)(21.727971999660358 109.0)
(0.01 218.0 0.22000000000000006)(25.448708163691812 107.0)
(0.01 218.0 0.23000000000000007)(22.42547505920445 103.0)
(0.01 218.0 0.24000000000000007)(20.332414304674334 118.0)
(0.01 223.0 0.01)(61.023753483977885 37.0)
(0.01 223.0 0.02)(57.56836054488233 46.0)
(0.01 223.0 0.03)(53.102561006014696 58.0)
(0.01 223.0 0.04)(52.29376166171379 64.0)
(0.01 223.0 0.05)(46.73013663690693 68.0)
(0.01 223.0 0.060000000000000005)(41.20939781288217 69.0)
(0.01 223.0 0.07)(39.58814698710687 71.0)
(0.01 223.0 0.08)(36.652693314643514 78.0)
(0.01 223.0 0.09)(35.71702989969659 81.0)
(0.01 223.0 0.09999999999999999)(35.15342327344148 87.0)
(0.01 223.0 0.10999999999999999)(27.814250917488508 97.0)
(0.01 223.0 0.11999999999999998)(28.392928644132024 97.0)
(0.01 223.0 0.12999999999999998)(25.37150387209333 100.0)
(0.01 223.0 0.13999999999999999)(25.396419526193295 102.0)
(0.01 223.0 0.15)(23.71410949279883 101.0)
(0.01 223.0 0.16)(23.779780045315604 102.0)
(0.01 223.0 0.17)(23.80187017867782 101.0)
(0.01 223.0 0.18000000000000002)(23.972331486967246 106.0)
(0.01 223.0 0.19000000000000003)(22.166105535247787 106.0)
(0.01 223.0 0.20000000000000004)(23.64555181872609 114.0)
(0.01 223.0 0.21000000000000005)(21.727971999660358 109.0)
(0.01 223.0 0.22000000000000006)(25.448708163691812 107.0)
(0.01 223.0 0.23000000000000007)(22.42547505920445 103.0)
(0.01 223.0 0.24000000000000007)(20.332414304674334 118.0)
(0.01 228.0 0.01)(61.023753483977885 37.0)
(0.01 228.0 0.02)(57.56836054488233 46.0)
(0.01 228.0 0.03)(53.102561006014696 58.0)
(0.01 228.0 0.04)(52.29376166171379 64.0)
(0.01 228.0 0.05)(46.73013663690693 68.0)
(0.01 228.0 0.060000000000000005)(41.20939781288217 69.0)
(0.01 228.0 0.07)(39.58814698710687 71.0)
(0.01 228.0 0.08)(36.652693314643514 78.0)
(0.01 228.0 0.09)(35.71702989969659 81.0)
(0.01 228.0 0.09999999999999999)(35.15342327344148 87.0)
(0.01 228.0 0.10999999999999999)(27.814250917488508 97.0)
(0.01 228.0 0.11999999999999998)(28.392928644132024 97.0)
(0.01 228.0 0.12999999999999998)(25.37150387209333 100.0)
(0.01 228.0 0.13999999999999999)(25.396419526193295 102.0)
(0.01 228.0 0.15)(23.71410949279883 101.0)
(0.01 228.0 0.16)(23.779780045315604 102.0)
(0.01 228.0 0.17)(23.80187017867782 101.0)
(0.01 228.0 0.18000000000000002)(23.972331486967246 106.0)
(0.01 228.0 0.19000000000000003)(22.166105535247787 106.0)
(0.01 228.0 0.20000000000000004)(23.64555181872609 114.0)
(0.01 228.0 0.21000000000000005)(21.727971999660358 109.0)
(0.01 228.0 0.22000000000000006)(25.448708163691812 107.0)
(0.01 228.0 0.23000000000000007)(22.42547505920445 103.0)
(0.01 228.0 0.24000000000000007)(20.332414304674334 118.0)
(0.01 233.0 0.01)(61.023753483977885 37.0)
(0.01 233.0 0.02)(57.56836054488233 46.0)
(0.01 233.0 0.03)(53.102561006014696 58.0)
(0.01 233.0 0.04)(52.29376166171379 64.0)
(0.01 233.0 0.05)(46.73013663690693 68.0)
(0.01 233.0 0.060000000000000005)(41.20939781288217 69.0)
(0.01 233.0 0.07)(39.58814698710687 71.0)
(0.01 233.0 0.08)(36.652693314643514 78.0)
(0.01 233.0 0.09)(35.71702989969659 81.0)
(0.01 233.0 0.09999999999999999)(35.15342327344148 87.0)
(0.01 233.0 0.10999999999999999)(27.814250917488508 97.0)
(0.01 233.0 0.11999999999999998)(28.392928644132024 97.0)
(0.01 233.0 0.12999999999999998)(25.37150387209333 100.0)
(0.01 233.0 0.13999999999999999)(25.396419526193295 102.0)
(0.01 233.0 0.15)(23.71410949279883 101.0)
(0.01 233.0 0.16)(23.779780045315604 102.0)
(0.01 233.0 0.17)(23.80187017867782 101.0)
(0.01 233.0 0.18000000000000002)(23.972331486967246 106.0)
(0.01 233.0 0.19000000000000003)(22.166105535247787 106.0)
(0.01 233.0 0.20000000000000004)(23.64555181872609 114.0)
(0.01 233.0 0.21000000000000005)(21.727971999660358 109.0)
(0.01 233.0 0.22000000000000006)(25.448708163691812 107.0)
(0.01 233.0 0.23000000000000007)(22.42547505920445 103.0)
(0.01 233.0 0.24000000000000007)(20.332414304674334 118.0)
(0.01 238.0 0.01)(61.023753483977885 37.0)
(0.01 238.0 0.02)(57.56836054488233 46.0)
(0.01 238.0 0.03)(53.102561006014696 58.0)
(0.01 238.0 0.04)(52.29376166171379 64.0)
(0.01 238.0 0.05)(46.73013663690693 68.0)
(0.01 238.0 0.060000000000000005)(41.20939781288217 69.0)
(0.01 238.0 0.07)(39.58814698710687 71.0)
(0.01 238.0 0.08)(36.652693314643514 78.0)
(0.01 238.0 0.09)(35.71702989969659 81.0)
(0.01 238.0 0.09999999999999999)(35.15342327344148 87.0)
(0.01 238.0 0.10999999999999999)(27.814250917488508 97.0)
(0.01 238.0 0.11999999999999998)(28.392928644132024 97.0)
(0.01 238.0 0.12999999999999998)(25.37150387209333 100.0)
(0.01 238.0 0.13999999999999999)(25.396419526193295 102.0)
(0.01 238.0 0.15)(23.71410949279883 101.0)
(0.01 238.0 0.16)(23.779780045315604 102.0)
(0.01 238.0 0.17)(23.80187017867782 101.0)
(0.01 238.0 0.18000000000000002)(23.972331486967246 106.0)
(0.01 238.0 0.19000000000000003)(22.166105535247787 106.0)
(0.01 238.0 0.20000000000000004)(23.64555181872609 114.0)
(0.01 238.0 0.21000000000000005)(21.727971999660358 109.0)
(0.01 238.0 0.22000000000000006)(25.448708163691812 107.0)
(0.01 238.0 0.23000000000000007)(22.42547505920445 103.0)
(0.01 238.0 0.24000000000000007)(20.332414304674334 118.0)
(0.01 243.0 0.01)(61.023753483977885 37.0)
(0.01 243.0 0.02)(57.56836054488233 46.0)
(0.01 243.0 0.03)(53.102561006014696 58.0)
(0.01 243.0 0.04)(52.29376166171379 64.0)
(0.01 243.0 0.05)(46.73013663690693 68.0)
(0.01 243.0 0.060000000000000005)(41.20939781288217 69.0)
(0.01 243.0 0.07)(39.58814698710687 71.0)
(0.01 243.0 0.08)(36.652693314643514 78.0)
(0.01 243.0 0.09)(35.71702989969659 81.0)
(0.01 243.0 0.09999999999999999)(35.15342327344148 87.0)
(0.01 243.0 0.10999999999999999)(27.814250917488508 97.0)
(0.01 243.0 0.11999999999999998)(28.392928644132024 97.0)
(0.01 243.0 0.12999999999999998)(25.37150387209333 100.0)
(0.01 243.0 0.13999999999999999)(25.396419526193295 102.0)
(0.01 243.0 0.15)(23.71410949279883 101.0)
(0.01 243.0 0.16)(23.779780045315604 102.0)
(0.01 243.0 0.17)(23.80187017867782 101.0)
(0.01 243.0 0.18000000000000002)(23.972331486967246 106.0)
(0.01 243.0 0.19000000000000003)(22.166105535247787 106.0)
(0.01 243.0 0.20000000000000004)(23.64555181872609 114.0)
(0.01 243.0 0.21000000000000005)(21.727971999660358 109.0)
(0.01 243.0 0.22000000000000006)(25.448708163691812 107.0)
(0.01 243.0 0.23000000000000007)(22.42547505920445 103.0)
(0.01 243.0 0.24000000000000007)(20.332414304674334 118.0)
(0.01 248.0 0.01)(61.023753483977885 37.0)
(0.01 248.0 0.02)(57.56836054488233 46.0)
(0.01 248.0 0.03)(53.102561006014696 58.0)
(0.01 248.0 0.04)(52.29376166171379 64.0)
(0.01 248.0 0.05)(46.73013663690693 68.0)
(0.01 248.0 0.060000000000000005)(41.20939781288217 69.0)
(0.01 248.0 0.07)(39.58814698710687 71.0)
(0.01 248.0 0.08)(36.652693314643514 78.0)
(0.01 248.0 0.09)(35.71702989969659 81.0)
(0.01 248.0 0.09999999999999999)(35.15342327344148 87.0)
(0.01 248.0 0.10999999999999999)(27.814250917488508 97.0)
(0.01 248.0 0.11999999999999998)(28.392928644132024 97.0)
(0.01 248.0 0.12999999999999998)(25.37150387209333 100.0)
(0.01 248.0 0.13999999999999999)(25.396419526193295 102.0)
(0.01 248.0 0.15)(23.71410949279883 101.0)
(0.01 248.0 0.16)(23.779780045315604 102.0)
(0.01 248.0 0.17)(23.80187017867782 101.0)
(0.01 248.0 0.18000000000000002)(23.972331486967246 106.0)
(0.01 248.0 0.19000000000000003)(22.166105535247787 106.0)
(0.01 248.0 0.20000000000000004)(23.64555181872609 114.0)
(0.01 248.0 0.21000000000000005)(21.727971999660358 109.0)
(0.01 248.0 0.22000000000000006)(25.448708163691812 107.0)
(0.01 248.0 0.23000000000000007)(22.42547505920445 103.0)
(0.01 248.0 0.24000000000000007)(20.332414304674334 118.0)
(0.01 253.0 0.01)(61.023753483977885 37.0)
(0.01 253.0 0.02)(57.56836054488233 46.0)
(0.01 253.0 0.03)(53.102561006014696 58.0)
(0.01 253.0 0.04)(52.29376166171379 64.0)
(0.01 253.0 0.05)(46.73013663690693 68.0)
(0.01 253.0 0.060000000000000005)(41.20939781288217 69.0)
(0.01 253.0 0.07)(39.58814698710687 71.0)
(0.01 253.0 0.08)(36.652693314643514 78.0)
(0.01 253.0 0.09)(35.71702989969659 81.0)
(0.01 253.0 0.09999999999999999)(35.15342327344148 87.0)
(0.01 253.0 0.10999999999999999)(27.814250917488508 97.0)
(0.01 253.0 0.11999999999999998)(28.392928644132024 97.0)
(0.01 253.0 0.12999999999999998)(25.37150387209333 100.0)
(0.01 253.0 0.13999999999999999)(25.396419526193295 102.0)
(0.01 253.0 0.15)(23.71410949279883 101.0)
(0.01 253.0 0.16)(23.779780045315604 102.0)
(0.01 253.0 0.17)(23.80187017867782 101.0)
(0.01 253.0 0.18000000000000002)(23.972331486967246 106.0)
(0.01 253.0 0.19000000000000003)(22.166105535247787 106.0)
(0.01 253.0 0.20000000000000004)(23.64555181872609 114.0)
(0.01 253.0 0.21000000000000005)(21.727971999660358 109.0)
(0.01 253.0 0.22000000000000006)(25.448708163691812 107.0)
(0.01 253.0 0.23000000000000007)(22.42547505920445 103.0)
(0.01 253.0 0.24000000000000007)(20.332414304674334 118.0)
(0.01 258.0 0.01)(61.023753483977885 37.0)
(0.01 258.0 0.02)(57.56836054488233 46.0)
(0.01 258.0 0.03)(53.102561006014696 58.0)
(0.01 258.0 0.04)(52.29376166171379 64.0)
(0.01 258.0 0.05)(46.73013663690693 68.0)
(0.01 258.0 0.060000000000000005)(41.20939781288217 69.0)
(0.01 258.0 0.07)(39.58814698710687 71.0)
(0.01 258.0 0.08)(36.652693314643514 78.0)
(0.01 258.0 0.09)(35.71702989969659 81.0)
(0.01 258.0 0.09999999999999999)(35.15342327344148 87.0)
(0.01 258.0 0.10999999999999999)(27.814250917488508 97.0)
(0.01 258.0 0.11999999999999998)(28.392928644132024 97.0)
(0.01 258.0 0.12999999999999998)(25.37150387209333 100.0)
(0.01 258.0 0.13999999999999999)(25.396419526193295 102.0)
(0.01 258.0 0.15)(23.71410949279883 101.0)
(0.01 258.0 0.16)(23.779780045315604 102.0)
(0.01 258.0 0.17)(23.80187017867782 101.0)
(0.01 258.0 0.18000000000000002)(23.972331486967246 106.0)
(0.01 258.0 0.19000000000000003)(22.166105535247787 106.0)
(0.01 258.0 0.20000000000000004)(23.64555181872609 114.0)
(0.01 258.0 0.21000000000000005)(21.727971999660358 109.0)
(0.01 258.0 0.22000000000000006)(25.448708163691812 107.0)
(0.01 258.0 0.23000000000000007)(22.42547505920445 103.0)
(0.01 258.0 0.24000000000000007)(20.332414304674334 118.0)
(0.01 263.0 0.01)(61.023753483977885 37.0)
(0.01 263.0 0.02)(57.56836054488233 46.0)
(0.01 263.0 0.03)(53.102561006014696 58.0)
(0.01 263.0 0.04)(52.29376166171379 64.0)
(0.01 263.0 0.05)(46.73013663690693 68.0)
(0.01 263.0 0.060000000000000005)(41.20939781288217 69.0)
(0.01 263.0 0.07)(39.58814698710687 71.0)
(0.01 263.0 0.08)(36.652693314643514 78.0)
(0.01 263.0 0.09)(35.71702989969659 81.0)
(0.01 263.0 0.09999999999999999)(35.15342327344148 87.0)
(0.01 263.0 0.10999999999999999)(27.814250917488508 97.0)
(0.01 263.0 0.11999999999999998)(28.392928644132024 97.0)
(0.01 263.0 0.12999999999999998)(25.37150387209333 100.0)
(0.01 263.0 0.13999999999999999)(25.396419526193295 102.0)
(0.01 263.0 0.15)(23.71410949279883 101.0)
(0.01 263.0 0.16)(23.779780045315604 102.0)
(0.01 263.0 0.17)(23.80187017867782 101.0)
(0.01 263.0 0.18000000000000002)(23.972331486967246 106.0)
(0.01 263.0 0.19000000000000003)(22.166105535247787 106.0)
(0.01 263.0 0.20000000000000004)(23.64555181872609 114.0)
(0.01 263.0 0.21000000000000005)(21.727971999660358 109.0)
(0.01 263.0 0.22000000000000006)(25.448708163691812 107.0)
(0.01 263.0 0.23000000000000007)(22.42547505920445 103.0)
(0.01 263.0 0.24000000000000007)(20.332414304674334 118.0)
(0.01 268.0 0.01)(61.023753483977885 37.0)
(0.01 268.0 0.02)(57.56836054488233 46.0)
(0.01 268.0 0.03)(53.102561006014696 58.0)
(0.01 268.0 0.04)(52.29376166171379 64.0)
(0.01 268.0 0.05)(46.73013663690693 68.0)
(0.01 268.0 0.060000000000000005)(41.20939781288217 69.0)
(0.01 268.0 0.07)(39.58814698710687 71.0)
(0.01 268.0 0.08)(36.652693314643514 78.0)
(0.01 268.0 0.09)(35.71702989969659 81.0)
(0.01 268.0 0.09999999999999999)(35.15342327344148 87.0)
(0.01 268.0 0.10999999999999999)(27.814250917488508 97.0)
(0.01 268.0 0.11999999999999998)(28.392928644132024 97.0)
(0.01 268.0 0.12999999999999998)(25.37150387209333 100.0)
(0.01 268.0 0.13999999999999999)(25.396419526193295 102.0)
(0.01 268.0 0.15)(23.71410949279883 101.0)
(0.01 268.0 0.16)(23.779780045315604 102.0)
(0.01 268.0 0.17)(23.80187017867782 101.0)
(0.01 268.0 0.18000000000000002)(23.972331486967246 106.0)
(0.01 268.0 0.19000000000000003)(22.166105535247787 106.0)
(0.01 268.0 0.20000000000000004)(23.64555181872609 114.0)
(0.01 268.0 0.21000000000000005)(21.727971999660358 109.0)
(0.01 268.0 0.22000000000000006)(25.448708163691812 107.0)
(0.01 268.0 0.23000000000000007)(22.42547505920445 103.0)
(0.01 268.0 0.24000000000000007)(20.332414304674334 118.0)
(0.01 273.0 0.01)(61.023753483977885 37.0)
(0.01 273.0 0.02)(57.56836054488233 46.0)
(0.01 273.0 0.03)(53.102561006014696 58.0)
(0.01 273.0 0.04)(52.29376166171379 64.0)
(0.01 273.0 0.05)(46.73013663690693 68.0)
(0.01 273.0 0.060000000000000005)(41.20939781288217 69.0)
(0.01 273.0 0.07)(39.58814698710687 71.0)
(0.01 273.0 0.08)(36.652693314643514 78.0)
(0.01 273.0 0.09)(35.71702989969659 81.0)
(0.01 273.0 0.09999999999999999)(35.15342327344148 87.0)
(0.01 273.0 0.10999999999999999)(27.814250917488508 97.0)
(0.01 273.0 0.11999999999999998)(28.392928644132024 97.0)
(0.01 273.0 0.12999999999999998)(25.37150387209333 100.0)
(0.01 273.0 0.13999999999999999)(25.396419526193295 102.0)
(0.01 273.0 0.15)(23.71410949279883 101.0)
(0.01 273.0 0.16)(23.779780045315604 102.0)
(0.01 273.0 0.17)(23.80187017867782 101.0)
(0.01 273.0 0.18000000000000002)(23.972331486967246 106.0)
(0.01 273.0 0.19000000000000003)(22.166105535247787 106.0)
(0.01 273.0 0.20000000000000004)(23.64555181872609 114.0)
(0.01 273.0 0.21000000000000005)(21.727971999660358 109.0)
(0.01 273.0 0.22000000000000006)(25.448708163691812 107.0)
(0.01 273.0 0.23000000000000007)(22.42547505920445 103.0)
(0.01 273.0 0.24000000000000007)(20.332414304674334 118.0)
(0.01 278.0 0.01)(61.023753483977885 37.0)
(0.01 278.0 0.02)(57.56836054488233 46.0)
(0.01 278.0 0.03)(53.102561006014696 58.0)
(0.01 278.0 0.04)(52.29376166171379 64.0)
(0.01 278.0 0.05)(46.73013663690693 68.0)
(0.01 278.0 0.060000000000000005)(41.20939781288217 69.0)
(0.01 278.0 0.07)(39.58814698710687 71.0)
(0.01 278.0 0.08)(36.652693314643514 78.0)
(0.01 278.0 0.09)(35.71702989969659 81.0)
(0.01 278.0 0.09999999999999999)(35.15342327344148 87.0)
(0.01 278.0 0.10999999999999999)(27.814250917488508 97.0)
(0.01 278.0 0.11999999999999998)(28.392928644132024 97.0)
(0.01 278.0 0.12999999999999998)(25.37150387209333 100.0)
(0.01 278.0 0.13999999999999999)(25.396419526193295 102.0)
(0.01 278.0 0.15)(23.71410949279883 101.0)
(0.01 278.0 0.16)(23.779780045315604 102.0)
(0.01 278.0 0.17)(23.80187017867782 101.0)
(0.01 278.0 0.18000000000000002)(23.972331486967246 106.0)
(0.01 278.0 0.19000000000000003)(22.166105535247787 106.0)
(0.01 278.0 0.20000000000000004)(23.64555181872609 114.0)
(0.01 278.0 0.21000000000000005)(21.727971999660358 109.0)
(0.01 278.0 0.22000000000000006)(25.448708163691812 107.0)
(0.01 278.0 0.23000000000000007)(22.42547505920445 103.0)
(0.01 278.0 0.24000000000000007)(20.332414304674334 118.0)
(0.01 283.0 0.01)(61.023753483977885 37.0)
(0.01 283.0 0.02)(57.56836054488233 46.0)
(0.01 283.0 0.03)(53.102561006014696 58.0)
(0.01 283.0 0.04)(52.29376166171379 64.0)
(0.01 283.0 0.05)(46.73013663690693 68.0)
(0.01 283.0 0.060000000000000005)(41.20939781288217 69.0)
(0.01 283.0 0.07)(39.58814698710687 71.0)
(0.01 283.0 0.08)(36.652693314643514 78.0)
(0.01 283.0 0.09)(35.71702989969659 81.0)
(0.01 283.0 0.09999999999999999)(35.15342327344148 87.0)
(0.01 283.0 0.10999999999999999)(27.814250917488508 97.0)
(0.01 283.0 0.11999999999999998)(28.392928644132024 97.0)
(0.01 283.0 0.12999999999999998)(25.37150387209333 100.0)
(0.01 283.0 0.13999999999999999)(25.396419526193295 102.0)
(0.01 283.0 0.15)(23.71410949279883 101.0)
(0.01 283.0 0.16)(23.779780045315604 102.0)
(0.01 283.0 0.17)(23.80187017867782 101.0)
(0.01 283.0 0.18000000000000002)(23.972331486967246 106.0)
(0.01 283.0 0.19000000000000003)(22.166105535247787 106.0)
(0.01 283.0 0.20000000000000004)(23.64555181872609 114.0)
(0.01 283.0 0.21000000000000005)(21.727971999660358 109.0)
(0.01 283.0 0.22000000000000006)(25.448708163691812 107.0)
(0.01 283.0 0.23000000000000007)(22.42547505920445 103.0)
(0.01 283.0 0.24000000000000007)(20.332414304674334 118.0)
(0.01 288.0 0.01)(61.023753483977885 37.0)
(0.01 288.0 0.02)(57.56836054488233 46.0)
(0.01 288.0 0.03)(53.102561006014696 58.0)
(0.01 288.0 0.04)(52.29376166171379 64.0)
(0.01 288.0 0.05)(46.73013663690693 68.0)
(0.01 288.0 0.060000000000000005)(41.20939781288217 69.0)
(0.01 288.0 0.07)(39.58814698710687 71.0)
(0.01 288.0 0.08)(36.652693314643514 78.0)
(0.01 288.0 0.09)(35.71702989969659 81.0)
(0.01 288.0 0.09999999999999999)(35.15342327344148 87.0)
(0.01 288.0 0.10999999999999999)(27.814250917488508 97.0)
(0.01 288.0 0.11999999999999998)(28.392928644132024 97.0)
(0.01 288.0 0.12999999999999998)(25.37150387209333 100.0)
(0.01 288.0 0.13999999999999999)(25.396419526193295 102.0)
(0.01 288.0 0.15)(23.71410949279883 101.0)
(0.01 288.0 0.16)(23.779780045315604 102.0)
(0.01 288.0 0.17)(23.80187017867782 101.0)
(0.01 288.0 0.18000000000000002)(23.972331486967246 106.0)
(0.01 288.0 0.19000000000000003)(22.166105535247787 106.0)
(0.01 288.0 0.20000000000000004)(23.64555181872609 114.0)
(0.01 288.0 0.21000000000000005)(21.727971999660358 109.0)
(0.01 288.0 0.22000000000000006)(25.448708163691812 107.0)
(0.01 288.0 0.23000000000000007)(22.42547505920445 103.0)
(0.01 288.0 0.24000000000000007)(20.332414304674334 118.0)
(0.01 293.0 0.01)(61.023753483977885 37.0)
(0.01 293.0 0.02)(57.56836054488233 46.0)
(0.01 293.0 0.03)(53.102561006014696 58.0)
(0.01 293.0 0.04)(52.29376166171379 64.0)
(0.01 293.0 0.05)(46.73013663690693 68.0)
(0.01 293.0 0.060000000000000005)(41.20939781288217 69.0)
(0.01 293.0 0.07)(39.58814698710687 71.0)
(0.01 293.0 0.08)(36.652693314643514 78.0)
(0.01 293.0 0.09)(35.71702989969659 81.0)
(0.01 293.0 0.09999999999999999)(35.15342327344148 87.0)
(0.01 293.0 0.10999999999999999)(27.814250917488508 97.0)
(0.01 293.0 0.11999999999999998)(28.392928644132024 97.0)
(0.01 293.0 0.12999999999999998)(25.37150387209333 100.0)
(0.01 293.0 0.13999999999999999)(25.396419526193295 102.0)
(0.01 293.0 0.15)(23.71410949279883 101.0)
(0.01 293.0 0.16)(23.779780045315604 102.0)
(0.01 293.0 0.17)(23.80187017867782 101.0)
(0.01 293.0 0.18000000000000002)(23.972331486967246 106.0)
(0.01 293.0 0.19000000000000003)(22.166105535247787 106.0)
(0.01 293.0 0.20000000000000004)(23.64555181872609 114.0)
(0.01 293.0 0.21000000000000005)(21.727971999660358 109.0)
(0.01 293.0 0.22000000000000006)(25.448708163691812 107.0)
(0.01 293.0 0.23000000000000007)(22.42547505920445 103.0)
(0.01 293.0 0.24000000000000007)(20.332414304674334 118.0)
(0.01 298.0 0.01)(61.023753483977885 37.0)
(0.01 298.0 0.02)(57.56836054488233 46.0)
(0.01 298.0 0.03)(53.102561006014696 58.0)
(0.01 298.0 0.04)(52.29376166171379 64.0)
(0.01 298.0 0.05)(46.73013663690693 68.0)
(0.01 298.0 0.060000000000000005)(41.20939781288217 69.0)
(0.01 298.0 0.07)(39.58814698710687 71.0)
(0.01 298.0 0.08)(36.652693314643514 78.0)
(0.01 298.0 0.09)(35.71702989969659 81.0)
(0.01 298.0 0.09999999999999999)(35.15342327344148 87.0)
(0.01 298.0 0.10999999999999999)(27.814250917488508 97.0)
(0.01 298.0 0.11999999999999998)(28.392928644132024 97.0)
(0.01 298.0 0.12999999999999998)(25.37150387209333 100.0)
(0.01 298.0 0.13999999999999999)(25.396419526193295 102.0)
(0.01 298.0 0.15)(23.71410949279883 101.0)
(0.01 298.0 0.16)(23.779780045315604 102.0)
(0.01 298.0 0.17)(23.80187017867782 101.0)
(0.01 298.0 0.18000000000000002)(23.972331486967246 106.0)
(0.01 298.0 0.19000000000000003)(22.166105535247787 106.0)
(0.01 298.0 0.20000000000000004)(23.64555181872609 114.0)
(0.01 298.0 0.21000000000000005)(21.727971999660358 109.0)
(0.01 298.0 0.22000000000000006)(25.448708163691812 107.0)
(0.01 298.0 0.23000000000000007)(22.42547505920445 103.0)
(0.01 298.0 0.24000000000000007)(20.332414304674334 118.0)
(0.01 303.0 0.01)(61.023753483977885 37.0)
(0.01 303.0 0.02)(57.56836054488233 46.0)
(0.01 303.0 0.03)(53.102561006014696 58.0)
(0.01 303.0 0.04)(52.29376166171379 64.0)
(0.01 303.0 0.05)(46.73013663690693 68.0)
(0.01 303.0 0.060000000000000005)(41.20939781288217 69.0)
(0.01 303.0 0.07)(39.58814698710687 71.0)
(0.01 303.0 0.08)(36.652693314643514 78.0)
(0.01 303.0 0.09)(35.71702989969659 81.0)
(0.01 303.0 0.09999999999999999)(35.15342327344148 87.0)
(0.01 303.0 0.10999999999999999)(27.814250917488508 97.0)
(0.01 303.0 0.11999999999999998)(28.392928644132024 97.0)
(0.01 303.0 0.12999999999999998)(25.37150387209333 100.0)
(0.01 303.0 0.13999999999999999)(25.396419526193295 102.0)
(0.01 303.0 0.15)(23.71410949279883 101.0)
(0.01 303.0 0.16)(23.779780045315604 102.0)
(0.01 303.0 0.17)(23.80187017867782 101.0)
(0.01 303.0 0.18000000000000002)(23.972331486967246 106.0)
(0.01 303.0 0.19000000000000003)(22.166105535247787 106.0)
(0.01 303.0 0.20000000000000004)(23.64555181872609 114.0)
(0.01 303.0 0.21000000000000005)(21.727971999660358 109.0)
(0.01 303.0 0.22000000000000006)(25.448708163691812 107.0)
(0.01 303.0 0.23000000000000007)(22.42547505920445 103.0)
(0.01 303.0 0.24000000000000007)(20.332414304674334 118.0)
(0.01 308.0 0.01)(61.023753483977885 37.0)
(0.01 308.0 0.02)(57.56836054488233 46.0)
(0.01 308.0 0.03)(53.102561006014696 58.0)
(0.01 308.0 0.04)(52.29376166171379 64.0)
(0.01 308.0 0.05)(46.73013663690693 68.0)
(0.01 308.0 0.060000000000000005)(41.20939781288217 69.0)
(0.01 308.0 0.07)(39.58814698710687 71.0)
(0.01 308.0 0.08)(36.652693314643514 78.0)
(0.01 308.0 0.09)(35.71702989969659 81.0)
(0.01 308.0 0.09999999999999999)(35.15342327344148 87.0)
(0.01 308.0 0.10999999999999999)(27.814250917488508 97.0)
(0.01 308.0 0.11999999999999998)(28.392928644132024 97.0)
(0.01 308.0 0.12999999999999998)(25.37150387209333 100.0)
(0.01 308.0 0.13999999999999999)(25.396419526193295 102.0)
(0.01 308.0 0.15)(23.71410949279883 101.0)
(0.01 308.0 0.16)(23.779780045315604 102.0)
(0.01 308.0 0.17)(23.80187017867782 101.0)
(0.01 308.0 0.18000000000000002)(23.972331486967246 106.0)
(0.01 308.0 0.19000000000000003)(22.166105535247787 106.0)
(0.01 308.0 0.20000000000000004)(23.64555181872609 114.0)
(0.01 308.0 0.21000000000000005)(21.727971999660358 109.0)
(0.01 308.0 0.22000000000000006)(25.448708163691812 107.0)
(0.01 308.0 0.23000000000000007)(22.42547505920445 103.0)
(0.01 308.0 0.24000000000000007)(20.332414304674334 118.0)
(0.01 313.0 0.01)(61.023753483977885 37.0)
(0.01 313.0 0.02)(57.56836054488233 46.0)
(0.01 313.0 0.03)(53.102561006014696 58.0)
(0.01 313.0 0.04)(52.29376166171379 64.0)
(0.01 313.0 0.05)(46.73013663690693 68.0)
(0.01 313.0 0.060000000000000005)(41.20939781288217 69.0)
(0.01 313.0 0.07)(39.58814698710687 71.0)
(0.01 313.0 0.08)(36.652693314643514 78.0)
(0.01 313.0 0.09)(35.71702989969659 81.0)
(0.01 313.0 0.09999999999999999)(35.15342327344148 87.0)
(0.01 313.0 0.10999999999999999)(27.814250917488508 97.0)
(0.01 313.0 0.11999999999999998)(28.392928644132024 97.0)
(0.01 313.0 0.12999999999999998)(25.37150387209333 100.0)
(0.01 313.0 0.13999999999999999)(25.396419526193295 102.0)
(0.01 313.0 0.15)(23.71410949279883 101.0)
(0.01 313.0 0.16)(23.779780045315604 102.0)
(0.01 313.0 0.17)(23.80187017867782 101.0)
(0.01 313.0 0.18000000000000002)(23.972331486967246 106.0)
(0.01 313.0 0.19000000000000003)(22.166105535247787 106.0)
(0.01 313.0 0.20000000000000004)(23.64555181872609 114.0)
(0.01 313.0 0.21000000000000005)(21.727971999660358 109.0)
(0.01 313.0 0.22000000000000006)(25.448708163691812 107.0)
(0.01 313.0 0.23000000000000007)(22.42547505920445 103.0)
(0.01 313.0 0.24000000000000007)(20.332414304674334 118.0)
(0.01 318.0 0.01)(61.023753483977885 37.0)
(0.01 318.0 0.02)(57.56836054488233 46.0)
(0.01 318.0 0.03)(53.102561006014696 58.0)
(0.01 318.0 0.04)(52.29376166171379 64.0)
(0.01 318.0 0.05)(46.73013663690693 68.0)
(0.01 318.0 0.060000000000000005)(41.20939781288217 69.0)
(0.01 318.0 0.07)(39.58814698710687 71.0)
(0.01 318.0 0.08)(36.652693314643514 78.0)
(0.01 318.0 0.09)(35.71702989969659 81.0)
(0.01 318.0 0.09999999999999999)(35.15342327344148 87.0)
(0.01 318.0 0.10999999999999999)(27.814250917488508 97.0)
(0.01 318.0 0.11999999999999998)(28.392928644132024 97.0)
(0.01 318.0 0.12999999999999998)(25.37150387209333 100.0)
(0.01 318.0 0.13999999999999999)(25.396419526193295 102.0)
(0.01 318.0 0.15)(23.71410949279883 101.0)
(0.01 318.0 0.16)(23.779780045315604 102.0)
(0.01 318.0 0.17)(23.80187017867782 101.0)
(0.01 318.0 0.18000000000000002)(23.972331486967246 106.0)
(0.01 318.0 0.19000000000000003)(22.166105535247787 106.0)
(0.01 318.0 0.20000000000000004)(23.64555181872609 114.0)
(0.01 318.0 0.21000000000000005)(21.727971999660358 109.0)
(0.01 318.0 0.22000000000000006)(25.448708163691812 107.0)
(0.01 318.0 0.23000000000000007)(22.42547505920445 103.0)
(0.01 318.0 0.24000000000000007)(20.332414304674334 118.0)
(0.01 323.0 0.01)(61.023753483977885 37.0)
(0.01 323.0 0.02)(57.56836054488233 46.0)
(0.01 323.0 0.03)(53.102561006014696 58.0)
(0.01 323.0 0.04)(52.29376166171379 64.0)
(0.01 323.0 0.05)(46.73013663690693 68.0)
(0.01 323.0 0.060000000000000005)(41.20939781288217 69.0)
(0.01 323.0 0.07)(39.58814698710687 71.0)
(0.01 323.0 0.08)(36.652693314643514 78.0)
(0.01 323.0 0.09)(35.71702989969659 81.0)
(0.01 323.0 0.09999999999999999)(35.15342327344148 87.0)
(0.01 323.0 0.10999999999999999)(27.814250917488508 97.0)
(0.01 323.0 0.11999999999999998)(28.392928644132024 97.0)
(0.01 323.0 0.12999999999999998)(25.37150387209333 100.0)
(0.01 323.0 0.13999999999999999)(25.396419526193295 102.0)
(0.01 323.0 0.15)(23.71410949279883 101.0)
(0.01 323.0 0.16)(23.779780045315604 102.0)
(0.01 323.0 0.17)(23.80187017867782 101.0)
(0.01 323.0 0.18000000000000002)(23.972331486967246 106.0)
(0.01 323.0 0.19000000000000003)(22.166105535247787 106.0)
(0.01 323.0 0.20000000000000004)(23.64555181872609 114.0)
(0.01 323.0 0.21000000000000005)(21.727971999660358 109.0)
(0.01 323.0 0.22000000000000006)(25.448708163691812 107.0)
(0.01 323.0 0.23000000000000007)(22.42547505920445 103.0)
(0.01 323.0 0.24000000000000007)(20.332414304674334 118.0)
(0.01 328.0 0.01)(61.023753483977885 37.0)
(0.01 328.0 0.02)(57.56836054488233 46.0)
(0.01 328.0 0.03)(53.102561006014696 58.0)
(0.01 328.0 0.04)(52.29376166171379 64.0)
(0.01 328.0 0.05)(46.73013663690693 68.0)
(0.01 328.0 0.060000000000000005)(41.20939781288217 69.0)
(0.01 328.0 0.07)(39.58814698710687 71.0)
(0.01 328.0 0.08)(36.652693314643514 78.0)
(0.01 328.0 0.09)(35.71702989969659 81.0)
(0.01 328.0 0.09999999999999999)(35.15342327344148 87.0)
(0.01 328.0 0.10999999999999999)(27.814250917488508 97.0)
(0.01 328.0 0.11999999999999998)(28.392928644132024 97.0)
(0.01 328.0 0.12999999999999998)(25.37150387209333 100.0)
(0.01 328.0 0.13999999999999999)(25.396419526193295 102.0)
(0.01 328.0 0.15)(23.71410949279883 101.0)
(0.01 328.0 0.16)(23.779780045315604 102.0)
(0.01 328.0 0.17)(23.80187017867782 101.0)
(0.01 328.0 0.18000000000000002)(23.972331486967246 106.0)
(0.01 328.0 0.19000000000000003)(22.166105535247787 106.0)
(0.01 328.0 0.20000000000000004)(23.64555181872609 114.0)
(0.01 328.0 0.21000000000000005)(21.727971999660358 109.0)
(0.01 328.0 0.22000000000000006)(25.448708163691812 107.0)
(0.01 328.0 0.23000000000000007)(22.42547505920445 103.0)
(0.01 328.0 0.24000000000000007)(20.332414304674334 118.0)
(0.01 333.0 0.01)(61.023753483977885 37.0)
(0.01 333.0 0.02)(57.56836054488233 46.0)
(0.01 333.0 0.03)(53.102561006014696 58.0)
(0.01 333.0 0.04)(52.29376166171379 64.0)
(0.01 333.0 0.05)(46.73013663690693 68.0)
(0.01 333.0 0.060000000000000005)(41.20939781288217 69.0)
(0.01 333.0 0.07)(39.58814698710687 71.0)
(0.01 333.0 0.08)(36.652693314643514 78.0)
(0.01 333.0 0.09)(35.71702989969659 81.0)
(0.01 333.0 0.09999999999999999)(35.15342327344148 87.0)
(0.01 333.0 0.10999999999999999)(27.814250917488508 97.0)
(0.01 333.0 0.11999999999999998)(28.392928644132024 97.0)
(0.01 333.0 0.12999999999999998)(25.37150387209333 100.0)
(0.01 333.0 0.13999999999999999)(25.396419526193295 102.0)
(0.01 333.0 0.15)(23.71410949279883 101.0)
(0.01 333.0 0.16)(23.779780045315604 102.0)
(0.01 333.0 0.17)(23.80187017867782 101.0)
(0.01 333.0 0.18000000000000002)(23.972331486967246 106.0)
(0.01 333.0 0.19000000000000003)(22.166105535247787 106.0)
(0.01 333.0 0.20000000000000004)(23.64555181872609 114.0)
(0.01 333.0 0.21000000000000005)(21.727971999660358 109.0)
(0.01 333.0 0.22000000000000006)(25.448708163691812 107.0)
(0.01 333.0 0.23000000000000007)(22.42547505920445 103.0)
(0.01 333.0 0.24000000000000007)(20.332414304674334 118.0)
(0.01 338.0 0.01)(61.023753483977885 37.0)
(0.01 338.0 0.02)(57.56836054488233 46.0)
(0.01 338.0 0.03)(53.102561006014696 58.0)
(0.01 338.0 0.04)(52.29376166171379 64.0)
(0.01 338.0 0.05)(46.73013663690693 68.0)
(0.01 338.0 0.060000000000000005)(41.20939781288217 69.0)
(0.01 338.0 0.07)(39.58814698710687 71.0)
(0.01 338.0 0.08)(36.652693314643514 78.0)
(0.01 338.0 0.09)(35.71702989969659 81.0)
(0.01 338.0 0.09999999999999999)(35.15342327344148 87.0)
(0.01 338.0 0.10999999999999999)(27.814250917488508 97.0)
(0.01 338.0 0.11999999999999998)(28.392928644132024 97.0)
(0.01 338.0 0.12999999999999998)(25.37150387209333 100.0)
(0.01 338.0 0.13999999999999999)(25.396419526193295 102.0)
(0.01 338.0 0.15)(23.71410949279883 101.0)
(0.01 338.0 0.16)(23.779780045315604 102.0)
(0.01 338.0 0.17)(23.80187017867782 101.0)
(0.01 338.0 0.18000000000000002)(23.972331486967246 106.0)
(0.01 338.0 0.19000000000000003)(22.166105535247787 106.0)
(0.01 338.0 0.20000000000000004)(23.64555181872609 114.0)
(0.01 338.0 0.21000000000000005)(21.727971999660358 109.0)
(0.01 338.0 0.22000000000000006)(25.448708163691812 107.0)
(0.01 338.0 0.23000000000000007)(22.42547505920445 103.0)
(0.01 338.0 0.24000000000000007)(20.332414304674334 118.0)
(0.01 343.0 0.01)(61.023753483977885 37.0)
(0.01 343.0 0.02)(57.56836054488233 46.0)
(0.01 343.0 0.03)(53.102561006014696 58.0)
(0.01 343.0 0.04)(52.29376166171379 64.0)
(0.01 343.0 0.05)(46.73013663690693 68.0)
(0.01 343.0 0.060000000000000005)(41.20939781288217 69.0)
(0.01 343.0 0.07)(39.58814698710687 71.0)
(0.01 343.0 0.08)(36.652693314643514 78.0)
(0.01 343.0 0.09)(35.71702989969659 81.0)
(0.01 343.0 0.09999999999999999)(35.15342327344148 87.0)
(0.01 343.0 0.10999999999999999)(27.814250917488508 97.0)
(0.01 343.0 0.11999999999999998)(28.392928644132024 97.0)
(0.01 343.0 0.12999999999999998)(25.37150387209333 100.0)
(0.01 343.0 0.13999999999999999)(25.396419526193295 102.0)
(0.01 343.0 0.15)(23.71410949279883 101.0)
(0.01 343.0 0.16)(23.779780045315604 102.0)
(0.01 343.0 0.17)(23.80187017867782 101.0)
(0.01 343.0 0.18000000000000002)(23.972331486967246 106.0)
(0.01 343.0 0.19000000000000003)(22.166105535247787 106.0)
(0.01 343.0 0.20000000000000004)(23.64555181872609 114.0)
(0.01 343.0 0.21000000000000005)(21.727971999660358 109.0)
(0.01 343.0 0.22000000000000006)(25.448708163691812 107.0)
(0.01 343.0 0.23000000000000007)(22.42547505920445 103.0)
(0.01 343.0 0.24000000000000007)(20.332414304674334 118.0)
(0.01 348.0 0.01)(61.023753483977885 37.0)
(0.01 348.0 0.02)(57.56836054488233 46.0)
(0.01 348.0 0.03)(53.102561006014696 58.0)
(0.01 348.0 0.04)(52.29376166171379 64.0)
(0.01 348.0 0.05)(46.73013663690693 68.0)
(0.01 348.0 0.060000000000000005)(41.20939781288217 69.0)
(0.01 348.0 0.07)(39.58814698710687 71.0)
(0.01 348.0 0.08)(36.652693314643514 78.0)
(0.01 348.0 0.09)(35.71702989969659 81.0)
(0.01 348.0 0.09999999999999999)(35.15342327344148 87.0)
(0.01 348.0 0.10999999999999999)(27.814250917488508 97.0)
(0.01 348.0 0.11999999999999998)(28.392928644132024 97.0)
(0.01 348.0 0.12999999999999998)(25.37150387209333 100.0)
(0.01 348.0 0.13999999999999999)(25.396419526193295 102.0)
(0.01 348.0 0.15)(23.71410949279883 101.0)
(0.01 348.0 0.16)(23.779780045315604 102.0)
(0.01 348.0 0.17)(23.80187017867782 101.0)
(0.01 348.0 0.18000000000000002)(23.972331486967246 106.0)
(0.01 348.0 0.19000000000000003)(22.166105535247787 106.0)
(0.01 348.0 0.20000000000000004)(23.64555181872609 114.0)
(0.01 348.0 0.21000000000000005)(21.727971999660358 109.0)
(0.01 348.0 0.22000000000000006)(25.448708163691812 107.0)
(0.01 348.0 0.23000000000000007)(22.42547505920445 103.0)
(0.01 348.0 0.24000000000000007)(20.332414304674334 118.0)
(0.01 353.0 0.01)(61.023753483977885 37.0)
(0.01 353.0 0.02)(57.56836054488233 46.0)
(0.01 353.0 0.03)(53.102561006014696 58.0)
(0.01 353.0 0.04)(52.29376166171379 64.0)
(0.01 353.0 0.05)(46.73013663690693 68.0)
(0.01 353.0 0.060000000000000005)(41.20939781288217 69.0)
(0.01 353.0 0.07)(39.58814698710687 71.0)
(0.01 353.0 0.08)(36.652693314643514 78.0)
(0.01 353.0 0.09)(35.71702989969659 81.0)
(0.01 353.0 0.09999999999999999)(35.15342327344148 87.0)
(0.01 353.0 0.10999999999999999)(27.814250917488508 97.0)
(0.01 353.0 0.11999999999999998)(28.392928644132024 97.0)
(0.01 353.0 0.12999999999999998)(25.37150387209333 100.0)
(0.01 353.0 0.13999999999999999)(25.396419526193295 102.0)
(0.01 353.0 0.15)(23.71410949279883 101.0)
(0.01 353.0 0.16)(23.779780045315604 102.0)
(0.01 353.0 0.17)(23.80187017867782 101.0)
(0.01 353.0 0.18000000000000002)(23.972331486967246 106.0)
(0.01 353.0 0.19000000000000003)(22.166105535247787 106.0)
(0.01 353.0 0.20000000000000004)(23.64555181872609 114.0)
(0.01 353.0 0.21000000000000005)(21.727971999660358 109.0)
(0.01 353.0 0.22000000000000006)(25.448708163691812 107.0)
(0.01 353.0 0.23000000000000007)(22.42547505920445 103.0)
(0.01 353.0 0.24000000000000007)(20.332414304674334 118.0)
(0.01 358.0 0.01)(61.023753483977885 37.0)
(0.01 358.0 0.02)(57.56836054488233 46.0)
(0.01 358.0 0.03)(53.102561006014696 58.0)
(0.01 358.0 0.04)(52.29376166171379 64.0)
(0.01 358.0 0.05)(46.73013663690693 68.0)
(0.01 358.0 0.060000000000000005)(41.20939781288217 69.0)
(0.01 358.0 0.07)(39.58814698710687 71.0)
(0.01 358.0 0.08)(36.652693314643514 78.0)
(0.01 358.0 0.09)(35.71702989969659 81.0)
(0.01 358.0 0.09999999999999999)(35.15342327344148 87.0)
(0.01 358.0 0.10999999999999999)(27.814250917488508 97.0)
(0.01 358.0 0.11999999999999998)(28.392928644132024 97.0)
(0.01 358.0 0.12999999999999998)(25.37150387209333 100.0)
(0.01 358.0 0.13999999999999999)(25.396419526193295 102.0)
(0.01 358.0 0.15)(23.71410949279883 101.0)
(0.01 358.0 0.16)(23.779780045315604 102.0)
(0.01 358.0 0.17)(23.80187017867782 101.0)
(0.01 358.0 0.18000000000000002)(23.972331486967246 106.0)
(0.01 358.0 0.19000000000000003)(22.166105535247787 106.0)
(0.01 358.0 0.20000000000000004)(23.64555181872609 114.0)
(0.01 358.0 0.21000000000000005)(21.727971999660358 109.0)
(0.01 358.0 0.22000000000000006)(25.448708163691812 107.0)
(0.01 358.0 0.23000000000000007)(22.42547505920445 103.0)
(0.01 358.0 0.24000000000000007)(20.332414304674334 118.0)
(0.01 363.0 0.01)(61.023753483977885 37.0)
(0.01 363.0 0.02)(57.56836054488233 46.0)
(0.01 363.0 0.03)(53.102561006014696 58.0)
(0.01 363.0 0.04)(52.29376166171379 64.0)
(0.01 363.0 0.05)(46.73013663690693 68.0)
(0.01 363.0 0.060000000000000005)(41.20939781288217 69.0)
(0.01 363.0 0.07)(39.58814698710687 71.0)
(0.01 363.0 0.08)(36.652693314643514 78.0)
(0.01 363.0 0.09)(35.71702989969659 81.0)
(0.01 363.0 0.09999999999999999)(35.15342327344148 87.0)
(0.01 363.0 0.10999999999999999)(27.814250917488508 97.0)
(0.01 363.0 0.11999999999999998)(28.392928644132024 97.0)
(0.01 363.0 0.12999999999999998)(25.37150387209333 100.0)
(0.01 363.0 0.13999999999999999)(25.396419526193295 102.0)
(0.01 363.0 0.15)(23.71410949279883 101.0)
(0.01 363.0 0.16)(23.779780045315604 102.0)
(0.01 363.0 0.17)(23.80187017867782 101.0)
(0.01 363.0 0.18000000000000002)(23.972331486967246 106.0)
(0.01 363.0 0.19000000000000003)(22.166105535247787 106.0)
(0.01 363.0 0.20000000000000004)(23.64555181872609 114.0)
(0.01 363.0 0.21000000000000005)(21.727971999660358 109.0)
(0.01 363.0 0.22000000000000006)(25.448708163691812 107.0)
(0.01 363.0 0.23000000000000007)(22.42547505920445 103.0)
(0.01 363.0 0.24000000000000007)(20.332414304674334 118.0)
(0.01 368.0 0.01)(61.023753483977885 37.0)
(0.01 368.0 0.02)(57.56836054488233 46.0)
(0.01 368.0 0.03)(53.102561006014696 58.0)
(0.01 368.0 0.04)(52.29376166171379 64.0)
(0.01 368.0 0.05)(46.73013663690693 68.0)
(0.01 368.0 0.060000000000000005)(41.20939781288217 69.0)
(0.01 368.0 0.07)(39.58814698710687 71.0)
(0.01 368.0 0.08)(36.652693314643514 78.0)
(0.01 368.0 0.09)(35.71702989969659 81.0)
(0.01 368.0 0.09999999999999999)(35.15342327344148 87.0)
(0.01 368.0 0.10999999999999999)(27.814250917488508 97.0)
(0.01 368.0 0.11999999999999998)(28.392928644132024 97.0)
(0.01 368.0 0.12999999999999998)(25.37150387209333 100.0)
(0.01 368.0 0.13999999999999999)(25.396419526193295 102.0)
(0.01 368.0 0.15)(23.71410949279883 101.0)
(0.01 368.0 0.16)(23.779780045315604 102.0)
(0.01 368.0 0.17)(23.80187017867782 101.0)
(0.01 368.0 0.18000000000000002)(23.972331486967246 106.0)
(0.01 368.0 0.19000000000000003)(22.166105535247787 106.0)
(0.01 368.0 0.20000000000000004)(23.64555181872609 114.0)
(0.01 368.0 0.21000000000000005)(21.727971999660358 109.0)
(0.01 368.0 0.22000000000000006)(25.448708163691812 107.0)
(0.01 368.0 0.23000000000000007)(22.42547505920445 103.0)
(0.01 368.0 0.24000000000000007)(20.332414304674334 118.0)
(0.01 373.0 0.01)(61.023753483977885 37.0)
(0.01 373.0 0.02)(57.56836054488233 46.0)
(0.01 373.0 0.03)(53.102561006014696 58.0)
(0.01 373.0 0.04)(52.29376166171379 64.0)
(0.01 373.0 0.05)(46.73013663690693 68.0)
(0.01 373.0 0.060000000000000005)(41.20939781288217 69.0)
(0.01 373.0 0.07)(39.58814698710687 71.0)
(0.01 373.0 0.08)(36.652693314643514 78.0)
(0.01 373.0 0.09)(35.71702989969659 81.0)
(0.01 373.0 0.09999999999999999)(35.15342327344148 87.0)
(0.01 373.0 0.10999999999999999)(27.814250917488508 97.0)
(0.01 373.0 0.11999999999999998)(28.392928644132024 97.0)
(0.01 373.0 0.12999999999999998)(25.37150387209333 100.0)
(0.01 373.0 0.13999999999999999)(25.396419526193295 102.0)
(0.01 373.0 0.15)(23.71410949279883 101.0)
(0.01 373.0 0.16)(23.779780045315604 102.0)
(0.01 373.0 0.17)(23.80187017867782 101.0)
(0.01 373.0 0.18000000000000002)(23.972331486967246 106.0)
(0.01 373.0 0.19000000000000003)(22.166105535247787 106.0)
(0.01 373.0 0.20000000000000004)(23.64555181872609 114.0)
(0.01 373.0 0.21000000000000005)(21.727971999660358 109.0)
(0.01 373.0 0.22000000000000006)(25.448708163691812 107.0)
(0.01 373.0 0.23000000000000007)(22.42547505920445 103.0)
(0.01 373.0 0.24000000000000007)(20.332414304674334 118.0)
(0.01 378.0 0.01)(61.023753483977885 37.0)
(0.01 378.0 0.02)(57.56836054488233 46.0)
(0.01 378.0 0.03)(53.102561006014696 58.0)
(0.01 378.0 0.04)(52.29376166171379 64.0)
(0.01 378.0 0.05)(46.73013663690693 68.0)
(0.01 378.0 0.060000000000000005)(41.20939781288217 69.0)
(0.01 378.0 0.07)(39.58814698710687 71.0)
(0.01 378.0 0.08)(36.652693314643514 78.0)
(0.01 378.0 0.09)(35.71702989969659 81.0)
(0.01 378.0 0.09999999999999999)(35.15342327344148 87.0)
(0.01 378.0 0.10999999999999999)(27.814250917488508 97.0)
(0.01 378.0 0.11999999999999998)(28.392928644132024 97.0)
(0.01 378.0 0.12999999999999998)(25.37150387209333 100.0)
(0.01 378.0 0.13999999999999999)(25.396419526193295 102.0)
(0.01 378.0 0.15)(23.71410949279883 101.0)
(0.01 378.0 0.16)(23.779780045315604 102.0)
(0.01 378.0 0.17)(23.80187017867782 101.0)
(0.01 378.0 0.18000000000000002)(23.972331486967246 106.0)
(0.01 378.0 0.19000000000000003)(22.166105535247787 106.0)
(0.01 378.0 0.20000000000000004)(23.64555181872609 114.0)
(0.01 378.0 0.21000000000000005)(21.727971999660358 109.0)
(0.01 378.0 0.22000000000000006)(25.448708163691812 107.0)
(0.01 378.0 0.23000000000000007)(22.42547505920445 103.0)
(0.01 378.0 0.24000000000000007)(20.332414304674334 118.0)
(0.01 383.0 0.01)(61.023753483977885 37.0)
(0.01 383.0 0.02)(57.56836054488233 46.0)
(0.01 383.0 0.03)(53.102561006014696 58.0)
(0.01 383.0 0.04)(52.29376166171379 64.0)
(0.01 383.0 0.05)(46.73013663690693 68.0)
(0.01 383.0 0.060000000000000005)(41.20939781288217 69.0)
(0.01 383.0 0.07)(39.58814698710687 71.0)
(0.01 383.0 0.08)(36.652693314643514 78.0)
(0.01 383.0 0.09)(35.71702989969659 81.0)
(0.01 383.0 0.09999999999999999)(35.15342327344148 87.0)
(0.01 383.0 0.10999999999999999)(27.814250917488508 97.0)
(0.01 383.0 0.11999999999999998)(28.392928644132024 97.0)
(0.01 383.0 0.12999999999999998)(25.37150387209333 100.0)
(0.01 383.0 0.13999999999999999)(25.396419526193295 102.0)
(0.01 383.0 0.15)(23.71410949279883 101.0)
(0.01 383.0 0.16)(23.779780045315604 102.0)
(0.01 383.0 0.17)(23.80187017867782 101.0)
(0.01 383.0 0.18000000000000002)(23.972331486967246 106.0)
(0.01 383.0 0.19000000000000003)(22.166105535247787 106.0)
(0.01 383.0 0.20000000000000004)(23.64555181872609 114.0)
(0.01 383.0 0.21000000000000005)(21.727971999660358 109.0)
(0.01 383.0 0.22000000000000006)(25.448708163691812 107.0)
(0.01 383.0 0.23000000000000007)(22.42547505920445 103.0)
(0.01 383.0 0.24000000000000007)(20.332414304674334 118.0)
(0.01 388.0 0.01)(61.023753483977885 37.0)
(0.01 388.0 0.02)(57.56836054488233 46.0)
(0.01 388.0 0.03)(53.102561006014696 58.0)
(0.01 388.0 0.04)(52.29376166171379 64.0)
(0.01 388.0 0.05)(46.73013663690693 68.0)
(0.01 388.0 0.060000000000000005)(41.20939781288217 69.0)
(0.01 388.0 0.07)(39.58814698710687 71.0)
(0.01 388.0 0.08)(36.652693314643514 78.0)
(0.01 388.0 0.09)(35.71702989969659 81.0)
(0.01 388.0 0.09999999999999999)(35.15342327344148 87.0)
(0.01 388.0 0.10999999999999999)(27.814250917488508 97.0)
(0.01 388.0 0.11999999999999998)(28.392928644132024 97.0)
(0.01 388.0 0.12999999999999998)(25.37150387209333 100.0)
(0.01 388.0 0.13999999999999999)(25.396419526193295 102.0)
(0.01 388.0 0.15)(23.71410949279883 101.0)
(0.01 388.0 0.16)(23.779780045315604 102.0)
(0.01 388.0 0.17)(23.80187017867782 101.0)
(0.01 388.0 0.18000000000000002)(23.972331486967246 106.0)
(0.01 388.0 0.19000000000000003)(22.166105535247787 106.0)
(0.01 388.0 0.20000000000000004)(23.64555181872609 114.0)
(0.01 388.0 0.21000000000000005)(21.727971999660358 109.0)
(0.01 388.0 0.22000000000000006)(25.448708163691812 107.0)
(0.01 388.0 0.23000000000000007)(22.42547505920445 103.0)
(0.01 388.0 0.24000000000000007)(20.332414304674334 118.0)
(0.01 393.0 0.01)(61.023753483977885 37.0)
(0.01 393.0 0.02)(57.56836054488233 46.0)
(0.01 393.0 0.03)(53.102561006014696 58.0)
(0.01 393.0 0.04)(52.29376166171379 64.0)
(0.01 393.0 0.05)(46.73013663690693 68.0)
(0.01 393.0 0.060000000000000005)(41.20939781288217 69.0)
(0.01 393.0 0.07)(39.58814698710687 71.0)
(0.01 393.0 0.08)(36.652693314643514 78.0)
(0.01 393.0 0.09)(35.71702989969659 81.0)
(0.01 393.0 0.09999999999999999)(35.15342327344148 87.0)
(0.01 393.0 0.10999999999999999)(27.814250917488508 97.0)
(0.01 393.0 0.11999999999999998)(28.392928644132024 97.0)
(0.01 393.0 0.12999999999999998)(25.37150387209333 100.0)
(0.01 393.0 0.13999999999999999)(25.396419526193295 102.0)
(0.01 393.0 0.15)(23.71410949279883 101.0)
(0.01 393.0 0.16)(23.779780045315604 102.0)
(0.01 393.0 0.17)(23.80187017867782 101.0)
(0.01 393.0 0.18000000000000002)(23.972331486967246 106.0)
(0.01 393.0 0.19000000000000003)(22.166105535247787 106.0)
(0.01 393.0 0.20000000000000004)(23.64555181872609 114.0)
(0.01 393.0 0.21000000000000005)(21.727971999660358 109.0)
(0.01 393.0 0.22000000000000006)(25.448708163691812 107.0)
(0.01 393.0 0.23000000000000007)(22.42547505920445 103.0)
(0.01 393.0 0.24000000000000007)(20.332414304674334 118.0)
(0.01 398.0 0.01)(61.023753483977885 37.0)
(0.01 398.0 0.02)(57.56836054488233 46.0)
(0.01 398.0 0.03)(53.102561006014696 58.0)
(0.01 398.0 0.04)(52.29376166171379 64.0)
(0.01 398.0 0.05)(46.73013663690693 68.0)
(0.01 398.0 0.060000000000000005)(41.20939781288217 69.0)
(0.01 398.0 0.07)(39.58814698710687 71.0)
(0.01 398.0 0.08)(36.652693314643514 78.0)
(0.01 398.0 0.09)(35.71702989969659 81.0)
(0.01 398.0 0.09999999999999999)(35.15342327344148 87.0)
(0.01 398.0 0.10999999999999999)(27.814250917488508 97.0)
(0.01 398.0 0.11999999999999998)(28.392928644132024 97.0)
(0.01 398.0 0.12999999999999998)(25.37150387209333 100.0)
(0.01 398.0 0.13999999999999999)(25.396419526193295 102.0)
(0.01 398.0 0.15)(23.71410949279883 101.0)
(0.01 398.0 0.16)(23.779780045315604 102.0)
(0.01 398.0 0.17)(23.80187017867782 101.0)
(0.01 398.0 0.18000000000000002)(23.972331486967246 106.0)
(0.01 398.0 0.19000000000000003)(22.166105535247787 106.0)
(0.01 398.0 0.20000000000000004)(23.64555181872609 114.0)
(0.01 398.0 0.21000000000000005)(21.727971999660358 109.0)
(0.01 398.0 0.22000000000000006)(25.448708163691812 107.0)
(0.01 398.0 0.23000000000000007)(22.42547505920445 103.0)
(0.01 398.0 0.24000000000000007)(20.332414304674334 118.0)
(0.02 3.0 0.01)(60.07034649456992 45.0)
(0.02 3.0 0.02)(59.885791217087906 51.0)
(0.02 3.0 0.03)(57.576402821365164 55.0)
(0.02 3.0 0.04)(46.27121258969795 73.0)
(0.02 3.0 0.05)(36.74108728293043 82.0)
(0.02 3.0 0.060000000000000005)(37.09121678609217 81.0)
(0.02 3.0 0.07)(39.58539246054869 82.0)
(0.02 3.0 0.08)(34.01401583834209 92.0)
(0.02 3.0 0.09)(34.20938351037553 96.0)
(0.02 3.0 0.09999999999999999)(33.93769008164999 101.0)
(0.02 3.0 0.10999999999999999)(23.672026027521593 104.0)
(0.02 3.0 0.11999999999999998)(22.0766222153618 111.0)
(0.02 3.0 0.12999999999999998)(21.92313802383751 114.0)
(0.02 3.0 0.13999999999999999)(20.778311958890697 118.0)
(0.02 3.0 0.15)(21.49643461085983 117.0)
(0.02 3.0 0.16)(22.796256646171727 120.0)
(0.02 3.0 0.17)(18.659697809309108 122.0)
(0.02 3.0 0.18000000000000002)(18.596260449793576 121.0)
(0.02 3.0 0.19000000000000003)(18.81082491846683 125.0)
(0.02 3.0 0.20000000000000004)(18.262447577888494 129.0)
(0.02 3.0 0.21000000000000005)(17.380861416050298 134.0)
(0.02 3.0 0.22000000000000006)(20.32193686603139 135.0)
(0.02 3.0 0.23000000000000007)(17.081366323861996 136.0)
(0.02 3.0 0.24000000000000007)(16.538581077060012 139.0)
(0.02 8.0 0.01)(60.26309726840606 42.0)
(0.02 8.0 0.02)(60.11954054221615 47.0)
(0.02 8.0 0.03)(53.543297017080874 62.0)
(0.02 8.0 0.04)(46.09438172039913 72.0)
(0.02 8.0 0.05)(37.505860786696175 79.0)
(0.02 8.0 0.060000000000000005)(37.505860786696175 79.0)
(0.02 8.0 0.07)(42.91497107241014 80.0)
(0.02 8.0 0.08)(39.510816958831306 89.0)
(0.02 8.0 0.09)(34.772206074923595 92.0)
(0.02 8.0 0.09999999999999999)(29.95253455089642 105.0)
(0.02 8.0 0.10999999999999999)(22.469053639925413 106.0)
(0.02 8.0 0.11999999999999998)(22.217315857597306 111.0)
(0.02 8.0 0.12999999999999998)(21.664555777015384 109.0)
(0.02 8.0 0.13999999999999999)(21.81458565507371 115.0)
(0.02 8.0 0.15)(22.923781939813157 106.0)
(0.02 8.0 0.16)(19.576174155871374 118.0)
(0.02 8.0 0.17)(22.21019339997344 119.0)
(0.02 8.0 0.18000000000000002)(21.537492574144007 113.0)
(0.02 8.0 0.19000000000000003)(21.685765330751376 121.0)
(0.02 8.0 0.20000000000000004)(21.071173989468097 123.0)
(0.02 8.0 0.21000000000000005)(18.90392053593791 131.0)
(0.02 8.0 0.22000000000000006)(17.236309562042045 134.0)
(0.02 8.0 0.23000000000000007)(17.119827719583643 134.0)
(0.02 8.0 0.24000000000000007)(16.914516680605324 135.0)
(0.02 13.0 0.01)(60.26309726840606 42.0)
(0.02 13.0 0.02)(56.369057077142756 50.0)
(0.02 13.0 0.03)(53.685613490225734 59.0)
(0.02 13.0 0.04)(52.61899774230742 66.0)
(0.02 13.0 0.05)(37.64515899334627 75.0)
(0.02 13.0 0.060000000000000005)(37.64515899334627 75.0)
(0.02 13.0 0.07)(37.59107500866365 77.0)
(0.02 13.0 0.08)(34.54575717026443 85.0)
(0.02 13.0 0.09)(36.88562325974961 88.0)
(0.02 13.0 0.09999999999999999)(34.81638613613792 95.0)
(0.02 13.0 0.10999999999999999)(23.691638515817985 103.0)
(0.02 13.0 0.11999999999999998)(24.806869227044302 100.0)
(0.02 13.0 0.12999999999999998)(22.687456753412242 107.0)
(0.02 13.0 0.13999999999999999)(22.118941328506278 107.0)
(0.02 13.0 0.15)(22.118941328506278 107.0)
(0.02 13.0 0.16)(21.238499610362148 107.0)
(0.02 13.0 0.17)(21.784687157554607 110.0)
(0.02 13.0 0.18000000000000002)(20.30981689788201 118.0)
(0.02 13.0 0.19000000000000003)(18.833466694023276 122.0)
(0.02 13.0 0.20000000000000004)(20.93277021695824 121.0)
(0.02 13.0 0.21000000000000005)(19.537570763711535 126.0)
(0.02 13.0 0.22000000000000006)(18.249327318297627 126.0)
(0.02 13.0 0.23000000000000007)(18.915931105813282 127.0)
(0.02 13.0 0.24000000000000007)(18.643758753453575 128.0)
(0.02 18.0 0.01)(60.721681996740635 40.0)
(0.02 18.0 0.02)(56.593973042942956 49.0)
(0.02 18.0 0.03)(52.66313380477081 59.0)
(0.02 18.0 0.04)(51.163300431292924 66.0)
(0.02 18.0 0.05)(37.71054263897229 74.0)
(0.02 18.0 0.060000000000000005)(37.64515899334627 75.0)
(0.02 18.0 0.07)(37.64515899334627 75.0)
(0.02 18.0 0.08)(36.542932588332725 81.0)
(0.02 18.0 0.09)(37.025066876282104 85.0)
(0.02 18.0 0.09999999999999999)(34.95501863222329 92.0)
(0.02 18.0 0.10999999999999999)(23.29930710003007 101.0)
(0.02 18.0 0.11999999999999998)(25.018119055806807 99.0)
(0.02 18.0 0.12999999999999998)(23.0062630419183 104.0)
(0.02 18.0 0.13999999999999999)(21.76712781069152 109.0)
(0.02 18.0 0.15)(22.13501454166539 106.0)
(0.02 18.0 0.16)(21.234606788608573 107.0)
(0.02 18.0 0.17)(21.846954422193924 110.0)
(0.02 18.0 0.18000000000000002)(22.483463737582063 111.0)
(0.02 18.0 0.19000000000000003)(20.044078937256888 114.0)
(0.02 18.0 0.20000000000000004)(20.34378392239399 119.0)
(0.02 18.0 0.21000000000000005)(20.145308672664015 121.0)
(0.02 18.0 0.22000000000000006)(19.06973749100813 122.0)
(0.02 18.0 0.23000000000000007)(20.210167084902817 122.0)
(0.02 18.0 0.24000000000000007)(19.888293627280653 123.0)
(0.02 23.0 0.01)(60.796981060198256 38.0)
(0.02 23.0 0.02)(56.593973042942956 49.0)
(0.02 23.0 0.03)(53.102561006014696 58.0)
(0.02 23.0 0.04)(51.163300431292924 66.0)
(0.02 23.0 0.05)(37.973810694973324 73.0)
(0.02 23.0 0.060000000000000005)(37.64515899334627 75.0)
(0.02 23.0 0.07)(37.64515899334627 75.0)
(0.02 23.0 0.08)(36.542932588332725 81.0)
(0.02 23.0 0.09)(33.58688829251462 86.0)
(0.02 23.0 0.09999999999999999)(31.80256793294102 95.0)
(0.02 23.0 0.10999999999999999)(23.029450758353065 103.0)
(0.02 23.0 0.11999999999999998)(23.087846771041047 102.0)
(0.02 23.0 0.12999999999999998)(23.0062630419183 104.0)
(0.02 23.0 0.13999999999999999)(21.76712781069152 109.0)
(0.02 23.0 0.15)(22.13501454166539 106.0)
(0.02 23.0 0.16)(21.07142155848544 110.0)
(0.02 23.0 0.17)(25.26406358657184 108.0)
(0.02 23.0 0.18000000000000002)(22.483463737582063 111.0)
(0.02 23.0 0.19000000000000003)(19.985686610953305 113.0)
(0.02 23.0 0.20000000000000004)(20.34378392239399 119.0)
(0.02 23.0 0.21000000000000005)(21.33165618994528 112.0)
(0.02 23.0 0.22000000000000006)(22.31539001218865 111.0)
(0.02 23.0 0.23000000000000007)(20.366966040688187 119.0)
(0.02 23.0 0.24000000000000007)(20.166947484006993 120.0)
(0.02 28.0 0.01)(60.796981060198256 38.0)
(0.02 28.0 0.02)(56.91927348502913 47.0)
(0.02 28.0 0.03)(53.102561006014696 58.0)
(0.02 28.0 0.04)(51.602548397474536 65.0)
(0.02 28.0 0.05)(45.787770020668724 69.0)
(0.02 28.0 0.060000000000000005)(39.85495936142076 70.0)
(0.02 28.0 0.07)(39.58814698710687 71.0)
(0.02 28.0 0.08)(36.39117354205674 79.0)
(0.02 28.0 0.09)(35.28700903034282 82.0)
(0.02 28.0 0.09999999999999999)(33.36107572758673 91.0)
(0.02 28.0 0.10999999999999999)(23.029450758353065 103.0)
(0.02 28.0 0.11999999999999998)(24.073544852560122 101.0)
(0.02 28.0 0.12999999999999998)(24.0643346588834 103.0)
(0.02 28.0 0.13999999999999999)(25.169006020270455 103.0)
(0.02 28.0 0.15)(26.01857424647474 101.0)
(0.02 28.0 0.16)(21.07142155848544 110.0)
(0.02 28.0 0.17)(25.26406358657184 108.0)
(0.02 28.0 0.18000000000000002)(25.05726776105539 107.0)
(0.02 28.0 0.19000000000000003)(21.43344712302241 110.0)
(0.02 28.0 0.20000000000000004)(20.5103441281685 118.0)
(0.02 28.0 0.21000000000000005)(21.888936067246313 106.0)
(0.02 28.0 0.22000000000000006)(21.090471146949913 115.0)
(0.02 28.0 0.23000000000000007)(20.53221723809854 118.0)
(0.02 28.0 0.24000000000000007)(20.328898503399557 119.0)
(0.02 33.0 0.01)(60.796981060198256 38.0)
(0.02 33.0 0.02)(56.91927348502913 47.0)
(0.02 33.0 0.03)(53.102561006014696 58.0)
(0.02 33.0 0.04)(51.602548397474536 65.0)
(0.02 33.0 0.05)(45.787770020668724 69.0)
(0.02 33.0 0.060000000000000005)(39.85495936142076 70.0)
(0.02 33.0 0.07)(39.58814698710687 71.0)
(0.02 33.0 0.08)(38.532837904022614 77.0)
(0.02 33.0 0.09)(35.71702989969659 81.0)
(0.02 33.0 0.09999999999999999)(35.00160322505218 85.0)
(0.02 33.0 0.10999999999999999)(29.35502806069522 96.0)
(0.02 33.0 0.11999999999999998)(25.390150238193673 99.0)
(0.02 33.0 0.12999999999999998)(25.415208046388884 101.0)
(0.02 33.0 0.13999999999999999)(23.52547983417425 102.0)
(0.02 33.0 0.15)(23.08129414449708 104.0)
(0.02 33.0 0.16)(20.87436461109947 111.0)
(0.02 33.0 0.17)(22.290930429059735 112.0)
(0.02 33.0 0.18000000000000002)(22.689281364376537 109.0)
(0.02 33.0 0.19000000000000003)(20.386663621385445 113.0)
(0.02 33.0 0.20000000000000004)(20.5103441281685 118.0)
(0.02 33.0 0.21000000000000005)(21.689043782124656 107.0)
(0.02 33.0 0.22000000000000006)(20.762303909874973 113.0)
(0.02 33.0 0.23000000000000007)(20.53221723809854 118.0)
(0.02 33.0 0.24000000000000007)(20.328898503399557 119.0)
(0.02 38.0 0.01)(61.023753483977885 37.0)
(0.02 38.0 0.02)(56.91927348502913 47.0)
(0.02 38.0 0.03)(53.102561006014696 58.0)
(0.02 38.0 0.04)(52.29376166171379 64.0)
(0.02 38.0 0.05)(46.73013663690693 68.0)
(0.02 38.0 0.060000000000000005)(41.20939781288217 69.0)
(0.02 38.0 0.07)(39.58814698710687 71.0)
(0.02 38.0 0.08)(36.652693314643514 78.0)
(0.02 38.0 0.09)(35.71702989969659 81.0)
(0.02 38.0 0.09999999999999999)(35.00160322505218 85.0)
(0.02 38.0 0.10999999999999999)(29.35502806069522 96.0)
(0.02 38.0 0.11999999999999998)(25.71131517511647 97.0)
(0.02 38.0 0.12999999999999998)(26.321096718904137 99.0)
(0.02 38.0 0.13999999999999999)(25.396419526193295 102.0)
(0.02 38.0 0.15)(24.226943155906124 100.0)
(0.02 38.0 0.16)(23.638156380565615 102.0)
(0.02 38.0 0.17)(22.787103834360646 108.0)
(0.02 38.0 0.18000000000000002)(22.77423942560942 107.0)
(0.02 38.0 0.19000000000000003)(20.024881386142166 114.0)
(0.02 38.0 0.20000000000000004)(20.434571076850077 117.0)
(0.02 38.0 0.21000000000000005)(21.689043782124656 107.0)
(0.02 38.0 0.22000000000000006)(20.762303909874973 113.0)
(0.02 38.0 0.23000000000000007)(20.53221723809854 118.0)
(0.02 38.0 0.24000000000000007)(20.328898503399557 119.0)
(0.02 43.0 0.01)(61.023753483977885 37.0)
(0.02 43.0 0.02)(56.91927348502913 47.0)
(0.02 43.0 0.03)(53.102561006014696 58.0)
(0.02 43.0 0.04)(52.29376166171379 64.0)
(0.02 43.0 0.05)(46.73013663690693 68.0)
(0.02 43.0 0.060000000000000005)(41.20939781288217 69.0)
(0.02 43.0 0.07)(39.58814698710687 71.0)
(0.02 43.0 0.08)(36.652693314643514 78.0)
(0.02 43.0 0.09)(35.71702989969659 81.0)
(0.02 43.0 0.09999999999999999)(35.15342327344148 87.0)
(0.02 43.0 0.10999999999999999)(27.814250917488508 97.0)
(0.02 43.0 0.11999999999999998)(28.392928644132024 97.0)
(0.02 43.0 0.12999999999999998)(25.37150387209333 100.0)
(0.02 43.0 0.13999999999999999)(25.396419526193295 102.0)
(0.02 43.0 0.15)(23.71410949279883 101.0)
(0.02 43.0 0.16)(23.638156380565615 102.0)
(0.02 43.0 0.17)(23.33698367688521 107.0)
(0.02 43.0 0.18000000000000002)(23.469896074351105 103.0)
(0.02 43.0 0.19000000000000003)(21.55023177562956 110.0)
(0.02 43.0 0.20000000000000004)(23.284702628827972 115.0)
(0.02 43.0 0.21000000000000005)(23.11706141930916 105.0)
(0.02 43.0 0.22000000000000006)(21.93108669650086 105.0)
(0.02 43.0 0.23000000000000007)(21.758247047991695 107.0)
(0.02 43.0 0.24000000000000007)(20.38651823670316 117.0)
(0.02 48.0 0.01)(61.023753483977885 37.0)
(0.02 48.0 0.02)(56.91927348502913 47.0)
(0.02 48.0 0.03)(53.102561006014696 58.0)
(0.02 48.0 0.04)(52.29376166171379 64.0)
(0.02 48.0 0.05)(46.73013663690693 68.0)
(0.02 48.0 0.060000000000000005)(41.20939781288217 69.0)
(0.02 48.0 0.07)(39.58814698710687 71.0)
(0.02 48.0 0.08)(36.652693314643514 78.0)
(0.02 48.0 0.09)(35.71702989969659 81.0)
(0.02 48.0 0.09999999999999999)(35.15342327344148 87.0)
(0.02 48.0 0.10999999999999999)(27.814250917488508 97.0)
(0.02 48.0 0.11999999999999998)(28.392928644132024 97.0)
(0.02 48.0 0.12999999999999998)(25.37150387209333 100.0)
(0.02 48.0 0.13999999999999999)(25.396419526193295 102.0)
(0.02 48.0 0.15)(23.71410949279883 101.0)
(0.02 48.0 0.16)(23.779780045315604 102.0)
(0.02 48.0 0.17)(23.80187017867782 101.0)
(0.02 48.0 0.18000000000000002)(23.972331486967246 106.0)
(0.02 48.0 0.19000000000000003)(21.55023177562956 110.0)
(0.02 48.0 0.20000000000000004)(23.64555181872609 114.0)
(0.02 48.0 0.21000000000000005)(23.11706141930916 105.0)
(0.02 48.0 0.22000000000000006)(22.10027640970014 109.0)
(0.02 48.0 0.23000000000000007)(22.42547505920445 103.0)
(0.02 48.0 0.24000000000000007)(20.041408004395205 118.0)
(0.02 53.0 0.01)(61.023753483977885 37.0)
(0.02 53.0 0.02)(57.56836054488233 46.0)
(0.02 53.0 0.03)(53.102561006014696 58.0)
(0.02 53.0 0.04)(52.29376166171379 64.0)
(0.02 53.0 0.05)(46.73013663690693 68.0)
(0.02 53.0 0.060000000000000005)(41.20939781288217 69.0)
(0.02 53.0 0.07)(39.58814698710687 71.0)
(0.02 53.0 0.08)(36.652693314643514 78.0)
(0.02 53.0 0.09)(35.71702989969659 81.0)
(0.02 53.0 0.09999999999999999)(35.15342327344148 87.0)
(0.02 53.0 0.10999999999999999)(27.814250917488508 97.0)
(0.02 53.0 0.11999999999999998)(28.392928644132024 97.0)
(0.02 53.0 0.12999999999999998)(25.37150387209333 100.0)
(0.02 53.0 0.13999999999999999)(25.396419526193295 102.0)
(0.02 53.0 0.15)(23.71410949279883 101.0)
(0.02 53.0 0.16)(23.779780045315604 102.0)
(0.02 53.0 0.17)(23.80187017867782 101.0)
(0.02 53.0 0.18000000000000002)(23.972331486967246 106.0)
(0.02 53.0 0.19000000000000003)(22.166105535247787 106.0)
(0.02 53.0 0.20000000000000004)(23.64555181872609 114.0)
(0.02 53.0 0.21000000000000005)(21.727971999660358 109.0)
(0.02 53.0 0.22000000000000006)(22.10027640970014 109.0)
(0.02 53.0 0.23000000000000007)(22.105575709756803 104.0)
(0.02 53.0 0.24000000000000007)(20.332414304674334 118.0)
(0.02 58.0 0.01)(61.023753483977885 37.0)
(0.02 58.0 0.02)(57.56836054488233 46.0)
(0.02 58.0 0.03)(53.102561006014696 58.0)
(0.02 58.0 0.04)(52.29376166171379 64.0)
(0.02 58.0 0.05)(46.73013663690693 68.0)
(0.02 58.0 0.060000000000000005)(41.20939781288217 69.0)
(0.02 58.0 0.07)(39.58814698710687 71.0)
(0.02 58.0 0.08)(36.652693314643514 78.0)
(0.02 58.0 0.09)(35.71702989969659 81.0)
(0.02 58.0 0.09999999999999999)(35.15342327344148 87.0)
(0.02 58.0 0.10999999999999999)(27.814250917488508 97.0)
(0.02 58.0 0.11999999999999998)(28.392928644132024 97.0)
(0.02 58.0 0.12999999999999998)(25.37150387209333 100.0)
(0.02 58.0 0.13999999999999999)(25.396419526193295 102.0)
(0.02 58.0 0.15)(23.71410949279883 101.0)
(0.02 58.0 0.16)(23.779780045315604 102.0)
(0.02 58.0 0.17)(23.80187017867782 101.0)
(0.02 58.0 0.18000000000000002)(23.972331486967246 106.0)
(0.02 58.0 0.19000000000000003)(22.166105535247787 106.0)
(0.02 58.0 0.20000000000000004)(23.64555181872609 114.0)
(0.02 58.0 0.21000000000000005)(21.727971999660358 109.0)
(0.02 58.0 0.22000000000000006)(25.448708163691812 107.0)
(0.02 58.0 0.23000000000000007)(22.42547505920445 103.0)
(0.02 58.0 0.24000000000000007)(20.332414304674334 118.0)
(0.02 63.0 0.01)(61.023753483977885 37.0)
(0.02 63.0 0.02)(57.56836054488233 46.0)
(0.02 63.0 0.03)(53.102561006014696 58.0)
(0.02 63.0 0.04)(52.29376166171379 64.0)
(0.02 63.0 0.05)(46.73013663690693 68.0)
(0.02 63.0 0.060000000000000005)(41.20939781288217 69.0)
(0.02 63.0 0.07)(39.58814698710687 71.0)
(0.02 63.0 0.08)(36.652693314643514 78.0)
(0.02 63.0 0.09)(35.71702989969659 81.0)
(0.02 63.0 0.09999999999999999)(35.15342327344148 87.0)
(0.02 63.0 0.10999999999999999)(27.814250917488508 97.0)
(0.02 63.0 0.11999999999999998)(28.392928644132024 97.0)
(0.02 63.0 0.12999999999999998)(25.37150387209333 100.0)
(0.02 63.0 0.13999999999999999)(25.396419526193295 102.0)
(0.02 63.0 0.15)(23.71410949279883 101.0)
(0.02 63.0 0.16)(23.779780045315604 102.0)
(0.02 63.0 0.17)(23.80187017867782 101.0)
(0.02 63.0 0.18000000000000002)(23.972331486967246 106.0)
(0.02 63.0 0.19000000000000003)(22.166105535247787 106.0)
(0.02 63.0 0.20000000000000004)(23.64555181872609 114.0)
(0.02 63.0 0.21000000000000005)(21.727971999660358 109.0)
(0.02 63.0 0.22000000000000006)(25.448708163691812 107.0)
(0.02 63.0 0.23000000000000007)(22.42547505920445 103.0)
(0.02 63.0 0.24000000000000007)(20.332414304674334 118.0)
(0.02 68.0 0.01)(61.023753483977885 37.0)
(0.02 68.0 0.02)(57.56836054488233 46.0)
(0.02 68.0 0.03)(53.102561006014696 58.0)
(0.02 68.0 0.04)(52.29376166171379 64.0)
(0.02 68.0 0.05)(46.73013663690693 68.0)
(0.02 68.0 0.060000000000000005)(41.20939781288217 69.0)
(0.02 68.0 0.07)(39.58814698710687 71.0)
(0.02 68.0 0.08)(36.652693314643514 78.0)
(0.02 68.0 0.09)(35.71702989969659 81.0)
(0.02 68.0 0.09999999999999999)(35.15342327344148 87.0)
(0.02 68.0 0.10999999999999999)(27.814250917488508 97.0)
(0.02 68.0 0.11999999999999998)(28.392928644132024 97.0)
(0.02 68.0 0.12999999999999998)(25.37150387209333 100.0)
(0.02 68.0 0.13999999999999999)(25.396419526193295 102.0)
(0.02 68.0 0.15)(23.71410949279883 101.0)
(0.02 68.0 0.16)(23.779780045315604 102.0)
(0.02 68.0 0.17)(23.80187017867782 101.0)
(0.02 68.0 0.18000000000000002)(23.972331486967246 106.0)
(0.02 68.0 0.19000000000000003)(22.166105535247787 106.0)
(0.02 68.0 0.20000000000000004)(23.64555181872609 114.0)
(0.02 68.0 0.21000000000000005)(21.727971999660358 109.0)
(0.02 68.0 0.22000000000000006)(25.448708163691812 107.0)
(0.02 68.0 0.23000000000000007)(22.42547505920445 103.0)
(0.02 68.0 0.24000000000000007)(20.332414304674334 118.0)
(0.02 73.0 0.01)(61.023753483977885 37.0)
(0.02 73.0 0.02)(57.56836054488233 46.0)
(0.02 73.0 0.03)(53.102561006014696 58.0)
(0.02 73.0 0.04)(52.29376166171379 64.0)
(0.02 73.0 0.05)(46.73013663690693 68.0)
(0.02 73.0 0.060000000000000005)(41.20939781288217 69.0)
(0.02 73.0 0.07)(39.58814698710687 71.0)
(0.02 73.0 0.08)(36.652693314643514 78.0)
(0.02 73.0 0.09)(35.71702989969659 81.0)
(0.02 73.0 0.09999999999999999)(35.15342327344148 87.0)
(0.02 73.0 0.10999999999999999)(27.814250917488508 97.0)
(0.02 73.0 0.11999999999999998)(28.392928644132024 97.0)
(0.02 73.0 0.12999999999999998)(25.37150387209333 100.0)
(0.02 73.0 0.13999999999999999)(25.396419526193295 102.0)
(0.02 73.0 0.15)(23.71410949279883 101.0)
(0.02 73.0 0.16)(23.779780045315604 102.0)
(0.02 73.0 0.17)(23.80187017867782 101.0)
(0.02 73.0 0.18000000000000002)(23.972331486967246 106.0)
(0.02 73.0 0.19000000000000003)(22.166105535247787 106.0)
(0.02 73.0 0.20000000000000004)(23.64555181872609 114.0)
(0.02 73.0 0.21000000000000005)(21.727971999660358 109.0)
(0.02 73.0 0.22000000000000006)(25.448708163691812 107.0)
(0.02 73.0 0.23000000000000007)(22.42547505920445 103.0)
(0.02 73.0 0.24000000000000007)(20.332414304674334 118.0)
(0.02 78.0 0.01)(61.023753483977885 37.0)
(0.02 78.0 0.02)(57.56836054488233 46.0)
(0.02 78.0 0.03)(53.102561006014696 58.0)
(0.02 78.0 0.04)(52.29376166171379 64.0)
(0.02 78.0 0.05)(46.73013663690693 68.0)
(0.02 78.0 0.060000000000000005)(41.20939781288217 69.0)
(0.02 78.0 0.07)(39.58814698710687 71.0)
(0.02 78.0 0.08)(36.652693314643514 78.0)
(0.02 78.0 0.09)(35.71702989969659 81.0)
(0.02 78.0 0.09999999999999999)(35.15342327344148 87.0)
(0.02 78.0 0.10999999999999999)(27.814250917488508 97.0)
(0.02 78.0 0.11999999999999998)(28.392928644132024 97.0)
(0.02 78.0 0.12999999999999998)(25.37150387209333 100.0)
(0.02 78.0 0.13999999999999999)(25.396419526193295 102.0)
(0.02 78.0 0.15)(23.71410949279883 101.0)
(0.02 78.0 0.16)(23.779780045315604 102.0)
(0.02 78.0 0.17)(23.80187017867782 101.0)
(0.02 78.0 0.18000000000000002)(23.972331486967246 106.0)
(0.02 78.0 0.19000000000000003)(22.166105535247787 106.0)
(0.02 78.0 0.20000000000000004)(23.64555181872609 114.0)
(0.02 78.0 0.21000000000000005)(21.727971999660358 109.0)
(0.02 78.0 0.22000000000000006)(25.448708163691812 107.0)
(0.02 78.0 0.23000000000000007)(22.42547505920445 103.0)
(0.02 78.0 0.24000000000000007)(20.332414304674334 118.0)
(0.02 83.0 0.01)(61.023753483977885 37.0)
(0.02 83.0 0.02)(57.56836054488233 46.0)
(0.02 83.0 0.03)(53.102561006014696 58.0)
(0.02 83.0 0.04)(52.29376166171379 64.0)
(0.02 83.0 0.05)(46.73013663690693 68.0)
(0.02 83.0 0.060000000000000005)(41.20939781288217 69.0)
(0.02 83.0 0.07)(39.58814698710687 71.0)
(0.02 83.0 0.08)(36.652693314643514 78.0)
(0.02 83.0 0.09)(35.71702989969659 81.0)
(0.02 83.0 0.09999999999999999)(35.15342327344148 87.0)
(0.02 83.0 0.10999999999999999)(27.814250917488508 97.0)
(0.02 83.0 0.11999999999999998)(28.392928644132024 97.0)
(0.02 83.0 0.12999999999999998)(25.37150387209333 100.0)
(0.02 83.0 0.13999999999999999)(25.396419526193295 102.0)
(0.02 83.0 0.15)(23.71410949279883 101.0)
(0.02 83.0 0.16)(23.779780045315604 102.0)
(0.02 83.0 0.17)(23.80187017867782 101.0)
(0.02 83.0 0.18000000000000002)(23.972331486967246 106.0)
(0.02 83.0 0.19000000000000003)(22.166105535247787 106.0)
(0.02 83.0 0.20000000000000004)(23.64555181872609 114.0)
(0.02 83.0 0.21000000000000005)(21.727971999660358 109.0)
(0.02 83.0 0.22000000000000006)(25.448708163691812 107.0)
(0.02 83.0 0.23000000000000007)(22.42547505920445 103.0)
(0.02 83.0 0.24000000000000007)(20.332414304674334 118.0)
(0.02 88.0 0.01)(61.023753483977885 37.0)
(0.02 88.0 0.02)(57.56836054488233 46.0)
(0.02 88.0 0.03)(53.102561006014696 58.0)
(0.02 88.0 0.04)(52.29376166171379 64.0)
(0.02 88.0 0.05)(46.73013663690693 68.0)
(0.02 88.0 0.060000000000000005)(41.20939781288217 69.0)
(0.02 88.0 0.07)(39.58814698710687 71.0)
(0.02 88.0 0.08)(36.652693314643514 78.0)
(0.02 88.0 0.09)(35.71702989969659 81.0)
(0.02 88.0 0.09999999999999999)(35.15342327344148 87.0)
(0.02 88.0 0.10999999999999999)(27.814250917488508 97.0)
(0.02 88.0 0.11999999999999998)(28.392928644132024 97.0)
(0.02 88.0 0.12999999999999998)(25.37150387209333 100.0)
(0.02 88.0 0.13999999999999999)(25.396419526193295 102.0)
(0.02 88.0 0.15)(23.71410949279883 101.0)
(0.02 88.0 0.16)(23.779780045315604 102.0)
(0.02 88.0 0.17)(23.80187017867782 101.0)
(0.02 88.0 0.18000000000000002)(23.972331486967246 106.0)
(0.02 88.0 0.19000000000000003)(22.166105535247787 106.0)
(0.02 88.0 0.20000000000000004)(23.64555181872609 114.0)
(0.02 88.0 0.21000000000000005)(21.727971999660358 109.0)
(0.02 88.0 0.22000000000000006)(25.448708163691812 107.0)
(0.02 88.0 0.23000000000000007)(22.42547505920445 103.0)
(0.02 88.0 0.24000000000000007)(20.332414304674334 118.0)
(0.02 93.0 0.01)(61.023753483977885 37.0)
(0.02 93.0 0.02)(57.56836054488233 46.0)
(0.02 93.0 0.03)(53.102561006014696 58.0)
(0.02 93.0 0.04)(52.29376166171379 64.0)
(0.02 93.0 0.05)(46.73013663690693 68.0)
(0.02 93.0 0.060000000000000005)(41.20939781288217 69.0)
(0.02 93.0 0.07)(39.58814698710687 71.0)
(0.02 93.0 0.08)(36.652693314643514 78.0)
(0.02 93.0 0.09)(35.71702989969659 81.0)
(0.02 93.0 0.09999999999999999)(35.15342327344148 87.0)
(0.02 93.0 0.10999999999999999)(27.814250917488508 97.0)
(0.02 93.0 0.11999999999999998)(28.392928644132024 97.0)
(0.02 93.0 0.12999999999999998)(25.37150387209333 100.0)
(0.02 93.0 0.13999999999999999)(25.396419526193295 102.0)
(0.02 93.0 0.15)(23.71410949279883 101.0)
(0.02 93.0 0.16)(23.779780045315604 102.0)
(0.02 93.0 0.17)(23.80187017867782 101.0)
(0.02 93.0 0.18000000000000002)(23.972331486967246 106.0)
(0.02 93.0 0.19000000000000003)(22.166105535247787 106.0)
(0.02 93.0 0.20000000000000004)(23.64555181872609 114.0)
(0.02 93.0 0.21000000000000005)(21.727971999660358 109.0)
(0.02 93.0 0.22000000000000006)(25.448708163691812 107.0)
(0.02 93.0 0.23000000000000007)(22.42547505920445 103.0)
(0.02 93.0 0.24000000000000007)(20.332414304674334 118.0)
(0.02 98.0 0.01)(61.023753483977885 37.0)
(0.02 98.0 0.02)(57.56836054488233 46.0)
(0.02 98.0 0.03)(53.102561006014696 58.0)
(0.02 98.0 0.04)(52.29376166171379 64.0)
(0.02 98.0 0.05)(46.73013663690693 68.0)
(0.02 98.0 0.060000000000000005)(41.20939781288217 69.0)
(0.02 98.0 0.07)(39.58814698710687 71.0)
(0.02 98.0 0.08)(36.652693314643514 78.0)
(0.02 98.0 0.09)(35.71702989969659 81.0)
(0.02 98.0 0.09999999999999999)(35.15342327344148 87.0)
(0.02 98.0 0.10999999999999999)(27.814250917488508 97.0)
(0.02 98.0 0.11999999999999998)(28.392928644132024 97.0)
(0.02 98.0 0.12999999999999998)(25.37150387209333 100.0)
(0.02 98.0 0.13999999999999999)(25.396419526193295 102.0)
(0.02 98.0 0.15)(23.71410949279883 101.0)
(0.02 98.0 0.16)(23.779780045315604 102.0)
(0.02 98.0 0.17)(23.80187017867782 101.0)
(0.02 98.0 0.18000000000000002)(23.972331486967246 106.0)
(0.02 98.0 0.19000000000000003)(22.166105535247787 106.0)
(0.02 98.0 0.20000000000000004)(23.64555181872609 114.0)
(0.02 98.0 0.21000000000000005)(21.727971999660358 109.0)
(0.02 98.0 0.22000000000000006)(25.448708163691812 107.0)
(0.02 98.0 0.23000000000000007)(22.42547505920445 103.0)
(0.02 98.0 0.24000000000000007)(20.332414304674334 118.0)
(0.02 103.0 0.01)(61.023753483977885 37.0)
(0.02 103.0 0.02)(57.56836054488233 46.0)
(0.02 103.0 0.03)(53.102561006014696 58.0)
(0.02 103.0 0.04)(52.29376166171379 64.0)
(0.02 103.0 0.05)(46.73013663690693 68.0)
(0.02 103.0 0.060000000000000005)(41.20939781288217 69.0)
(0.02 103.0 0.07)(39.58814698710687 71.0)
(0.02 103.0 0.08)(36.652693314643514 78.0)
(0.02 103.0 0.09)(35.71702989969659 81.0)
(0.02 103.0 0.09999999999999999)(35.15342327344148 87.0)
(0.02 103.0 0.10999999999999999)(27.814250917488508 97.0)
(0.02 103.0 0.11999999999999998)(28.392928644132024 97.0)
(0.02 103.0 0.12999999999999998)(25.37150387209333 100.0)
(0.02 103.0 0.13999999999999999)(25.396419526193295 102.0)
(0.02 103.0 0.15)(23.71410949279883 101.0)
(0.02 103.0 0.16)(23.779780045315604 102.0)
(0.02 103.0 0.17)(23.80187017867782 101.0)
(0.02 103.0 0.18000000000000002)(23.972331486967246 106.0)
(0.02 103.0 0.19000000000000003)(22.166105535247787 106.0)
(0.02 103.0 0.20000000000000004)(23.64555181872609 114.0)
(0.02 103.0 0.21000000000000005)(21.727971999660358 109.0)
(0.02 103.0 0.22000000000000006)(25.448708163691812 107.0)
(0.02 103.0 0.23000000000000007)(22.42547505920445 103.0)
(0.02 103.0 0.24000000000000007)(20.332414304674334 118.0)
(0.02 108.0 0.01)(61.023753483977885 37.0)
(0.02 108.0 0.02)(57.56836054488233 46.0)
(0.02 108.0 0.03)(53.102561006014696 58.0)
(0.02 108.0 0.04)(52.29376166171379 64.0)
(0.02 108.0 0.05)(46.73013663690693 68.0)
(0.02 108.0 0.060000000000000005)(41.20939781288217 69.0)
(0.02 108.0 0.07)(39.58814698710687 71.0)
(0.02 108.0 0.08)(36.652693314643514 78.0)
(0.02 108.0 0.09)(35.71702989969659 81.0)
(0.02 108.0 0.09999999999999999)(35.15342327344148 87.0)
(0.02 108.0 0.10999999999999999)(27.814250917488508 97.0)
(0.02 108.0 0.11999999999999998)(28.392928644132024 97.0)
(0.02 108.0 0.12999999999999998)(25.37150387209333 100.0)
(0.02 108.0 0.13999999999999999)(25.396419526193295 102.0)
(0.02 108.0 0.15)(23.71410949279883 101.0)
(0.02 108.0 0.16)(23.779780045315604 102.0)
(0.02 108.0 0.17)(23.80187017867782 101.0)
(0.02 108.0 0.18000000000000002)(23.972331486967246 106.0)
(0.02 108.0 0.19000000000000003)(22.166105535247787 106.0)
(0.02 108.0 0.20000000000000004)(23.64555181872609 114.0)
(0.02 108.0 0.21000000000000005)(21.727971999660358 109.0)
(0.02 108.0 0.22000000000000006)(25.448708163691812 107.0)
(0.02 108.0 0.23000000000000007)(22.42547505920445 103.0)
(0.02 108.0 0.24000000000000007)(20.332414304674334 118.0)
(0.02 113.0 0.01)(61.023753483977885 37.0)
(0.02 113.0 0.02)(57.56836054488233 46.0)
(0.02 113.0 0.03)(53.102561006014696 58.0)
(0.02 113.0 0.04)(52.29376166171379 64.0)
(0.02 113.0 0.05)(46.73013663690693 68.0)
(0.02 113.0 0.060000000000000005)(41.20939781288217 69.0)
(0.02 113.0 0.07)(39.58814698710687 71.0)
(0.02 113.0 0.08)(36.652693314643514 78.0)
(0.02 113.0 0.09)(35.71702989969659 81.0)
(0.02 113.0 0.09999999999999999)(35.15342327344148 87.0)
(0.02 113.0 0.10999999999999999)(27.814250917488508 97.0)
(0.02 113.0 0.11999999999999998)(28.392928644132024 97.0)
(0.02 113.0 0.12999999999999998)(25.37150387209333 100.0)
(0.02 113.0 0.13999999999999999)(25.396419526193295 102.0)
(0.02 113.0 0.15)(23.71410949279883 101.0)
(0.02 113.0 0.16)(23.779780045315604 102.0)
(0.02 113.0 0.17)(23.80187017867782 101.0)
(0.02 113.0 0.18000000000000002)(23.972331486967246 106.0)
(0.02 113.0 0.19000000000000003)(22.166105535247787 106.0)
(0.02 113.0 0.20000000000000004)(23.64555181872609 114.0)
(0.02 113.0 0.21000000000000005)(21.727971999660358 109.0)
(0.02 113.0 0.22000000000000006)(25.448708163691812 107.0)
(0.02 113.0 0.23000000000000007)(22.42547505920445 103.0)
(0.02 113.0 0.24000000000000007)(20.332414304674334 118.0)
(0.02 118.0 0.01)(61.023753483977885 37.0)
(0.02 118.0 0.02)(57.56836054488233 46.0)
(0.02 118.0 0.03)(53.102561006014696 58.0)
(0.02 118.0 0.04)(52.29376166171379 64.0)
(0.02 118.0 0.05)(46.73013663690693 68.0)
(0.02 118.0 0.060000000000000005)(41.20939781288217 69.0)
(0.02 118.0 0.07)(39.58814698710687 71.0)
(0.02 118.0 0.08)(36.652693314643514 78.0)
(0.02 118.0 0.09)(35.71702989969659 81.0)
(0.02 118.0 0.09999999999999999)(35.15342327344148 87.0)
(0.02 118.0 0.10999999999999999)(27.814250917488508 97.0)
(0.02 118.0 0.11999999999999998)(28.392928644132024 97.0)
(0.02 118.0 0.12999999999999998)(25.37150387209333 100.0)
(0.02 118.0 0.13999999999999999)(25.396419526193295 102.0)
(0.02 118.0 0.15)(23.71410949279883 101.0)
(0.02 118.0 0.16)(23.779780045315604 102.0)
(0.02 118.0 0.17)(23.80187017867782 101.0)
(0.02 118.0 0.18000000000000002)(23.972331486967246 106.0)
(0.02 118.0 0.19000000000000003)(22.166105535247787 106.0)
(0.02 118.0 0.20000000000000004)(23.64555181872609 114.0)
(0.02 118.0 0.21000000000000005)(21.727971999660358 109.0)
(0.02 118.0 0.22000000000000006)(25.448708163691812 107.0)
(0.02 118.0 0.23000000000000007)(22.42547505920445 103.0)
(0.02 118.0 0.24000000000000007)(20.332414304674334 118.0)
(0.02 123.0 0.01)(61.023753483977885 37.0)
(0.02 123.0 0.02)(57.56836054488233 46.0)
(0.02 123.0 0.03)(53.102561006014696 58.0)
(0.02 123.0 0.04)(52.29376166171379 64.0)
(0.02 123.0 0.05)(46.73013663690693 68.0)
(0.02 123.0 0.060000000000000005)(41.20939781288217 69.0)
(0.02 123.0 0.07)(39.58814698710687 71.0)
(0.02 123.0 0.08)(36.652693314643514 78.0)
(0.02 123.0 0.09)(35.71702989969659 81.0)
(0.02 123.0 0.09999999999999999)(35.15342327344148 87.0)
(0.02 123.0 0.10999999999999999)(27.814250917488508 97.0)
(0.02 123.0 0.11999999999999998)(28.392928644132024 97.0)
(0.02 123.0 0.12999999999999998)(25.37150387209333 100.0)
(0.02 123.0 0.13999999999999999)(25.396419526193295 102.0)
(0.02 123.0 0.15)(23.71410949279883 101.0)
(0.02 123.0 0.16)(23.779780045315604 102.0)
(0.02 123.0 0.17)(23.80187017867782 101.0)
(0.02 123.0 0.18000000000000002)(23.972331486967246 106.0)
(0.02 123.0 0.19000000000000003)(22.166105535247787 106.0)
(0.02 123.0 0.20000000000000004)(23.64555181872609 114.0)
(0.02 123.0 0.21000000000000005)(21.727971999660358 109.0)
(0.02 123.0 0.22000000000000006)(25.448708163691812 107.0)
(0.02 123.0 0.23000000000000007)(22.42547505920445 103.0)
(0.02 123.0 0.24000000000000007)(20.332414304674334 118.0)
(0.02 128.0 0.01)(61.023753483977885 37.0)
(0.02 128.0 0.02)(57.56836054488233 46.0)
(0.02 128.0 0.03)(53.102561006014696 58.0)
(0.02 128.0 0.04)(52.29376166171379 64.0)
(0.02 128.0 0.05)(46.73013663690693 68.0)
(0.02 128.0 0.060000000000000005)(41.20939781288217 69.0)
(0.02 128.0 0.07)(39.58814698710687 71.0)
(0.02 128.0 0.08)(36.652693314643514 78.0)
(0.02 128.0 0.09)(35.71702989969659 81.0)
(0.02 128.0 0.09999999999999999)(35.15342327344148 87.0)
(0.02 128.0 0.10999999999999999)(27.814250917488508 97.0)
(0.02 128.0 0.11999999999999998)(28.392928644132024 97.0)
(0.02 128.0 0.12999999999999998)(25.37150387209333 100.0)
(0.02 128.0 0.13999999999999999)(25.396419526193295 102.0)
(0.02 128.0 0.15)(23.71410949279883 101.0)
(0.02 128.0 0.16)(23.779780045315604 102.0)
(0.02 128.0 0.17)(23.80187017867782 101.0)
(0.02 128.0 0.18000000000000002)(23.972331486967246 106.0)
(0.02 128.0 0.19000000000000003)(22.166105535247787 106.0)
(0.02 128.0 0.20000000000000004)(23.64555181872609 114.0)
(0.02 128.0 0.21000000000000005)(21.727971999660358 109.0)
(0.02 128.0 0.22000000000000006)(25.448708163691812 107.0)
(0.02 128.0 0.23000000000000007)(22.42547505920445 103.0)
(0.02 128.0 0.24000000000000007)(20.332414304674334 118.0)
(0.02 133.0 0.01)(61.023753483977885 37.0)
(0.02 133.0 0.02)(57.56836054488233 46.0)
(0.02 133.0 0.03)(53.102561006014696 58.0)
(0.02 133.0 0.04)(52.29376166171379 64.0)
(0.02 133.0 0.05)(46.73013663690693 68.0)
(0.02 133.0 0.060000000000000005)(41.20939781288217 69.0)
(0.02 133.0 0.07)(39.58814698710687 71.0)
(0.02 133.0 0.08)(36.652693314643514 78.0)
(0.02 133.0 0.09)(35.71702989969659 81.0)
(0.02 133.0 0.09999999999999999)(35.15342327344148 87.0)
(0.02 133.0 0.10999999999999999)(27.814250917488508 97.0)
(0.02 133.0 0.11999999999999998)(28.392928644132024 97.0)
(0.02 133.0 0.12999999999999998)(25.37150387209333 100.0)
(0.02 133.0 0.13999999999999999)(25.396419526193295 102.0)
(0.02 133.0 0.15)(23.71410949279883 101.0)
(0.02 133.0 0.16)(23.779780045315604 102.0)
(0.02 133.0 0.17)(23.80187017867782 101.0)
(0.02 133.0 0.18000000000000002)(23.972331486967246 106.0)
(0.02 133.0 0.19000000000000003)(22.166105535247787 106.0)
(0.02 133.0 0.20000000000000004)(23.64555181872609 114.0)
(0.02 133.0 0.21000000000000005)(21.727971999660358 109.0)
(0.02 133.0 0.22000000000000006)(25.448708163691812 107.0)
(0.02 133.0 0.23000000000000007)(22.42547505920445 103.0)
(0.02 133.0 0.24000000000000007)(20.332414304674334 118.0)
(0.02 138.0 0.01)(61.023753483977885 37.0)
(0.02 138.0 0.02)(57.56836054488233 46.0)
(0.02 138.0 0.03)(53.102561006014696 58.0)
(0.02 138.0 0.04)(52.29376166171379 64.0)
(0.02 138.0 0.05)(46.73013663690693 68.0)
(0.02 138.0 0.060000000000000005)(41.20939781288217 69.0)
(0.02 138.0 0.07)(39.58814698710687 71.0)
(0.02 138.0 0.08)(36.652693314643514 78.0)
(0.02 138.0 0.09)(35.71702989969659 81.0)
(0.02 138.0 0.09999999999999999)(35.15342327344148 87.0)
(0.02 138.0 0.10999999999999999)(27.814250917488508 97.0)
(0.02 138.0 0.11999999999999998)(28.392928644132024 97.0)
(0.02 138.0 0.12999999999999998)(25.37150387209333 100.0)
(0.02 138.0 0.13999999999999999)(25.396419526193295 102.0)
(0.02 138.0 0.15)(23.71410949279883 101.0)
(0.02 138.0 0.16)(23.779780045315604 102.0)
(0.02 138.0 0.17)(23.80187017867782 101.0)
(0.02 138.0 0.18000000000000002)(23.972331486967246 106.0)
(0.02 138.0 0.19000000000000003)(22.166105535247787 106.0)
(0.02 138.0 0.20000000000000004)(23.64555181872609 114.0)
(0.02 138.0 0.21000000000000005)(21.727971999660358 109.0)
(0.02 138.0 0.22000000000000006)(25.448708163691812 107.0)
(0.02 138.0 0.23000000000000007)(22.42547505920445 103.0)
(0.02 138.0 0.24000000000000007)(20.332414304674334 118.0)
(0.02 143.0 0.01)(61.023753483977885 37.0)
(0.02 143.0 0.02)(57.56836054488233 46.0)
(0.02 143.0 0.03)(53.102561006014696 58.0)
(0.02 143.0 0.04)(52.29376166171379 64.0)
(0.02 143.0 0.05)(46.73013663690693 68.0)
(0.02 143.0 0.060000000000000005)(41.20939781288217 69.0)
(0.02 143.0 0.07)(39.58814698710687 71.0)
(0.02 143.0 0.08)(36.652693314643514 78.0)
(0.02 143.0 0.09)(35.71702989969659 81.0)
(0.02 143.0 0.09999999999999999)(35.15342327344148 87.0)
(0.02 143.0 0.10999999999999999)(27.814250917488508 97.0)
(0.02 143.0 0.11999999999999998)(28.392928644132024 97.0)
(0.02 143.0 0.12999999999999998)(25.37150387209333 100.0)
(0.02 143.0 0.13999999999999999)(25.396419526193295 102.0)
(0.02 143.0 0.15)(23.71410949279883 101.0)
(0.02 143.0 0.16)(23.779780045315604 102.0)
(0.02 143.0 0.17)(23.80187017867782 101.0)
(0.02 143.0 0.18000000000000002)(23.972331486967246 106.0)
(0.02 143.0 0.19000000000000003)(22.166105535247787 106.0)
(0.02 143.0 0.20000000000000004)(23.64555181872609 114.0)
(0.02 143.0 0.21000000000000005)(21.727971999660358 109.0)
(0.02 143.0 0.22000000000000006)(25.448708163691812 107.0)
(0.02 143.0 0.23000000000000007)(22.42547505920445 103.0)
(0.02 143.0 0.24000000000000007)(20.332414304674334 118.0)
(0.02 148.0 0.01)(61.023753483977885 37.0)
(0.02 148.0 0.02)(57.56836054488233 46.0)
(0.02 148.0 0.03)(53.102561006014696 58.0)
(0.02 148.0 0.04)(52.29376166171379 64.0)
(0.02 148.0 0.05)(46.73013663690693 68.0)
(0.02 148.0 0.060000000000000005)(41.20939781288217 69.0)
(0.02 148.0 0.07)(39.58814698710687 71.0)
(0.02 148.0 0.08)(36.652693314643514 78.0)
(0.02 148.0 0.09)(35.71702989969659 81.0)
(0.02 148.0 0.09999999999999999)(35.15342327344148 87.0)
(0.02 148.0 0.10999999999999999)(27.814250917488508 97.0)
(0.02 148.0 0.11999999999999998)(28.392928644132024 97.0)
(0.02 148.0 0.12999999999999998)(25.37150387209333 100.0)
(0.02 148.0 0.13999999999999999)(25.396419526193295 102.0)
(0.02 148.0 0.15)(23.71410949279883 101.0)
(0.02 148.0 0.16)(23.779780045315604 102.0)
(0.02 148.0 0.17)(23.80187017867782 101.0)
(0.02 148.0 0.18000000000000002)(23.972331486967246 106.0)
(0.02 148.0 0.19000000000000003)(22.166105535247787 106.0)
(0.02 148.0 0.20000000000000004)(23.64555181872609 114.0)
(0.02 148.0 0.21000000000000005)(21.727971999660358 109.0)
(0.02 148.0 0.22000000000000006)(25.448708163691812 107.0)
(0.02 148.0 0.23000000000000007)(22.42547505920445 103.0)
(0.02 148.0 0.24000000000000007)(20.332414304674334 118.0)
(0.02 153.0 0.01)(61.023753483977885 37.0)
(0.02 153.0 0.02)(57.56836054488233 46.0)
(0.02 153.0 0.03)(53.102561006014696 58.0)
(0.02 153.0 0.04)(52.29376166171379 64.0)
(0.02 153.0 0.05)(46.73013663690693 68.0)
(0.02 153.0 0.060000000000000005)(41.20939781288217 69.0)
(0.02 153.0 0.07)(39.58814698710687 71.0)
(0.02 153.0 0.08)(36.652693314643514 78.0)
(0.02 153.0 0.09)(35.71702989969659 81.0)
(0.02 153.0 0.09999999999999999)(35.15342327344148 87.0)
(0.02 153.0 0.10999999999999999)(27.814250917488508 97.0)
(0.02 153.0 0.11999999999999998)(28.392928644132024 97.0)
(0.02 153.0 0.12999999999999998)(25.37150387209333 100.0)
(0.02 153.0 0.13999999999999999)(25.396419526193295 102.0)
(0.02 153.0 0.15)(23.71410949279883 101.0)
(0.02 153.0 0.16)(23.779780045315604 102.0)
(0.02 153.0 0.17)(23.80187017867782 101.0)
(0.02 153.0 0.18000000000000002)(23.972331486967246 106.0)
(0.02 153.0 0.19000000000000003)(22.166105535247787 106.0)
(0.02 153.0 0.20000000000000004)(23.64555181872609 114.0)
(0.02 153.0 0.21000000000000005)(21.727971999660358 109.0)
(0.02 153.0 0.22000000000000006)(25.448708163691812 107.0)
(0.02 153.0 0.23000000000000007)(22.42547505920445 103.0)
(0.02 153.0 0.24000000000000007)(20.332414304674334 118.0)
(0.02 158.0 0.01)(61.023753483977885 37.0)
(0.02 158.0 0.02)(57.56836054488233 46.0)
(0.02 158.0 0.03)(53.102561006014696 58.0)
(0.02 158.0 0.04)(52.29376166171379 64.0)
(0.02 158.0 0.05)(46.73013663690693 68.0)
(0.02 158.0 0.060000000000000005)(41.20939781288217 69.0)
(0.02 158.0 0.07)(39.58814698710687 71.0)
(0.02 158.0 0.08)(36.652693314643514 78.0)
(0.02 158.0 0.09)(35.71702989969659 81.0)
(0.02 158.0 0.09999999999999999)(35.15342327344148 87.0)
(0.02 158.0 0.10999999999999999)(27.814250917488508 97.0)
(0.02 158.0 0.11999999999999998)(28.392928644132024 97.0)
(0.02 158.0 0.12999999999999998)(25.37150387209333 100.0)
(0.02 158.0 0.13999999999999999)(25.396419526193295 102.0)
(0.02 158.0 0.15)(23.71410949279883 101.0)
(0.02 158.0 0.16)(23.779780045315604 102.0)
(0.02 158.0 0.17)(23.80187017867782 101.0)
(0.02 158.0 0.18000000000000002)(23.972331486967246 106.0)
(0.02 158.0 0.19000000000000003)(22.166105535247787 106.0)
(0.02 158.0 0.20000000000000004)(23.64555181872609 114.0)
(0.02 158.0 0.21000000000000005)(21.727971999660358 109.0)
(0.02 158.0 0.22000000000000006)(25.448708163691812 107.0)
(0.02 158.0 0.23000000000000007)(22.42547505920445 103.0)
(0.02 158.0 0.24000000000000007)(20.332414304674334 118.0)
(0.02 163.0 0.01)(61.023753483977885 37.0)
(0.02 163.0 0.02)(57.56836054488233 46.0)
(0.02 163.0 0.03)(53.102561006014696 58.0)
(0.02 163.0 0.04)(52.29376166171379 64.0)
(0.02 163.0 0.05)(46.73013663690693 68.0)
(0.02 163.0 0.060000000000000005)(41.20939781288217 69.0)
(0.02 163.0 0.07)(39.58814698710687 71.0)
(0.02 163.0 0.08)(36.652693314643514 78.0)
(0.02 163.0 0.09)(35.71702989969659 81.0)
(0.02 163.0 0.09999999999999999)(35.15342327344148 87.0)
(0.02 163.0 0.10999999999999999)(27.814250917488508 97.0)
(0.02 163.0 0.11999999999999998)(28.392928644132024 97.0)
(0.02 163.0 0.12999999999999998)(25.37150387209333 100.0)
(0.02 163.0 0.13999999999999999)(25.396419526193295 102.0)
(0.02 163.0 0.15)(23.71410949279883 101.0)
(0.02 163.0 0.16)(23.779780045315604 102.0)
(0.02 163.0 0.17)(23.80187017867782 101.0)
(0.02 163.0 0.18000000000000002)(23.972331486967246 106.0)
(0.02 163.0 0.19000000000000003)(22.166105535247787 106.0)
(0.02 163.0 0.20000000000000004)(23.64555181872609 114.0)
(0.02 163.0 0.21000000000000005)(21.727971999660358 109.0)
(0.02 163.0 0.22000000000000006)(25.448708163691812 107.0)
(0.02 163.0 0.23000000000000007)(22.42547505920445 103.0)
(0.02 163.0 0.24000000000000007)(20.332414304674334 118.0)
(0.02 168.0 0.01)(61.023753483977885 37.0)
(0.02 168.0 0.02)(57.56836054488233 46.0)
(0.02 168.0 0.03)(53.102561006014696 58.0)
(0.02 168.0 0.04)(52.29376166171379 64.0)
(0.02 168.0 0.05)(46.73013663690693 68.0)
(0.02 168.0 0.060000000000000005)(41.20939781288217 69.0)
(0.02 168.0 0.07)(39.58814698710687 71.0)
(0.02 168.0 0.08)(36.652693314643514 78.0)
(0.02 168.0 0.09)(35.71702989969659 81.0)
(0.02 168.0 0.09999999999999999)(35.15342327344148 87.0)
(0.02 168.0 0.10999999999999999)(27.814250917488508 97.0)
(0.02 168.0 0.11999999999999998)(28.392928644132024 97.0)
(0.02 168.0 0.12999999999999998)(25.37150387209333 100.0)
(0.02 168.0 0.13999999999999999)(25.396419526193295 102.0)
(0.02 168.0 0.15)(23.71410949279883 101.0)
(0.02 168.0 0.16)(23.779780045315604 102.0)
(0.02 168.0 0.17)(23.80187017867782 101.0)
(0.02 168.0 0.18000000000000002)(23.972331486967246 106.0)
(0.02 168.0 0.19000000000000003)(22.166105535247787 106.0)
(0.02 168.0 0.20000000000000004)(23.64555181872609 114.0)
(0.02 168.0 0.21000000000000005)(21.727971999660358 109.0)
(0.02 168.0 0.22000000000000006)(25.448708163691812 107.0)
(0.02 168.0 0.23000000000000007)(22.42547505920445 103.0)
(0.02 168.0 0.24000000000000007)(20.332414304674334 118.0)
(0.02 173.0 0.01)(61.023753483977885 37.0)
(0.02 173.0 0.02)(57.56836054488233 46.0)
(0.02 173.0 0.03)(53.102561006014696 58.0)
(0.02 173.0 0.04)(52.29376166171379 64.0)
(0.02 173.0 0.05)(46.73013663690693 68.0)
(0.02 173.0 0.060000000000000005)(41.20939781288217 69.0)
(0.02 173.0 0.07)(39.58814698710687 71.0)
(0.02 173.0 0.08)(36.652693314643514 78.0)
(0.02 173.0 0.09)(35.71702989969659 81.0)
(0.02 173.0 0.09999999999999999)(35.15342327344148 87.0)
(0.02 173.0 0.10999999999999999)(27.814250917488508 97.0)
(0.02 173.0 0.11999999999999998)(28.392928644132024 97.0)
(0.02 173.0 0.12999999999999998)(25.37150387209333 100.0)
(0.02 173.0 0.13999999999999999)(25.396419526193295 102.0)
(0.02 173.0 0.15)(23.71410949279883 101.0)
(0.02 173.0 0.16)(23.779780045315604 102.0)
(0.02 173.0 0.17)(23.80187017867782 101.0)
(0.02 173.0 0.18000000000000002)(23.972331486967246 106.0)
(0.02 173.0 0.19000000000000003)(22.166105535247787 106.0)
(0.02 173.0 0.20000000000000004)(23.64555181872609 114.0)
(0.02 173.0 0.21000000000000005)(21.727971999660358 109.0)
(0.02 173.0 0.22000000000000006)(25.448708163691812 107.0)
(0.02 173.0 0.23000000000000007)(22.42547505920445 103.0)
(0.02 173.0 0.24000000000000007)(20.332414304674334 118.0)
(0.02 178.0 0.01)(61.023753483977885 37.0)
(0.02 178.0 0.02)(57.56836054488233 46.0)
(0.02 178.0 0.03)(53.102561006014696 58.0)
(0.02 178.0 0.04)(52.29376166171379 64.0)
(0.02 178.0 0.05)(46.73013663690693 68.0)
(0.02 178.0 0.060000000000000005)(41.20939781288217 69.0)
(0.02 178.0 0.07)(39.58814698710687 71.0)
(0.02 178.0 0.08)(36.652693314643514 78.0)
(0.02 178.0 0.09)(35.71702989969659 81.0)
(0.02 178.0 0.09999999999999999)(35.15342327344148 87.0)
(0.02 178.0 0.10999999999999999)(27.814250917488508 97.0)
(0.02 178.0 0.11999999999999998)(28.392928644132024 97.0)
(0.02 178.0 0.12999999999999998)(25.37150387209333 100.0)
(0.02 178.0 0.13999999999999999)(25.396419526193295 102.0)
(0.02 178.0 0.15)(23.71410949279883 101.0)
(0.02 178.0 0.16)(23.779780045315604 102.0)
(0.02 178.0 0.17)(23.80187017867782 101.0)
(0.02 178.0 0.18000000000000002)(23.972331486967246 106.0)
(0.02 178.0 0.19000000000000003)(22.166105535247787 106.0)
(0.02 178.0 0.20000000000000004)(23.64555181872609 114.0)
(0.02 178.0 0.21000000000000005)(21.727971999660358 109.0)
(0.02 178.0 0.22000000000000006)(25.448708163691812 107.0)
(0.02 178.0 0.23000000000000007)(22.42547505920445 103.0)
(0.02 178.0 0.24000000000000007)(20.332414304674334 118.0)
(0.02 183.0 0.01)(61.023753483977885 37.0)
(0.02 183.0 0.02)(57.56836054488233 46.0)
(0.02 183.0 0.03)(53.102561006014696 58.0)
(0.02 183.0 0.04)(52.29376166171379 64.0)
(0.02 183.0 0.05)(46.73013663690693 68.0)
(0.02 183.0 0.060000000000000005)(41.20939781288217 69.0)
(0.02 183.0 0.07)(39.58814698710687 71.0)
(0.02 183.0 0.08)(36.652693314643514 78.0)
(0.02 183.0 0.09)(35.71702989969659 81.0)
(0.02 183.0 0.09999999999999999)(35.15342327344148 87.0)
(0.02 183.0 0.10999999999999999)(27.814250917488508 97.0)
(0.02 183.0 0.11999999999999998)(28.392928644132024 97.0)
(0.02 183.0 0.12999999999999998)(25.37150387209333 100.0)
(0.02 183.0 0.13999999999999999)(25.396419526193295 102.0)
(0.02 183.0 0.15)(23.71410949279883 101.0)
(0.02 183.0 0.16)(23.779780045315604 102.0)
(0.02 183.0 0.17)(23.80187017867782 101.0)
(0.02 183.0 0.18000000000000002)(23.972331486967246 106.0)
(0.02 183.0 0.19000000000000003)(22.166105535247787 106.0)
(0.02 183.0 0.20000000000000004)(23.64555181872609 114.0)
(0.02 183.0 0.21000000000000005)(21.727971999660358 109.0)
(0.02 183.0 0.22000000000000006)(25.448708163691812 107.0)
(0.02 183.0 0.23000000000000007)(22.42547505920445 103.0)
(0.02 183.0 0.24000000000000007)(20.332414304674334 118.0)
(0.02 188.0 0.01)(61.023753483977885 37.0)
(0.02 188.0 0.02)(57.56836054488233 46.0)
(0.02 188.0 0.03)(53.102561006014696 58.0)
(0.02 188.0 0.04)(52.29376166171379 64.0)
(0.02 188.0 0.05)(46.73013663690693 68.0)
(0.02 188.0 0.060000000000000005)(41.20939781288217 69.0)
(0.02 188.0 0.07)(39.58814698710687 71.0)
(0.02 188.0 0.08)(36.652693314643514 78.0)
(0.02 188.0 0.09)(35.71702989969659 81.0)
(0.02 188.0 0.09999999999999999)(35.15342327344148 87.0)
(0.02 188.0 0.10999999999999999)(27.814250917488508 97.0)
(0.02 188.0 0.11999999999999998)(28.392928644132024 97.0)
(0.02 188.0 0.12999999999999998)(25.37150387209333 100.0)
(0.02 188.0 0.13999999999999999)(25.396419526193295 102.0)
(0.02 188.0 0.15)(23.71410949279883 101.0)
(0.02 188.0 0.16)(23.779780045315604 102.0)
(0.02 188.0 0.17)(23.80187017867782 101.0)
(0.02 188.0 0.18000000000000002)(23.972331486967246 106.0)
(0.02 188.0 0.19000000000000003)(22.166105535247787 106.0)
(0.02 188.0 0.20000000000000004)(23.64555181872609 114.0)
(0.02 188.0 0.21000000000000005)(21.727971999660358 109.0)
(0.02 188.0 0.22000000000000006)(25.448708163691812 107.0)
(0.02 188.0 0.23000000000000007)(22.42547505920445 103.0)
(0.02 188.0 0.24000000000000007)(20.332414304674334 118.0)
(0.02 193.0 0.01)(61.023753483977885 37.0)
(0.02 193.0 0.02)(57.56836054488233 46.0)
(0.02 193.0 0.03)(53.102561006014696 58.0)
(0.02 193.0 0.04)(52.29376166171379 64.0)
(0.02 193.0 0.05)(46.73013663690693 68.0)
(0.02 193.0 0.060000000000000005)(41.20939781288217 69.0)
(0.02 193.0 0.07)(39.58814698710687 71.0)
(0.02 193.0 0.08)(36.652693314643514 78.0)
(0.02 193.0 0.09)(35.71702989969659 81.0)
(0.02 193.0 0.09999999999999999)(35.15342327344148 87.0)
(0.02 193.0 0.10999999999999999)(27.814250917488508 97.0)
(0.02 193.0 0.11999999999999998)(28.392928644132024 97.0)
(0.02 193.0 0.12999999999999998)(25.37150387209333 100.0)
(0.02 193.0 0.13999999999999999)(25.396419526193295 102.0)
(0.02 193.0 0.15)(23.71410949279883 101.0)
(0.02 193.0 0.16)(23.779780045315604 102.0)
(0.02 193.0 0.17)(23.80187017867782 101.0)
(0.02 193.0 0.18000000000000002)(23.972331486967246 106.0)
(0.02 193.0 0.19000000000000003)(22.166105535247787 106.0)
(0.02 193.0 0.20000000000000004)(23.64555181872609 114.0)
(0.02 193.0 0.21000000000000005)(21.727971999660358 109.0)
(0.02 193.0 0.22000000000000006)(25.448708163691812 107.0)
(0.02 193.0 0.23000000000000007)(22.42547505920445 103.0)
(0.02 193.0 0.24000000000000007)(20.332414304674334 118.0)
(0.02 198.0 0.01)(61.023753483977885 37.0)
(0.02 198.0 0.02)(57.56836054488233 46.0)
(0.02 198.0 0.03)(53.102561006014696 58.0)
(0.02 198.0 0.04)(52.29376166171379 64.0)
(0.02 198.0 0.05)(46.73013663690693 68.0)
(0.02 198.0 0.060000000000000005)(41.20939781288217 69.0)
(0.02 198.0 0.07)(39.58814698710687 71.0)
(0.02 198.0 0.08)(36.652693314643514 78.0)
(0.02 198.0 0.09)(35.71702989969659 81.0)
(0.02 198.0 0.09999999999999999)(35.15342327344148 87.0)
(0.02 198.0 0.10999999999999999)(27.814250917488508 97.0)
(0.02 198.0 0.11999999999999998)(28.392928644132024 97.0)
(0.02 198.0 0.12999999999999998)(25.37150387209333 100.0)
(0.02 198.0 0.13999999999999999)(25.396419526193295 102.0)
(0.02 198.0 0.15)(23.71410949279883 101.0)
(0.02 198.0 0.16)(23.779780045315604 102.0)
(0.02 198.0 0.17)(23.80187017867782 101.0)
(0.02 198.0 0.18000000000000002)(23.972331486967246 106.0)
(0.02 198.0 0.19000000000000003)(22.166105535247787 106.0)
(0.02 198.0 0.20000000000000004)(23.64555181872609 114.0)
(0.02 198.0 0.21000000000000005)(21.727971999660358 109.0)
(0.02 198.0 0.22000000000000006)(25.448708163691812 107.0)
(0.02 198.0 0.23000000000000007)(22.42547505920445 103.0)
(0.02 198.0 0.24000000000000007)(20.332414304674334 118.0)
(0.02 203.0 0.01)(61.023753483977885 37.0)
(0.02 203.0 0.02)(57.56836054488233 46.0)
(0.02 203.0 0.03)(53.102561006014696 58.0)
(0.02 203.0 0.04)(52.29376166171379 64.0)
(0.02 203.0 0.05)(46.73013663690693 68.0)
(0.02 203.0 0.060000000000000005)(41.20939781288217 69.0)
(0.02 203.0 0.07)(39.58814698710687 71.0)
(0.02 203.0 0.08)(36.652693314643514 78.0)
(0.02 203.0 0.09)(35.71702989969659 81.0)
(0.02 203.0 0.09999999999999999)(35.15342327344148 87.0)
(0.02 203.0 0.10999999999999999)(27.814250917488508 97.0)
(0.02 203.0 0.11999999999999998)(28.392928644132024 97.0)
(0.02 203.0 0.12999999999999998)(25.37150387209333 100.0)
(0.02 203.0 0.13999999999999999)(25.396419526193295 102.0)
(0.02 203.0 0.15)(23.71410949279883 101.0)
(0.02 203.0 0.16)(23.779780045315604 102.0)
(0.02 203.0 0.17)(23.80187017867782 101.0)
(0.02 203.0 0.18000000000000002)(23.972331486967246 106.0)
(0.02 203.0 0.19000000000000003)(22.166105535247787 106.0)
(0.02 203.0 0.20000000000000004)(23.64555181872609 114.0)
(0.02 203.0 0.21000000000000005)(21.727971999660358 109.0)
(0.02 203.0 0.22000000000000006)(25.448708163691812 107.0)
(0.02 203.0 0.23000000000000007)(22.42547505920445 103.0)
(0.02 203.0 0.24000000000000007)(20.332414304674334 118.0)
(0.02 208.0 0.01)(61.023753483977885 37.0)
(0.02 208.0 0.02)(57.56836054488233 46.0)
(0.02 208.0 0.03)(53.102561006014696 58.0)
(0.02 208.0 0.04)(52.29376166171379 64.0)
(0.02 208.0 0.05)(46.73013663690693 68.0)
(0.02 208.0 0.060000000000000005)(41.20939781288217 69.0)
(0.02 208.0 0.07)(39.58814698710687 71.0)
(0.02 208.0 0.08)(36.652693314643514 78.0)
(0.02 208.0 0.09)(35.71702989969659 81.0)
(0.02 208.0 0.09999999999999999)(35.15342327344148 87.0)
(0.02 208.0 0.10999999999999999)(27.814250917488508 97.0)
(0.02 208.0 0.11999999999999998)(28.392928644132024 97.0)
(0.02 208.0 0.12999999999999998)(25.37150387209333 100.0)
(0.02 208.0 0.13999999999999999)(25.396419526193295 102.0)
(0.02 208.0 0.15)(23.71410949279883 101.0)
(0.02 208.0 0.16)(23.779780045315604 102.0)
(0.02 208.0 0.17)(23.80187017867782 101.0)
(0.02 208.0 0.18000000000000002)(23.972331486967246 106.0)
(0.02 208.0 0.19000000000000003)(22.166105535247787 106.0)
(0.02 208.0 0.20000000000000004)(23.64555181872609 114.0)
(0.02 208.0 0.21000000000000005)(21.727971999660358 109.0)
(0.02 208.0 0.22000000000000006)(25.448708163691812 107.0)
(0.02 208.0 0.23000000000000007)(22.42547505920445 103.0)
(0.02 208.0 0.24000000000000007)(20.332414304674334 118.0)
(0.02 213.0 0.01)(61.023753483977885 37.0)
(0.02 213.0 0.02)(57.56836054488233 46.0)
(0.02 213.0 0.03)(53.102561006014696 58.0)
(0.02 213.0 0.04)(52.29376166171379 64.0)
(0.02 213.0 0.05)(46.73013663690693 68.0)
(0.02 213.0 0.060000000000000005)(41.20939781288217 69.0)
(0.02 213.0 0.07)(39.58814698710687 71.0)
(0.02 213.0 0.08)(36.652693314643514 78.0)
(0.02 213.0 0.09)(35.71702989969659 81.0)
(0.02 213.0 0.09999999999999999)(35.15342327344148 87.0)
(0.02 213.0 0.10999999999999999)(27.814250917488508 97.0)
(0.02 213.0 0.11999999999999998)(28.392928644132024 97.0)
(0.02 213.0 0.12999999999999998)(25.37150387209333 100.0)
(0.02 213.0 0.13999999999999999)(25.396419526193295 102.0)
(0.02 213.0 0.15)(23.71410949279883 101.0)
(0.02 213.0 0.16)(23.779780045315604 102.0)
(0.02 213.0 0.17)(23.80187017867782 101.0)
(0.02 213.0 0.18000000000000002)(23.972331486967246 106.0)
(0.02 213.0 0.19000000000000003)(22.166105535247787 106.0)
(0.02 213.0 0.20000000000000004)(23.64555181872609 114.0)
(0.02 213.0 0.21000000000000005)(21.727971999660358 109.0)
(0.02 213.0 0.22000000000000006)(25.448708163691812 107.0)
(0.02 213.0 0.23000000000000007)(22.42547505920445 103.0)
(0.02 213.0 0.24000000000000007)(20.332414304674334 118.0)
(0.02 218.0 0.01)(61.023753483977885 37.0)
(0.02 218.0 0.02)(57.56836054488233 46.0)
(0.02 218.0 0.03)(53.102561006014696 58.0)
(0.02 218.0 0.04)(52.29376166171379 64.0)
(0.02 218.0 0.05)(46.73013663690693 68.0)
(0.02 218.0 0.060000000000000005)(41.20939781288217 69.0)
(0.02 218.0 0.07)(39.58814698710687 71.0)
(0.02 218.0 0.08)(36.652693314643514 78.0)
(0.02 218.0 0.09)(35.71702989969659 81.0)
(0.02 218.0 0.09999999999999999)(35.15342327344148 87.0)
(0.02 218.0 0.10999999999999999)(27.814250917488508 97.0)
(0.02 218.0 0.11999999999999998)(28.392928644132024 97.0)
(0.02 218.0 0.12999999999999998)(25.37150387209333 100.0)
(0.02 218.0 0.13999999999999999)(25.396419526193295 102.0)
(0.02 218.0 0.15)(23.71410949279883 101.0)
(0.02 218.0 0.16)(23.779780045315604 102.0)
(0.02 218.0 0.17)(23.80187017867782 101.0)
(0.02 218.0 0.18000000000000002)(23.972331486967246 106.0)
(0.02 218.0 0.19000000000000003)(22.166105535247787 106.0)
(0.02 218.0 0.20000000000000004)(23.64555181872609 114.0)
(0.02 218.0 0.21000000000000005)(21.727971999660358 109.0)
(0.02 218.0 0.22000000000000006)(25.448708163691812 107.0)
(0.02 218.0 0.23000000000000007)(22.42547505920445 103.0)
(0.02 218.0 0.24000000000000007)(20.332414304674334 118.0)
(0.02 223.0 0.01)(61.023753483977885 37.0)
(0.02 223.0 0.02)(57.56836054488233 46.0)
(0.02 223.0 0.03)(53.102561006014696 58.0)
(0.02 223.0 0.04)(52.29376166171379 64.0)
(0.02 223.0 0.05)(46.73013663690693 68.0)
(0.02 223.0 0.060000000000000005)(41.20939781288217 69.0)
(0.02 223.0 0.07)(39.58814698710687 71.0)
(0.02 223.0 0.08)(36.652693314643514 78.0)
(0.02 223.0 0.09)(35.71702989969659 81.0)
(0.02 223.0 0.09999999999999999)(35.15342327344148 87.0)
(0.02 223.0 0.10999999999999999)(27.814250917488508 97.0)
(0.02 223.0 0.11999999999999998)(28.392928644132024 97.0)
(0.02 223.0 0.12999999999999998)(25.37150387209333 100.0)
(0.02 223.0 0.13999999999999999)(25.396419526193295 102.0)
(0.02 223.0 0.15)(23.71410949279883 101.0)
(0.02 223.0 0.16)(23.779780045315604 102.0)
(0.02 223.0 0.17)(23.80187017867782 101.0)
(0.02 223.0 0.18000000000000002)(23.972331486967246 106.0)
(0.02 223.0 0.19000000000000003)(22.166105535247787 106.0)
(0.02 223.0 0.20000000000000004)(23.64555181872609 114.0)
(0.02 223.0 0.21000000000000005)(21.727971999660358 109.0)
(0.02 223.0 0.22000000000000006)(25.448708163691812 107.0)
(0.02 223.0 0.23000000000000007)(22.42547505920445 103.0)
(0.02 223.0 0.24000000000000007)(20.332414304674334 118.0)
(0.02 228.0 0.01)(61.023753483977885 37.0)
(0.02 228.0 0.02)(57.56836054488233 46.0)
(0.02 228.0 0.03)(53.102561006014696 58.0)
(0.02 228.0 0.04)(52.29376166171379 64.0)
(0.02 228.0 0.05)(46.73013663690693 68.0)
(0.02 228.0 0.060000000000000005)(41.20939781288217 69.0)
(0.02 228.0 0.07)(39.58814698710687 71.0)
(0.02 228.0 0.08)(36.652693314643514 78.0)
(0.02 228.0 0.09)(35.71702989969659 81.0)
(0.02 228.0 0.09999999999999999)(35.15342327344148 87.0)
(0.02 228.0 0.10999999999999999)(27.814250917488508 97.0)
(0.02 228.0 0.11999999999999998)(28.392928644132024 97.0)
(0.02 228.0 0.12999999999999998)(25.37150387209333 100.0)
(0.02 228.0 0.13999999999999999)(25.396419526193295 102.0)
(0.02 228.0 0.15)(23.71410949279883 101.0)
(0.02 228.0 0.16)(23.779780045315604 102.0)
(0.02 228.0 0.17)(23.80187017867782 101.0)
(0.02 228.0 0.18000000000000002)(23.972331486967246 106.0)
(0.02 228.0 0.19000000000000003)(22.166105535247787 106.0)
(0.02 228.0 0.20000000000000004)(23.64555181872609 114.0)
(0.02 228.0 0.21000000000000005)(21.727971999660358 109.0)
(0.02 228.0 0.22000000000000006)(25.448708163691812 107.0)
(0.02 228.0 0.23000000000000007)(22.42547505920445 103.0)
(0.02 228.0 0.24000000000000007)(20.332414304674334 118.0)
(0.02 233.0 0.01)(61.023753483977885 37.0)
(0.02 233.0 0.02)(57.56836054488233 46.0)
(0.02 233.0 0.03)(53.102561006014696 58.0)
(0.02 233.0 0.04)(52.29376166171379 64.0)
(0.02 233.0 0.05)(46.73013663690693 68.0)
(0.02 233.0 0.060000000000000005)(41.20939781288217 69.0)
(0.02 233.0 0.07)(39.58814698710687 71.0)
(0.02 233.0 0.08)(36.652693314643514 78.0)
(0.02 233.0 0.09)(35.71702989969659 81.0)
(0.02 233.0 0.09999999999999999)(35.15342327344148 87.0)
(0.02 233.0 0.10999999999999999)(27.814250917488508 97.0)
(0.02 233.0 0.11999999999999998)(28.392928644132024 97.0)
(0.02 233.0 0.12999999999999998)(25.37150387209333 100.0)
(0.02 233.0 0.13999999999999999)(25.396419526193295 102.0)
(0.02 233.0 0.15)(23.71410949279883 101.0)
(0.02 233.0 0.16)(23.779780045315604 102.0)
(0.02 233.0 0.17)(23.80187017867782 101.0)
(0.02 233.0 0.18000000000000002)(23.972331486967246 106.0)
(0.02 233.0 0.19000000000000003)(22.166105535247787 106.0)
(0.02 233.0 0.20000000000000004)(23.64555181872609 114.0)
(0.02 233.0 0.21000000000000005)(21.727971999660358 109.0)
(0.02 233.0 0.22000000000000006)(25.448708163691812 107.0)
(0.02 233.0 0.23000000000000007)(22.42547505920445 103.0)
(0.02 233.0 0.24000000000000007)(20.332414304674334 118.0)
(0.02 238.0 0.01)(61.023753483977885 37.0)
(0.02 238.0 0.02)(57.56836054488233 46.0)
(0.02 238.0 0.03)(53.102561006014696 58.0)
(0.02 238.0 0.04)(52.29376166171379 64.0)
(0.02 238.0 0.05)(46.73013663690693 68.0)
(0.02 238.0 0.060000000000000005)(41.20939781288217 69.0)
(0.02 238.0 0.07)(39.58814698710687 71.0)
(0.02 238.0 0.08)(36.652693314643514 78.0)
(0.02 238.0 0.09)(35.71702989969659 81.0)
(0.02 238.0 0.09999999999999999)(35.15342327344148 87.0)
(0.02 238.0 0.10999999999999999)(27.814250917488508 97.0)
(0.02 238.0 0.11999999999999998)(28.392928644132024 97.0)
(0.02 238.0 0.12999999999999998)(25.37150387209333 100.0)
(0.02 238.0 0.13999999999999999)(25.396419526193295 102.0)
(0.02 238.0 0.15)(23.71410949279883 101.0)
(0.02 238.0 0.16)(23.779780045315604 102.0)
(0.02 238.0 0.17)(23.80187017867782 101.0)
(0.02 238.0 0.18000000000000002)(23.972331486967246 106.0)
(0.02 238.0 0.19000000000000003)(22.166105535247787 106.0)
(0.02 238.0 0.20000000000000004)(23.64555181872609 114.0)
(0.02 238.0 0.21000000000000005)(21.727971999660358 109.0)
(0.02 238.0 0.22000000000000006)(25.448708163691812 107.0)
(0.02 238.0 0.23000000000000007)(22.42547505920445 103.0)
(0.02 238.0 0.24000000000000007)(20.332414304674334 118.0)
(0.02 243.0 0.01)(61.023753483977885 37.0)
(0.02 243.0 0.02)(57.56836054488233 46.0)
(0.02 243.0 0.03)(53.102561006014696 58.0)
(0.02 243.0 0.04)(52.29376166171379 64.0)
(0.02 243.0 0.05)(46.73013663690693 68.0)
(0.02 243.0 0.060000000000000005)(41.20939781288217 69.0)
(0.02 243.0 0.07)(39.58814698710687 71.0)
(0.02 243.0 0.08)(36.652693314643514 78.0)
(0.02 243.0 0.09)(35.71702989969659 81.0)
(0.02 243.0 0.09999999999999999)(35.15342327344148 87.0)
(0.02 243.0 0.10999999999999999)(27.814250917488508 97.0)
(0.02 243.0 0.11999999999999998)(28.392928644132024 97.0)
(0.02 243.0 0.12999999999999998)(25.37150387209333 100.0)
(0.02 243.0 0.13999999999999999)(25.396419526193295 102.0)
(0.02 243.0 0.15)(23.71410949279883 101.0)
(0.02 243.0 0.16)(23.779780045315604 102.0)
(0.02 243.0 0.17)(23.80187017867782 101.0)
(0.02 243.0 0.18000000000000002)(23.972331486967246 106.0)
(0.02 243.0 0.19000000000000003)(22.166105535247787 106.0)
(0.02 243.0 0.20000000000000004)(23.64555181872609 114.0)
(0.02 243.0 0.21000000000000005)(21.727971999660358 109.0)
(0.02 243.0 0.22000000000000006)(25.448708163691812 107.0)
(0.02 243.0 0.23000000000000007)(22.42547505920445 103.0)
(0.02 243.0 0.24000000000000007)(20.332414304674334 118.0)
(0.02 248.0 0.01)(61.023753483977885 37.0)
(0.02 248.0 0.02)(57.56836054488233 46.0)
(0.02 248.0 0.03)(53.102561006014696 58.0)
(0.02 248.0 0.04)(52.29376166171379 64.0)
(0.02 248.0 0.05)(46.73013663690693 68.0)
(0.02 248.0 0.060000000000000005)(41.20939781288217 69.0)
(0.02 248.0 0.07)(39.58814698710687 71.0)
(0.02 248.0 0.08)(36.652693314643514 78.0)
(0.02 248.0 0.09)(35.71702989969659 81.0)
(0.02 248.0 0.09999999999999999)(35.15342327344148 87.0)
(0.02 248.0 0.10999999999999999)(27.814250917488508 97.0)
(0.02 248.0 0.11999999999999998)(28.392928644132024 97.0)
(0.02 248.0 0.12999999999999998)(25.37150387209333 100.0)
(0.02 248.0 0.13999999999999999)(25.396419526193295 102.0)
(0.02 248.0 0.15)(23.71410949279883 101.0)
(0.02 248.0 0.16)(23.779780045315604 102.0)
(0.02 248.0 0.17)(23.80187017867782 101.0)
(0.02 248.0 0.18000000000000002)(23.972331486967246 106.0)
(0.02 248.0 0.19000000000000003)(22.166105535247787 106.0)
(0.02 248.0 0.20000000000000004)(23.64555181872609 114.0)
(0.02 248.0 0.21000000000000005)(21.727971999660358 109.0)
(0.02 248.0 0.22000000000000006)(25.448708163691812 107.0)
(0.02 248.0 0.23000000000000007)(22.42547505920445 103.0)
(0.02 248.0 0.24000000000000007)(20.332414304674334 118.0)
(0.02 253.0 0.01)(61.023753483977885 37.0)
(0.02 253.0 0.02)(57.56836054488233 46.0)
(0.02 253.0 0.03)(53.102561006014696 58.0)
(0.02 253.0 0.04)(52.29376166171379 64.0)
(0.02 253.0 0.05)(46.73013663690693 68.0)
(0.02 253.0 0.060000000000000005)(41.20939781288217 69.0)
(0.02 253.0 0.07)(39.58814698710687 71.0)
(0.02 253.0 0.08)(36.652693314643514 78.0)
(0.02 253.0 0.09)(35.71702989969659 81.0)
(0.02 253.0 0.09999999999999999)(35.15342327344148 87.0)
(0.02 253.0 0.10999999999999999)(27.814250917488508 97.0)
(0.02 253.0 0.11999999999999998)(28.392928644132024 97.0)
(0.02 253.0 0.12999999999999998)(25.37150387209333 100.0)
(0.02 253.0 0.13999999999999999)(25.396419526193295 102.0)
(0.02 253.0 0.15)(23.71410949279883 101.0)
(0.02 253.0 0.16)(23.779780045315604 102.0)
(0.02 253.0 0.17)(23.80187017867782 101.0)
(0.02 253.0 0.18000000000000002)(23.972331486967246 106.0)
(0.02 253.0 0.19000000000000003)(22.166105535247787 106.0)
(0.02 253.0 0.20000000000000004)(23.64555181872609 114.0)
(0.02 253.0 0.21000000000000005)(21.727971999660358 109.0)
(0.02 253.0 0.22000000000000006)(25.448708163691812 107.0)
(0.02 253.0 0.23000000000000007)(22.42547505920445 103.0)
(0.02 253.0 0.24000000000000007)(20.332414304674334 118.0)
(0.02 258.0 0.01)(61.023753483977885 37.0)
(0.02 258.0 0.02)(57.56836054488233 46.0)
(0.02 258.0 0.03)(53.102561006014696 58.0)
(0.02 258.0 0.04)(52.29376166171379 64.0)
(0.02 258.0 0.05)(46.73013663690693 68.0)
(0.02 258.0 0.060000000000000005)(41.20939781288217 69.0)
(0.02 258.0 0.07)(39.58814698710687 71.0)
(0.02 258.0 0.08)(36.652693314643514 78.0)
(0.02 258.0 0.09)(35.71702989969659 81.0)
(0.02 258.0 0.09999999999999999)(35.15342327344148 87.0)
(0.02 258.0 0.10999999999999999)(27.814250917488508 97.0)
(0.02 258.0 0.11999999999999998)(28.392928644132024 97.0)
(0.02 258.0 0.12999999999999998)(25.37150387209333 100.0)
(0.02 258.0 0.13999999999999999)(25.396419526193295 102.0)
(0.02 258.0 0.15)(23.71410949279883 101.0)
(0.02 258.0 0.16)(23.779780045315604 102.0)
(0.02 258.0 0.17)(23.80187017867782 101.0)
(0.02 258.0 0.18000000000000002)(23.972331486967246 106.0)
(0.02 258.0 0.19000000000000003)(22.166105535247787 106.0)
(0.02 258.0 0.20000000000000004)(23.64555181872609 114.0)
(0.02 258.0 0.21000000000000005)(21.727971999660358 109.0)
(0.02 258.0 0.22000000000000006)(25.448708163691812 107.0)
(0.02 258.0 0.23000000000000007)(22.42547505920445 103.0)
(0.02 258.0 0.24000000000000007)(20.332414304674334 118.0)
(0.02 263.0 0.01)(61.023753483977885 37.0)
(0.02 263.0 0.02)(57.56836054488233 46.0)
(0.02 263.0 0.03)(53.102561006014696 58.0)
(0.02 263.0 0.04)(52.29376166171379 64.0)
(0.02 263.0 0.05)(46.73013663690693 68.0)
(0.02 263.0 0.060000000000000005)(41.20939781288217 69.0)
(0.02 263.0 0.07)(39.58814698710687 71.0)
(0.02 263.0 0.08)(36.652693314643514 78.0)
(0.02 263.0 0.09)(35.71702989969659 81.0)
(0.02 263.0 0.09999999999999999)(35.15342327344148 87.0)
(0.02 263.0 0.10999999999999999)(27.814250917488508 97.0)
(0.02 263.0 0.11999999999999998)(28.392928644132024 97.0)
(0.02 263.0 0.12999999999999998)(25.37150387209333 100.0)
(0.02 263.0 0.13999999999999999)(25.396419526193295 102.0)
(0.02 263.0 0.15)(23.71410949279883 101.0)
(0.02 263.0 0.16)(23.779780045315604 102.0)
(0.02 263.0 0.17)(23.80187017867782 101.0)
(0.02 263.0 0.18000000000000002)(23.972331486967246 106.0)
(0.02 263.0 0.19000000000000003)(22.166105535247787 106.0)
(0.02 263.0 0.20000000000000004)(23.64555181872609 114.0)
(0.02 263.0 0.21000000000000005)(21.727971999660358 109.0)
(0.02 263.0 0.22000000000000006)(25.448708163691812 107.0)
(0.02 263.0 0.23000000000000007)(22.42547505920445 103.0)
(0.02 263.0 0.24000000000000007)(20.332414304674334 118.0)
(0.02 268.0 0.01)(61.023753483977885 37.0)
(0.02 268.0 0.02)(57.56836054488233 46.0)
(0.02 268.0 0.03)(53.102561006014696 58.0)
(0.02 268.0 0.04)(52.29376166171379 64.0)
(0.02 268.0 0.05)(46.73013663690693 68.0)
(0.02 268.0 0.060000000000000005)(41.20939781288217 69.0)
(0.02 268.0 0.07)(39.58814698710687 71.0)
(0.02 268.0 0.08)(36.652693314643514 78.0)
(0.02 268.0 0.09)(35.71702989969659 81.0)
(0.02 268.0 0.09999999999999999)(35.15342327344148 87.0)
(0.02 268.0 0.10999999999999999)(27.814250917488508 97.0)
(0.02 268.0 0.11999999999999998)(28.392928644132024 97.0)
(0.02 268.0 0.12999999999999998)(25.37150387209333 100.0)
(0.02 268.0 0.13999999999999999)(25.396419526193295 102.0)
(0.02 268.0 0.15)(23.71410949279883 101.0)
(0.02 268.0 0.16)(23.779780045315604 102.0)
(0.02 268.0 0.17)(23.80187017867782 101.0)
(0.02 268.0 0.18000000000000002)(23.972331486967246 106.0)
(0.02 268.0 0.19000000000000003)(22.166105535247787 106.0)
(0.02 268.0 0.20000000000000004)(23.64555181872609 114.0)
(0.02 268.0 0.21000000000000005)(21.727971999660358 109.0)
(0.02 268.0 0.22000000000000006)(25.448708163691812 107.0)
(0.02 268.0 0.23000000000000007)(22.42547505920445 103.0)
(0.02 268.0 0.24000000000000007)(20.332414304674334 118.0)
(0.02 273.0 0.01)(61.023753483977885 37.0)
(0.02 273.0 0.02)(57.56836054488233 46.0)
(0.02 273.0 0.03)(53.102561006014696 58.0)
(0.02 273.0 0.04)(52.29376166171379 64.0)
(0.02 273.0 0.05)(46.73013663690693 68.0)
(0.02 273.0 0.060000000000000005)(41.20939781288217 69.0)
(0.02 273.0 0.07)(39.58814698710687 71.0)
(0.02 273.0 0.08)(36.652693314643514 78.0)
(0.02 273.0 0.09)(35.71702989969659 81.0)
(0.02 273.0 0.09999999999999999)(35.15342327344148 87.0)
(0.02 273.0 0.10999999999999999)(27.814250917488508 97.0)
(0.02 273.0 0.11999999999999998)(28.392928644132024 97.0)
(0.02 273.0 0.12999999999999998)(25.37150387209333 100.0)
(0.02 273.0 0.13999999999999999)(25.396419526193295 102.0)
(0.02 273.0 0.15)(23.71410949279883 101.0)
(0.02 273.0 0.16)(23.779780045315604 102.0)
(0.02 273.0 0.17)(23.80187017867782 101.0)
(0.02 273.0 0.18000000000000002)(23.972331486967246 106.0)
(0.02 273.0 0.19000000000000003)(22.166105535247787 106.0)
(0.02 273.0 0.20000000000000004)(23.64555181872609 114.0)
(0.02 273.0 0.21000000000000005)(21.727971999660358 109.0)
(0.02 273.0 0.22000000000000006)(25.448708163691812 107.0)
(0.02 273.0 0.23000000000000007)(22.42547505920445 103.0)
(0.02 273.0 0.24000000000000007)(20.332414304674334 118.0)
(0.02 278.0 0.01)(61.023753483977885 37.0)
(0.02 278.0 0.02)(57.56836054488233 46.0)
(0.02 278.0 0.03)(53.102561006014696 58.0)
(0.02 278.0 0.04)(52.29376166171379 64.0)
(0.02 278.0 0.05)(46.73013663690693 68.0)
(0.02 278.0 0.060000000000000005)(41.20939781288217 69.0)
(0.02 278.0 0.07)(39.58814698710687 71.0)
(0.02 278.0 0.08)(36.652693314643514 78.0)
(0.02 278.0 0.09)(35.71702989969659 81.0)
(0.02 278.0 0.09999999999999999)(35.15342327344148 87.0)
(0.02 278.0 0.10999999999999999)(27.814250917488508 97.0)
(0.02 278.0 0.11999999999999998)(28.392928644132024 97.0)
(0.02 278.0 0.12999999999999998)(25.37150387209333 100.0)
(0.02 278.0 0.13999999999999999)(25.396419526193295 102.0)
(0.02 278.0 0.15)(23.71410949279883 101.0)
(0.02 278.0 0.16)(23.779780045315604 102.0)
(0.02 278.0 0.17)(23.80187017867782 101.0)
(0.02 278.0 0.18000000000000002)(23.972331486967246 106.0)
(0.02 278.0 0.19000000000000003)(22.166105535247787 106.0)
(0.02 278.0 0.20000000000000004)(23.64555181872609 114.0)
(0.02 278.0 0.21000000000000005)(21.727971999660358 109.0)
(0.02 278.0 0.22000000000000006)(25.448708163691812 107.0)
(0.02 278.0 0.23000000000000007)(22.42547505920445 103.0)
(0.02 278.0 0.24000000000000007)(20.332414304674334 118.0)
(0.02 283.0 0.01)(61.023753483977885 37.0)
(0.02 283.0 0.02)(57.56836054488233 46.0)
(0.02 283.0 0.03)(53.102561006014696 58.0)
(0.02 283.0 0.04)(52.29376166171379 64.0)
(0.02 283.0 0.05)(46.73013663690693 68.0)
(0.02 283.0 0.060000000000000005)(41.20939781288217 69.0)
(0.02 283.0 0.07)(39.58814698710687 71.0)
(0.02 283.0 0.08)(36.652693314643514 78.0)
(0.02 283.0 0.09)(35.71702989969659 81.0)
(0.02 283.0 0.09999999999999999)(35.15342327344148 87.0)
(0.02 283.0 0.10999999999999999)(27.814250917488508 97.0)
(0.02 283.0 0.11999999999999998)(28.392928644132024 97.0)
(0.02 283.0 0.12999999999999998)(25.37150387209333 100.0)
(0.02 283.0 0.13999999999999999)(25.396419526193295 102.0)
(0.02 283.0 0.15)(23.71410949279883 101.0)
(0.02 283.0 0.16)(23.779780045315604 102.0)
(0.02 283.0 0.17)(23.80187017867782 101.0)
(0.02 283.0 0.18000000000000002)(23.972331486967246 106.0)
(0.02 283.0 0.19000000000000003)(22.166105535247787 106.0)
(0.02 283.0 0.20000000000000004)(23.64555181872609 114.0)
(0.02 283.0 0.21000000000000005)(21.727971999660358 109.0)
(0.02 283.0 0.22000000000000006)(25.448708163691812 107.0)
(0.02 283.0 0.23000000000000007)(22.42547505920445 103.0)
(0.02 283.0 0.24000000000000007)(20.332414304674334 118.0)
(0.02 288.0 0.01)(61.023753483977885 37.0)
(0.02 288.0 0.02)(57.56836054488233 46.0)
(0.02 288.0 0.03)(53.102561006014696 58.0)
(0.02 288.0 0.04)(52.29376166171379 64.0)
(0.02 288.0 0.05)(46.73013663690693 68.0)
(0.02 288.0 0.060000000000000005)(41.20939781288217 69.0)
(0.02 288.0 0.07)(39.58814698710687 71.0)
(0.02 288.0 0.08)(36.652693314643514 78.0)
(0.02 288.0 0.09)(35.71702989969659 81.0)
(0.02 288.0 0.09999999999999999)(35.15342327344148 87.0)
(0.02 288.0 0.10999999999999999)(27.814250917488508 97.0)
(0.02 288.0 0.11999999999999998)(28.392928644132024 97.0)
(0.02 288.0 0.12999999999999998)(25.37150387209333 100.0)
(0.02 288.0 0.13999999999999999)(25.396419526193295 102.0)
(0.02 288.0 0.15)(23.71410949279883 101.0)
(0.02 288.0 0.16)(23.779780045315604 102.0)
(0.02 288.0 0.17)(23.80187017867782 101.0)
(0.02 288.0 0.18000000000000002)(23.972331486967246 106.0)
(0.02 288.0 0.19000000000000003)(22.166105535247787 106.0)
(0.02 288.0 0.20000000000000004)(23.64555181872609 114.0)
(0.02 288.0 0.21000000000000005)(21.727971999660358 109.0)
(0.02 288.0 0.22000000000000006)(25.448708163691812 107.0)
(0.02 288.0 0.23000000000000007)(22.42547505920445 103.0)
(0.02 288.0 0.24000000000000007)(20.332414304674334 118.0)
(0.02 293.0 0.01)(61.023753483977885 37.0)
(0.02 293.0 0.02)(57.56836054488233 46.0)
(0.02 293.0 0.03)(53.102561006014696 58.0)
(0.02 293.0 0.04)(52.29376166171379 64.0)
(0.02 293.0 0.05)(46.73013663690693 68.0)
(0.02 293.0 0.060000000000000005)(41.20939781288217 69.0)
(0.02 293.0 0.07)(39.58814698710687 71.0)
(0.02 293.0 0.08)(36.652693314643514 78.0)
(0.02 293.0 0.09)(35.71702989969659 81.0)
(0.02 293.0 0.09999999999999999)(35.15342327344148 87.0)
(0.02 293.0 0.10999999999999999)(27.814250917488508 97.0)
(0.02 293.0 0.11999999999999998)(28.392928644132024 97.0)
(0.02 293.0 0.12999999999999998)(25.37150387209333 100.0)
(0.02 293.0 0.13999999999999999)(25.396419526193295 102.0)
(0.02 293.0 0.15)(23.71410949279883 101.0)
(0.02 293.0 0.16)(23.779780045315604 102.0)
(0.02 293.0 0.17)(23.80187017867782 101.0)
(0.02 293.0 0.18000000000000002)(23.972331486967246 106.0)
(0.02 293.0 0.19000000000000003)(22.166105535247787 106.0)
(0.02 293.0 0.20000000000000004)(23.64555181872609 114.0)
(0.02 293.0 0.21000000000000005)(21.727971999660358 109.0)
(0.02 293.0 0.22000000000000006)(25.448708163691812 107.0)
(0.02 293.0 0.23000000000000007)(22.42547505920445 103.0)
(0.02 293.0 0.24000000000000007)(20.332414304674334 118.0)
(0.02 298.0 0.01)(61.023753483977885 37.0)
(0.02 298.0 0.02)(57.56836054488233 46.0)
(0.02 298.0 0.03)(53.102561006014696 58.0)
(0.02 298.0 0.04)(52.29376166171379 64.0)
(0.02 298.0 0.05)(46.73013663690693 68.0)
(0.02 298.0 0.060000000000000005)(41.20939781288217 69.0)
(0.02 298.0 0.07)(39.58814698710687 71.0)
(0.02 298.0 0.08)(36.652693314643514 78.0)
(0.02 298.0 0.09)(35.71702989969659 81.0)
(0.02 298.0 0.09999999999999999)(35.15342327344148 87.0)
(0.02 298.0 0.10999999999999999)(27.814250917488508 97.0)
(0.02 298.0 0.11999999999999998)(28.392928644132024 97.0)
(0.02 298.0 0.12999999999999998)(25.37150387209333 100.0)
(0.02 298.0 0.13999999999999999)(25.396419526193295 102.0)
(0.02 298.0 0.15)(23.71410949279883 101.0)
(0.02 298.0 0.16)(23.779780045315604 102.0)
(0.02 298.0 0.17)(23.80187017867782 101.0)
(0.02 298.0 0.18000000000000002)(23.972331486967246 106.0)
(0.02 298.0 0.19000000000000003)(22.166105535247787 106.0)
(0.02 298.0 0.20000000000000004)(23.64555181872609 114.0)
(0.02 298.0 0.21000000000000005)(21.727971999660358 109.0)
(0.02 298.0 0.22000000000000006)(25.448708163691812 107.0)
(0.02 298.0 0.23000000000000007)(22.42547505920445 103.0)
(0.02 298.0 0.24000000000000007)(20.332414304674334 118.0)
(0.02 303.0 0.01)(61.023753483977885 37.0)
(0.02 303.0 0.02)(57.56836054488233 46.0)
(0.02 303.0 0.03)(53.102561006014696 58.0)
(0.02 303.0 0.04)(52.29376166171379 64.0)
(0.02 303.0 0.05)(46.73013663690693 68.0)
(0.02 303.0 0.060000000000000005)(41.20939781288217 69.0)
(0.02 303.0 0.07)(39.58814698710687 71.0)
(0.02 303.0 0.08)(36.652693314643514 78.0)
(0.02 303.0 0.09)(35.71702989969659 81.0)
(0.02 303.0 0.09999999999999999)(35.15342327344148 87.0)
(0.02 303.0 0.10999999999999999)(27.814250917488508 97.0)
(0.02 303.0 0.11999999999999998)(28.392928644132024 97.0)
(0.02 303.0 0.12999999999999998)(25.37150387209333 100.0)
(0.02 303.0 0.13999999999999999)(25.396419526193295 102.0)
(0.02 303.0 0.15)(23.71410949279883 101.0)
(0.02 303.0 0.16)(23.779780045315604 102.0)
(0.02 303.0 0.17)(23.80187017867782 101.0)
(0.02 303.0 0.18000000000000002)(23.972331486967246 106.0)
(0.02 303.0 0.19000000000000003)(22.166105535247787 106.0)
(0.02 303.0 0.20000000000000004)(23.64555181872609 114.0)
(0.02 303.0 0.21000000000000005)(21.727971999660358 109.0)
(0.02 303.0 0.22000000000000006)(25.448708163691812 107.0)
(0.02 303.0 0.23000000000000007)(22.42547505920445 103.0)
(0.02 303.0 0.24000000000000007)(20.332414304674334 118.0)
(0.02 308.0 0.01)(61.023753483977885 37.0)
(0.02 308.0 0.02)(57.56836054488233 46.0)
(0.02 308.0 0.03)(53.102561006014696 58.0)
(0.02 308.0 0.04)(52.29376166171379 64.0)
(0.02 308.0 0.05)(46.73013663690693 68.0)
(0.02 308.0 0.060000000000000005)(41.20939781288217 69.0)
(0.02 308.0 0.07)(39.58814698710687 71.0)
(0.02 308.0 0.08)(36.652693314643514 78.0)
(0.02 308.0 0.09)(35.71702989969659 81.0)
(0.02 308.0 0.09999999999999999)(35.15342327344148 87.0)
(0.02 308.0 0.10999999999999999)(27.814250917488508 97.0)
(0.02 308.0 0.11999999999999998)(28.392928644132024 97.0)
(0.02 308.0 0.12999999999999998)(25.37150387209333 100.0)
(0.02 308.0 0.13999999999999999)(25.396419526193295 102.0)
(0.02 308.0 0.15)(23.71410949279883 101.0)
(0.02 308.0 0.16)(23.779780045315604 102.0)
(0.02 308.0 0.17)(23.80187017867782 101.0)
(0.02 308.0 0.18000000000000002)(23.972331486967246 106.0)
(0.02 308.0 0.19000000000000003)(22.166105535247787 106.0)
(0.02 308.0 0.20000000000000004)(23.64555181872609 114.0)
(0.02 308.0 0.21000000000000005)(21.727971999660358 109.0)
(0.02 308.0 0.22000000000000006)(25.448708163691812 107.0)
(0.02 308.0 0.23000000000000007)(22.42547505920445 103.0)
(0.02 308.0 0.24000000000000007)(20.332414304674334 118.0)
(0.02 313.0 0.01)(61.023753483977885 37.0)
(0.02 313.0 0.02)(57.56836054488233 46.0)
(0.02 313.0 0.03)(53.102561006014696 58.0)
(0.02 313.0 0.04)(52.29376166171379 64.0)
(0.02 313.0 0.05)(46.73013663690693 68.0)
(0.02 313.0 0.060000000000000005)(41.20939781288217 69.0)
(0.02 313.0 0.07)(39.58814698710687 71.0)
(0.02 313.0 0.08)(36.652693314643514 78.0)
(0.02 313.0 0.09)(35.71702989969659 81.0)
(0.02 313.0 0.09999999999999999)(35.15342327344148 87.0)
(0.02 313.0 0.10999999999999999)(27.814250917488508 97.0)
(0.02 313.0 0.11999999999999998)(28.392928644132024 97.0)
(0.02 313.0 0.12999999999999998)(25.37150387209333 100.0)
(0.02 313.0 0.13999999999999999)(25.396419526193295 102.0)
(0.02 313.0 0.15)(23.71410949279883 101.0)
(0.02 313.0 0.16)(23.779780045315604 102.0)
(0.02 313.0 0.17)(23.80187017867782 101.0)
(0.02 313.0 0.18000000000000002)(23.972331486967246 106.0)
(0.02 313.0 0.19000000000000003)(22.166105535247787 106.0)
(0.02 313.0 0.20000000000000004)(23.64555181872609 114.0)
(0.02 313.0 0.21000000000000005)(21.727971999660358 109.0)
(0.02 313.0 0.22000000000000006)(25.448708163691812 107.0)
(0.02 313.0 0.23000000000000007)(22.42547505920445 103.0)
(0.02 313.0 0.24000000000000007)(20.332414304674334 118.0)
(0.02 318.0 0.01)(61.023753483977885 37.0)
(0.02 318.0 0.02)(57.56836054488233 46.0)
(0.02 318.0 0.03)(53.102561006014696 58.0)
(0.02 318.0 0.04)(52.29376166171379 64.0)
(0.02 318.0 0.05)(46.73013663690693 68.0)
(0.02 318.0 0.060000000000000005)(41.20939781288217 69.0)
(0.02 318.0 0.07)(39.58814698710687 71.0)
(0.02 318.0 0.08)(36.652693314643514 78.0)
(0.02 318.0 0.09)(35.71702989969659 81.0)
(0.02 318.0 0.09999999999999999)(35.15342327344148 87.0)
(0.02 318.0 0.10999999999999999)(27.814250917488508 97.0)
(0.02 318.0 0.11999999999999998)(28.392928644132024 97.0)
(0.02 318.0 0.12999999999999998)(25.37150387209333 100.0)
(0.02 318.0 0.13999999999999999)(25.396419526193295 102.0)
(0.02 318.0 0.15)(23.71410949279883 101.0)
(0.02 318.0 0.16)(23.779780045315604 102.0)
(0.02 318.0 0.17)(23.80187017867782 101.0)
(0.02 318.0 0.18000000000000002)(23.972331486967246 106.0)
(0.02 318.0 0.19000000000000003)(22.166105535247787 106.0)
(0.02 318.0 0.20000000000000004)(23.64555181872609 114.0)
(0.02 318.0 0.21000000000000005)(21.727971999660358 109.0)
(0.02 318.0 0.22000000000000006)(25.448708163691812 107.0)
(0.02 318.0 0.23000000000000007)(22.42547505920445 103.0)
(0.02 318.0 0.24000000000000007)(20.332414304674334 118.0)
(0.02 323.0 0.01)(61.023753483977885 37.0)
(0.02 323.0 0.02)(57.56836054488233 46.0)
(0.02 323.0 0.03)(53.102561006014696 58.0)
(0.02 323.0 0.04)(52.29376166171379 64.0)
(0.02 323.0 0.05)(46.73013663690693 68.0)
(0.02 323.0 0.060000000000000005)(41.20939781288217 69.0)
(0.02 323.0 0.07)(39.58814698710687 71.0)
(0.02 323.0 0.08)(36.652693314643514 78.0)
(0.02 323.0 0.09)(35.71702989969659 81.0)
(0.02 323.0 0.09999999999999999)(35.15342327344148 87.0)
(0.02 323.0 0.10999999999999999)(27.814250917488508 97.0)
(0.02 323.0 0.11999999999999998)(28.392928644132024 97.0)
(0.02 323.0 0.12999999999999998)(25.37150387209333 100.0)
(0.02 323.0 0.13999999999999999)(25.396419526193295 102.0)
(0.02 323.0 0.15)(23.71410949279883 101.0)
(0.02 323.0 0.16)(23.779780045315604 102.0)
(0.02 323.0 0.17)(23.80187017867782 101.0)
(0.02 323.0 0.18000000000000002)(23.972331486967246 106.0)
(0.02 323.0 0.19000000000000003)(22.166105535247787 106.0)
(0.02 323.0 0.20000000000000004)(23.64555181872609 114.0)
(0.02 323.0 0.21000000000000005)(21.727971999660358 109.0)
(0.02 323.0 0.22000000000000006)(25.448708163691812 107.0)
(0.02 323.0 0.23000000000000007)(22.42547505920445 103.0)
(0.02 323.0 0.24000000000000007)(20.332414304674334 118.0)
(0.02 328.0 0.01)(61.023753483977885 37.0)
(0.02 328.0 0.02)(57.56836054488233 46.0)
(0.02 328.0 0.03)(53.102561006014696 58.0)
(0.02 328.0 0.04)(52.29376166171379 64.0)
(0.02 328.0 0.05)(46.73013663690693 68.0)
(0.02 328.0 0.060000000000000005)(41.20939781288217 69.0)
(0.02 328.0 0.07)(39.58814698710687 71.0)
(0.02 328.0 0.08)(36.652693314643514 78.0)
(0.02 328.0 0.09)(35.71702989969659 81.0)
(0.02 328.0 0.09999999999999999)(35.15342327344148 87.0)
(0.02 328.0 0.10999999999999999)(27.814250917488508 97.0)
(0.02 328.0 0.11999999999999998)(28.392928644132024 97.0)
(0.02 328.0 0.12999999999999998)(25.37150387209333 100.0)
(0.02 328.0 0.13999999999999999)(25.396419526193295 102.0)
(0.02 328.0 0.15)(23.71410949279883 101.0)
(0.02 328.0 0.16)(23.779780045315604 102.0)
(0.02 328.0 0.17)(23.80187017867782 101.0)
(0.02 328.0 0.18000000000000002)(23.972331486967246 106.0)
(0.02 328.0 0.19000000000000003)(22.166105535247787 106.0)
(0.02 328.0 0.20000000000000004)(23.64555181872609 114.0)
(0.02 328.0 0.21000000000000005)(21.727971999660358 109.0)
(0.02 328.0 0.22000000000000006)(25.448708163691812 107.0)
(0.02 328.0 0.23000000000000007)(22.42547505920445 103.0)
(0.02 328.0 0.24000000000000007)(20.332414304674334 118.0)
(0.02 333.0 0.01)(61.023753483977885 37.0)
(0.02 333.0 0.02)(57.56836054488233 46.0)
(0.02 333.0 0.03)(53.102561006014696 58.0)
(0.02 333.0 0.04)(52.29376166171379 64.0)
(0.02 333.0 0.05)(46.73013663690693 68.0)
(0.02 333.0 0.060000000000000005)(41.20939781288217 69.0)
(0.02 333.0 0.07)(39.58814698710687 71.0)
(0.02 333.0 0.08)(36.652693314643514 78.0)
(0.02 333.0 0.09)(35.71702989969659 81.0)
(0.02 333.0 0.09999999999999999)(35.15342327344148 87.0)
(0.02 333.0 0.10999999999999999)(27.814250917488508 97.0)
(0.02 333.0 0.11999999999999998)(28.392928644132024 97.0)
(0.02 333.0 0.12999999999999998)(25.37150387209333 100.0)
(0.02 333.0 0.13999999999999999)(25.396419526193295 102.0)
(0.02 333.0 0.15)(23.71410949279883 101.0)
(0.02 333.0 0.16)(23.779780045315604 102.0)
(0.02 333.0 0.17)(23.80187017867782 101.0)
(0.02 333.0 0.18000000000000002)(23.972331486967246 106.0)
(0.02 333.0 0.19000000000000003)(22.166105535247787 106.0)
(0.02 333.0 0.20000000000000004)(23.64555181872609 114.0)
(0.02 333.0 0.21000000000000005)(21.727971999660358 109.0)
(0.02 333.0 0.22000000000000006)(25.448708163691812 107.0)
(0.02 333.0 0.23000000000000007)(22.42547505920445 103.0)
(0.02 333.0 0.24000000000000007)(20.332414304674334 118.0)
(0.02 338.0 0.01)(61.023753483977885 37.0)
(0.02 338.0 0.02)(57.56836054488233 46.0)
(0.02 338.0 0.03)(53.102561006014696 58.0)
(0.02 338.0 0.04)(52.29376166171379 64.0)
(0.02 338.0 0.05)(46.73013663690693 68.0)
(0.02 338.0 0.060000000000000005)(41.20939781288217 69.0)
(0.02 338.0 0.07)(39.58814698710687 71.0)
(0.02 338.0 0.08)(36.652693314643514 78.0)
(0.02 338.0 0.09)(35.71702989969659 81.0)
(0.02 338.0 0.09999999999999999)(35.15342327344148 87.0)
(0.02 338.0 0.10999999999999999)(27.814250917488508 97.0)
(0.02 338.0 0.11999999999999998)(28.392928644132024 97.0)
(0.02 338.0 0.12999999999999998)(25.37150387209333 100.0)
(0.02 338.0 0.13999999999999999)(25.396419526193295 102.0)
(0.02 338.0 0.15)(23.71410949279883 101.0)
(0.02 338.0 0.16)(23.779780045315604 102.0)
(0.02 338.0 0.17)(23.80187017867782 101.0)
(0.02 338.0 0.18000000000000002)(23.972331486967246 106.0)
(0.02 338.0 0.19000000000000003)(22.166105535247787 106.0)
(0.02 338.0 0.20000000000000004)(23.64555181872609 114.0)
(0.02 338.0 0.21000000000000005)(21.727971999660358 109.0)
(0.02 338.0 0.22000000000000006)(25.448708163691812 107.0)
(0.02 338.0 0.23000000000000007)(22.42547505920445 103.0)
(0.02 338.0 0.24000000000000007)(20.332414304674334 118.0)
(0.02 343.0 0.01)(61.023753483977885 37.0)
(0.02 343.0 0.02)(57.56836054488233 46.0)
(0.02 343.0 0.03)(53.102561006014696 58.0)
(0.02 343.0 0.04)(52.29376166171379 64.0)
(0.02 343.0 0.05)(46.73013663690693 68.0)
(0.02 343.0 0.060000000000000005)(41.20939781288217 69.0)
(0.02 343.0 0.07)(39.58814698710687 71.0)
(0.02 343.0 0.08)(36.652693314643514 78.0)
(0.02 343.0 0.09)(35.71702989969659 81.0)
(0.02 343.0 0.09999999999999999)(35.15342327344148 87.0)
(0.02 343.0 0.10999999999999999)(27.814250917488508 97.0)
(0.02 343.0 0.11999999999999998)(28.392928644132024 97.0)
(0.02 343.0 0.12999999999999998)(25.37150387209333 100.0)
(0.02 343.0 0.13999999999999999)(25.396419526193295 102.0)
(0.02 343.0 0.15)(23.71410949279883 101.0)
(0.02 343.0 0.16)(23.779780045315604 102.0)
(0.02 343.0 0.17)(23.80187017867782 101.0)
(0.02 343.0 0.18000000000000002)(23.972331486967246 106.0)
(0.02 343.0 0.19000000000000003)(22.166105535247787 106.0)
(0.02 343.0 0.20000000000000004)(23.64555181872609 114.0)
(0.02 343.0 0.21000000000000005)(21.727971999660358 109.0)
(0.02 343.0 0.22000000000000006)(25.448708163691812 107.0)
(0.02 343.0 0.23000000000000007)(22.42547505920445 103.0)
(0.02 343.0 0.24000000000000007)(20.332414304674334 118.0)
(0.02 348.0 0.01)(61.023753483977885 37.0)
(0.02 348.0 0.02)(57.56836054488233 46.0)
(0.02 348.0 0.03)(53.102561006014696 58.0)
(0.02 348.0 0.04)(52.29376166171379 64.0)
(0.02 348.0 0.05)(46.73013663690693 68.0)
(0.02 348.0 0.060000000000000005)(41.20939781288217 69.0)
(0.02 348.0 0.07)(39.58814698710687 71.0)
(0.02 348.0 0.08)(36.652693314643514 78.0)
(0.02 348.0 0.09)(35.71702989969659 81.0)
(0.02 348.0 0.09999999999999999)(35.15342327344148 87.0)
(0.02 348.0 0.10999999999999999)(27.814250917488508 97.0)
(0.02 348.0 0.11999999999999998)(28.392928644132024 97.0)
(0.02 348.0 0.12999999999999998)(25.37150387209333 100.0)
(0.02 348.0 0.13999999999999999)(25.396419526193295 102.0)
(0.02 348.0 0.15)(23.71410949279883 101.0)
(0.02 348.0 0.16)(23.779780045315604 102.0)
(0.02 348.0 0.17)(23.80187017867782 101.0)
(0.02 348.0 0.18000000000000002)(23.972331486967246 106.0)
(0.02 348.0 0.19000000000000003)(22.166105535247787 106.0)
(0.02 348.0 0.20000000000000004)(23.64555181872609 114.0)
(0.02 348.0 0.21000000000000005)(21.727971999660358 109.0)
(0.02 348.0 0.22000000000000006)(25.448708163691812 107.0)
(0.02 348.0 0.23000000000000007)(22.42547505920445 103.0)
(0.02 348.0 0.24000000000000007)(20.332414304674334 118.0)
(0.02 353.0 0.01)(61.023753483977885 37.0)
(0.02 353.0 0.02)(57.56836054488233 46.0)
(0.02 353.0 0.03)(53.102561006014696 58.0)
(0.02 353.0 0.04)(52.29376166171379 64.0)
(0.02 353.0 0.05)(46.73013663690693 68.0)
(0.02 353.0 0.060000000000000005)(41.20939781288217 69.0)
(0.02 353.0 0.07)(39.58814698710687 71.0)
(0.02 353.0 0.08)(36.652693314643514 78.0)
(0.02 353.0 0.09)(35.71702989969659 81.0)
(0.02 353.0 0.09999999999999999)(35.15342327344148 87.0)
(0.02 353.0 0.10999999999999999)(27.814250917488508 97.0)
(0.02 353.0 0.11999999999999998)(28.392928644132024 97.0)
(0.02 353.0 0.12999999999999998)(25.37150387209333 100.0)
(0.02 353.0 0.13999999999999999)(25.396419526193295 102.0)
(0.02 353.0 0.15)(23.71410949279883 101.0)
(0.02 353.0 0.16)(23.779780045315604 102.0)
(0.02 353.0 0.17)(23.80187017867782 101.0)
(0.02 353.0 0.18000000000000002)(23.972331486967246 106.0)
(0.02 353.0 0.19000000000000003)(22.166105535247787 106.0)
(0.02 353.0 0.20000000000000004)(23.64555181872609 114.0)
(0.02 353.0 0.21000000000000005)(21.727971999660358 109.0)
(0.02 353.0 0.22000000000000006)(25.448708163691812 107.0)
(0.02 353.0 0.23000000000000007)(22.42547505920445 103.0)
(0.02 353.0 0.24000000000000007)(20.332414304674334 118.0)
(0.02 358.0 0.01)(61.023753483977885 37.0)
(0.02 358.0 0.02)(57.56836054488233 46.0)
(0.02 358.0 0.03)(53.102561006014696 58.0)
(0.02 358.0 0.04)(52.29376166171379 64.0)
(0.02 358.0 0.05)(46.73013663690693 68.0)
(0.02 358.0 0.060000000000000005)(41.20939781288217 69.0)
(0.02 358.0 0.07)(39.58814698710687 71.0)
(0.02 358.0 0.08)(36.652693314643514 78.0)
(0.02 358.0 0.09)(35.71702989969659 81.0)
(0.02 358.0 0.09999999999999999)(35.15342327344148 87.0)
(0.02 358.0 0.10999999999999999)(27.814250917488508 97.0)
(0.02 358.0 0.11999999999999998)(28.392928644132024 97.0)
(0.02 358.0 0.12999999999999998)(25.37150387209333 100.0)
(0.02 358.0 0.13999999999999999)(25.396419526193295 102.0)
(0.02 358.0 0.15)(23.71410949279883 101.0)
(0.02 358.0 0.16)(23.779780045315604 102.0)
(0.02 358.0 0.17)(23.80187017867782 101.0)
(0.02 358.0 0.18000000000000002)(23.972331486967246 106.0)
(0.02 358.0 0.19000000000000003)(22.166105535247787 106.0)
(0.02 358.0 0.20000000000000004)(23.64555181872609 114.0)
(0.02 358.0 0.21000000000000005)(21.727971999660358 109.0)
(0.02 358.0 0.22000000000000006)(25.448708163691812 107.0)
(0.02 358.0 0.23000000000000007)(22.42547505920445 103.0)
(0.02 358.0 0.24000000000000007)(20.332414304674334 118.0)
(0.02 363.0 0.01)(61.023753483977885 37.0)
(0.02 363.0 0.02)(57.56836054488233 46.0)
(0.02 363.0 0.03)(53.102561006014696 58.0)
(0.02 363.0 0.04)(52.29376166171379 64.0)
(0.02 363.0 0.05)(46.73013663690693 68.0)
(0.02 363.0 0.060000000000000005)(41.20939781288217 69.0)
(0.02 363.0 0.07)(39.58814698710687 71.0)
(0.02 363.0 0.08)(36.652693314643514 78.0)
(0.02 363.0 0.09)(35.71702989969659 81.0)
(0.02 363.0 0.09999999999999999)(35.15342327344148 87.0)
(0.02 363.0 0.10999999999999999)(27.814250917488508 97.0)
(0.02 363.0 0.11999999999999998)(28.392928644132024 97.0)
(0.02 363.0 0.12999999999999998)(25.37150387209333 100.0)
(0.02 363.0 0.13999999999999999)(25.396419526193295 102.0)
(0.02 363.0 0.15)(23.71410949279883 101.0)
(0.02 363.0 0.16)(23.779780045315604 102.0)
(0.02 363.0 0.17)(23.80187017867782 101.0)
(0.02 363.0 0.18000000000000002)(23.972331486967246 106.0)
(0.02 363.0 0.19000000000000003)(22.166105535247787 106.0)
(0.02 363.0 0.20000000000000004)(23.64555181872609 114.0)
(0.02 363.0 0.21000000000000005)(21.727971999660358 109.0)
(0.02 363.0 0.22000000000000006)(25.448708163691812 107.0)
(0.02 363.0 0.23000000000000007)(22.42547505920445 103.0)
(0.02 363.0 0.24000000000000007)(20.332414304674334 118.0)
(0.02 368.0 0.01)(61.023753483977885 37.0)
(0.02 368.0 0.02)(57.56836054488233 46.0)
(0.02 368.0 0.03)(53.102561006014696 58.0)
(0.02 368.0 0.04)(52.29376166171379 64.0)
(0.02 368.0 0.05)(46.73013663690693 68.0)
(0.02 368.0 0.060000000000000005)(41.20939781288217 69.0)
(0.02 368.0 0.07)(39.58814698710687 71.0)
(0.02 368.0 0.08)(36.652693314643514 78.0)
(0.02 368.0 0.09)(35.71702989969659 81.0)
(0.02 368.0 0.09999999999999999)(35.15342327344148 87.0)
(0.02 368.0 0.10999999999999999)(27.814250917488508 97.0)
(0.02 368.0 0.11999999999999998)(28.392928644132024 97.0)
(0.02 368.0 0.12999999999999998)(25.37150387209333 100.0)
(0.02 368.0 0.13999999999999999)(25.396419526193295 102.0)
(0.02 368.0 0.15)(23.71410949279883 101.0)
(0.02 368.0 0.16)(23.779780045315604 102.0)
(0.02 368.0 0.17)(23.80187017867782 101.0)
(0.02 368.0 0.18000000000000002)(23.972331486967246 106.0)
(0.02 368.0 0.19000000000000003)(22.166105535247787 106.0)
(0.02 368.0 0.20000000000000004)(23.64555181872609 114.0)
(0.02 368.0 0.21000000000000005)(21.727971999660358 109.0)
(0.02 368.0 0.22000000000000006)(25.448708163691812 107.0)
(0.02 368.0 0.23000000000000007)(22.42547505920445 103.0)
(0.02 368.0 0.24000000000000007)(20.332414304674334 118.0)
(0.02 373.0 0.01)(61.023753483977885 37.0)
(0.02 373.0 0.02)(57.56836054488233 46.0)
(0.02 373.0 0.03)(53.102561006014696 58.0)
(0.02 373.0 0.04)(52.29376166171379 64.0)
(0.02 373.0 0.05)(46.73013663690693 68.0)
(0.02 373.0 0.060000000000000005)(41.20939781288217 69.0)
(0.02 373.0 0.07)(39.58814698710687 71.0)
(0.02 373.0 0.08)(36.652693314643514 78.0)
(0.02 373.0 0.09)(35.71702989969659 81.0)
(0.02 373.0 0.09999999999999999)(35.15342327344148 87.0)
(0.02 373.0 0.10999999999999999)(27.814250917488508 97.0)
(0.02 373.0 0.11999999999999998)(28.392928644132024 97.0)
(0.02 373.0 0.12999999999999998)(25.37150387209333 100.0)
(0.02 373.0 0.13999999999999999)(25.396419526193295 102.0)
(0.02 373.0 0.15)(23.71410949279883 101.0)
(0.02 373.0 0.16)(23.779780045315604 102.0)
(0.02 373.0 0.17)(23.80187017867782 101.0)
(0.02 373.0 0.18000000000000002)(23.972331486967246 106.0)
(0.02 373.0 0.19000000000000003)(22.166105535247787 106.0)
(0.02 373.0 0.20000000000000004)(23.64555181872609 114.0)
(0.02 373.0 0.21000000000000005)(21.727971999660358 109.0)
(0.02 373.0 0.22000000000000006)(25.448708163691812 107.0)
(0.02 373.0 0.23000000000000007)(22.42547505920445 103.0)
(0.02 373.0 0.24000000000000007)(20.332414304674334 118.0)
(0.02 378.0 0.01)(61.023753483977885 37.0)
(0.02 378.0 0.02)(57.56836054488233 46.0)
(0.02 378.0 0.03)(53.102561006014696 58.0)
(0.02 378.0 0.04)(52.29376166171379 64.0)
(0.02 378.0 0.05)(46.73013663690693 68.0)
(0.02 378.0 0.060000000000000005)(41.20939781288217 69.0)
(0.02 378.0 0.07)(39.58814698710687 71.0)
(0.02 378.0 0.08)(36.652693314643514 78.0)
(0.02 378.0 0.09)(35.71702989969659 81.0)
(0.02 378.0 0.09999999999999999)(35.15342327344148 87.0)
(0.02 378.0 0.10999999999999999)(27.814250917488508 97.0)
(0.02 378.0 0.11999999999999998)(28.392928644132024 97.0)
(0.02 378.0 0.12999999999999998)(25.37150387209333 100.0)
(0.02 378.0 0.13999999999999999)(25.396419526193295 102.0)
(0.02 378.0 0.15)(23.71410949279883 101.0)
(0.02 378.0 0.16)(23.779780045315604 102.0)
(0.02 378.0 0.17)(23.80187017867782 101.0)
(0.02 378.0 0.18000000000000002)(23.972331486967246 106.0)
(0.02 378.0 0.19000000000000003)(22.166105535247787 106.0)
(0.02 378.0 0.20000000000000004)(23.64555181872609 114.0)
(0.02 378.0 0.21000000000000005)(21.727971999660358 109.0)
(0.02 378.0 0.22000000000000006)(25.448708163691812 107.0)
(0.02 378.0 0.23000000000000007)(22.42547505920445 103.0)
(0.02 378.0 0.24000000000000007)(20.332414304674334 118.0)
(0.02 383.0 0.01)(61.023753483977885 37.0)
(0.02 383.0 0.02)(57.56836054488233 46.0)
(0.02 383.0 0.03)(53.102561006014696 58.0)
(0.02 383.0 0.04)(52.29376166171379 64.0)
(0.02 383.0 0.05)(46.73013663690693 68.0)
(0.02 383.0 0.060000000000000005)(41.20939781288217 69.0)
(0.02 383.0 0.07)(39.58814698710687 71.0)
(0.02 383.0 0.08)(36.652693314643514 78.0)
(0.02 383.0 0.09)(35.71702989969659 81.0)
(0.02 383.0 0.09999999999999999)(35.15342327344148 87.0)
(0.02 383.0 0.10999999999999999)(27.814250917488508 97.0)
(0.02 383.0 0.11999999999999998)(28.392928644132024 97.0)
(0.02 383.0 0.12999999999999998)(25.37150387209333 100.0)
(0.02 383.0 0.13999999999999999)(25.396419526193295 102.0)
(0.02 383.0 0.15)(23.71410949279883 101.0)
(0.02 383.0 0.16)(23.779780045315604 102.0)
(0.02 383.0 0.17)(23.80187017867782 101.0)
(0.02 383.0 0.18000000000000002)(23.972331486967246 106.0)
(0.02 383.0 0.19000000000000003)(22.166105535247787 106.0)
(0.02 383.0 0.20000000000000004)(23.64555181872609 114.0)
(0.02 383.0 0.21000000000000005)(21.727971999660358 109.0)
(0.02 383.0 0.22000000000000006)(25.448708163691812 107.0)
(0.02 383.0 0.23000000000000007)(22.42547505920445 103.0)
(0.02 383.0 0.24000000000000007)(20.332414304674334 118.0)
(0.02 388.0 0.01)(61.023753483977885 37.0)
(0.02 388.0 0.02)(57.56836054488233 46.0)
(0.02 388.0 0.03)(53.102561006014696 58.0)
(0.02 388.0 0.04)(52.29376166171379 64.0)
(0.02 388.0 0.05)(46.73013663690693 68.0)
(0.02 388.0 0.060000000000000005)(41.20939781288217 69.0)
(0.02 388.0 0.07)(39.58814698710687 71.0)
(0.02 388.0 0.08)(36.652693314643514 78.0)
(0.02 388.0 0.09)(35.71702989969659 81.0)
(0.02 388.0 0.09999999999999999)(35.15342327344148 87.0)
(0.02 388.0 0.10999999999999999)(27.814250917488508 97.0)
(0.02 388.0 0.11999999999999998)(28.392928644132024 97.0)
(0.02 388.0 0.12999999999999998)(25.37150387209333 100.0)
(0.02 388.0 0.13999999999999999)(25.396419526193295 102.0)
(0.02 388.0 0.15)(23.71410949279883 101.0)
(0.02 388.0 0.16)(23.779780045315604 102.0)
(0.02 388.0 0.17)(23.80187017867782 101.0)
(0.02 388.0 0.18000000000000002)(23.972331486967246 106.0)
(0.02 388.0 0.19000000000000003)(22.166105535247787 106.0)
(0.02 388.0 0.20000000000000004)(23.64555181872609 114.0)
(0.02 388.0 0.21000000000000005)(21.727971999660358 109.0)
(0.02 388.0 0.22000000000000006)(25.448708163691812 107.0)
(0.02 388.0 0.23000000000000007)(22.42547505920445 103.0)
(0.02 388.0 0.24000000000000007)(20.332414304674334 118.0)
(0.02 393.0 0.01)(61.023753483977885 37.0)
(0.02 393.0 0.02)(57.56836054488233 46.0)
(0.02 393.0 0.03)(53.102561006014696 58.0)
(0.02 393.0 0.04)(52.29376166171379 64.0)
(0.02 393.0 0.05)(46.73013663690693 68.0)
(0.02 393.0 0.060000000000000005)(41.20939781288217 69.0)
(0.02 393.0 0.07)(39.58814698710687 71.0)
(0.02 393.0 0.08)(36.652693314643514 78.0)
(0.02 393.0 0.09)(35.71702989969659 81.0)
(0.02 393.0 0.09999999999999999)(35.15342327344148 87.0)
(0.02 393.0 0.10999999999999999)(27.814250917488508 97.0)
(0.02 393.0 0.11999999999999998)(28.392928644132024 97.0)
(0.02 393.0 0.12999999999999998)(25.37150387209333 100.0)
(0.02 393.0 0.13999999999999999)(25.396419526193295 102.0)
(0.02 393.0 0.15)(23.71410949279883 101.0)
(0.02 393.0 0.16)(23.779780045315604 102.0)
(0.02 393.0 0.17)(23.80187017867782 101.0)
(0.02 393.0 0.18000000000000002)(23.972331486967246 106.0)
(0.02 393.0 0.19000000000000003)(22.166105535247787 106.0)
(0.02 393.0 0.20000000000000004)(23.64555181872609 114.0)
(0.02 393.0 0.21000000000000005)(21.727971999660358 109.0)
(0.02 393.0 0.22000000000000006)(25.448708163691812 107.0)
(0.02 393.0 0.23000000000000007)(22.42547505920445 103.0)
(0.02 393.0 0.24000000000000007)(20.332414304674334 118.0)
(0.02 398.0 0.01)(61.023753483977885 37.0)
(0.02 398.0 0.02)(57.56836054488233 46.0)
(0.02 398.0 0.03)(53.102561006014696 58.0)
(0.02 398.0 0.04)(52.29376166171379 64.0)
(0.02 398.0 0.05)(46.73013663690693 68.0)
(0.02 398.0 0.060000000000000005)(41.20939781288217 69.0)
(0.02 398.0 0.07)(39.58814698710687 71.0)
(0.02 398.0 0.08)(36.652693314643514 78.0)
(0.02 398.0 0.09)(35.71702989969659 81.0)
(0.02 398.0 0.09999999999999999)(35.15342327344148 87.0)
(0.02 398.0 0.10999999999999999)(27.814250917488508 97.0)
(0.02 398.0 0.11999999999999998)(28.392928644132024 97.0)
(0.02 398.0 0.12999999999999998)(25.37150387209333 100.0)
(0.02 398.0 0.13999999999999999)(25.396419526193295 102.0)
(0.02 398.0 0.15)(23.71410949279883 101.0)
(0.02 398.0 0.16)(23.779780045315604 102.0)
(0.02 398.0 0.17)(23.80187017867782 101.0)
(0.02 398.0 0.18000000000000002)(23.972331486967246 106.0)
(0.02 398.0 0.19000000000000003)(22.166105535247787 106.0)
(0.02 398.0 0.20000000000000004)(23.64555181872609 114.0)
(0.02 398.0 0.21000000000000005)(21.727971999660358 109.0)
(0.02 398.0 0.22000000000000006)(25.448708163691812 107.0)
(0.02 398.0 0.23000000000000007)(22.42547505920445 103.0)
(0.02 398.0 0.24000000000000007)(20.332414304674334 118.0)
(0.03 3.0 0.01)(60.16965509825802 45.0)
(0.03 3.0 0.02)(59.776591961967355 51.0)
(0.03 3.0 0.03)(53.196625381537196 58.0)
(0.03 3.0 0.04)(40.25334911697646 80.0)
(0.03 3.0 0.05)(36.74108728293043 80.0)
(0.03 3.0 0.060000000000000005)(35.25599807919033 81.0)
(0.03 3.0 0.07)(37.55993243463508 80.0)
(0.03 3.0 0.08)(34.3224858380077 89.0)
(0.03 3.0 0.09)(34.67017219255568 89.0)
(0.03 3.0 0.09999999999999999)(30.28399502216712 108.0)
(0.03 3.0 0.10999999999999999)(23.54161885918946 107.0)
(0.03 3.0 0.11999999999999998)(22.10444463516895 110.0)
(0.03 3.0 0.12999999999999998)(21.000766340891683 114.0)
(0.03 3.0 0.13999999999999999)(23.340333079645124 108.0)
(0.03 3.0 0.15)(20.620174266897575 113.0)
(0.03 3.0 0.16)(22.77448942670099 121.0)
(0.03 3.0 0.17)(17.79207712673839 124.0)
(0.03 3.0 0.18000000000000002)(17.941427748564656 130.0)
(0.03 3.0 0.19000000000000003)(18.634843586024417 126.0)
(0.03 3.0 0.20000000000000004)(20.9101414185626 132.0)
(0.03 3.0 0.21000000000000005)(20.96605393471605 130.0)
(0.03 3.0 0.22000000000000006)(20.201118346563053 126.0)
(0.03 3.0 0.23000000000000007)(18.527206832733654 130.0)
(0.03 3.0 0.24000000000000007)(17.650535579255585 132.0)
(0.03 8.0 0.01)(60.388110097604624 42.0)
(0.03 8.0 0.02)(59.98243102409502 48.0)
(0.03 8.0 0.03)(51.28912177986661 62.0)
(0.03 8.0 0.04)(46.09438172039913 72.0)
(0.03 8.0 0.05)(37.505860786696175 78.0)
(0.03 8.0 0.060000000000000005)(37.505860786696175 78.0)
(0.03 8.0 0.07)(37.505860786696175 80.0)
(0.03 8.0 0.08)(34.32427401504276 87.0)
(0.03 8.0 0.09)(33.888854661750806 87.0)
(0.03 8.0 0.09999999999999999)(29.243076726033024 105.0)
(0.03 8.0 0.10999999999999999)(22.469053639925413 106.0)
(0.03 8.0 0.11999999999999998)(22.244310814582295 110.0)
(0.03 8.0 0.12999999999999998)(21.74662021268476 108.0)
(0.03 8.0 0.13999999999999999)(21.43751705778622 109.0)
(0.03 8.0 0.15)(20.434897345791363 114.0)
(0.03 8.0 0.16)(19.576174155871374 118.0)
(0.03 8.0 0.17)(19.338489597977233 124.0)
(0.03 8.0 0.18000000000000002)(20.059281695543724 124.0)
(0.03 8.0 0.19000000000000003)(21.685765330751376 121.0)
(0.03 8.0 0.20000000000000004)(18.289511973878536 132.0)
(0.03 8.0 0.21000000000000005)(20.714961202888542 125.0)
(0.03 8.0 0.22000000000000006)(19.60941128022656 127.0)
(0.03 8.0 0.23000000000000007)(20.00342921752551 126.0)
(0.03 8.0 0.24000000000000007)(19.53777674125521 126.0)
(0.03 13.0 0.01)(60.388110097604624 42.0)
(0.03 13.0 0.02)(59.98243102409502 48.0)
(0.03 13.0 0.03)(53.685613490225734 59.0)
(0.03 13.0 0.04)(52.61899774230742 66.0)
(0.03 13.0 0.05)(37.64515899334627 75.0)
(0.03 13.0 0.060000000000000005)(37.64515899334627 75.0)
(0.03 13.0 0.07)(37.59107500866365 77.0)
(0.03 13.0 0.08)(36.404328874739285 84.0)
(0.03 13.0 0.09)(33.58688829251462 86.0)
(0.03 13.0 0.09999999999999999)(31.666781372571695 97.0)
(0.03 13.0 0.10999999999999999)(23.691638515817985 103.0)
(0.03 13.0 0.11999999999999998)(24.806869227044302 100.0)
(0.03 13.0 0.12999999999999998)(24.788448147729504 101.0)
(0.03 13.0 0.13999999999999999)(23.227988354169618 105.0)
(0.03 13.0 0.15)(22.104569876127577 104.0)
(0.03 13.0 0.16)(21.298828421697497 106.0)
(0.03 13.0 0.17)(21.784687157554607 110.0)
(0.03 13.0 0.18000000000000002)(20.44499728798685 115.0)
(0.03 13.0 0.19000000000000003)(18.833466694023276 122.0)
(0.03 13.0 0.20000000000000004)(19.08440801613749 124.0)
(0.03 13.0 0.21000000000000005)(19.649310383106727 123.0)
(0.03 13.0 0.22000000000000006)(20.15723732576362 123.0)
(0.03 13.0 0.23000000000000007)(19.425157501333747 127.0)
(0.03 13.0 0.24000000000000007)(18.482930468850018 127.0)
(0.03 18.0 0.01)(60.77340038969995 40.0)
(0.03 18.0 0.02)(55.30848505584514 49.0)
(0.03 18.0 0.03)(52.66313380477081 59.0)
(0.03 18.0 0.04)(51.163300431292924 66.0)
(0.03 18.0 0.05)(37.71054263897229 74.0)
(0.03 18.0 0.060000000000000005)(37.64515899334627 75.0)
(0.03 18.0 0.07)(37.64515899334627 75.0)
(0.03 18.0 0.08)(36.542932588332725 81.0)
(0.03 18.0 0.09)(33.58688829251462 86.0)
(0.03 18.0 0.09999999999999999)(31.80256793294102 95.0)
(0.03 18.0 0.10999999999999999)(23.29930710003007 101.0)
(0.03 18.0 0.11999999999999998)(25.018119055806807 99.0)
(0.03 18.0 0.12999999999999998)(24.055658998748946 102.0)
(0.03 18.0 0.13999999999999999)(22.31557047603368 104.0)
(0.03 18.0 0.15)(24.336342274513076 100.0)
(0.03 18.0 0.16)(21.234606788608573 107.0)
(0.03 18.0 0.17)(21.846954422193924 110.0)
(0.03 18.0 0.18000000000000002)(21.544611304981448 113.0)
(0.03 18.0 0.19000000000000003)(20.044078937256888 114.0)
(0.03 18.0 0.20000000000000004)(20.309077126984363 117.0)
(0.03 18.0 0.21000000000000005)(20.145308672664015 121.0)
(0.03 18.0 0.22000000000000006)(20.931273116811667 116.0)
(0.03 18.0 0.23000000000000007)(21.058844231166262 115.0)
(0.03 18.0 0.24000000000000007)(19.58127152105936 123.0)
(0.03 23.0 0.01)(60.796981060198256 38.0)
(0.03 23.0 0.02)(55.30848505584514 49.0)
(0.03 23.0 0.03)(53.102561006014696 58.0)
(0.03 23.0 0.04)(51.163300431292924 66.0)
(0.03 23.0 0.05)(37.973810694973324 73.0)
(0.03 23.0 0.060000000000000005)(37.64515899334627 75.0)
(0.03 23.0 0.07)(37.64515899334627 75.0)
(0.03 23.0 0.08)(36.542932588332725 81.0)
(0.03 23.0 0.09)(33.58688829251462 86.0)
(0.03 23.0 0.09999999999999999)(32.093699915782956 92.0)
(0.03 23.0 0.10999999999999999)(23.029450758353065 103.0)
(0.03 23.0 0.11999999999999998)(23.087846771041047 102.0)
(0.03 23.0 0.12999999999999998)(24.055658998748946 102.0)
(0.03 23.0 0.13999999999999999)(25.169006020270455 103.0)
(0.03 23.0 0.15)(26.716497616858206 103.0)
(0.03 23.0 0.16)(21.07142155848544 110.0)
(0.03 23.0 0.17)(25.26406358657184 108.0)
(0.03 23.0 0.18000000000000002)(21.544611304981448 113.0)
(0.03 23.0 0.19000000000000003)(19.985686610953305 113.0)
(0.03 23.0 0.20000000000000004)(19.63335545139373 120.0)
(0.03 23.0 0.21000000000000005)(22.068005867910614 114.0)
(0.03 23.0 0.22000000000000006)(21.50043301538703 112.0)
(0.03 23.0 0.23000000000000007)(21.146390293972654 116.0)
(0.03 23.0 0.24000000000000007)(19.58127152105936 123.0)
(0.03 28.0 0.01)(60.796981060198256 38.0)
(0.03 28.0 0.02)(56.91927348502913 47.0)
(0.03 28.0 0.03)(53.102561006014696 58.0)
(0.03 28.0 0.04)(51.602548397474536 65.0)
(0.03 28.0 0.05)(45.787770020668724 69.0)
(0.03 28.0 0.060000000000000005)(39.85495936142076 70.0)
(0.03 28.0 0.07)(39.58814698710687 71.0)
(0.03 28.0 0.08)(36.39117354205674 79.0)
(0.03 28.0 0.09)(35.28700903034282 82.0)
(0.03 28.0 0.09999999999999999)(33.65417020559742 88.0)
(0.03 28.0 0.10999999999999999)(23.029450758353065 103.0)
(0.03 28.0 0.11999999999999998)(24.073544852560122 101.0)
(0.03 28.0 0.12999999999999998)(24.26518215247924 101.0)
(0.03 28.0 0.13999999999999999)(25.169006020270455 103.0)
(0.03 28.0 0.15)(26.716497616858206 103.0)
(0.03 28.0 0.16)(21.07142155848544 110.0)
(0.03 28.0 0.17)(25.26406358657184 108.0)
(0.03 28.0 0.18000000000000002)(25.05726776105539 107.0)
(0.03 28.0 0.19000000000000003)(21.43344712302241 110.0)
(0.03 28.0 0.20000000000000004)(19.378271205389563 121.0)
(0.03 28.0 0.21000000000000005)(21.888936067246313 106.0)
(0.03 28.0 0.22000000000000006)(21.090471146949913 115.0)
(0.03 28.0 0.23000000000000007)(21.438186895093096 110.0)
(0.03 28.0 0.24000000000000007)(19.73202943883382 122.0)
(0.03 33.0 0.01)(60.796981060198256 38.0)
(0.03 33.0 0.02)(56.91927348502913 47.0)
(0.03 33.0 0.03)(53.102561006014696 58.0)
(0.03 33.0 0.04)(51.602548397474536 65.0)
(0.03 33.0 0.05)(45.787770020668724 69.0)
(0.03 33.0 0.060000000000000005)(39.85495936142076 70.0)
(0.03 33.0 0.07)(39.58814698710687 71.0)
(0.03 33.0 0.08)(38.532837904022614 77.0)
(0.03 33.0 0.09)(35.71702989969659 81.0)
(0.03 33.0 0.09999999999999999)(35.00160322505218 85.0)
(0.03 33.0 0.10999999999999999)(29.35502806069522 96.0)
(0.03 33.0 0.11999999999999998)(25.390150238193673 99.0)
(0.03 33.0 0.12999999999999998)(26.321096718904137 99.0)
(0.03 33.0 0.13999999999999999)(25.605789444432357 101.0)
(0.03 33.0 0.15)(23.08129414449708 104.0)
(0.03 33.0 0.16)(20.87436461109947 111.0)
(0.03 33.0 0.17)(22.290930429059735 112.0)
(0.03 33.0 0.18000000000000002)(22.689281364376537 109.0)
(0.03 33.0 0.19000000000000003)(20.386663621385445 113.0)
(0.03 33.0 0.20000000000000004)(19.426119736404598 121.0)
(0.03 33.0 0.21000000000000005)(21.689043782124656 107.0)
(0.03 33.0 0.22000000000000006)(20.762303909874973 113.0)
(0.03 33.0 0.23000000000000007)(20.48786061716407 113.0)
(0.03 33.0 0.24000000000000007)(23.10316123032294 119.0)
(0.03 38.0 0.01)(61.023753483977885 37.0)
(0.03 38.0 0.02)(56.91927348502913 47.0)
(0.03 38.0 0.03)(53.102561006014696 58.0)
(0.03 38.0 0.04)(52.29376166171379 64.0)
(0.03 38.0 0.05)(46.73013663690693 68.0)
(0.03 38.0 0.060000000000000005)(41.20939781288217 69.0)
(0.03 38.0 0.07)(39.58814698710687 71.0)
(0.03 38.0 0.08)(36.652693314643514 78.0)
(0.03 38.0 0.09)(35.71702989969659 81.0)
(0.03 38.0 0.09999999999999999)(35.00160322505218 85.0)
(0.03 38.0 0.10999999999999999)(29.35502806069522 96.0)
(0.03 38.0 0.11999999999999998)(25.71131517511647 97.0)
(0.03 38.0 0.12999999999999998)(26.321096718904137 99.0)
(0.03 38.0 0.13999999999999999)(25.396419526193295 102.0)
(0.03 38.0 0.15)(24.226943155906124 100.0)
(0.03 38.0 0.16)(23.638156380565615 102.0)
(0.03 38.0 0.17)(22.787103834360646 108.0)
(0.03 38.0 0.18000000000000002)(22.77423942560942 107.0)
(0.03 38.0 0.19000000000000003)(20.024881386142166 114.0)
(0.03 38.0 0.20000000000000004)(20.434571076850077 117.0)
(0.03 38.0 0.21000000000000005)(21.689043782124656 107.0)
(0.03 38.0 0.22000000000000006)(20.762303909874973 113.0)
(0.03 38.0 0.23000000000000007)(20.48786061716407 113.0)
(0.03 38.0 0.24000000000000007)(23.10316123032294 119.0)
(0.03 43.0 0.01)(61.023753483977885 37.0)
(0.03 43.0 0.02)(56.91927348502913 47.0)
(0.03 43.0 0.03)(53.102561006014696 58.0)
(0.03 43.0 0.04)(52.29376166171379 64.0)
(0.03 43.0 0.05)(46.73013663690693 68.0)
(0.03 43.0 0.060000000000000005)(41.20939781288217 69.0)
(0.03 43.0 0.07)(39.58814698710687 71.0)
(0.03 43.0 0.08)(36.652693314643514 78.0)
(0.03 43.0 0.09)(35.71702989969659 81.0)
(0.03 43.0 0.09999999999999999)(35.15342327344148 87.0)
(0.03 43.0 0.10999999999999999)(27.814250917488508 97.0)
(0.03 43.0 0.11999999999999998)(28.392928644132024 97.0)
(0.03 43.0 0.12999999999999998)(25.37150387209333 100.0)
(0.03 43.0 0.13999999999999999)(25.396419526193295 102.0)
(0.03 43.0 0.15)(23.71410949279883 101.0)
(0.03 43.0 0.16)(23.638156380565615 102.0)
(0.03 43.0 0.17)(23.33698367688521 107.0)
(0.03 43.0 0.18000000000000002)(23.469896074351105 103.0)
(0.03 43.0 0.19000000000000003)(21.55023177562956 110.0)
(0.03 43.0 0.20000000000000004)(23.64555181872609 114.0)
(0.03 43.0 0.21000000000000005)(23.11706141930916 105.0)
(0.03 43.0 0.22000000000000006)(21.93108669650086 105.0)
(0.03 43.0 0.23000000000000007)(20.99829803693949 108.0)
(0.03 43.0 0.24000000000000007)(20.332414304674334 118.0)
(0.03 48.0 0.01)(61.023753483977885 37.0)
(0.03 48.0 0.02)(56.91927348502913 47.0)
(0.03 48.0 0.03)(53.102561006014696 58.0)
(0.03 48.0 0.04)(52.29376166171379 64.0)
(0.03 48.0 0.05)(46.73013663690693 68.0)
(0.03 48.0 0.060000000000000005)(41.20939781288217 69.0)
(0.03 48.0 0.07)(39.58814698710687 71.0)
(0.03 48.0 0.08)(36.652693314643514 78.0)
(0.03 48.0 0.09)(35.71702989969659 81.0)
(0.03 48.0 0.09999999999999999)(35.15342327344148 87.0)
(0.03 48.0 0.10999999999999999)(27.814250917488508 97.0)
(0.03 48.0 0.11999999999999998)(28.392928644132024 97.0)
(0.03 48.0 0.12999999999999998)(25.37150387209333 100.0)
(0.03 48.0 0.13999999999999999)(25.396419526193295 102.0)
(0.03 48.0 0.15)(23.71410949279883 101.0)
(0.03 48.0 0.16)(23.779780045315604 102.0)
(0.03 48.0 0.17)(23.80187017867782 101.0)
(0.03 48.0 0.18000000000000002)(23.972331486967246 106.0)
(0.03 48.0 0.19000000000000003)(21.55023177562956 110.0)
(0.03 48.0 0.20000000000000004)(23.64555181872609 114.0)
(0.03 48.0 0.21000000000000005)(23.11706141930916 105.0)
(0.03 48.0 0.22000000000000006)(22.10027640970014 109.0)
(0.03 48.0 0.23000000000000007)(22.105575709756803 104.0)
(0.03 48.0 0.24000000000000007)(20.332414304674334 118.0)
(0.03 53.0 0.01)(61.023753483977885 37.0)
(0.03 53.0 0.02)(57.56836054488233 46.0)
(0.03 53.0 0.03)(53.102561006014696 58.0)
(0.03 53.0 0.04)(52.29376166171379 64.0)
(0.03 53.0 0.05)(46.73013663690693 68.0)
(0.03 53.0 0.060000000000000005)(41.20939781288217 69.0)
(0.03 53.0 0.07)(39.58814698710687 71.0)
(0.03 53.0 0.08)(36.652693314643514 78.0)
(0.03 53.0 0.09)(35.71702989969659 81.0)
(0.03 53.0 0.09999999999999999)(35.15342327344148 87.0)
(0.03 53.0 0.10999999999999999)(27.814250917488508 97.0)
(0.03 53.0 0.11999999999999998)(28.392928644132024 97.0)
(0.03 53.0 0.12999999999999998)(25.37150387209333 100.0)
(0.03 53.0 0.13999999999999999)(25.396419526193295 102.0)
(0.03 53.0 0.15)(23.71410949279883 101.0)
(0.03 53.0 0.16)(23.779780045315604 102.0)
(0.03 53.0 0.17)(23.80187017867782 101.0)
(0.03 53.0 0.18000000000000002)(23.972331486967246 106.0)
(0.03 53.0 0.19000000000000003)(22.166105535247787 106.0)
(0.03 53.0 0.20000000000000004)(23.64555181872609 114.0)
(0.03 53.0 0.21000000000000005)(21.727971999660358 109.0)
(0.03 53.0 0.22000000000000006)(22.10027640970014 109.0)
(0.03 53.0 0.23000000000000007)(22.105575709756803 104.0)
(0.03 53.0 0.24000000000000007)(20.332414304674334 118.0)
(0.03 58.0 0.01)(61.023753483977885 37.0)
(0.03 58.0 0.02)(57.56836054488233 46.0)
(0.03 58.0 0.03)(53.102561006014696 58.0)
(0.03 58.0 0.04)(52.29376166171379 64.0)
(0.03 58.0 0.05)(46.73013663690693 68.0)
(0.03 58.0 0.060000000000000005)(41.20939781288217 69.0)
(0.03 58.0 0.07)(39.58814698710687 71.0)
(0.03 58.0 0.08)(36.652693314643514 78.0)
(0.03 58.0 0.09)(35.71702989969659 81.0)
(0.03 58.0 0.09999999999999999)(35.15342327344148 87.0)
(0.03 58.0 0.10999999999999999)(27.814250917488508 97.0)
(0.03 58.0 0.11999999999999998)(28.392928644132024 97.0)
(0.03 58.0 0.12999999999999998)(25.37150387209333 100.0)
(0.03 58.0 0.13999999999999999)(25.396419526193295 102.0)
(0.03 58.0 0.15)(23.71410949279883 101.0)
(0.03 58.0 0.16)(23.779780045315604 102.0)
(0.03 58.0 0.17)(23.80187017867782 101.0)
(0.03 58.0 0.18000000000000002)(23.972331486967246 106.0)
(0.03 58.0 0.19000000000000003)(22.166105535247787 106.0)
(0.03 58.0 0.20000000000000004)(23.64555181872609 114.0)
(0.03 58.0 0.21000000000000005)(21.727971999660358 109.0)
(0.03 58.0 0.22000000000000006)(25.448708163691812 107.0)
(0.03 58.0 0.23000000000000007)(22.42547505920445 103.0)
(0.03 58.0 0.24000000000000007)(20.332414304674334 118.0)
(0.03 63.0 0.01)(61.023753483977885 37.0)
(0.03 63.0 0.02)(57.56836054488233 46.0)
(0.03 63.0 0.03)(53.102561006014696 58.0)
(0.03 63.0 0.04)(52.29376166171379 64.0)
(0.03 63.0 0.05)(46.73013663690693 68.0)
(0.03 63.0 0.060000000000000005)(41.20939781288217 69.0)
(0.03 63.0 0.07)(39.58814698710687 71.0)
(0.03 63.0 0.08)(36.652693314643514 78.0)
(0.03 63.0 0.09)(35.71702989969659 81.0)
(0.03 63.0 0.09999999999999999)(35.15342327344148 87.0)
(0.03 63.0 0.10999999999999999)(27.814250917488508 97.0)
(0.03 63.0 0.11999999999999998)(28.392928644132024 97.0)
(0.03 63.0 0.12999999999999998)(25.37150387209333 100.0)
(0.03 63.0 0.13999999999999999)(25.396419526193295 102.0)
(0.03 63.0 0.15)(23.71410949279883 101.0)
(0.03 63.0 0.16)(23.779780045315604 102.0)
(0.03 63.0 0.17)(23.80187017867782 101.0)
(0.03 63.0 0.18000000000000002)(23.972331486967246 106.0)
(0.03 63.0 0.19000000000000003)(22.166105535247787 106.0)
(0.03 63.0 0.20000000000000004)(23.64555181872609 114.0)
(0.03 63.0 0.21000000000000005)(21.727971999660358 109.0)
(0.03 63.0 0.22000000000000006)(25.448708163691812 107.0)
(0.03 63.0 0.23000000000000007)(22.42547505920445 103.0)
(0.03 63.0 0.24000000000000007)(20.332414304674334 118.0)
(0.03 68.0 0.01)(61.023753483977885 37.0)
(0.03 68.0 0.02)(57.56836054488233 46.0)
(0.03 68.0 0.03)(53.102561006014696 58.0)
(0.03 68.0 0.04)(52.29376166171379 64.0)
(0.03 68.0 0.05)(46.73013663690693 68.0)
(0.03 68.0 0.060000000000000005)(41.20939781288217 69.0)
(0.03 68.0 0.07)(39.58814698710687 71.0)
(0.03 68.0 0.08)(36.652693314643514 78.0)
(0.03 68.0 0.09)(35.71702989969659 81.0)
(0.03 68.0 0.09999999999999999)(35.15342327344148 87.0)
(0.03 68.0 0.10999999999999999)(27.814250917488508 97.0)
(0.03 68.0 0.11999999999999998)(28.392928644132024 97.0)
(0.03 68.0 0.12999999999999998)(25.37150387209333 100.0)
(0.03 68.0 0.13999999999999999)(25.396419526193295 102.0)
(0.03 68.0 0.15)(23.71410949279883 101.0)
(0.03 68.0 0.16)(23.779780045315604 102.0)
(0.03 68.0 0.17)(23.80187017867782 101.0)
(0.03 68.0 0.18000000000000002)(23.972331486967246 106.0)
(0.03 68.0 0.19000000000000003)(22.166105535247787 106.0)
(0.03 68.0 0.20000000000000004)(23.64555181872609 114.0)
(0.03 68.0 0.21000000000000005)(21.727971999660358 109.0)
(0.03 68.0 0.22000000000000006)(25.448708163691812 107.0)
(0.03 68.0 0.23000000000000007)(22.42547505920445 103.0)
(0.03 68.0 0.24000000000000007)(20.332414304674334 118.0)
(0.03 73.0 0.01)(61.023753483977885 37.0)
(0.03 73.0 0.02)(57.56836054488233 46.0)
(0.03 73.0 0.03)(53.102561006014696 58.0)
(0.03 73.0 0.04)(52.29376166171379 64.0)
(0.03 73.0 0.05)(46.73013663690693 68.0)
(0.03 73.0 0.060000000000000005)(41.20939781288217 69.0)
(0.03 73.0 0.07)(39.58814698710687 71.0)
(0.03 73.0 0.08)(36.652693314643514 78.0)
(0.03 73.0 0.09)(35.71702989969659 81.0)
(0.03 73.0 0.09999999999999999)(35.15342327344148 87.0)
(0.03 73.0 0.10999999999999999)(27.814250917488508 97.0)
(0.03 73.0 0.11999999999999998)(28.392928644132024 97.0)
(0.03 73.0 0.12999999999999998)(25.37150387209333 100.0)
(0.03 73.0 0.13999999999999999)(25.396419526193295 102.0)
(0.03 73.0 0.15)(23.71410949279883 101.0)
(0.03 73.0 0.16)(23.779780045315604 102.0)
(0.03 73.0 0.17)(23.80187017867782 101.0)
(0.03 73.0 0.18000000000000002)(23.972331486967246 106.0)
(0.03 73.0 0.19000000000000003)(22.166105535247787 106.0)
(0.03 73.0 0.20000000000000004)(23.64555181872609 114.0)
(0.03 73.0 0.21000000000000005)(21.727971999660358 109.0)
(0.03 73.0 0.22000000000000006)(25.448708163691812 107.0)
(0.03 73.0 0.23000000000000007)(22.42547505920445 103.0)
(0.03 73.0 0.24000000000000007)(20.332414304674334 118.0)
(0.03 78.0 0.01)(61.023753483977885 37.0)
(0.03 78.0 0.02)(57.56836054488233 46.0)
(0.03 78.0 0.03)(53.102561006014696 58.0)
(0.03 78.0 0.04)(52.29376166171379 64.0)
(0.03 78.0 0.05)(46.73013663690693 68.0)
(0.03 78.0 0.060000000000000005)(41.20939781288217 69.0)
(0.03 78.0 0.07)(39.58814698710687 71.0)
(0.03 78.0 0.08)(36.652693314643514 78.0)
(0.03 78.0 0.09)(35.71702989969659 81.0)
(0.03 78.0 0.09999999999999999)(35.15342327344148 87.0)
(0.03 78.0 0.10999999999999999)(27.814250917488508 97.0)
(0.03 78.0 0.11999999999999998)(28.392928644132024 97.0)
(0.03 78.0 0.12999999999999998)(25.37150387209333 100.0)
(0.03 78.0 0.13999999999999999)(25.396419526193295 102.0)
(0.03 78.0 0.15)(23.71410949279883 101.0)
(0.03 78.0 0.16)(23.779780045315604 102.0)
(0.03 78.0 0.17)(23.80187017867782 101.0)
(0.03 78.0 0.18000000000000002)(23.972331486967246 106.0)
(0.03 78.0 0.19000000000000003)(22.166105535247787 106.0)
(0.03 78.0 0.20000000000000004)(23.64555181872609 114.0)
(0.03 78.0 0.21000000000000005)(21.727971999660358 109.0)
(0.03 78.0 0.22000000000000006)(25.448708163691812 107.0)
(0.03 78.0 0.23000000000000007)(22.42547505920445 103.0)
(0.03 78.0 0.24000000000000007)(20.332414304674334 118.0)
(0.03 83.0 0.01)(61.023753483977885 37.0)
(0.03 83.0 0.02)(57.56836054488233 46.0)
(0.03 83.0 0.03)(53.102561006014696 58.0)
(0.03 83.0 0.04)(52.29376166171379 64.0)
(0.03 83.0 0.05)(46.73013663690693 68.0)
(0.03 83.0 0.060000000000000005)(41.20939781288217 69.0)
(0.03 83.0 0.07)(39.58814698710687 71.0)
(0.03 83.0 0.08)(36.652693314643514 78.0)
(0.03 83.0 0.09)(35.71702989969659 81.0)
(0.03 83.0 0.09999999999999999)(35.15342327344148 87.0)
(0.03 83.0 0.10999999999999999)(27.814250917488508 97.0)
(0.03 83.0 0.11999999999999998)(28.392928644132024 97.0)
(0.03 83.0 0.12999999999999998)(25.37150387209333 100.0)
(0.03 83.0 0.13999999999999999)(25.396419526193295 102.0)
(0.03 83.0 0.15)(23.71410949279883 101.0)
(0.03 83.0 0.16)(23.779780045315604 102.0)
(0.03 83.0 0.17)(23.80187017867782 101.0)
(0.03 83.0 0.18000000000000002)(23.972331486967246 106.0)
(0.03 83.0 0.19000000000000003)(22.166105535247787 106.0)
(0.03 83.0 0.20000000000000004)(23.64555181872609 114.0)
(0.03 83.0 0.21000000000000005)(21.727971999660358 109.0)
(0.03 83.0 0.22000000000000006)(25.448708163691812 107.0)
(0.03 83.0 0.23000000000000007)(22.42547505920445 103.0)
(0.03 83.0 0.24000000000000007)(20.332414304674334 118.0)
(0.03 88.0 0.01)(61.023753483977885 37.0)
(0.03 88.0 0.02)(57.56836054488233 46.0)
(0.03 88.0 0.03)(53.102561006014696 58.0)
(0.03 88.0 0.04)(52.29376166171379 64.0)
(0.03 88.0 0.05)(46.73013663690693 68.0)
(0.03 88.0 0.060000000000000005)(41.20939781288217 69.0)
(0.03 88.0 0.07)(39.58814698710687 71.0)
(0.03 88.0 0.08)(36.652693314643514 78.0)
(0.03 88.0 0.09)(35.71702989969659 81.0)
(0.03 88.0 0.09999999999999999)(35.15342327344148 87.0)
(0.03 88.0 0.10999999999999999)(27.814250917488508 97.0)
(0.03 88.0 0.11999999999999998)(28.392928644132024 97.0)
(0.03 88.0 0.12999999999999998)(25.37150387209333 100.0)
(0.03 88.0 0.13999999999999999)(25.396419526193295 102.0)
(0.03 88.0 0.15)(23.71410949279883 101.0)
(0.03 88.0 0.16)(23.779780045315604 102.0)
(0.03 88.0 0.17)(23.80187017867782 101.0)
(0.03 88.0 0.18000000000000002)(23.972331486967246 106.0)
(0.03 88.0 0.19000000000000003)(22.166105535247787 106.0)
(0.03 88.0 0.20000000000000004)(23.64555181872609 114.0)
(0.03 88.0 0.21000000000000005)(21.727971999660358 109.0)
(0.03 88.0 0.22000000000000006)(25.448708163691812 107.0)
(0.03 88.0 0.23000000000000007)(22.42547505920445 103.0)
(0.03 88.0 0.24000000000000007)(20.332414304674334 118.0)
(0.03 93.0 0.01)(61.023753483977885 37.0)
(0.03 93.0 0.02)(57.56836054488233 46.0)
(0.03 93.0 0.03)(53.102561006014696 58.0)
(0.03 93.0 0.04)(52.29376166171379 64.0)
(0.03 93.0 0.05)(46.73013663690693 68.0)
(0.03 93.0 0.060000000000000005)(41.20939781288217 69.0)
(0.03 93.0 0.07)(39.58814698710687 71.0)
(0.03 93.0 0.08)(36.652693314643514 78.0)
(0.03 93.0 0.09)(35.71702989969659 81.0)
(0.03 93.0 0.09999999999999999)(35.15342327344148 87.0)
(0.03 93.0 0.10999999999999999)(27.814250917488508 97.0)
(0.03 93.0 0.11999999999999998)(28.392928644132024 97.0)
(0.03 93.0 0.12999999999999998)(25.37150387209333 100.0)
(0.03 93.0 0.13999999999999999)(25.396419526193295 102.0)
(0.03 93.0 0.15)(23.71410949279883 101.0)
(0.03 93.0 0.16)(23.779780045315604 102.0)
(0.03 93.0 0.17)(23.80187017867782 101.0)
(0.03 93.0 0.18000000000000002)(23.972331486967246 106.0)
(0.03 93.0 0.19000000000000003)(22.166105535247787 106.0)
(0.03 93.0 0.20000000000000004)(23.64555181872609 114.0)
(0.03 93.0 0.21000000000000005)(21.727971999660358 109.0)
(0.03 93.0 0.22000000000000006)(25.448708163691812 107.0)
(0.03 93.0 0.23000000000000007)(22.42547505920445 103.0)
(0.03 93.0 0.24000000000000007)(20.332414304674334 118.0)
(0.03 98.0 0.01)(61.023753483977885 37.0)
(0.03 98.0 0.02)(57.56836054488233 46.0)
(0.03 98.0 0.03)(53.102561006014696 58.0)
(0.03 98.0 0.04)(52.29376166171379 64.0)
(0.03 98.0 0.05)(46.73013663690693 68.0)
(0.03 98.0 0.060000000000000005)(41.20939781288217 69.0)
(0.03 98.0 0.07)(39.58814698710687 71.0)
(0.03 98.0 0.08)(36.652693314643514 78.0)
(0.03 98.0 0.09)(35.71702989969659 81.0)
(0.03 98.0 0.09999999999999999)(35.15342327344148 87.0)
(0.03 98.0 0.10999999999999999)(27.814250917488508 97.0)
(0.03 98.0 0.11999999999999998)(28.392928644132024 97.0)
(0.03 98.0 0.12999999999999998)(25.37150387209333 100.0)
(0.03 98.0 0.13999999999999999)(25.396419526193295 102.0)
(0.03 98.0 0.15)(23.71410949279883 101.0)
(0.03 98.0 0.16)(23.779780045315604 102.0)
(0.03 98.0 0.17)(23.80187017867782 101.0)
(0.03 98.0 0.18000000000000002)(23.972331486967246 106.0)
(0.03 98.0 0.19000000000000003)(22.166105535247787 106.0)
(0.03 98.0 0.20000000000000004)(23.64555181872609 114.0)
(0.03 98.0 0.21000000000000005)(21.727971999660358 109.0)
(0.03 98.0 0.22000000000000006)(25.448708163691812 107.0)
(0.03 98.0 0.23000000000000007)(22.42547505920445 103.0)
(0.03 98.0 0.24000000000000007)(20.332414304674334 118.0)
(0.03 103.0 0.01)(61.023753483977885 37.0)
(0.03 103.0 0.02)(57.56836054488233 46.0)
(0.03 103.0 0.03)(53.102561006014696 58.0)
(0.03 103.0 0.04)(52.29376166171379 64.0)
(0.03 103.0 0.05)(46.73013663690693 68.0)
(0.03 103.0 0.060000000000000005)(41.20939781288217 69.0)
(0.03 103.0 0.07)(39.58814698710687 71.0)
(0.03 103.0 0.08)(36.652693314643514 78.0)
(0.03 103.0 0.09)(35.71702989969659 81.0)
(0.03 103.0 0.09999999999999999)(35.15342327344148 87.0)
(0.03 103.0 0.10999999999999999)(27.814250917488508 97.0)
(0.03 103.0 0.11999999999999998)(28.392928644132024 97.0)
(0.03 103.0 0.12999999999999998)(25.37150387209333 100.0)
(0.03 103.0 0.13999999999999999)(25.396419526193295 102.0)
(0.03 103.0 0.15)(23.71410949279883 101.0)
(0.03 103.0 0.16)(23.779780045315604 102.0)
(0.03 103.0 0.17)(23.80187017867782 101.0)
(0.03 103.0 0.18000000000000002)(23.972331486967246 106.0)
(0.03 103.0 0.19000000000000003)(22.166105535247787 106.0)
(0.03 103.0 0.20000000000000004)(23.64555181872609 114.0)
(0.03 103.0 0.21000000000000005)(21.727971999660358 109.0)
(0.03 103.0 0.22000000000000006)(25.448708163691812 107.0)
(0.03 103.0 0.23000000000000007)(22.42547505920445 103.0)
(0.03 103.0 0.24000000000000007)(20.332414304674334 118.0)
(0.03 108.0 0.01)(61.023753483977885 37.0)
(0.03 108.0 0.02)(57.56836054488233 46.0)
(0.03 108.0 0.03)(53.102561006014696 58.0)
(0.03 108.0 0.04)(52.29376166171379 64.0)
(0.03 108.0 0.05)(46.73013663690693 68.0)
(0.03 108.0 0.060000000000000005)(41.20939781288217 69.0)
(0.03 108.0 0.07)(39.58814698710687 71.0)
(0.03 108.0 0.08)(36.652693314643514 78.0)
(0.03 108.0 0.09)(35.71702989969659 81.0)
(0.03 108.0 0.09999999999999999)(35.15342327344148 87.0)
(0.03 108.0 0.10999999999999999)(27.814250917488508 97.0)
(0.03 108.0 0.11999999999999998)(28.392928644132024 97.0)
(0.03 108.0 0.12999999999999998)(25.37150387209333 100.0)
(0.03 108.0 0.13999999999999999)(25.396419526193295 102.0)
(0.03 108.0 0.15)(23.71410949279883 101.0)
(0.03 108.0 0.16)(23.779780045315604 102.0)
(0.03 108.0 0.17)(23.80187017867782 101.0)
(0.03 108.0 0.18000000000000002)(23.972331486967246 106.0)
(0.03 108.0 0.19000000000000003)(22.166105535247787 106.0)
(0.03 108.0 0.20000000000000004)(23.64555181872609 114.0)
(0.03 108.0 0.21000000000000005)(21.727971999660358 109.0)
(0.03 108.0 0.22000000000000006)(25.448708163691812 107.0)
(0.03 108.0 0.23000000000000007)(22.42547505920445 103.0)
(0.03 108.0 0.24000000000000007)(20.332414304674334 118.0)
(0.03 113.0 0.01)(61.023753483977885 37.0)
(0.03 113.0 0.02)(57.56836054488233 46.0)
(0.03 113.0 0.03)(53.102561006014696 58.0)
(0.03 113.0 0.04)(52.29376166171379 64.0)
(0.03 113.0 0.05)(46.73013663690693 68.0)
(0.03 113.0 0.060000000000000005)(41.20939781288217 69.0)
(0.03 113.0 0.07)(39.58814698710687 71.0)
(0.03 113.0 0.08)(36.652693314643514 78.0)
(0.03 113.0 0.09)(35.71702989969659 81.0)
(0.03 113.0 0.09999999999999999)(35.15342327344148 87.0)
(0.03 113.0 0.10999999999999999)(27.814250917488508 97.0)
(0.03 113.0 0.11999999999999998)(28.392928644132024 97.0)
(0.03 113.0 0.12999999999999998)(25.37150387209333 100.0)
(0.03 113.0 0.13999999999999999)(25.396419526193295 102.0)
(0.03 113.0 0.15)(23.71410949279883 101.0)
(0.03 113.0 0.16)(23.779780045315604 102.0)
(0.03 113.0 0.17)(23.80187017867782 101.0)
(0.03 113.0 0.18000000000000002)(23.972331486967246 106.0)
(0.03 113.0 0.19000000000000003)(22.166105535247787 106.0)
(0.03 113.0 0.20000000000000004)(23.64555181872609 114.0)
(0.03 113.0 0.21000000000000005)(21.727971999660358 109.0)
(0.03 113.0 0.22000000000000006)(25.448708163691812 107.0)
(0.03 113.0 0.23000000000000007)(22.42547505920445 103.0)
(0.03 113.0 0.24000000000000007)(20.332414304674334 118.0)
(0.03 118.0 0.01)(61.023753483977885 37.0)
(0.03 118.0 0.02)(57.56836054488233 46.0)
(0.03 118.0 0.03)(53.102561006014696 58.0)
(0.03 118.0 0.04)(52.29376166171379 64.0)
(0.03 118.0 0.05)(46.73013663690693 68.0)
(0.03 118.0 0.060000000000000005)(41.20939781288217 69.0)
(0.03 118.0 0.07)(39.58814698710687 71.0)
(0.03 118.0 0.08)(36.652693314643514 78.0)
(0.03 118.0 0.09)(35.71702989969659 81.0)
(0.03 118.0 0.09999999999999999)(35.15342327344148 87.0)
(0.03 118.0 0.10999999999999999)(27.814250917488508 97.0)
(0.03 118.0 0.11999999999999998)(28.392928644132024 97.0)
(0.03 118.0 0.12999999999999998)(25.37150387209333 100.0)
(0.03 118.0 0.13999999999999999)(25.396419526193295 102.0)
(0.03 118.0 0.15)(23.71410949279883 101.0)
(0.03 118.0 0.16)(23.779780045315604 102.0)
(0.03 118.0 0.17)(23.80187017867782 101.0)
(0.03 118.0 0.18000000000000002)(23.972331486967246 106.0)
(0.03 118.0 0.19000000000000003)(22.166105535247787 106.0)
(0.03 118.0 0.20000000000000004)(23.64555181872609 114.0)
(0.03 118.0 0.21000000000000005)(21.727971999660358 109.0)
(0.03 118.0 0.22000000000000006)(25.448708163691812 107.0)
(0.03 118.0 0.23000000000000007)(22.42547505920445 103.0)
(0.03 118.0 0.24000000000000007)(20.332414304674334 118.0)
(0.03 123.0 0.01)(61.023753483977885 37.0)
(0.03 123.0 0.02)(57.56836054488233 46.0)
(0.03 123.0 0.03)(53.102561006014696 58.0)
(0.03 123.0 0.04)(52.29376166171379 64.0)
(0.03 123.0 0.05)(46.73013663690693 68.0)
(0.03 123.0 0.060000000000000005)(41.20939781288217 69.0)
(0.03 123.0 0.07)(39.58814698710687 71.0)
(0.03 123.0 0.08)(36.652693314643514 78.0)
(0.03 123.0 0.09)(35.71702989969659 81.0)
(0.03 123.0 0.09999999999999999)(35.15342327344148 87.0)
(0.03 123.0 0.10999999999999999)(27.814250917488508 97.0)
(0.03 123.0 0.11999999999999998)(28.392928644132024 97.0)
(0.03 123.0 0.12999999999999998)(25.37150387209333 100.0)
(0.03 123.0 0.13999999999999999)(25.396419526193295 102.0)
(0.03 123.0 0.15)(23.71410949279883 101.0)
(0.03 123.0 0.16)(23.779780045315604 102.0)
(0.03 123.0 0.17)(23.80187017867782 101.0)
(0.03 123.0 0.18000000000000002)(23.972331486967246 106.0)
(0.03 123.0 0.19000000000000003)(22.166105535247787 106.0)
(0.03 123.0 0.20000000000000004)(23.64555181872609 114.0)
(0.03 123.0 0.21000000000000005)(21.727971999660358 109.0)
(0.03 123.0 0.22000000000000006)(25.448708163691812 107.0)
(0.03 123.0 0.23000000000000007)(22.42547505920445 103.0)
(0.03 123.0 0.24000000000000007)(20.332414304674334 118.0)
(0.03 128.0 0.01)(61.023753483977885 37.0)
(0.03 128.0 0.02)(57.56836054488233 46.0)
(0.03 128.0 0.03)(53.102561006014696 58.0)
(0.03 128.0 0.04)(52.29376166171379 64.0)
(0.03 128.0 0.05)(46.73013663690693 68.0)
(0.03 128.0 0.060000000000000005)(41.20939781288217 69.0)
(0.03 128.0 0.07)(39.58814698710687 71.0)
(0.03 128.0 0.08)(36.652693314643514 78.0)
(0.03 128.0 0.09)(35.71702989969659 81.0)
(0.03 128.0 0.09999999999999999)(35.15342327344148 87.0)
(0.03 128.0 0.10999999999999999)(27.814250917488508 97.0)
(0.03 128.0 0.11999999999999998)(28.392928644132024 97.0)
(0.03 128.0 0.12999999999999998)(25.37150387209333 100.0)
(0.03 128.0 0.13999999999999999)(25.396419526193295 102.0)
(0.03 128.0 0.15)(23.71410949279883 101.0)
(0.03 128.0 0.16)(23.779780045315604 102.0)
(0.03 128.0 0.17)(23.80187017867782 101.0)
(0.03 128.0 0.18000000000000002)(23.972331486967246 106.0)
(0.03 128.0 0.19000000000000003)(22.166105535247787 106.0)
(0.03 128.0 0.20000000000000004)(23.64555181872609 114.0)
(0.03 128.0 0.21000000000000005)(21.727971999660358 109.0)
(0.03 128.0 0.22000000000000006)(25.448708163691812 107.0)
(0.03 128.0 0.23000000000000007)(22.42547505920445 103.0)
(0.03 128.0 0.24000000000000007)(20.332414304674334 118.0)
(0.03 133.0 0.01)(61.023753483977885 37.0)
(0.03 133.0 0.02)(57.56836054488233 46.0)
(0.03 133.0 0.03)(53.102561006014696 58.0)
(0.03 133.0 0.04)(52.29376166171379 64.0)
(0.03 133.0 0.05)(46.73013663690693 68.0)
(0.03 133.0 0.060000000000000005)(41.20939781288217 69.0)
(0.03 133.0 0.07)(39.58814698710687 71.0)
(0.03 133.0 0.08)(36.652693314643514 78.0)
(0.03 133.0 0.09)(35.71702989969659 81.0)
(0.03 133.0 0.09999999999999999)(35.15342327344148 87.0)
(0.03 133.0 0.10999999999999999)(27.814250917488508 97.0)
(0.03 133.0 0.11999999999999998)(28.392928644132024 97.0)
(0.03 133.0 0.12999999999999998)(25.37150387209333 100.0)
(0.03 133.0 0.13999999999999999)(25.396419526193295 102.0)
(0.03 133.0 0.15)(23.71410949279883 101.0)
(0.03 133.0 0.16)(23.779780045315604 102.0)
(0.03 133.0 0.17)(23.80187017867782 101.0)
(0.03 133.0 0.18000000000000002)(23.972331486967246 106.0)
(0.03 133.0 0.19000000000000003)(22.166105535247787 106.0)
(0.03 133.0 0.20000000000000004)(23.64555181872609 114.0)
(0.03 133.0 0.21000000000000005)(21.727971999660358 109.0)
(0.03 133.0 0.22000000000000006)(25.448708163691812 107.0)
(0.03 133.0 0.23000000000000007)(22.42547505920445 103.0)
(0.03 133.0 0.24000000000000007)(20.332414304674334 118.0)
(0.03 138.0 0.01)(61.023753483977885 37.0)
(0.03 138.0 0.02)(57.56836054488233 46.0)
(0.03 138.0 0.03)(53.102561006014696 58.0)
(0.03 138.0 0.04)(52.29376166171379 64.0)
(0.03 138.0 0.05)(46.73013663690693 68.0)
(0.03 138.0 0.060000000000000005)(41.20939781288217 69.0)
(0.03 138.0 0.07)(39.58814698710687 71.0)
(0.03 138.0 0.08)(36.652693314643514 78.0)
(0.03 138.0 0.09)(35.71702989969659 81.0)
(0.03 138.0 0.09999999999999999)(35.15342327344148 87.0)
(0.03 138.0 0.10999999999999999)(27.814250917488508 97.0)
(0.03 138.0 0.11999999999999998)(28.392928644132024 97.0)
(0.03 138.0 0.12999999999999998)(25.37150387209333 100.0)
(0.03 138.0 0.13999999999999999)(25.396419526193295 102.0)
(0.03 138.0 0.15)(23.71410949279883 101.0)
(0.03 138.0 0.16)(23.779780045315604 102.0)
(0.03 138.0 0.17)(23.80187017867782 101.0)
(0.03 138.0 0.18000000000000002)(23.972331486967246 106.0)
(0.03 138.0 0.19000000000000003)(22.166105535247787 106.0)
(0.03 138.0 0.20000000000000004)(23.64555181872609 114.0)
(0.03 138.0 0.21000000000000005)(21.727971999660358 109.0)
(0.03 138.0 0.22000000000000006)(25.448708163691812 107.0)
(0.03 138.0 0.23000000000000007)(22.42547505920445 103.0)
(0.03 138.0 0.24000000000000007)(20.332414304674334 118.0)
(0.03 143.0 0.01)(61.023753483977885 37.0)
(0.03 143.0 0.02)(57.56836054488233 46.0)
(0.03 143.0 0.03)(53.102561006014696 58.0)
(0.03 143.0 0.04)(52.29376166171379 64.0)
(0.03 143.0 0.05)(46.73013663690693 68.0)
(0.03 143.0 0.060000000000000005)(41.20939781288217 69.0)
(0.03 143.0 0.07)(39.58814698710687 71.0)
(0.03 143.0 0.08)(36.652693314643514 78.0)
(0.03 143.0 0.09)(35.71702989969659 81.0)
(0.03 143.0 0.09999999999999999)(35.15342327344148 87.0)
(0.03 143.0 0.10999999999999999)(27.814250917488508 97.0)
(0.03 143.0 0.11999999999999998)(28.392928644132024 97.0)
(0.03 143.0 0.12999999999999998)(25.37150387209333 100.0)
(0.03 143.0 0.13999999999999999)(25.396419526193295 102.0)
(0.03 143.0 0.15)(23.71410949279883 101.0)
(0.03 143.0 0.16)(23.779780045315604 102.0)
(0.03 143.0 0.17)(23.80187017867782 101.0)
(0.03 143.0 0.18000000000000002)(23.972331486967246 106.0)
(0.03 143.0 0.19000000000000003)(22.166105535247787 106.0)
(0.03 143.0 0.20000000000000004)(23.64555181872609 114.0)
(0.03 143.0 0.21000000000000005)(21.727971999660358 109.0)
(0.03 143.0 0.22000000000000006)(25.448708163691812 107.0)
(0.03 143.0 0.23000000000000007)(22.42547505920445 103.0)
(0.03 143.0 0.24000000000000007)(20.332414304674334 118.0)
(0.03 148.0 0.01)(61.023753483977885 37.0)
(0.03 148.0 0.02)(57.56836054488233 46.0)
(0.03 148.0 0.03)(53.102561006014696 58.0)
(0.03 148.0 0.04)(52.29376166171379 64.0)
(0.03 148.0 0.05)(46.73013663690693 68.0)
(0.03 148.0 0.060000000000000005)(41.20939781288217 69.0)
(0.03 148.0 0.07)(39.58814698710687 71.0)
(0.03 148.0 0.08)(36.652693314643514 78.0)
(0.03 148.0 0.09)(35.71702989969659 81.0)
(0.03 148.0 0.09999999999999999)(35.15342327344148 87.0)
(0.03 148.0 0.10999999999999999)(27.814250917488508 97.0)
(0.03 148.0 0.11999999999999998)(28.392928644132024 97.0)
(0.03 148.0 0.12999999999999998)(25.37150387209333 100.0)
(0.03 148.0 0.13999999999999999)(25.396419526193295 102.0)
(0.03 148.0 0.15)(23.71410949279883 101.0)
(0.03 148.0 0.16)(23.779780045315604 102.0)
(0.03 148.0 0.17)(23.80187017867782 101.0)
(0.03 148.0 0.18000000000000002)(23.972331486967246 106.0)
(0.03 148.0 0.19000000000000003)(22.166105535247787 106.0)
(0.03 148.0 0.20000000000000004)(23.64555181872609 114.0)
(0.03 148.0 0.21000000000000005)(21.727971999660358 109.0)
(0.03 148.0 0.22000000000000006)(25.448708163691812 107.0)
(0.03 148.0 0.23000000000000007)(22.42547505920445 103.0)
(0.03 148.0 0.24000000000000007)(20.332414304674334 118.0)
(0.03 153.0 0.01)(61.023753483977885 37.0)
(0.03 153.0 0.02)(57.56836054488233 46.0)
(0.03 153.0 0.03)(53.102561006014696 58.0)
(0.03 153.0 0.04)(52.29376166171379 64.0)
(0.03 153.0 0.05)(46.73013663690693 68.0)
(0.03 153.0 0.060000000000000005)(41.20939781288217 69.0)
(0.03 153.0 0.07)(39.58814698710687 71.0)
(0.03 153.0 0.08)(36.652693314643514 78.0)
(0.03 153.0 0.09)(35.71702989969659 81.0)
(0.03 153.0 0.09999999999999999)(35.15342327344148 87.0)
(0.03 153.0 0.10999999999999999)(27.814250917488508 97.0)
(0.03 153.0 0.11999999999999998)(28.392928644132024 97.0)
(0.03 153.0 0.12999999999999998)(25.37150387209333 100.0)
(0.03 153.0 0.13999999999999999)(25.396419526193295 102.0)
(0.03 153.0 0.15)(23.71410949279883 101.0)
(0.03 153.0 0.16)(23.779780045315604 102.0)
(0.03 153.0 0.17)(23.80187017867782 101.0)
(0.03 153.0 0.18000000000000002)(23.972331486967246 106.0)
(0.03 153.0 0.19000000000000003)(22.166105535247787 106.0)
(0.03 153.0 0.20000000000000004)(23.64555181872609 114.0)
(0.03 153.0 0.21000000000000005)(21.727971999660358 109.0)
(0.03 153.0 0.22000000000000006)(25.448708163691812 107.0)
(0.03 153.0 0.23000000000000007)(22.42547505920445 103.0)
(0.03 153.0 0.24000000000000007)(20.332414304674334 118.0)
(0.03 158.0 0.01)(61.023753483977885 37.0)
(0.03 158.0 0.02)(57.56836054488233 46.0)
(0.03 158.0 0.03)(53.102561006014696 58.0)
(0.03 158.0 0.04)(52.29376166171379 64.0)
(0.03 158.0 0.05)(46.73013663690693 68.0)
(0.03 158.0 0.060000000000000005)(41.20939781288217 69.0)
(0.03 158.0 0.07)(39.58814698710687 71.0)
(0.03 158.0 0.08)(36.652693314643514 78.0)
(0.03 158.0 0.09)(35.71702989969659 81.0)
(0.03 158.0 0.09999999999999999)(35.15342327344148 87.0)
(0.03 158.0 0.10999999999999999)(27.814250917488508 97.0)
(0.03 158.0 0.11999999999999998)(28.392928644132024 97.0)
(0.03 158.0 0.12999999999999998)(25.37150387209333 100.0)
(0.03 158.0 0.13999999999999999)(25.396419526193295 102.0)
(0.03 158.0 0.15)(23.71410949279883 101.0)
(0.03 158.0 0.16)(23.779780045315604 102.0)
(0.03 158.0 0.17)(23.80187017867782 101.0)
(0.03 158.0 0.18000000000000002)(23.972331486967246 106.0)
(0.03 158.0 0.19000000000000003)(22.166105535247787 106.0)
(0.03 158.0 0.20000000000000004)(23.64555181872609 114.0)
(0.03 158.0 0.21000000000000005)(21.727971999660358 109.0)
(0.03 158.0 0.22000000000000006)(25.448708163691812 107.0)
(0.03 158.0 0.23000000000000007)(22.42547505920445 103.0)
(0.03 158.0 0.24000000000000007)(20.332414304674334 118.0)
(0.03 163.0 0.01)(61.023753483977885 37.0)
(0.03 163.0 0.02)(57.56836054488233 46.0)
(0.03 163.0 0.03)(53.102561006014696 58.0)
(0.03 163.0 0.04)(52.29376166171379 64.0)
(0.03 163.0 0.05)(46.73013663690693 68.0)
(0.03 163.0 0.060000000000000005)(41.20939781288217 69.0)
(0.03 163.0 0.07)(39.58814698710687 71.0)
(0.03 163.0 0.08)(36.652693314643514 78.0)
(0.03 163.0 0.09)(35.71702989969659 81.0)
(0.03 163.0 0.09999999999999999)(35.15342327344148 87.0)
(0.03 163.0 0.10999999999999999)(27.814250917488508 97.0)
(0.03 163.0 0.11999999999999998)(28.392928644132024 97.0)
(0.03 163.0 0.12999999999999998)(25.37150387209333 100.0)
(0.03 163.0 0.13999999999999999)(25.396419526193295 102.0)
(0.03 163.0 0.15)(23.71410949279883 101.0)
(0.03 163.0 0.16)(23.779780045315604 102.0)
(0.03 163.0 0.17)(23.80187017867782 101.0)
(0.03 163.0 0.18000000000000002)(23.972331486967246 106.0)
(0.03 163.0 0.19000000000000003)(22.166105535247787 106.0)
(0.03 163.0 0.20000000000000004)(23.64555181872609 114.0)
(0.03 163.0 0.21000000000000005)(21.727971999660358 109.0)
(0.03 163.0 0.22000000000000006)(25.448708163691812 107.0)
(0.03 163.0 0.23000000000000007)(22.42547505920445 103.0)
(0.03 163.0 0.24000000000000007)(20.332414304674334 118.0)
(0.03 168.0 0.01)(61.023753483977885 37.0)
(0.03 168.0 0.02)(57.56836054488233 46.0)
(0.03 168.0 0.03)(53.102561006014696 58.0)
(0.03 168.0 0.04)(52.29376166171379 64.0)
(0.03 168.0 0.05)(46.73013663690693 68.0)
(0.03 168.0 0.060000000000000005)(41.20939781288217 69.0)
(0.03 168.0 0.07)(39.58814698710687 71.0)
(0.03 168.0 0.08)(36.652693314643514 78.0)
(0.03 168.0 0.09)(35.71702989969659 81.0)
(0.03 168.0 0.09999999999999999)(35.15342327344148 87.0)
(0.03 168.0 0.10999999999999999)(27.814250917488508 97.0)
(0.03 168.0 0.11999999999999998)(28.392928644132024 97.0)
(0.03 168.0 0.12999999999999998)(25.37150387209333 100.0)
(0.03 168.0 0.13999999999999999)(25.396419526193295 102.0)
(0.03 168.0 0.15)(23.71410949279883 101.0)
(0.03 168.0 0.16)(23.779780045315604 102.0)
(0.03 168.0 0.17)(23.80187017867782 101.0)
(0.03 168.0 0.18000000000000002)(23.972331486967246 106.0)
(0.03 168.0 0.19000000000000003)(22.166105535247787 106.0)
(0.03 168.0 0.20000000000000004)(23.64555181872609 114.0)
(0.03 168.0 0.21000000000000005)(21.727971999660358 109.0)
(0.03 168.0 0.22000000000000006)(25.448708163691812 107.0)
(0.03 168.0 0.23000000000000007)(22.42547505920445 103.0)
(0.03 168.0 0.24000000000000007)(20.332414304674334 118.0)
(0.03 173.0 0.01)(61.023753483977885 37.0)
(0.03 173.0 0.02)(57.56836054488233 46.0)
(0.03 173.0 0.03)(53.102561006014696 58.0)
(0.03 173.0 0.04)(52.29376166171379 64.0)
(0.03 173.0 0.05)(46.73013663690693 68.0)
(0.03 173.0 0.060000000000000005)(41.20939781288217 69.0)
(0.03 173.0 0.07)(39.58814698710687 71.0)
(0.03 173.0 0.08)(36.652693314643514 78.0)
(0.03 173.0 0.09)(35.71702989969659 81.0)
(0.03 173.0 0.09999999999999999)(35.15342327344148 87.0)
(0.03 173.0 0.10999999999999999)(27.814250917488508 97.0)
(0.03 173.0 0.11999999999999998)(28.392928644132024 97.0)
(0.03 173.0 0.12999999999999998)(25.37150387209333 100.0)
(0.03 173.0 0.13999999999999999)(25.396419526193295 102.0)
(0.03 173.0 0.15)(23.71410949279883 101.0)
(0.03 173.0 0.16)(23.779780045315604 102.0)
(0.03 173.0 0.17)(23.80187017867782 101.0)
(0.03 173.0 0.18000000000000002)(23.972331486967246 106.0)
(0.03 173.0 0.19000000000000003)(22.166105535247787 106.0)
(0.03 173.0 0.20000000000000004)(23.64555181872609 114.0)
(0.03 173.0 0.21000000000000005)(21.727971999660358 109.0)
(0.03 173.0 0.22000000000000006)(25.448708163691812 107.0)
(0.03 173.0 0.23000000000000007)(22.42547505920445 103.0)
(0.03 173.0 0.24000000000000007)(20.332414304674334 118.0)
(0.03 178.0 0.01)(61.023753483977885 37.0)
(0.03 178.0 0.02)(57.56836054488233 46.0)
(0.03 178.0 0.03)(53.102561006014696 58.0)
(0.03 178.0 0.04)(52.29376166171379 64.0)
(0.03 178.0 0.05)(46.73013663690693 68.0)
(0.03 178.0 0.060000000000000005)(41.20939781288217 69.0)
(0.03 178.0 0.07)(39.58814698710687 71.0)
(0.03 178.0 0.08)(36.652693314643514 78.0)
(0.03 178.0 0.09)(35.71702989969659 81.0)
(0.03 178.0 0.09999999999999999)(35.15342327344148 87.0)
(0.03 178.0 0.10999999999999999)(27.814250917488508 97.0)
(0.03 178.0 0.11999999999999998)(28.392928644132024 97.0)
(0.03 178.0 0.12999999999999998)(25.37150387209333 100.0)
(0.03 178.0 0.13999999999999999)(25.396419526193295 102.0)
(0.03 178.0 0.15)(23.71410949279883 101.0)
(0.03 178.0 0.16)(23.779780045315604 102.0)
(0.03 178.0 0.17)(23.80187017867782 101.0)
(0.03 178.0 0.18000000000000002)(23.972331486967246 106.0)
(0.03 178.0 0.19000000000000003)(22.166105535247787 106.0)
(0.03 178.0 0.20000000000000004)(23.64555181872609 114.0)
(0.03 178.0 0.21000000000000005)(21.727971999660358 109.0)
(0.03 178.0 0.22000000000000006)(25.448708163691812 107.0)
(0.03 178.0 0.23000000000000007)(22.42547505920445 103.0)
(0.03 178.0 0.24000000000000007)(20.332414304674334 118.0)
(0.03 183.0 0.01)(61.023753483977885 37.0)
(0.03 183.0 0.02)(57.56836054488233 46.0)
(0.03 183.0 0.03)(53.102561006014696 58.0)
(0.03 183.0 0.04)(52.29376166171379 64.0)
(0.03 183.0 0.05)(46.73013663690693 68.0)
(0.03 183.0 0.060000000000000005)(41.20939781288217 69.0)
(0.03 183.0 0.07)(39.58814698710687 71.0)
(0.03 183.0 0.08)(36.652693314643514 78.0)
(0.03 183.0 0.09)(35.71702989969659 81.0)
(0.03 183.0 0.09999999999999999)(35.15342327344148 87.0)
(0.03 183.0 0.10999999999999999)(27.814250917488508 97.0)
(0.03 183.0 0.11999999999999998)(28.392928644132024 97.0)
(0.03 183.0 0.12999999999999998)(25.37150387209333 100.0)
(0.03 183.0 0.13999999999999999)(25.396419526193295 102.0)
(0.03 183.0 0.15)(23.71410949279883 101.0)
(0.03 183.0 0.16)(23.779780045315604 102.0)
(0.03 183.0 0.17)(23.80187017867782 101.0)
(0.03 183.0 0.18000000000000002)(23.972331486967246 106.0)
(0.03 183.0 0.19000000000000003)(22.166105535247787 106.0)
(0.03 183.0 0.20000000000000004)(23.64555181872609 114.0)
(0.03 183.0 0.21000000000000005)(21.727971999660358 109.0)
(0.03 183.0 0.22000000000000006)(25.448708163691812 107.0)
(0.03 183.0 0.23000000000000007)(22.42547505920445 103.0)
(0.03 183.0 0.24000000000000007)(20.332414304674334 118.0)
(0.03 188.0 0.01)(61.023753483977885 37.0)
(0.03 188.0 0.02)(57.56836054488233 46.0)
(0.03 188.0 0.03)(53.102561006014696 58.0)
(0.03 188.0 0.04)(52.29376166171379 64.0)
(0.03 188.0 0.05)(46.73013663690693 68.0)
(0.03 188.0 0.060000000000000005)(41.20939781288217 69.0)
(0.03 188.0 0.07)(39.58814698710687 71.0)
(0.03 188.0 0.08)(36.652693314643514 78.0)
(0.03 188.0 0.09)(35.71702989969659 81.0)
(0.03 188.0 0.09999999999999999)(35.15342327344148 87.0)
(0.03 188.0 0.10999999999999999)(27.814250917488508 97.0)
(0.03 188.0 0.11999999999999998)(28.392928644132024 97.0)
(0.03 188.0 0.12999999999999998)(25.37150387209333 100.0)
(0.03 188.0 0.13999999999999999)(25.396419526193295 102.0)
(0.03 188.0 0.15)(23.71410949279883 101.0)
(0.03 188.0 0.16)(23.779780045315604 102.0)
(0.03 188.0 0.17)(23.80187017867782 101.0)
(0.03 188.0 0.18000000000000002)(23.972331486967246 106.0)
(0.03 188.0 0.19000000000000003)(22.166105535247787 106.0)
(0.03 188.0 0.20000000000000004)(23.64555181872609 114.0)
(0.03 188.0 0.21000000000000005)(21.727971999660358 109.0)
(0.03 188.0 0.22000000000000006)(25.448708163691812 107.0)
(0.03 188.0 0.23000000000000007)(22.42547505920445 103.0)
(0.03 188.0 0.24000000000000007)(20.332414304674334 118.0)
(0.03 193.0 0.01)(61.023753483977885 37.0)
(0.03 193.0 0.02)(57.56836054488233 46.0)
(0.03 193.0 0.03)(53.102561006014696 58.0)
(0.03 193.0 0.04)(52.29376166171379 64.0)
(0.03 193.0 0.05)(46.73013663690693 68.0)
(0.03 193.0 0.060000000000000005)(41.20939781288217 69.0)
(0.03 193.0 0.07)(39.58814698710687 71.0)
(0.03 193.0 0.08)(36.652693314643514 78.0)
(0.03 193.0 0.09)(35.71702989969659 81.0)
(0.03 193.0 0.09999999999999999)(35.15342327344148 87.0)
(0.03 193.0 0.10999999999999999)(27.814250917488508 97.0)
(0.03 193.0 0.11999999999999998)(28.392928644132024 97.0)
(0.03 193.0 0.12999999999999998)(25.37150387209333 100.0)
(0.03 193.0 0.13999999999999999)(25.396419526193295 102.0)
(0.03 193.0 0.15)(23.71410949279883 101.0)
(0.03 193.0 0.16)(23.779780045315604 102.0)
(0.03 193.0 0.17)(23.80187017867782 101.0)
(0.03 193.0 0.18000000000000002)(23.972331486967246 106.0)
(0.03 193.0 0.19000000000000003)(22.166105535247787 106.0)
(0.03 193.0 0.20000000000000004)(23.64555181872609 114.0)
(0.03 193.0 0.21000000000000005)(21.727971999660358 109.0)
(0.03 193.0 0.22000000000000006)(25.448708163691812 107.0)
(0.03 193.0 0.23000000000000007)(22.42547505920445 103.0)
(0.03 193.0 0.24000000000000007)(20.332414304674334 118.0)
(0.03 198.0 0.01)(61.023753483977885 37.0)
(0.03 198.0 0.02)(57.56836054488233 46.0)
(0.03 198.0 0.03)(53.102561006014696 58.0)
(0.03 198.0 0.04)(52.29376166171379 64.0)
(0.03 198.0 0.05)(46.73013663690693 68.0)
(0.03 198.0 0.060000000000000005)(41.20939781288217 69.0)
(0.03 198.0 0.07)(39.58814698710687 71.0)
(0.03 198.0 0.08)(36.652693314643514 78.0)
(0.03 198.0 0.09)(35.71702989969659 81.0)
(0.03 198.0 0.09999999999999999)(35.15342327344148 87.0)
(0.03 198.0 0.10999999999999999)(27.814250917488508 97.0)
(0.03 198.0 0.11999999999999998)(28.392928644132024 97.0)
(0.03 198.0 0.12999999999999998)(25.37150387209333 100.0)
(0.03 198.0 0.13999999999999999)(25.396419526193295 102.0)
(0.03 198.0 0.15)(23.71410949279883 101.0)
(0.03 198.0 0.16)(23.779780045315604 102.0)
(0.03 198.0 0.17)(23.80187017867782 101.0)
(0.03 198.0 0.18000000000000002)(23.972331486967246 106.0)
(0.03 198.0 0.19000000000000003)(22.166105535247787 106.0)
(0.03 198.0 0.20000000000000004)(23.64555181872609 114.0)
(0.03 198.0 0.21000000000000005)(21.727971999660358 109.0)
(0.03 198.0 0.22000000000000006)(25.448708163691812 107.0)
(0.03 198.0 0.23000000000000007)(22.42547505920445 103.0)
(0.03 198.0 0.24000000000000007)(20.332414304674334 118.0)
(0.03 203.0 0.01)(61.023753483977885 37.0)
(0.03 203.0 0.02)(57.56836054488233 46.0)
(0.03 203.0 0.03)(53.102561006014696 58.0)
(0.03 203.0 0.04)(52.29376166171379 64.0)
(0.03 203.0 0.05)(46.73013663690693 68.0)
(0.03 203.0 0.060000000000000005)(41.20939781288217 69.0)
(0.03 203.0 0.07)(39.58814698710687 71.0)
(0.03 203.0 0.08)(36.652693314643514 78.0)
(0.03 203.0 0.09)(35.71702989969659 81.0)
(0.03 203.0 0.09999999999999999)(35.15342327344148 87.0)
(0.03 203.0 0.10999999999999999)(27.814250917488508 97.0)
(0.03 203.0 0.11999999999999998)(28.392928644132024 97.0)
(0.03 203.0 0.12999999999999998)(25.37150387209333 100.0)
(0.03 203.0 0.13999999999999999)(25.396419526193295 102.0)
(0.03 203.0 0.15)(23.71410949279883 101.0)
(0.03 203.0 0.16)(23.779780045315604 102.0)
(0.03 203.0 0.17)(23.80187017867782 101.0)
(0.03 203.0 0.18000000000000002)(23.972331486967246 106.0)
(0.03 203.0 0.19000000000000003)(22.166105535247787 106.0)
(0.03 203.0 0.20000000000000004)(23.64555181872609 114.0)
(0.03 203.0 0.21000000000000005)(21.727971999660358 109.0)
(0.03 203.0 0.22000000000000006)(25.448708163691812 107.0)
(0.03 203.0 0.23000000000000007)(22.42547505920445 103.0)
(0.03 203.0 0.24000000000000007)(20.332414304674334 118.0)
(0.03 208.0 0.01)(61.023753483977885 37.0)
(0.03 208.0 0.02)(57.56836054488233 46.0)
(0.03 208.0 0.03)(53.102561006014696 58.0)
(0.03 208.0 0.04)(52.29376166171379 64.0)
(0.03 208.0 0.05)(46.73013663690693 68.0)
(0.03 208.0 0.060000000000000005)(41.20939781288217 69.0)
(0.03 208.0 0.07)(39.58814698710687 71.0)
(0.03 208.0 0.08)(36.652693314643514 78.0)
(0.03 208.0 0.09)(35.71702989969659 81.0)
(0.03 208.0 0.09999999999999999)(35.15342327344148 87.0)
(0.03 208.0 0.10999999999999999)(27.814250917488508 97.0)
(0.03 208.0 0.11999999999999998)(28.392928644132024 97.0)
(0.03 208.0 0.12999999999999998)(25.37150387209333 100.0)
(0.03 208.0 0.13999999999999999)(25.396419526193295 102.0)
(0.03 208.0 0.15)(23.71410949279883 101.0)
(0.03 208.0 0.16)(23.779780045315604 102.0)
(0.03 208.0 0.17)(23.80187017867782 101.0)
(0.03 208.0 0.18000000000000002)(23.972331486967246 106.0)
(0.03 208.0 0.19000000000000003)(22.166105535247787 106.0)
(0.03 208.0 0.20000000000000004)(23.64555181872609 114.0)
(0.03 208.0 0.21000000000000005)(21.727971999660358 109.0)
(0.03 208.0 0.22000000000000006)(25.448708163691812 107.0)
(0.03 208.0 0.23000000000000007)(22.42547505920445 103.0)
(0.03 208.0 0.24000000000000007)(20.332414304674334 118.0)
(0.03 213.0 0.01)(61.023753483977885 37.0)
(0.03 213.0 0.02)(57.56836054488233 46.0)
(0.03 213.0 0.03)(53.102561006014696 58.0)
(0.03 213.0 0.04)(52.29376166171379 64.0)
(0.03 213.0 0.05)(46.73013663690693 68.0)
(0.03 213.0 0.060000000000000005)(41.20939781288217 69.0)
(0.03 213.0 0.07)(39.58814698710687 71.0)
(0.03 213.0 0.08)(36.652693314643514 78.0)
(0.03 213.0 0.09)(35.71702989969659 81.0)
(0.03 213.0 0.09999999999999999)(35.15342327344148 87.0)
(0.03 213.0 0.10999999999999999)(27.814250917488508 97.0)
(0.03 213.0 0.11999999999999998)(28.392928644132024 97.0)
(0.03 213.0 0.12999999999999998)(25.37150387209333 100.0)
(0.03 213.0 0.13999999999999999)(25.396419526193295 102.0)
(0.03 213.0 0.15)(23.71410949279883 101.0)
(0.03 213.0 0.16)(23.779780045315604 102.0)
(0.03 213.0 0.17)(23.80187017867782 101.0)
(0.03 213.0 0.18000000000000002)(23.972331486967246 106.0)
(0.03 213.0 0.19000000000000003)(22.166105535247787 106.0)
(0.03 213.0 0.20000000000000004)(23.64555181872609 114.0)
(0.03 213.0 0.21000000000000005)(21.727971999660358 109.0)
(0.03 213.0 0.22000000000000006)(25.448708163691812 107.0)
(0.03 213.0 0.23000000000000007)(22.42547505920445 103.0)
(0.03 213.0 0.24000000000000007)(20.332414304674334 118.0)
(0.03 218.0 0.01)(61.023753483977885 37.0)
(0.03 218.0 0.02)(57.56836054488233 46.0)
(0.03 218.0 0.03)(53.102561006014696 58.0)
(0.03 218.0 0.04)(52.29376166171379 64.0)
(0.03 218.0 0.05)(46.73013663690693 68.0)
(0.03 218.0 0.060000000000000005)(41.20939781288217 69.0)
(0.03 218.0 0.07)(39.58814698710687 71.0)
(0.03 218.0 0.08)(36.652693314643514 78.0)
(0.03 218.0 0.09)(35.71702989969659 81.0)
(0.03 218.0 0.09999999999999999)(35.15342327344148 87.0)
(0.03 218.0 0.10999999999999999)(27.814250917488508 97.0)
(0.03 218.0 0.11999999999999998)(28.392928644132024 97.0)
(0.03 218.0 0.12999999999999998)(25.37150387209333 100.0)
(0.03 218.0 0.13999999999999999)(25.396419526193295 102.0)
(0.03 218.0 0.15)(23.71410949279883 101.0)
(0.03 218.0 0.16)(23.779780045315604 102.0)
(0.03 218.0 0.17)(23.80187017867782 101.0)
(0.03 218.0 0.18000000000000002)(23.972331486967246 106.0)
(0.03 218.0 0.19000000000000003)(22.166105535247787 106.0)
(0.03 218.0 0.20000000000000004)(23.64555181872609 114.0)
(0.03 218.0 0.21000000000000005)(21.727971999660358 109.0)
(0.03 218.0 0.22000000000000006)(25.448708163691812 107.0)
(0.03 218.0 0.23000000000000007)(22.42547505920445 103.0)
(0.03 218.0 0.24000000000000007)(20.332414304674334 118.0)
(0.03 223.0 0.01)(61.023753483977885 37.0)
(0.03 223.0 0.02)(57.56836054488233 46.0)
(0.03 223.0 0.03)(53.102561006014696 58.0)
(0.03 223.0 0.04)(52.29376166171379 64.0)
(0.03 223.0 0.05)(46.73013663690693 68.0)
(0.03 223.0 0.060000000000000005)(41.20939781288217 69.0)
(0.03 223.0 0.07)(39.58814698710687 71.0)
(0.03 223.0 0.08)(36.652693314643514 78.0)
(0.03 223.0 0.09)(35.71702989969659 81.0)
(0.03 223.0 0.09999999999999999)(35.15342327344148 87.0)
(0.03 223.0 0.10999999999999999)(27.814250917488508 97.0)
(0.03 223.0 0.11999999999999998)(28.392928644132024 97.0)
(0.03 223.0 0.12999999999999998)(25.37150387209333 100.0)
(0.03 223.0 0.13999999999999999)(25.396419526193295 102.0)
(0.03 223.0 0.15)(23.71410949279883 101.0)
(0.03 223.0 0.16)(23.779780045315604 102.0)
(0.03 223.0 0.17)(23.80187017867782 101.0)
(0.03 223.0 0.18000000000000002)(23.972331486967246 106.0)
(0.03 223.0 0.19000000000000003)(22.166105535247787 106.0)
(0.03 223.0 0.20000000000000004)(23.64555181872609 114.0)
(0.03 223.0 0.21000000000000005)(21.727971999660358 109.0)
(0.03 223.0 0.22000000000000006)(25.448708163691812 107.0)
(0.03 223.0 0.23000000000000007)(22.42547505920445 103.0)
(0.03 223.0 0.24000000000000007)(20.332414304674334 118.0)
(0.03 228.0 0.01)(61.023753483977885 37.0)
(0.03 228.0 0.02)(57.56836054488233 46.0)
(0.03 228.0 0.03)(53.102561006014696 58.0)
(0.03 228.0 0.04)(52.29376166171379 64.0)
(0.03 228.0 0.05)(46.73013663690693 68.0)
(0.03 228.0 0.060000000000000005)(41.20939781288217 69.0)
(0.03 228.0 0.07)(39.58814698710687 71.0)
(0.03 228.0 0.08)(36.652693314643514 78.0)
(0.03 228.0 0.09)(35.71702989969659 81.0)
(0.03 228.0 0.09999999999999999)(35.15342327344148 87.0)
(0.03 228.0 0.10999999999999999)(27.814250917488508 97.0)
(0.03 228.0 0.11999999999999998)(28.392928644132024 97.0)
(0.03 228.0 0.12999999999999998)(25.37150387209333 100.0)
(0.03 228.0 0.13999999999999999)(25.396419526193295 102.0)
(0.03 228.0 0.15)(23.71410949279883 101.0)
(0.03 228.0 0.16)(23.779780045315604 102.0)
(0.03 228.0 0.17)(23.80187017867782 101.0)
(0.03 228.0 0.18000000000000002)(23.972331486967246 106.0)
(0.03 228.0 0.19000000000000003)(22.166105535247787 106.0)
(0.03 228.0 0.20000000000000004)(23.64555181872609 114.0)
(0.03 228.0 0.21000000000000005)(21.727971999660358 109.0)
(0.03 228.0 0.22000000000000006)(25.448708163691812 107.0)
(0.03 228.0 0.23000000000000007)(22.42547505920445 103.0)
(0.03 228.0 0.24000000000000007)(20.332414304674334 118.0)
(0.03 233.0 0.01)(61.023753483977885 37.0)
(0.03 233.0 0.02)(57.56836054488233 46.0)
(0.03 233.0 0.03)(53.102561006014696 58.0)
(0.03 233.0 0.04)(52.29376166171379 64.0)
(0.03 233.0 0.05)(46.73013663690693 68.0)
(0.03 233.0 0.060000000000000005)(41.20939781288217 69.0)
(0.03 233.0 0.07)(39.58814698710687 71.0)
(0.03 233.0 0.08)(36.652693314643514 78.0)
(0.03 233.0 0.09)(35.71702989969659 81.0)
(0.03 233.0 0.09999999999999999)(35.15342327344148 87.0)
(0.03 233.0 0.10999999999999999)(27.814250917488508 97.0)
(0.03 233.0 0.11999999999999998)(28.392928644132024 97.0)
(0.03 233.0 0.12999999999999998)(25.37150387209333 100.0)
(0.03 233.0 0.13999999999999999)(25.396419526193295 102.0)
(0.03 233.0 0.15)(23.71410949279883 101.0)
(0.03 233.0 0.16)(23.779780045315604 102.0)
(0.03 233.0 0.17)(23.80187017867782 101.0)
(0.03 233.0 0.18000000000000002)(23.972331486967246 106.0)
(0.03 233.0 0.19000000000000003)(22.166105535247787 106.0)
(0.03 233.0 0.20000000000000004)(23.64555181872609 114.0)
(0.03 233.0 0.21000000000000005)(21.727971999660358 109.0)
(0.03 233.0 0.22000000000000006)(25.448708163691812 107.0)
(0.03 233.0 0.23000000000000007)(22.42547505920445 103.0)
(0.03 233.0 0.24000000000000007)(20.332414304674334 118.0)
(0.03 238.0 0.01)(61.023753483977885 37.0)
(0.03 238.0 0.02)(57.56836054488233 46.0)
(0.03 238.0 0.03)(53.102561006014696 58.0)
(0.03 238.0 0.04)(52.29376166171379 64.0)
(0.03 238.0 0.05)(46.73013663690693 68.0)
(0.03 238.0 0.060000000000000005)(41.20939781288217 69.0)
(0.03 238.0 0.07)(39.58814698710687 71.0)
(0.03 238.0 0.08)(36.652693314643514 78.0)
(0.03 238.0 0.09)(35.71702989969659 81.0)
(0.03 238.0 0.09999999999999999)(35.15342327344148 87.0)
(0.03 238.0 0.10999999999999999)(27.814250917488508 97.0)
(0.03 238.0 0.11999999999999998)(28.392928644132024 97.0)
(0.03 238.0 0.12999999999999998)(25.37150387209333 100.0)
(0.03 238.0 0.13999999999999999)(25.396419526193295 102.0)
(0.03 238.0 0.15)(23.71410949279883 101.0)
(0.03 238.0 0.16)(23.779780045315604 102.0)
(0.03 238.0 0.17)(23.80187017867782 101.0)
(0.03 238.0 0.18000000000000002)(23.972331486967246 106.0)
(0.03 238.0 0.19000000000000003)(22.166105535247787 106.0)
(0.03 238.0 0.20000000000000004)(23.64555181872609 114.0)
(0.03 238.0 0.21000000000000005)(21.727971999660358 109.0)
(0.03 238.0 0.22000000000000006)(25.448708163691812 107.0)
(0.03 238.0 0.23000000000000007)(22.42547505920445 103.0)
(0.03 238.0 0.24000000000000007)(20.332414304674334 118.0)
(0.03 243.0 0.01)(61.023753483977885 37.0)
(0.03 243.0 0.02)(57.56836054488233 46.0)
(0.03 243.0 0.03)(53.102561006014696 58.0)
(0.03 243.0 0.04)(52.29376166171379 64.0)
(0.03 243.0 0.05)(46.73013663690693 68.0)
(0.03 243.0 0.060000000000000005)(41.20939781288217 69.0)
(0.03 243.0 0.07)(39.58814698710687 71.0)
(0.03 243.0 0.08)(36.652693314643514 78.0)
(0.03 243.0 0.09)(35.71702989969659 81.0)
(0.03 243.0 0.09999999999999999)(35.15342327344148 87.0)
(0.03 243.0 0.10999999999999999)(27.814250917488508 97.0)
(0.03 243.0 0.11999999999999998)(28.392928644132024 97.0)
(0.03 243.0 0.12999999999999998)(25.37150387209333 100.0)
(0.03 243.0 0.13999999999999999)(25.396419526193295 102.0)
(0.03 243.0 0.15)(23.71410949279883 101.0)
(0.03 243.0 0.16)(23.779780045315604 102.0)
(0.03 243.0 0.17)(23.80187017867782 101.0)
(0.03 243.0 0.18000000000000002)(23.972331486967246 106.0)
(0.03 243.0 0.19000000000000003)(22.166105535247787 106.0)
(0.03 243.0 0.20000000000000004)(23.64555181872609 114.0)
(0.03 243.0 0.21000000000000005)(21.727971999660358 109.0)
(0.03 243.0 0.22000000000000006)(25.448708163691812 107.0)
(0.03 243.0 0.23000000000000007)(22.42547505920445 103.0)
(0.03 243.0 0.24000000000000007)(20.332414304674334 118.0)
(0.03 248.0 0.01)(61.023753483977885 37.0)
(0.03 248.0 0.02)(57.56836054488233 46.0)
(0.03 248.0 0.03)(53.102561006014696 58.0)
(0.03 248.0 0.04)(52.29376166171379 64.0)
(0.03 248.0 0.05)(46.73013663690693 68.0)
(0.03 248.0 0.060000000000000005)(41.20939781288217 69.0)
(0.03 248.0 0.07)(39.58814698710687 71.0)
(0.03 248.0 0.08)(36.652693314643514 78.0)
(0.03 248.0 0.09)(35.71702989969659 81.0)
(0.03 248.0 0.09999999999999999)(35.15342327344148 87.0)
(0.03 248.0 0.10999999999999999)(27.814250917488508 97.0)
(0.03 248.0 0.11999999999999998)(28.392928644132024 97.0)
(0.03 248.0 0.12999999999999998)(25.37150387209333 100.0)
(0.03 248.0 0.13999999999999999)(25.396419526193295 102.0)
(0.03 248.0 0.15)(23.71410949279883 101.0)
(0.03 248.0 0.16)(23.779780045315604 102.0)
(0.03 248.0 0.17)(23.80187017867782 101.0)
(0.03 248.0 0.18000000000000002)(23.972331486967246 106.0)
(0.03 248.0 0.19000000000000003)(22.166105535247787 106.0)
(0.03 248.0 0.20000000000000004)(23.64555181872609 114.0)
(0.03 248.0 0.21000000000000005)(21.727971999660358 109.0)
(0.03 248.0 0.22000000000000006)(25.448708163691812 107.0)
(0.03 248.0 0.23000000000000007)(22.42547505920445 103.0)
(0.03 248.0 0.24000000000000007)(20.332414304674334 118.0)
(0.03 253.0 0.01)(61.023753483977885 37.0)
(0.03 253.0 0.02)(57.56836054488233 46.0)
(0.03 253.0 0.03)(53.102561006014696 58.0)
(0.03 253.0 0.04)(52.29376166171379 64.0)
(0.03 253.0 0.05)(46.73013663690693 68.0)
(0.03 253.0 0.060000000000000005)(41.20939781288217 69.0)
(0.03 253.0 0.07)(39.58814698710687 71.0)
(0.03 253.0 0.08)(36.652693314643514 78.0)
(0.03 253.0 0.09)(35.71702989969659 81.0)
(0.03 253.0 0.09999999999999999)(35.15342327344148 87.0)
(0.03 253.0 0.10999999999999999)(27.814250917488508 97.0)
(0.03 253.0 0.11999999999999998)(28.392928644132024 97.0)
(0.03 253.0 0.12999999999999998)(25.37150387209333 100.0)
(0.03 253.0 0.13999999999999999)(25.396419526193295 102.0)
(0.03 253.0 0.15)(23.71410949279883 101.0)
(0.03 253.0 0.16)(23.779780045315604 102.0)
(0.03 253.0 0.17)(23.80187017867782 101.0)
(0.03 253.0 0.18000000000000002)(23.972331486967246 106.0)
(0.03 253.0 0.19000000000000003)(22.166105535247787 106.0)
(0.03 253.0 0.20000000000000004)(23.64555181872609 114.0)
(0.03 253.0 0.21000000000000005)(21.727971999660358 109.0)
(0.03 253.0 0.22000000000000006)(25.448708163691812 107.0)
(0.03 253.0 0.23000000000000007)(22.42547505920445 103.0)
(0.03 253.0 0.24000000000000007)(20.332414304674334 118.0)
(0.03 258.0 0.01)(61.023753483977885 37.0)
(0.03 258.0 0.02)(57.56836054488233 46.0)
(0.03 258.0 0.03)(53.102561006014696 58.0)
(0.03 258.0 0.04)(52.29376166171379 64.0)
(0.03 258.0 0.05)(46.73013663690693 68.0)
(0.03 258.0 0.060000000000000005)(41.20939781288217 69.0)
(0.03 258.0 0.07)(39.58814698710687 71.0)
(0.03 258.0 0.08)(36.652693314643514 78.0)
(0.03 258.0 0.09)(35.71702989969659 81.0)
(0.03 258.0 0.09999999999999999)(35.15342327344148 87.0)
(0.03 258.0 0.10999999999999999)(27.814250917488508 97.0)
(0.03 258.0 0.11999999999999998)(28.392928644132024 97.0)
(0.03 258.0 0.12999999999999998)(25.37150387209333 100.0)
(0.03 258.0 0.13999999999999999)(25.396419526193295 102.0)
(0.03 258.0 0.15)(23.71410949279883 101.0)
(0.03 258.0 0.16)(23.779780045315604 102.0)
(0.03 258.0 0.17)(23.80187017867782 101.0)
(0.03 258.0 0.18000000000000002)(23.972331486967246 106.0)
(0.03 258.0 0.19000000000000003)(22.166105535247787 106.0)
(0.03 258.0 0.20000000000000004)(23.64555181872609 114.0)
(0.03 258.0 0.21000000000000005)(21.727971999660358 109.0)
(0.03 258.0 0.22000000000000006)(25.448708163691812 107.0)
(0.03 258.0 0.23000000000000007)(22.42547505920445 103.0)
(0.03 258.0 0.24000000000000007)(20.332414304674334 118.0)
(0.03 263.0 0.01)(61.023753483977885 37.0)
(0.03 263.0 0.02)(57.56836054488233 46.0)
(0.03 263.0 0.03)(53.102561006014696 58.0)
(0.03 263.0 0.04)(52.29376166171379 64.0)
(0.03 263.0 0.05)(46.73013663690693 68.0)
(0.03 263.0 0.060000000000000005)(41.20939781288217 69.0)
(0.03 263.0 0.07)(39.58814698710687 71.0)
(0.03 263.0 0.08)(36.652693314643514 78.0)
(0.03 263.0 0.09)(35.71702989969659 81.0)
(0.03 263.0 0.09999999999999999)(35.15342327344148 87.0)
(0.03 263.0 0.10999999999999999)(27.814250917488508 97.0)
(0.03 263.0 0.11999999999999998)(28.392928644132024 97.0)
(0.03 263.0 0.12999999999999998)(25.37150387209333 100.0)
(0.03 263.0 0.13999999999999999)(25.396419526193295 102.0)
(0.03 263.0 0.15)(23.71410949279883 101.0)
(0.03 263.0 0.16)(23.779780045315604 102.0)
(0.03 263.0 0.17)(23.80187017867782 101.0)
(0.03 263.0 0.18000000000000002)(23.972331486967246 106.0)
(0.03 263.0 0.19000000000000003)(22.166105535247787 106.0)
(0.03 263.0 0.20000000000000004)(23.64555181872609 114.0)
(0.03 263.0 0.21000000000000005)(21.727971999660358 109.0)
(0.03 263.0 0.22000000000000006)(25.448708163691812 107.0)
(0.03 263.0 0.23000000000000007)(22.42547505920445 103.0)
(0.03 263.0 0.24000000000000007)(20.332414304674334 118.0)
(0.03 268.0 0.01)(61.023753483977885 37.0)
(0.03 268.0 0.02)(57.56836054488233 46.0)
(0.03 268.0 0.03)(53.102561006014696 58.0)
(0.03 268.0 0.04)(52.29376166171379 64.0)
(0.03 268.0 0.05)(46.73013663690693 68.0)
(0.03 268.0 0.060000000000000005)(41.20939781288217 69.0)
(0.03 268.0 0.07)(39.58814698710687 71.0)
(0.03 268.0 0.08)(36.652693314643514 78.0)
(0.03 268.0 0.09)(35.71702989969659 81.0)
(0.03 268.0 0.09999999999999999)(35.15342327344148 87.0)
(0.03 268.0 0.10999999999999999)(27.814250917488508 97.0)
(0.03 268.0 0.11999999999999998)(28.392928644132024 97.0)
(0.03 268.0 0.12999999999999998)(25.37150387209333 100.0)
(0.03 268.0 0.13999999999999999)(25.396419526193295 102.0)
(0.03 268.0 0.15)(23.71410949279883 101.0)
(0.03 268.0 0.16)(23.779780045315604 102.0)
(0.03 268.0 0.17)(23.80187017867782 101.0)
(0.03 268.0 0.18000000000000002)(23.972331486967246 106.0)
(0.03 268.0 0.19000000000000003)(22.166105535247787 106.0)
(0.03 268.0 0.20000000000000004)(23.64555181872609 114.0)
(0.03 268.0 0.21000000000000005)(21.727971999660358 109.0)
(0.03 268.0 0.22000000000000006)(25.448708163691812 107.0)
(0.03 268.0 0.23000000000000007)(22.42547505920445 103.0)
(0.03 268.0 0.24000000000000007)(20.332414304674334 118.0)
(0.03 273.0 0.01)(61.023753483977885 37.0)
(0.03 273.0 0.02)(57.56836054488233 46.0)
(0.03 273.0 0.03)(53.102561006014696 58.0)
(0.03 273.0 0.04)(52.29376166171379 64.0)
(0.03 273.0 0.05)(46.73013663690693 68.0)
(0.03 273.0 0.060000000000000005)(41.20939781288217 69.0)
(0.03 273.0 0.07)(39.58814698710687 71.0)
(0.03 273.0 0.08)(36.652693314643514 78.0)
(0.03 273.0 0.09)(35.71702989969659 81.0)
(0.03 273.0 0.09999999999999999)(35.15342327344148 87.0)
(0.03 273.0 0.10999999999999999)(27.814250917488508 97.0)
(0.03 273.0 0.11999999999999998)(28.392928644132024 97.0)
(0.03 273.0 0.12999999999999998)(25.37150387209333 100.0)
(0.03 273.0 0.13999999999999999)(25.396419526193295 102.0)
(0.03 273.0 0.15)(23.71410949279883 101.0)
(0.03 273.0 0.16)(23.779780045315604 102.0)
(0.03 273.0 0.17)(23.80187017867782 101.0)
(0.03 273.0 0.18000000000000002)(23.972331486967246 106.0)
(0.03 273.0 0.19000000000000003)(22.166105535247787 106.0)
(0.03 273.0 0.20000000000000004)(23.64555181872609 114.0)
(0.03 273.0 0.21000000000000005)(21.727971999660358 109.0)
(0.03 273.0 0.22000000000000006)(25.448708163691812 107.0)
(0.03 273.0 0.23000000000000007)(22.42547505920445 103.0)
(0.03 273.0 0.24000000000000007)(20.332414304674334 118.0)
(0.03 278.0 0.01)(61.023753483977885 37.0)
(0.03 278.0 0.02)(57.56836054488233 46.0)
(0.03 278.0 0.03)(53.102561006014696 58.0)
(0.03 278.0 0.04)(52.29376166171379 64.0)
(0.03 278.0 0.05)(46.73013663690693 68.0)
(0.03 278.0 0.060000000000000005)(41.20939781288217 69.0)
(0.03 278.0 0.07)(39.58814698710687 71.0)
(0.03 278.0 0.08)(36.652693314643514 78.0)
(0.03 278.0 0.09)(35.71702989969659 81.0)
(0.03 278.0 0.09999999999999999)(35.15342327344148 87.0)
(0.03 278.0 0.10999999999999999)(27.814250917488508 97.0)
(0.03 278.0 0.11999999999999998)(28.392928644132024 97.0)
(0.03 278.0 0.12999999999999998)(25.37150387209333 100.0)
(0.03 278.0 0.13999999999999999)(25.396419526193295 102.0)
(0.03 278.0 0.15)(23.71410949279883 101.0)
(0.03 278.0 0.16)(23.779780045315604 102.0)
(0.03 278.0 0.17)(23.80187017867782 101.0)
(0.03 278.0 0.18000000000000002)(23.972331486967246 106.0)
(0.03 278.0 0.19000000000000003)(22.166105535247787 106.0)
(0.03 278.0 0.20000000000000004)(23.64555181872609 114.0)
(0.03 278.0 0.21000000000000005)(21.727971999660358 109.0)
(0.03 278.0 0.22000000000000006)(25.448708163691812 107.0)
(0.03 278.0 0.23000000000000007)(22.42547505920445 103.0)
(0.03 278.0 0.24000000000000007)(20.332414304674334 118.0)
(0.03 283.0 0.01)(61.023753483977885 37.0)
(0.03 283.0 0.02)(57.56836054488233 46.0)
(0.03 283.0 0.03)(53.102561006014696 58.0)
(0.03 283.0 0.04)(52.29376166171379 64.0)
(0.03 283.0 0.05)(46.73013663690693 68.0)
(0.03 283.0 0.060000000000000005)(41.20939781288217 69.0)
(0.03 283.0 0.07)(39.58814698710687 71.0)
(0.03 283.0 0.08)(36.652693314643514 78.0)
(0.03 283.0 0.09)(35.71702989969659 81.0)
(0.03 283.0 0.09999999999999999)(35.15342327344148 87.0)
(0.03 283.0 0.10999999999999999)(27.814250917488508 97.0)
(0.03 283.0 0.11999999999999998)(28.392928644132024 97.0)
(0.03 283.0 0.12999999999999998)(25.37150387209333 100.0)
(0.03 283.0 0.13999999999999999)(25.396419526193295 102.0)
(0.03 283.0 0.15)(23.71410949279883 101.0)
(0.03 283.0 0.16)(23.779780045315604 102.0)
(0.03 283.0 0.17)(23.80187017867782 101.0)
(0.03 283.0 0.18000000000000002)(23.972331486967246 106.0)
(0.03 283.0 0.19000000000000003)(22.166105535247787 106.0)
(0.03 283.0 0.20000000000000004)(23.64555181872609 114.0)
(0.03 283.0 0.21000000000000005)(21.727971999660358 109.0)
(0.03 283.0 0.22000000000000006)(25.448708163691812 107.0)
(0.03 283.0 0.23000000000000007)(22.42547505920445 103.0)
(0.03 283.0 0.24000000000000007)(20.332414304674334 118.0)
(0.03 288.0 0.01)(61.023753483977885 37.0)
(0.03 288.0 0.02)(57.56836054488233 46.0)
(0.03 288.0 0.03)(53.102561006014696 58.0)
(0.03 288.0 0.04)(52.29376166171379 64.0)
(0.03 288.0 0.05)(46.73013663690693 68.0)
(0.03 288.0 0.060000000000000005)(41.20939781288217 69.0)
(0.03 288.0 0.07)(39.58814698710687 71.0)
(0.03 288.0 0.08)(36.652693314643514 78.0)
(0.03 288.0 0.09)(35.71702989969659 81.0)
(0.03 288.0 0.09999999999999999)(35.15342327344148 87.0)
(0.03 288.0 0.10999999999999999)(27.814250917488508 97.0)
(0.03 288.0 0.11999999999999998)(28.392928644132024 97.0)
(0.03 288.0 0.12999999999999998)(25.37150387209333 100.0)
(0.03 288.0 0.13999999999999999)(25.396419526193295 102.0)
(0.03 288.0 0.15)(23.71410949279883 101.0)
(0.03 288.0 0.16)(23.779780045315604 102.0)
(0.03 288.0 0.17)(23.80187017867782 101.0)
(0.03 288.0 0.18000000000000002)(23.972331486967246 106.0)
(0.03 288.0 0.19000000000000003)(22.166105535247787 106.0)
(0.03 288.0 0.20000000000000004)(23.64555181872609 114.0)
(0.03 288.0 0.21000000000000005)(21.727971999660358 109.0)
(0.03 288.0 0.22000000000000006)(25.448708163691812 107.0)
(0.03 288.0 0.23000000000000007)(22.42547505920445 103.0)
(0.03 288.0 0.24000000000000007)(20.332414304674334 118.0)
(0.03 293.0 0.01)(61.023753483977885 37.0)
(0.03 293.0 0.02)(57.56836054488233 46.0)
(0.03 293.0 0.03)(53.102561006014696 58.0)
(0.03 293.0 0.04)(52.29376166171379 64.0)
(0.03 293.0 0.05)(46.73013663690693 68.0)
(0.03 293.0 0.060000000000000005)(41.20939781288217 69.0)
(0.03 293.0 0.07)(39.58814698710687 71.0)
(0.03 293.0 0.08)(36.652693314643514 78.0)
(0.03 293.0 0.09)(35.71702989969659 81.0)
(0.03 293.0 0.09999999999999999)(35.15342327344148 87.0)
(0.03 293.0 0.10999999999999999)(27.814250917488508 97.0)
(0.03 293.0 0.11999999999999998)(28.392928644132024 97.0)
(0.03 293.0 0.12999999999999998)(25.37150387209333 100.0)
(0.03 293.0 0.13999999999999999)(25.396419526193295 102.0)
(0.03 293.0 0.15)(23.71410949279883 101.0)
(0.03 293.0 0.16)(23.779780045315604 102.0)
(0.03 293.0 0.17)(23.80187017867782 101.0)
(0.03 293.0 0.18000000000000002)(23.972331486967246 106.0)
(0.03 293.0 0.19000000000000003)(22.166105535247787 106.0)
(0.03 293.0 0.20000000000000004)(23.64555181872609 114.0)
(0.03 293.0 0.21000000000000005)(21.727971999660358 109.0)
(0.03 293.0 0.22000000000000006)(25.448708163691812 107.0)
(0.03 293.0 0.23000000000000007)(22.42547505920445 103.0)
(0.03 293.0 0.24000000000000007)(20.332414304674334 118.0)
(0.03 298.0 0.01)(61.023753483977885 37.0)
(0.03 298.0 0.02)(57.56836054488233 46.0)
(0.03 298.0 0.03)(53.102561006014696 58.0)
(0.03 298.0 0.04)(52.29376166171379 64.0)
(0.03 298.0 0.05)(46.73013663690693 68.0)
(0.03 298.0 0.060000000000000005)(41.20939781288217 69.0)
(0.03 298.0 0.07)(39.58814698710687 71.0)
(0.03 298.0 0.08)(36.652693314643514 78.0)
(0.03 298.0 0.09)(35.71702989969659 81.0)
(0.03 298.0 0.09999999999999999)(35.15342327344148 87.0)
(0.03 298.0 0.10999999999999999)(27.814250917488508 97.0)
(0.03 298.0 0.11999999999999998)(28.392928644132024 97.0)
(0.03 298.0 0.12999999999999998)(25.37150387209333 100.0)
(0.03 298.0 0.13999999999999999)(25.396419526193295 102.0)
(0.03 298.0 0.15)(23.71410949279883 101.0)
(0.03 298.0 0.16)(23.779780045315604 102.0)
(0.03 298.0 0.17)(23.80187017867782 101.0)
(0.03 298.0 0.18000000000000002)(23.972331486967246 106.0)
(0.03 298.0 0.19000000000000003)(22.166105535247787 106.0)
(0.03 298.0 0.20000000000000004)(23.64555181872609 114.0)
(0.03 298.0 0.21000000000000005)(21.727971999660358 109.0)
(0.03 298.0 0.22000000000000006)(25.448708163691812 107.0)
(0.03 298.0 0.23000000000000007)(22.42547505920445 103.0)
(0.03 298.0 0.24000000000000007)(20.332414304674334 118.0)
(0.03 303.0 0.01)(61.023753483977885 37.0)
(0.03 303.0 0.02)(57.56836054488233 46.0)
(0.03 303.0 0.03)(53.102561006014696 58.0)
(0.03 303.0 0.04)(52.29376166171379 64.0)
(0.03 303.0 0.05)(46.73013663690693 68.0)
(0.03 303.0 0.060000000000000005)(41.20939781288217 69.0)
(0.03 303.0 0.07)(39.58814698710687 71.0)
(0.03 303.0 0.08)(36.652693314643514 78.0)
(0.03 303.0 0.09)(35.71702989969659 81.0)
(0.03 303.0 0.09999999999999999)(35.15342327344148 87.0)
(0.03 303.0 0.10999999999999999)(27.814250917488508 97.0)
(0.03 303.0 0.11999999999999998)(28.392928644132024 97.0)
(0.03 303.0 0.12999999999999998)(25.37150387209333 100.0)
(0.03 303.0 0.13999999999999999)(25.396419526193295 102.0)
(0.03 303.0 0.15)(23.71410949279883 101.0)
(0.03 303.0 0.16)(23.779780045315604 102.0)
(0.03 303.0 0.17)(23.80187017867782 101.0)
(0.03 303.0 0.18000000000000002)(23.972331486967246 106.0)
(0.03 303.0 0.19000000000000003)(22.166105535247787 106.0)
(0.03 303.0 0.20000000000000004)(23.64555181872609 114.0)
(0.03 303.0 0.21000000000000005)(21.727971999660358 109.0)
(0.03 303.0 0.22000000000000006)(25.448708163691812 107.0)
(0.03 303.0 0.23000000000000007)(22.42547505920445 103.0)
(0.03 303.0 0.24000000000000007)(20.332414304674334 118.0)
(0.03 308.0 0.01)(61.023753483977885 37.0)
(0.03 308.0 0.02)(57.56836054488233 46.0)
(0.03 308.0 0.03)(53.102561006014696 58.0)
(0.03 308.0 0.04)(52.29376166171379 64.0)
(0.03 308.0 0.05)(46.73013663690693 68.0)
(0.03 308.0 0.060000000000000005)(41.20939781288217 69.0)
(0.03 308.0 0.07)(39.58814698710687 71.0)
(0.03 308.0 0.08)(36.652693314643514 78.0)
(0.03 308.0 0.09)(35.71702989969659 81.0)
(0.03 308.0 0.09999999999999999)(35.15342327344148 87.0)
(0.03 308.0 0.10999999999999999)(27.814250917488508 97.0)
(0.03 308.0 0.11999999999999998)(28.392928644132024 97.0)
(0.03 308.0 0.12999999999999998)(25.37150387209333 100.0)
(0.03 308.0 0.13999999999999999)(25.396419526193295 102.0)
(0.03 308.0 0.15)(23.71410949279883 101.0)
(0.03 308.0 0.16)(23.779780045315604 102.0)
(0.03 308.0 0.17)(23.80187017867782 101.0)
(0.03 308.0 0.18000000000000002)(23.972331486967246 106.0)
(0.03 308.0 0.19000000000000003)(22.166105535247787 106.0)
(0.03 308.0 0.20000000000000004)(23.64555181872609 114.0)
(0.03 308.0 0.21000000000000005)(21.727971999660358 109.0)
(0.03 308.0 0.22000000000000006)(25.448708163691812 107.0)
(0.03 308.0 0.23000000000000007)(22.42547505920445 103.0)
(0.03 308.0 0.24000000000000007)(20.332414304674334 118.0)
(0.03 313.0 0.01)(61.023753483977885 37.0)
(0.03 313.0 0.02)(57.56836054488233 46.0)
(0.03 313.0 0.03)(53.102561006014696 58.0)
(0.03 313.0 0.04)(52.29376166171379 64.0)
(0.03 313.0 0.05)(46.73013663690693 68.0)
(0.03 313.0 0.060000000000000005)(41.20939781288217 69.0)
(0.03 313.0 0.07)(39.58814698710687 71.0)
(0.03 313.0 0.08)(36.652693314643514 78.0)
(0.03 313.0 0.09)(35.71702989969659 81.0)
(0.03 313.0 0.09999999999999999)(35.15342327344148 87.0)
(0.03 313.0 0.10999999999999999)(27.814250917488508 97.0)
(0.03 313.0 0.11999999999999998)(28.392928644132024 97.0)
(0.03 313.0 0.12999999999999998)(25.37150387209333 100.0)
(0.03 313.0 0.13999999999999999)(25.396419526193295 102.0)
(0.03 313.0 0.15)(23.71410949279883 101.0)
(0.03 313.0 0.16)(23.779780045315604 102.0)
(0.03 313.0 0.17)(23.80187017867782 101.0)
(0.03 313.0 0.18000000000000002)(23.972331486967246 106.0)
(0.03 313.0 0.19000000000000003)(22.166105535247787 106.0)
(0.03 313.0 0.20000000000000004)(23.64555181872609 114.0)
(0.03 313.0 0.21000000000000005)(21.727971999660358 109.0)
(0.03 313.0 0.22000000000000006)(25.448708163691812 107.0)
(0.03 313.0 0.23000000000000007)(22.42547505920445 103.0)
(0.03 313.0 0.24000000000000007)(20.332414304674334 118.0)
(0.03 318.0 0.01)(61.023753483977885 37.0)
(0.03 318.0 0.02)(57.56836054488233 46.0)
(0.03 318.0 0.03)(53.102561006014696 58.0)
(0.03 318.0 0.04)(52.29376166171379 64.0)
(0.03 318.0 0.05)(46.73013663690693 68.0)
(0.03 318.0 0.060000000000000005)(41.20939781288217 69.0)
(0.03 318.0 0.07)(39.58814698710687 71.0)
(0.03 318.0 0.08)(36.652693314643514 78.0)
(0.03 318.0 0.09)(35.71702989969659 81.0)
(0.03 318.0 0.09999999999999999)(35.15342327344148 87.0)
(0.03 318.0 0.10999999999999999)(27.814250917488508 97.0)
(0.03 318.0 0.11999999999999998)(28.392928644132024 97.0)
(0.03 318.0 0.12999999999999998)(25.37150387209333 100.0)
(0.03 318.0 0.13999999999999999)(25.396419526193295 102.0)
(0.03 318.0 0.15)(23.71410949279883 101.0)
(0.03 318.0 0.16)(23.779780045315604 102.0)
(0.03 318.0 0.17)(23.80187017867782 101.0)
(0.03 318.0 0.18000000000000002)(23.972331486967246 106.0)
(0.03 318.0 0.19000000000000003)(22.166105535247787 106.0)
(0.03 318.0 0.20000000000000004)(23.64555181872609 114.0)
(0.03 318.0 0.21000000000000005)(21.727971999660358 109.0)
(0.03 318.0 0.22000000000000006)(25.448708163691812 107.0)
(0.03 318.0 0.23000000000000007)(22.42547505920445 103.0)
(0.03 318.0 0.24000000000000007)(20.332414304674334 118.0)
(0.03 323.0 0.01)(61.023753483977885 37.0)
(0.03 323.0 0.02)(57.56836054488233 46.0)
(0.03 323.0 0.03)(53.102561006014696 58.0)
(0.03 323.0 0.04)(52.29376166171379 64.0)
(0.03 323.0 0.05)(46.73013663690693 68.0)
(0.03 323.0 0.060000000000000005)(41.20939781288217 69.0)
(0.03 323.0 0.07)(39.58814698710687 71.0)
(0.03 323.0 0.08)(36.652693314643514 78.0)
(0.03 323.0 0.09)(35.71702989969659 81.0)
(0.03 323.0 0.09999999999999999)(35.15342327344148 87.0)
(0.03 323.0 0.10999999999999999)(27.814250917488508 97.0)
(0.03 323.0 0.11999999999999998)(28.392928644132024 97.0)
(0.03 323.0 0.12999999999999998)(25.37150387209333 100.0)
(0.03 323.0 0.13999999999999999)(25.396419526193295 102.0)
(0.03 323.0 0.15)(23.71410949279883 101.0)
(0.03 323.0 0.16)(23.779780045315604 102.0)
(0.03 323.0 0.17)(23.80187017867782 101.0)
(0.03 323.0 0.18000000000000002)(23.972331486967246 106.0)
(0.03 323.0 0.19000000000000003)(22.166105535247787 106.0)
(0.03 323.0 0.20000000000000004)(23.64555181872609 114.0)
(0.03 323.0 0.21000000000000005)(21.727971999660358 109.0)
(0.03 323.0 0.22000000000000006)(25.448708163691812 107.0)
(0.03 323.0 0.23000000000000007)(22.42547505920445 103.0)
(0.03 323.0 0.24000000000000007)(20.332414304674334 118.0)
(0.03 328.0 0.01)(61.023753483977885 37.0)
(0.03 328.0 0.02)(57.56836054488233 46.0)
(0.03 328.0 0.03)(53.102561006014696 58.0)
(0.03 328.0 0.04)(52.29376166171379 64.0)
(0.03 328.0 0.05)(46.73013663690693 68.0)
(0.03 328.0 0.060000000000000005)(41.20939781288217 69.0)
(0.03 328.0 0.07)(39.58814698710687 71.0)
(0.03 328.0 0.08)(36.652693314643514 78.0)
(0.03 328.0 0.09)(35.71702989969659 81.0)
(0.03 328.0 0.09999999999999999)(35.15342327344148 87.0)
(0.03 328.0 0.10999999999999999)(27.814250917488508 97.0)
(0.03 328.0 0.11999999999999998)(28.392928644132024 97.0)
(0.03 328.0 0.12999999999999998)(25.37150387209333 100.0)
(0.03 328.0 0.13999999999999999)(25.396419526193295 102.0)
(0.03 328.0 0.15)(23.71410949279883 101.0)
(0.03 328.0 0.16)(23.779780045315604 102.0)
(0.03 328.0 0.17)(23.80187017867782 101.0)
(0.03 328.0 0.18000000000000002)(23.972331486967246 106.0)
(0.03 328.0 0.19000000000000003)(22.166105535247787 106.0)
(0.03 328.0 0.20000000000000004)(23.64555181872609 114.0)
(0.03 328.0 0.21000000000000005)(21.727971999660358 109.0)
(0.03 328.0 0.22000000000000006)(25.448708163691812 107.0)
(0.03 328.0 0.23000000000000007)(22.42547505920445 103.0)
(0.03 328.0 0.24000000000000007)(20.332414304674334 118.0)
(0.03 333.0 0.01)(61.023753483977885 37.0)
(0.03 333.0 0.02)(57.56836054488233 46.0)
(0.03 333.0 0.03)(53.102561006014696 58.0)
(0.03 333.0 0.04)(52.29376166171379 64.0)
(0.03 333.0 0.05)(46.73013663690693 68.0)
(0.03 333.0 0.060000000000000005)(41.20939781288217 69.0)
(0.03 333.0 0.07)(39.58814698710687 71.0)
(0.03 333.0 0.08)(36.652693314643514 78.0)
(0.03 333.0 0.09)(35.71702989969659 81.0)
(0.03 333.0 0.09999999999999999)(35.15342327344148 87.0)
(0.03 333.0 0.10999999999999999)(27.814250917488508 97.0)
(0.03 333.0 0.11999999999999998)(28.392928644132024 97.0)
(0.03 333.0 0.12999999999999998)(25.37150387209333 100.0)
(0.03 333.0 0.13999999999999999)(25.396419526193295 102.0)
(0.03 333.0 0.15)(23.71410949279883 101.0)
(0.03 333.0 0.16)(23.779780045315604 102.0)
(0.03 333.0 0.17)(23.80187017867782 101.0)
(0.03 333.0 0.18000000000000002)(23.972331486967246 106.0)
(0.03 333.0 0.19000000000000003)(22.166105535247787 106.0)
(0.03 333.0 0.20000000000000004)(23.64555181872609 114.0)
(0.03 333.0 0.21000000000000005)(21.727971999660358 109.0)
(0.03 333.0 0.22000000000000006)(25.448708163691812 107.0)
(0.03 333.0 0.23000000000000007)(22.42547505920445 103.0)
(0.03 333.0 0.24000000000000007)(20.332414304674334 118.0)
(0.03 338.0 0.01)(61.023753483977885 37.0)
(0.03 338.0 0.02)(57.56836054488233 46.0)
(0.03 338.0 0.03)(53.102561006014696 58.0)
(0.03 338.0 0.04)(52.29376166171379 64.0)
(0.03 338.0 0.05)(46.73013663690693 68.0)
(0.03 338.0 0.060000000000000005)(41.20939781288217 69.0)
(0.03 338.0 0.07)(39.58814698710687 71.0)
(0.03 338.0 0.08)(36.652693314643514 78.0)
(0.03 338.0 0.09)(35.71702989969659 81.0)
(0.03 338.0 0.09999999999999999)(35.15342327344148 87.0)
(0.03 338.0 0.10999999999999999)(27.814250917488508 97.0)
(0.03 338.0 0.11999999999999998)(28.392928644132024 97.0)
(0.03 338.0 0.12999999999999998)(25.37150387209333 100.0)
(0.03 338.0 0.13999999999999999)(25.396419526193295 102.0)
(0.03 338.0 0.15)(23.71410949279883 101.0)
(0.03 338.0 0.16)(23.779780045315604 102.0)
(0.03 338.0 0.17)(23.80187017867782 101.0)
(0.03 338.0 0.18000000000000002)(23.972331486967246 106.0)
(0.03 338.0 0.19000000000000003)(22.166105535247787 106.0)
(0.03 338.0 0.20000000000000004)(23.64555181872609 114.0)
(0.03 338.0 0.21000000000000005)(21.727971999660358 109.0)
(0.03 338.0 0.22000000000000006)(25.448708163691812 107.0)
(0.03 338.0 0.23000000000000007)(22.42547505920445 103.0)
(0.03 338.0 0.24000000000000007)(20.332414304674334 118.0)
(0.03 343.0 0.01)(61.023753483977885 37.0)
(0.03 343.0 0.02)(57.56836054488233 46.0)
(0.03 343.0 0.03)(53.102561006014696 58.0)
(0.03 343.0 0.04)(52.29376166171379 64.0)
(0.03 343.0 0.05)(46.73013663690693 68.0)
(0.03 343.0 0.060000000000000005)(41.20939781288217 69.0)
(0.03 343.0 0.07)(39.58814698710687 71.0)
(0.03 343.0 0.08)(36.652693314643514 78.0)
(0.03 343.0 0.09)(35.71702989969659 81.0)
(0.03 343.0 0.09999999999999999)(35.15342327344148 87.0)
(0.03 343.0 0.10999999999999999)(27.814250917488508 97.0)
(0.03 343.0 0.11999999999999998)(28.392928644132024 97.0)
(0.03 343.0 0.12999999999999998)(25.37150387209333 100.0)
(0.03 343.0 0.13999999999999999)(25.396419526193295 102.0)
(0.03 343.0 0.15)(23.71410949279883 101.0)
(0.03 343.0 0.16)(23.779780045315604 102.0)
(0.03 343.0 0.17)(23.80187017867782 101.0)
(0.03 343.0 0.18000000000000002)(23.972331486967246 106.0)
(0.03 343.0 0.19000000000000003)(22.166105535247787 106.0)
(0.03 343.0 0.20000000000000004)(23.64555181872609 114.0)
(0.03 343.0 0.21000000000000005)(21.727971999660358 109.0)
(0.03 343.0 0.22000000000000006)(25.448708163691812 107.0)
(0.03 343.0 0.23000000000000007)(22.42547505920445 103.0)
(0.03 343.0 0.24000000000000007)(20.332414304674334 118.0)
(0.03 348.0 0.01)(61.023753483977885 37.0)
(0.03 348.0 0.02)(57.56836054488233 46.0)
(0.03 348.0 0.03)(53.102561006014696 58.0)
(0.03 348.0 0.04)(52.29376166171379 64.0)
(0.03 348.0 0.05)(46.73013663690693 68.0)
(0.03 348.0 0.060000000000000005)(41.20939781288217 69.0)
(0.03 348.0 0.07)(39.58814698710687 71.0)
(0.03 348.0 0.08)(36.652693314643514 78.0)
(0.03 348.0 0.09)(35.71702989969659 81.0)
(0.03 348.0 0.09999999999999999)(35.15342327344148 87.0)
(0.03 348.0 0.10999999999999999)(27.814250917488508 97.0)
(0.03 348.0 0.11999999999999998)(28.392928644132024 97.0)
(0.03 348.0 0.12999999999999998)(25.37150387209333 100.0)
(0.03 348.0 0.13999999999999999)(25.396419526193295 102.0)
(0.03 348.0 0.15)(23.71410949279883 101.0)
(0.03 348.0 0.16)(23.779780045315604 102.0)
(0.03 348.0 0.17)(23.80187017867782 101.0)
(0.03 348.0 0.18000000000000002)(23.972331486967246 106.0)
(0.03 348.0 0.19000000000000003)(22.166105535247787 106.0)
(0.03 348.0 0.20000000000000004)(23.64555181872609 114.0)
(0.03 348.0 0.21000000000000005)(21.727971999660358 109.0)
(0.03 348.0 0.22000000000000006)(25.448708163691812 107.0)
(0.03 348.0 0.23000000000000007)(22.42547505920445 103.0)
(0.03 348.0 0.24000000000000007)(20.332414304674334 118.0)
(0.03 353.0 0.01)(61.023753483977885 37.0)
(0.03 353.0 0.02)(57.56836054488233 46.0)
(0.03 353.0 0.03)(53.102561006014696 58.0)
(0.03 353.0 0.04)(52.29376166171379 64.0)
(0.03 353.0 0.05)(46.73013663690693 68.0)
(0.03 353.0 0.060000000000000005)(41.20939781288217 69.0)
(0.03 353.0 0.07)(39.58814698710687 71.0)
(0.03 353.0 0.08)(36.652693314643514 78.0)
(0.03 353.0 0.09)(35.71702989969659 81.0)
(0.03 353.0 0.09999999999999999)(35.15342327344148 87.0)
(0.03 353.0 0.10999999999999999)(27.814250917488508 97.0)
(0.03 353.0 0.11999999999999998)(28.392928644132024 97.0)
(0.03 353.0 0.12999999999999998)(25.37150387209333 100.0)
(0.03 353.0 0.13999999999999999)(25.396419526193295 102.0)
(0.03 353.0 0.15)(23.71410949279883 101.0)
(0.03 353.0 0.16)(23.779780045315604 102.0)
(0.03 353.0 0.17)(23.80187017867782 101.0)
(0.03 353.0 0.18000000000000002)(23.972331486967246 106.0)
(0.03 353.0 0.19000000000000003)(22.166105535247787 106.0)
(0.03 353.0 0.20000000000000004)(23.64555181872609 114.0)
(0.03 353.0 0.21000000000000005)(21.727971999660358 109.0)
(0.03 353.0 0.22000000000000006)(25.448708163691812 107.0)
(0.03 353.0 0.23000000000000007)(22.42547505920445 103.0)
(0.03 353.0 0.24000000000000007)(20.332414304674334 118.0)
(0.03 358.0 0.01)(61.023753483977885 37.0)
(0.03 358.0 0.02)(57.56836054488233 46.0)
(0.03 358.0 0.03)(53.102561006014696 58.0)
(0.03 358.0 0.04)(52.29376166171379 64.0)
(0.03 358.0 0.05)(46.73013663690693 68.0)
(0.03 358.0 0.060000000000000005)(41.20939781288217 69.0)
(0.03 358.0 0.07)(39.58814698710687 71.0)
(0.03 358.0 0.08)(36.652693314643514 78.0)
(0.03 358.0 0.09)(35.71702989969659 81.0)
(0.03 358.0 0.09999999999999999)(35.15342327344148 87.0)
(0.03 358.0 0.10999999999999999)(27.814250917488508 97.0)
(0.03 358.0 0.11999999999999998)(28.392928644132024 97.0)
(0.03 358.0 0.12999999999999998)(25.37150387209333 100.0)
(0.03 358.0 0.13999999999999999)(25.396419526193295 102.0)
(0.03 358.0 0.15)(23.71410949279883 101.0)
(0.03 358.0 0.16)(23.779780045315604 102.0)
(0.03 358.0 0.17)(23.80187017867782 101.0)
(0.03 358.0 0.18000000000000002)(23.972331486967246 106.0)
(0.03 358.0 0.19000000000000003)(22.166105535247787 106.0)
(0.03 358.0 0.20000000000000004)(23.64555181872609 114.0)
(0.03 358.0 0.21000000000000005)(21.727971999660358 109.0)
(0.03 358.0 0.22000000000000006)(25.448708163691812 107.0)
(0.03 358.0 0.23000000000000007)(22.42547505920445 103.0)
(0.03 358.0 0.24000000000000007)(20.332414304674334 118.0)
(0.03 363.0 0.01)(61.023753483977885 37.0)
(0.03 363.0 0.02)(57.56836054488233 46.0)
(0.03 363.0 0.03)(53.102561006014696 58.0)
(0.03 363.0 0.04)(52.29376166171379 64.0)
(0.03 363.0 0.05)(46.73013663690693 68.0)
(0.03 363.0 0.060000000000000005)(41.20939781288217 69.0)
(0.03 363.0 0.07)(39.58814698710687 71.0)
(0.03 363.0 0.08)(36.652693314643514 78.0)
(0.03 363.0 0.09)(35.71702989969659 81.0)
(0.03 363.0 0.09999999999999999)(35.15342327344148 87.0)
(0.03 363.0 0.10999999999999999)(27.814250917488508 97.0)
(0.03 363.0 0.11999999999999998)(28.392928644132024 97.0)
(0.03 363.0 0.12999999999999998)(25.37150387209333 100.0)
(0.03 363.0 0.13999999999999999)(25.396419526193295 102.0)
(0.03 363.0 0.15)(23.71410949279883 101.0)
(0.03 363.0 0.16)(23.779780045315604 102.0)
(0.03 363.0 0.17)(23.80187017867782 101.0)
(0.03 363.0 0.18000000000000002)(23.972331486967246 106.0)
(0.03 363.0 0.19000000000000003)(22.166105535247787 106.0)
(0.03 363.0 0.20000000000000004)(23.64555181872609 114.0)
(0.03 363.0 0.21000000000000005)(21.727971999660358 109.0)
(0.03 363.0 0.22000000000000006)(25.448708163691812 107.0)
(0.03 363.0 0.23000000000000007)(22.42547505920445 103.0)
(0.03 363.0 0.24000000000000007)(20.332414304674334 118.0)
(0.03 368.0 0.01)(61.023753483977885 37.0)
(0.03 368.0 0.02)(57.56836054488233 46.0)
(0.03 368.0 0.03)(53.102561006014696 58.0)
(0.03 368.0 0.04)(52.29376166171379 64.0)
(0.03 368.0 0.05)(46.73013663690693 68.0)
(0.03 368.0 0.060000000000000005)(41.20939781288217 69.0)
(0.03 368.0 0.07)(39.58814698710687 71.0)
(0.03 368.0 0.08)(36.652693314643514 78.0)
(0.03 368.0 0.09)(35.71702989969659 81.0)
(0.03 368.0 0.09999999999999999)(35.15342327344148 87.0)
(0.03 368.0 0.10999999999999999)(27.814250917488508 97.0)
(0.03 368.0 0.11999999999999998)(28.392928644132024 97.0)
(0.03 368.0 0.12999999999999998)(25.37150387209333 100.0)
(0.03 368.0 0.13999999999999999)(25.396419526193295 102.0)
(0.03 368.0 0.15)(23.71410949279883 101.0)
(0.03 368.0 0.16)(23.779780045315604 102.0)
(0.03 368.0 0.17)(23.80187017867782 101.0)
(0.03 368.0 0.18000000000000002)(23.972331486967246 106.0)
(0.03 368.0 0.19000000000000003)(22.166105535247787 106.0)
(0.03 368.0 0.20000000000000004)(23.64555181872609 114.0)
(0.03 368.0 0.21000000000000005)(21.727971999660358 109.0)
(0.03 368.0 0.22000000000000006)(25.448708163691812 107.0)
(0.03 368.0 0.23000000000000007)(22.42547505920445 103.0)
(0.03 368.0 0.24000000000000007)(20.332414304674334 118.0)
(0.03 373.0 0.01)(61.023753483977885 37.0)
(0.03 373.0 0.02)(57.56836054488233 46.0)
(0.03 373.0 0.03)(53.102561006014696 58.0)
(0.03 373.0 0.04)(52.29376166171379 64.0)
(0.03 373.0 0.05)(46.73013663690693 68.0)
(0.03 373.0 0.060000000000000005)(41.20939781288217 69.0)
(0.03 373.0 0.07)(39.58814698710687 71.0)
(0.03 373.0 0.08)(36.652693314643514 78.0)
(0.03 373.0 0.09)(35.71702989969659 81.0)
(0.03 373.0 0.09999999999999999)(35.15342327344148 87.0)
(0.03 373.0 0.10999999999999999)(27.814250917488508 97.0)
(0.03 373.0 0.11999999999999998)(28.392928644132024 97.0)
(0.03 373.0 0.12999999999999998)(25.37150387209333 100.0)
(0.03 373.0 0.13999999999999999)(25.396419526193295 102.0)
(0.03 373.0 0.15)(23.71410949279883 101.0)
(0.03 373.0 0.16)(23.779780045315604 102.0)
(0.03 373.0 0.17)(23.80187017867782 101.0)
(0.03 373.0 0.18000000000000002)(23.972331486967246 106.0)
(0.03 373.0 0.19000000000000003)(22.166105535247787 106.0)
(0.03 373.0 0.20000000000000004)(23.64555181872609 114.0)
(0.03 373.0 0.21000000000000005)(21.727971999660358 109.0)
(0.03 373.0 0.22000000000000006)(25.448708163691812 107.0)
(0.03 373.0 0.23000000000000007)(22.42547505920445 103.0)
(0.03 373.0 0.24000000000000007)(20.332414304674334 118.0)
(0.03 378.0 0.01)(61.023753483977885 37.0)
(0.03 378.0 0.02)(57.56836054488233 46.0)
(0.03 378.0 0.03)(53.102561006014696 58.0)
(0.03 378.0 0.04)(52.29376166171379 64.0)
(0.03 378.0 0.05)(46.73013663690693 68.0)
(0.03 378.0 0.060000000000000005)(41.20939781288217 69.0)
(0.03 378.0 0.07)(39.58814698710687 71.0)
(0.03 378.0 0.08)(36.652693314643514 78.0)
(0.03 378.0 0.09)(35.71702989969659 81.0)
(0.03 378.0 0.09999999999999999)(35.15342327344148 87.0)
(0.03 378.0 0.10999999999999999)(27.814250917488508 97.0)
(0.03 378.0 0.11999999999999998)(28.392928644132024 97.0)
(0.03 378.0 0.12999999999999998)(25.37150387209333 100.0)
(0.03 378.0 0.13999999999999999)(25.396419526193295 102.0)
(0.03 378.0 0.15)(23.71410949279883 101.0)
(0.03 378.0 0.16)(23.779780045315604 102.0)
(0.03 378.0 0.17)(23.80187017867782 101.0)
(0.03 378.0 0.18000000000000002)(23.972331486967246 106.0)
(0.03 378.0 0.19000000000000003)(22.166105535247787 106.0)
(0.03 378.0 0.20000000000000004)(23.64555181872609 114.0)
(0.03 378.0 0.21000000000000005)(21.727971999660358 109.0)
(0.03 378.0 0.22000000000000006)(25.448708163691812 107.0)
(0.03 378.0 0.23000000000000007)(22.42547505920445 103.0)
(0.03 378.0 0.24000000000000007)(20.332414304674334 118.0)
(0.03 383.0 0.01)(61.023753483977885 37.0)
(0.03 383.0 0.02)(57.56836054488233 46.0)
(0.03 383.0 0.03)(53.102561006014696 58.0)
(0.03 383.0 0.04)(52.29376166171379 64.0)
(0.03 383.0 0.05)(46.73013663690693 68.0)
(0.03 383.0 0.060000000000000005)(41.20939781288217 69.0)
(0.03 383.0 0.07)(39.58814698710687 71.0)
(0.03 383.0 0.08)(36.652693314643514 78.0)
(0.03 383.0 0.09)(35.71702989969659 81.0)
(0.03 383.0 0.09999999999999999)(35.15342327344148 87.0)
(0.03 383.0 0.10999999999999999)(27.814250917488508 97.0)
(0.03 383.0 0.11999999999999998)(28.392928644132024 97.0)
(0.03 383.0 0.12999999999999998)(25.37150387209333 100.0)
(0.03 383.0 0.13999999999999999)(25.396419526193295 102.0)
(0.03 383.0 0.15)(23.71410949279883 101.0)
(0.03 383.0 0.16)(23.779780045315604 102.0)
(0.03 383.0 0.17)(23.80187017867782 101.0)
(0.03 383.0 0.18000000000000002)(23.972331486967246 106.0)
(0.03 383.0 0.19000000000000003)(22.166105535247787 106.0)
(0.03 383.0 0.20000000000000004)(23.64555181872609 114.0)
(0.03 383.0 0.21000000000000005)(21.727971999660358 109.0)
(0.03 383.0 0.22000000000000006)(25.448708163691812 107.0)
(0.03 383.0 0.23000000000000007)(22.42547505920445 103.0)
(0.03 383.0 0.24000000000000007)(20.332414304674334 118.0)
(0.03 388.0 0.01)(61.023753483977885 37.0)
(0.03 388.0 0.02)(57.56836054488233 46.0)
(0.03 388.0 0.03)(53.102561006014696 58.0)
(0.03 388.0 0.04)(52.29376166171379 64.0)
(0.03 388.0 0.05)(46.73013663690693 68.0)
(0.03 388.0 0.060000000000000005)(41.20939781288217 69.0)
(0.03 388.0 0.07)(39.58814698710687 71.0)
(0.03 388.0 0.08)(36.652693314643514 78.0)
(0.03 388.0 0.09)(35.71702989969659 81.0)
(0.03 388.0 0.09999999999999999)(35.15342327344148 87.0)
(0.03 388.0 0.10999999999999999)(27.814250917488508 97.0)
(0.03 388.0 0.11999999999999998)(28.392928644132024 97.0)
(0.03 388.0 0.12999999999999998)(25.37150387209333 100.0)
(0.03 388.0 0.13999999999999999)(25.396419526193295 102.0)
(0.03 388.0 0.15)(23.71410949279883 101.0)
(0.03 388.0 0.16)(23.779780045315604 102.0)
(0.03 388.0 0.17)(23.80187017867782 101.0)
(0.03 388.0 0.18000000000000002)(23.972331486967246 106.0)
(0.03 388.0 0.19000000000000003)(22.166105535247787 106.0)
(0.03 388.0 0.20000000000000004)(23.64555181872609 114.0)
(0.03 388.0 0.21000000000000005)(21.727971999660358 109.0)
(0.03 388.0 0.22000000000000006)(25.448708163691812 107.0)
(0.03 388.0 0.23000000000000007)(22.42547505920445 103.0)
(0.03 388.0 0.24000000000000007)(20.332414304674334 118.0)
(0.03 393.0 0.01)(61.023753483977885 37.0)
(0.03 393.0 0.02)(57.56836054488233 46.0)
(0.03 393.0 0.03)(53.102561006014696 58.0)
(0.03 393.0 0.04)(52.29376166171379 64.0)
(0.03 393.0 0.05)(46.73013663690693 68.0)
(0.03 393.0 0.060000000000000005)(41.20939781288217 69.0)
(0.03 393.0 0.07)(39.58814698710687 71.0)
(0.03 393.0 0.08)(36.652693314643514 78.0)
(0.03 393.0 0.09)(35.71702989969659 81.0)
(0.03 393.0 0.09999999999999999)(35.15342327344148 87.0)
(0.03 393.0 0.10999999999999999)(27.814250917488508 97.0)
(0.03 393.0 0.11999999999999998)(28.392928644132024 97.0)
(0.03 393.0 0.12999999999999998)(25.37150387209333 100.0)
(0.03 393.0 0.13999999999999999)(25.396419526193295 102.0)
(0.03 393.0 0.15)(23.71410949279883 101.0)
(0.03 393.0 0.16)(23.779780045315604 102.0)
(0.03 393.0 0.17)(23.80187017867782 101.0)
(0.03 393.0 0.18000000000000002)(23.972331486967246 106.0)
(0.03 393.0 0.19000000000000003)(22.166105535247787 106.0)
(0.03 393.0 0.20000000000000004)(23.64555181872609 114.0)
(0.03 393.0 0.21000000000000005)(21.727971999660358 109.0)
(0.03 393.0 0.22000000000000006)(25.448708163691812 107.0)
(0.03 393.0 0.23000000000000007)(22.42547505920445 103.0)
(0.03 393.0 0.24000000000000007)(20.332414304674334 118.0)
(0.03 398.0 0.01)(61.023753483977885 37.0)
(0.03 398.0 0.02)(57.56836054488233 46.0)
(0.03 398.0 0.03)(53.102561006014696 58.0)
(0.03 398.0 0.04)(52.29376166171379 64.0)
(0.03 398.0 0.05)(46.73013663690693 68.0)
(0.03 398.0 0.060000000000000005)(41.20939781288217 69.0)
(0.03 398.0 0.07)(39.58814698710687 71.0)
(0.03 398.0 0.08)(36.652693314643514 78.0)
(0.03 398.0 0.09)(35.71702989969659 81.0)
(0.03 398.0 0.09999999999999999)(35.15342327344148 87.0)
(0.03 398.0 0.10999999999999999)(27.814250917488508 97.0)
(0.03 398.0 0.11999999999999998)(28.392928644132024 97.0)
(0.03 398.0 0.12999999999999998)(25.37150387209333 100.0)
(0.03 398.0 0.13999999999999999)(25.396419526193295 102.0)
(0.03 398.0 0.15)(23.71410949279883 101.0)
(0.03 398.0 0.16)(23.779780045315604 102.0)
(0.03 398.0 0.17)(23.80187017867782 101.0)
(0.03 398.0 0.18000000000000002)(23.972331486967246 106.0)
(0.03 398.0 0.19000000000000003)(22.166105535247787 106.0)
(0.03 398.0 0.20000000000000004)(23.64555181872609 114.0)
(0.03 398.0 0.21000000000000005)(21.727971999660358 109.0)
(0.03 398.0 0.22000000000000006)(25.448708163691812 107.0)
(0.03 398.0 0.23000000000000007)(22.42547505920445 103.0)
(0.03 398.0 0.24000000000000007)(20.332414304674334 118.0)
(0.04 3.0 0.01)(61.023753483977885 39.0)
(0.04 3.0 0.02)(59.75267077539879 52.0)
(0.04 3.0 0.03)(54.094638001205176 64.0)
(0.04 3.0 0.04)(40.0122778184445 77.0)
(0.04 3.0 0.05)(36.74108728293043 80.0)
(0.04 3.0 0.060000000000000005)(37.17632960055134 78.0)
(0.04 3.0 0.07)(37.80053847796734 77.0)
(0.04 3.0 0.08)(34.26953356593486 90.0)
(0.04 3.0 0.09)(34.26348594415846 86.0)
(0.04 3.0 0.09999999999999999)(32.0495028739049 99.0)
(0.04 3.0 0.10999999999999999)(22.713380839812515 109.0)
(0.04 3.0 0.11999999999999998)(21.7871174048556 112.0)
(0.04 3.0 0.12999999999999998)(21.146976650181184 113.0)
(0.04 3.0 0.13999999999999999)(20.825662690207803 114.0)
(0.04 3.0 0.15)(21.078030293011405 111.0)
(0.04 3.0 0.16)(20.305924076128434 118.0)
(0.04 3.0 0.17)(18.47265995258139 124.0)
(0.04 3.0 0.18000000000000002)(18.49839333305158 123.0)
(0.04 3.0 0.19000000000000003)(17.511438179943735 132.0)
(0.04 3.0 0.20000000000000004)(21.84447820742246 128.0)
(0.04 3.0 0.21000000000000005)(20.96605393471605 131.0)
(0.04 3.0 0.22000000000000006)(22.599415548819266 128.0)
(0.04 3.0 0.23000000000000007)(19.035709088213796 131.0)
(0.04 3.0 0.24000000000000007)(18.41271136358354 133.0)
(0.04 8.0 0.01)(61.023753483977885 38.0)
(0.04 8.0 0.02)(60.16733822722972 48.0)
(0.04 8.0 0.03)(51.64264722089725 63.0)
(0.04 8.0 0.04)(41.886831035381874 73.0)
(0.04 8.0 0.05)(37.505860786696175 78.0)
(0.04 8.0 0.060000000000000005)(37.64515899334627 75.0)
(0.04 8.0 0.07)(37.64515899334627 75.0)
(0.04 8.0 0.08)(34.54575717026443 86.0)
(0.04 8.0 0.09)(33.58688829251462 86.0)
(0.04 8.0 0.09999999999999999)(32.61333290026738 95.0)
(0.04 8.0 0.10999999999999999)(21.580732738679412 109.0)
(0.04 8.0 0.11999999999999998)(22.775432032894084 103.0)
(0.04 8.0 0.12999999999999998)(21.74662021268476 107.0)
(0.04 8.0 0.13999999999999999)(21.79075543131916 108.0)
(0.04 8.0 0.15)(22.94529718543604 108.0)
(0.04 8.0 0.16)(21.137619331381075 117.0)
(0.04 8.0 0.17)(21.12204804436679 116.0)
(0.04 8.0 0.18000000000000002)(20.322851813722814 113.0)
(0.04 8.0 0.19000000000000003)(19.714964835240032 122.0)
(0.04 8.0 0.20000000000000004)(18.289511973878536 131.0)
(0.04 8.0 0.21000000000000005)(20.714961202888542 126.0)
(0.04 8.0 0.22000000000000006)(20.267191666102374 128.0)
(0.04 8.0 0.23000000000000007)(21.352019775596673 127.0)
(0.04 8.0 0.24000000000000007)(19.53777674125521 126.0)
(0.04 13.0 0.01)(61.023753483977885 38.0)
(0.04 13.0 0.02)(54.98251271766119 51.0)
(0.04 13.0 0.03)(53.685613490225734 59.0)
(0.04 13.0 0.04)(52.61899774230742 66.0)
(0.04 13.0 0.05)(37.64515899334627 75.0)
(0.04 13.0 0.060000000000000005)(37.64515899334627 75.0)
(0.04 13.0 0.07)(37.64515899334627 75.0)
(0.04 13.0 0.08)(36.404328874739285 84.0)
(0.04 13.0 0.09)(33.58688829251462 86.0)
(0.04 13.0 0.09999999999999999)(31.80256793294102 94.0)
(0.04 13.0 0.10999999999999999)(23.167124948383425 103.0)
(0.04 13.0 0.11999999999999998)(26.909113094785162 102.0)
(0.04 13.0 0.12999999999999998)(24.788448147729504 101.0)
(0.04 13.0 0.13999999999999999)(24.39727583471183 104.0)
(0.04 13.0 0.15)(22.104569876127577 104.0)
(0.04 13.0 0.16)(21.298828421697497 106.0)
(0.04 13.0 0.17)(21.784687157554607 108.0)
(0.04 13.0 0.18000000000000002)(20.44499728798685 115.0)
(0.04 13.0 0.19000000000000003)(19.369305752890195 118.0)
(0.04 13.0 0.20000000000000004)(19.08440801613749 124.0)
(0.04 13.0 0.21000000000000005)(19.649310383106727 123.0)
(0.04 13.0 0.22000000000000006)(20.15723732576362 123.0)
(0.04 13.0 0.23000000000000007)(19.53066483826293 124.0)
(0.04 13.0 0.24000000000000007)(18.482930468850018 127.0)
(0.04 18.0 0.01)(61.023753483977885 37.0)
(0.04 18.0 0.02)(55.30848505584514 49.0)
(0.04 18.0 0.03)(52.66313380477081 59.0)
(0.04 18.0 0.04)(51.163300431292924 66.0)
(0.04 18.0 0.05)(37.71054263897229 74.0)
(0.04 18.0 0.060000000000000005)(37.64515899334627 75.0)
(0.04 18.0 0.07)(37.64515899334627 75.0)
(0.04 18.0 0.08)(36.542932588332725 81.0)
(0.04 18.0 0.09)(33.58688829251462 86.0)
(0.04 18.0 0.09999999999999999)(32.093699915782956 92.0)
(0.04 18.0 0.10999999999999999)(27.5434950795236 96.0)
(0.04 18.0 0.11999999999999998)(23.803515601394093 104.0)
(0.04 18.0 0.12999999999999998)(24.055658998748946 102.0)
(0.04 18.0 0.13999999999999999)(23.211082928239666 106.0)
(0.04 18.0 0.15)(24.336342274513076 100.0)
(0.04 18.0 0.16)(21.234606788608573 107.0)
(0.04 18.0 0.17)(21.846954422193924 108.0)
(0.04 18.0 0.18000000000000002)(21.544611304981448 113.0)
(0.04 18.0 0.19000000000000003)(19.908096733535018 114.0)
(0.04 18.0 0.20000000000000004)(20.309077126984363 117.0)
(0.04 18.0 0.21000000000000005)(20.145308672664015 121.0)
(0.04 18.0 0.22000000000000006)(21.123505203328072 114.0)
(0.04 18.0 0.23000000000000007)(19.82545716091954 118.0)
(0.04 18.0 0.24000000000000007)(19.58127152105936 123.0)
(0.04 23.0 0.01)(61.023753483977885 37.0)
(0.04 23.0 0.02)(55.30848505584514 49.0)
(0.04 23.0 0.03)(53.102561006014696 58.0)
(0.04 23.0 0.04)(51.163300431292924 66.0)
(0.04 23.0 0.05)(37.973810694973324 73.0)
(0.04 23.0 0.060000000000000005)(37.64515899334627 75.0)
(0.04 23.0 0.07)(37.64515899334627 75.0)
(0.04 23.0 0.08)(36.542932588332725 81.0)
(0.04 23.0 0.09)(33.58688829251462 86.0)
(0.04 23.0 0.09999999999999999)(32.093699915782956 92.0)
(0.04 23.0 0.10999999999999999)(23.029450758353065 103.0)
(0.04 23.0 0.11999999999999998)(23.803515601394093 104.0)
(0.04 23.0 0.12999999999999998)(24.055658998748946 102.0)
(0.04 23.0 0.13999999999999999)(25.169006020270455 103.0)
(0.04 23.0 0.15)(26.716497616858206 103.0)
(0.04 23.0 0.16)(21.07142155848544 110.0)
(0.04 23.0 0.17)(25.26406358657184 108.0)
(0.04 23.0 0.18000000000000002)(21.544611304981448 113.0)
(0.04 23.0 0.19000000000000003)(19.908096733535018 114.0)
(0.04 23.0 0.20000000000000004)(19.63335545139373 120.0)
(0.04 23.0 0.21000000000000005)(22.068005867910614 114.0)
(0.04 23.0 0.22000000000000006)(21.50043301538703 112.0)
(0.04 23.0 0.23000000000000007)(21.146390293972654 116.0)
(0.04 23.0 0.24000000000000007)(19.58127152105936 123.0)
(0.04 28.0 0.01)(61.023753483977885 37.0)
(0.04 28.0 0.02)(56.91927348502913 47.0)
(0.04 28.0 0.03)(53.102561006014696 58.0)
(0.04 28.0 0.04)(51.602548397474536 65.0)
(0.04 28.0 0.05)(45.787770020668724 69.0)
(0.04 28.0 0.060000000000000005)(39.85495936142076 70.0)
(0.04 28.0 0.07)(39.58814698710687 71.0)
(0.04 28.0 0.08)(36.39117354205674 79.0)
(0.04 28.0 0.09)(35.28700903034282 82.0)
(0.04 28.0 0.09999999999999999)(33.65417020559742 88.0)
(0.04 28.0 0.10999999999999999)(23.029450758353065 103.0)
(0.04 28.0 0.11999999999999998)(23.803515601394093 104.0)
(0.04 28.0 0.12999999999999998)(24.26518215247924 101.0)
(0.04 28.0 0.13999999999999999)(25.169006020270455 103.0)
(0.04 28.0 0.15)(26.716497616858206 103.0)
(0.04 28.0 0.16)(21.07142155848544 110.0)
(0.04 28.0 0.17)(25.26406358657184 108.0)
(0.04 28.0 0.18000000000000002)(25.05726776105539 107.0)
(0.04 28.0 0.19000000000000003)(21.43344712302241 110.0)
(0.04 28.0 0.20000000000000004)(19.378271205389563 121.0)
(0.04 28.0 0.21000000000000005)(21.888936067246313 106.0)
(0.04 28.0 0.22000000000000006)(21.090471146949913 115.0)
(0.04 28.0 0.23000000000000007)(21.438186895093096 110.0)
(0.04 28.0 0.24000000000000007)(19.73202943883382 122.0)
(0.04 33.0 0.01)(61.023753483977885 37.0)
(0.04 33.0 0.02)(56.91927348502913 47.0)
(0.04 33.0 0.03)(53.102561006014696 58.0)
(0.04 33.0 0.04)(51.602548397474536 65.0)
(0.04 33.0 0.05)(45.787770020668724 69.0)
(0.04 33.0 0.060000000000000005)(39.85495936142076 70.0)
(0.04 33.0 0.07)(39.58814698710687 71.0)
(0.04 33.0 0.08)(38.532837904022614 77.0)
(0.04 33.0 0.09)(35.71702989969659 81.0)
(0.04 33.0 0.09999999999999999)(35.00160322505218 85.0)
(0.04 33.0 0.10999999999999999)(29.35502806069522 96.0)
(0.04 33.0 0.11999999999999998)(25.71131517511647 97.0)
(0.04 33.0 0.12999999999999998)(26.321096718904137 99.0)
(0.04 33.0 0.13999999999999999)(25.605789444432357 101.0)
(0.04 33.0 0.15)(23.08129414449708 104.0)
(0.04 33.0 0.16)(20.87436461109947 111.0)
(0.04 33.0 0.17)(22.290930429059735 112.0)
(0.04 33.0 0.18000000000000002)(22.689281364376537 109.0)
(0.04 33.0 0.19000000000000003)(20.386663621385445 113.0)
(0.04 33.0 0.20000000000000004)(19.426119736404598 121.0)
(0.04 33.0 0.21000000000000005)(21.689043782124656 107.0)
(0.04 33.0 0.22000000000000006)(20.762303909874973 113.0)
(0.04 33.0 0.23000000000000007)(20.48786061716407 113.0)
(0.04 33.0 0.24000000000000007)(23.10316123032294 119.0)
(0.04 38.0 0.01)(61.023753483977885 37.0)
(0.04 38.0 0.02)(56.91927348502913 47.0)
(0.04 38.0 0.03)(53.102561006014696 58.0)
(0.04 38.0 0.04)(52.29376166171379 64.0)
(0.04 38.0 0.05)(46.73013663690693 68.0)
(0.04 38.0 0.060000000000000005)(41.20939781288217 69.0)
(0.04 38.0 0.07)(39.58814698710687 71.0)
(0.04 38.0 0.08)(36.652693314643514 78.0)
(0.04 38.0 0.09)(35.71702989969659 81.0)
(0.04 38.0 0.09999999999999999)(35.00160322505218 85.0)
(0.04 38.0 0.10999999999999999)(29.35502806069522 96.0)
(0.04 38.0 0.11999999999999998)(25.71131517511647 97.0)
(0.04 38.0 0.12999999999999998)(26.321096718904137 99.0)
(0.04 38.0 0.13999999999999999)(25.396419526193295 102.0)
(0.04 38.0 0.15)(24.226943155906124 100.0)
(0.04 38.0 0.16)(23.638156380565615 102.0)
(0.04 38.0 0.17)(22.787103834360646 108.0)
(0.04 38.0 0.18000000000000002)(22.77423942560942 107.0)
(0.04 38.0 0.19000000000000003)(20.024881386142166 114.0)
(0.04 38.0 0.20000000000000004)(20.434571076850077 117.0)
(0.04 38.0 0.21000000000000005)(21.689043782124656 107.0)
(0.04 38.0 0.22000000000000006)(20.762303909874973 113.0)
(0.04 38.0 0.23000000000000007)(20.48786061716407 113.0)
(0.04 38.0 0.24000000000000007)(23.10316123032294 119.0)
(0.04 43.0 0.01)(61.023753483977885 37.0)
(0.04 43.0 0.02)(56.91927348502913 47.0)
(0.04 43.0 0.03)(53.102561006014696 58.0)
(0.04 43.0 0.04)(52.29376166171379 64.0)
(0.04 43.0 0.05)(46.73013663690693 68.0)
(0.04 43.0 0.060000000000000005)(41.20939781288217 69.0)
(0.04 43.0 0.07)(39.58814698710687 71.0)
(0.04 43.0 0.08)(36.652693314643514 78.0)
(0.04 43.0 0.09)(35.71702989969659 81.0)
(0.04 43.0 0.09999999999999999)(35.15342327344148 87.0)
(0.04 43.0 0.10999999999999999)(27.814250917488508 97.0)
(0.04 43.0 0.11999999999999998)(28.392928644132024 97.0)
(0.04 43.0 0.12999999999999998)(25.37150387209333 100.0)
(0.04 43.0 0.13999999999999999)(25.396419526193295 102.0)
(0.04 43.0 0.15)(23.71410949279883 101.0)
(0.04 43.0 0.16)(23.638156380565615 102.0)
(0.04 43.0 0.17)(23.33698367688521 107.0)
(0.04 43.0 0.18000000000000002)(23.469896074351105 103.0)
(0.04 43.0 0.19000000000000003)(21.55023177562956 110.0)
(0.04 43.0 0.20000000000000004)(23.64555181872609 114.0)
(0.04 43.0 0.21000000000000005)(23.11706141930916 105.0)
(0.04 43.0 0.22000000000000006)(21.93108669650086 105.0)
(0.04 43.0 0.23000000000000007)(20.99829803693949 108.0)
(0.04 43.0 0.24000000000000007)(20.332414304674334 118.0)
(0.04 48.0 0.01)(61.023753483977885 37.0)
(0.04 48.0 0.02)(56.91927348502913 47.0)
(0.04 48.0 0.03)(53.102561006014696 58.0)
(0.04 48.0 0.04)(52.29376166171379 64.0)
(0.04 48.0 0.05)(46.73013663690693 68.0)
(0.04 48.0 0.060000000000000005)(41.20939781288217 69.0)
(0.04 48.0 0.07)(39.58814698710687 71.0)
(0.04 48.0 0.08)(36.652693314643514 78.0)
(0.04 48.0 0.09)(35.71702989969659 81.0)
(0.04 48.0 0.09999999999999999)(35.15342327344148 87.0)
(0.04 48.0 0.10999999999999999)(27.814250917488508 97.0)
(0.04 48.0 0.11999999999999998)(28.392928644132024 97.0)
(0.04 48.0 0.12999999999999998)(25.37150387209333 100.0)
(0.04 48.0 0.13999999999999999)(25.396419526193295 102.0)
(0.04 48.0 0.15)(23.71410949279883 101.0)
(0.04 48.0 0.16)(23.779780045315604 102.0)
(0.04 48.0 0.17)(23.80187017867782 101.0)
(0.04 48.0 0.18000000000000002)(23.972331486967246 106.0)
(0.04 48.0 0.19000000000000003)(21.55023177562956 110.0)
(0.04 48.0 0.20000000000000004)(23.64555181872609 114.0)
(0.04 48.0 0.21000000000000005)(23.11706141930916 105.0)
(0.04 48.0 0.22000000000000006)(22.10027640970014 109.0)
(0.04 48.0 0.23000000000000007)(22.105575709756803 104.0)
(0.04 48.0 0.24000000000000007)(20.332414304674334 118.0)
(0.04 53.0 0.01)(61.023753483977885 37.0)
(0.04 53.0 0.02)(57.56836054488233 46.0)
(0.04 53.0 0.03)(53.102561006014696 58.0)
(0.04 53.0 0.04)(52.29376166171379 64.0)
(0.04 53.0 0.05)(46.73013663690693 68.0)
(0.04 53.0 0.060000000000000005)(41.20939781288217 69.0)
(0.04 53.0 0.07)(39.58814698710687 71.0)
(0.04 53.0 0.08)(36.652693314643514 78.0)
(0.04 53.0 0.09)(35.71702989969659 81.0)
(0.04 53.0 0.09999999999999999)(35.15342327344148 87.0)
(0.04 53.0 0.10999999999999999)(27.814250917488508 97.0)
(0.04 53.0 0.11999999999999998)(28.392928644132024 97.0)
(0.04 53.0 0.12999999999999998)(25.37150387209333 100.0)
(0.04 53.0 0.13999999999999999)(25.396419526193295 102.0)
(0.04 53.0 0.15)(23.71410949279883 101.0)
(0.04 53.0 0.16)(23.779780045315604 102.0)
(0.04 53.0 0.17)(23.80187017867782 101.0)
(0.04 53.0 0.18000000000000002)(23.972331486967246 106.0)
(0.04 53.0 0.19000000000000003)(22.166105535247787 106.0)
(0.04 53.0 0.20000000000000004)(23.64555181872609 114.0)
(0.04 53.0 0.21000000000000005)(21.727971999660358 109.0)
(0.04 53.0 0.22000000000000006)(22.10027640970014 109.0)
(0.04 53.0 0.23000000000000007)(22.105575709756803 104.0)
(0.04 53.0 0.24000000000000007)(20.332414304674334 118.0)
(0.04 58.0 0.01)(61.023753483977885 37.0)
(0.04 58.0 0.02)(57.56836054488233 46.0)
(0.04 58.0 0.03)(53.102561006014696 58.0)
(0.04 58.0 0.04)(52.29376166171379 64.0)
(0.04 58.0 0.05)(46.73013663690693 68.0)
(0.04 58.0 0.060000000000000005)(41.20939781288217 69.0)
(0.04 58.0 0.07)(39.58814698710687 71.0)
(0.04 58.0 0.08)(36.652693314643514 78.0)
(0.04 58.0 0.09)(35.71702989969659 81.0)
(0.04 58.0 0.09999999999999999)(35.15342327344148 87.0)
(0.04 58.0 0.10999999999999999)(27.814250917488508 97.0)
(0.04 58.0 0.11999999999999998)(28.392928644132024 97.0)
(0.04 58.0 0.12999999999999998)(25.37150387209333 100.0)
(0.04 58.0 0.13999999999999999)(25.396419526193295 102.0)
(0.04 58.0 0.15)(23.71410949279883 101.0)
(0.04 58.0 0.16)(23.779780045315604 102.0)
(0.04 58.0 0.17)(23.80187017867782 101.0)
(0.04 58.0 0.18000000000000002)(23.972331486967246 106.0)
(0.04 58.0 0.19000000000000003)(22.166105535247787 106.0)
(0.04 58.0 0.20000000000000004)(23.64555181872609 114.0)
(0.04 58.0 0.21000000000000005)(21.727971999660358 109.0)
(0.04 58.0 0.22000000000000006)(25.448708163691812 107.0)
(0.04 58.0 0.23000000000000007)(22.42547505920445 103.0)
(0.04 58.0 0.24000000000000007)(20.332414304674334 118.0)
(0.04 63.0 0.01)(61.023753483977885 37.0)
(0.04 63.0 0.02)(57.56836054488233 46.0)
(0.04 63.0 0.03)(53.102561006014696 58.0)
(0.04 63.0 0.04)(52.29376166171379 64.0)
(0.04 63.0 0.05)(46.73013663690693 68.0)
(0.04 63.0 0.060000000000000005)(41.20939781288217 69.0)
(0.04 63.0 0.07)(39.58814698710687 71.0)
(0.04 63.0 0.08)(36.652693314643514 78.0)
(0.04 63.0 0.09)(35.71702989969659 81.0)
(0.04 63.0 0.09999999999999999)(35.15342327344148 87.0)
(0.04 63.0 0.10999999999999999)(27.814250917488508 97.0)
(0.04 63.0 0.11999999999999998)(28.392928644132024 97.0)
(0.04 63.0 0.12999999999999998)(25.37150387209333 100.0)
(0.04 63.0 0.13999999999999999)(25.396419526193295 102.0)
(0.04 63.0 0.15)(23.71410949279883 101.0)
(0.04 63.0 0.16)(23.779780045315604 102.0)
(0.04 63.0 0.17)(23.80187017867782 101.0)
(0.04 63.0 0.18000000000000002)(23.972331486967246 106.0)
(0.04 63.0 0.19000000000000003)(22.166105535247787 106.0)
(0.04 63.0 0.20000000000000004)(23.64555181872609 114.0)
(0.04 63.0 0.21000000000000005)(21.727971999660358 109.0)
(0.04 63.0 0.22000000000000006)(25.448708163691812 107.0)
(0.04 63.0 0.23000000000000007)(22.42547505920445 103.0)
(0.04 63.0 0.24000000000000007)(20.332414304674334 118.0)
(0.04 68.0 0.01)(61.023753483977885 37.0)
(0.04 68.0 0.02)(57.56836054488233 46.0)
(0.04 68.0 0.03)(53.102561006014696 58.0)
(0.04 68.0 0.04)(52.29376166171379 64.0)
(0.04 68.0 0.05)(46.73013663690693 68.0)
(0.04 68.0 0.060000000000000005)(41.20939781288217 69.0)
(0.04 68.0 0.07)(39.58814698710687 71.0)
(0.04 68.0 0.08)(36.652693314643514 78.0)
(0.04 68.0 0.09)(35.71702989969659 81.0)
(0.04 68.0 0.09999999999999999)(35.15342327344148 87.0)
(0.04 68.0 0.10999999999999999)(27.814250917488508 97.0)
(0.04 68.0 0.11999999999999998)(28.392928644132024 97.0)
(0.04 68.0 0.12999999999999998)(25.37150387209333 100.0)
(0.04 68.0 0.13999999999999999)(25.396419526193295 102.0)
(0.04 68.0 0.15)(23.71410949279883 101.0)
(0.04 68.0 0.16)(23.779780045315604 102.0)
(0.04 68.0 0.17)(23.80187017867782 101.0)
(0.04 68.0 0.18000000000000002)(23.972331486967246 106.0)
(0.04 68.0 0.19000000000000003)(22.166105535247787 106.0)
(0.04 68.0 0.20000000000000004)(23.64555181872609 114.0)
(0.04 68.0 0.21000000000000005)(21.727971999660358 109.0)
(0.04 68.0 0.22000000000000006)(25.448708163691812 107.0)
(0.04 68.0 0.23000000000000007)(22.42547505920445 103.0)
(0.04 68.0 0.24000000000000007)(20.332414304674334 118.0)
(0.04 73.0 0.01)(61.023753483977885 37.0)
(0.04 73.0 0.02)(57.56836054488233 46.0)
(0.04 73.0 0.03)(53.102561006014696 58.0)
(0.04 73.0 0.04)(52.29376166171379 64.0)
(0.04 73.0 0.05)(46.73013663690693 68.0)
(0.04 73.0 0.060000000000000005)(41.20939781288217 69.0)
(0.04 73.0 0.07)(39.58814698710687 71.0)
(0.04 73.0 0.08)(36.652693314643514 78.0)
(0.04 73.0 0.09)(35.71702989969659 81.0)
(0.04 73.0 0.09999999999999999)(35.15342327344148 87.0)
(0.04 73.0 0.10999999999999999)(27.814250917488508 97.0)
(0.04 73.0 0.11999999999999998)(28.392928644132024 97.0)
(0.04 73.0 0.12999999999999998)(25.37150387209333 100.0)
(0.04 73.0 0.13999999999999999)(25.396419526193295 102.0)
(0.04 73.0 0.15)(23.71410949279883 101.0)
(0.04 73.0 0.16)(23.779780045315604 102.0)
(0.04 73.0 0.17)(23.80187017867782 101.0)
(0.04 73.0 0.18000000000000002)(23.972331486967246 106.0)
(0.04 73.0 0.19000000000000003)(22.166105535247787 106.0)
(0.04 73.0 0.20000000000000004)(23.64555181872609 114.0)
(0.04 73.0 0.21000000000000005)(21.727971999660358 109.0)
(0.04 73.0 0.22000000000000006)(25.448708163691812 107.0)
(0.04 73.0 0.23000000000000007)(22.42547505920445 103.0)
(0.04 73.0 0.24000000000000007)(20.332414304674334 118.0)
(0.04 78.0 0.01)(61.023753483977885 37.0)
(0.04 78.0 0.02)(57.56836054488233 46.0)
(0.04 78.0 0.03)(53.102561006014696 58.0)
(0.04 78.0 0.04)(52.29376166171379 64.0)
(0.04 78.0 0.05)(46.73013663690693 68.0)
(0.04 78.0 0.060000000000000005)(41.20939781288217 69.0)
(0.04 78.0 0.07)(39.58814698710687 71.0)
(0.04 78.0 0.08)(36.652693314643514 78.0)
(0.04 78.0 0.09)(35.71702989969659 81.0)
(0.04 78.0 0.09999999999999999)(35.15342327344148 87.0)
(0.04 78.0 0.10999999999999999)(27.814250917488508 97.0)
(0.04 78.0 0.11999999999999998)(28.392928644132024 97.0)
(0.04 78.0 0.12999999999999998)(25.37150387209333 100.0)
(0.04 78.0 0.13999999999999999)(25.396419526193295 102.0)
(0.04 78.0 0.15)(23.71410949279883 101.0)
(0.04 78.0 0.16)(23.779780045315604 102.0)
(0.04 78.0 0.17)(23.80187017867782 101.0)
(0.04 78.0 0.18000000000000002)(23.972331486967246 106.0)
(0.04 78.0 0.19000000000000003)(22.166105535247787 106.0)
(0.04 78.0 0.20000000000000004)(23.64555181872609 114.0)
(0.04 78.0 0.21000000000000005)(21.727971999660358 109.0)
(0.04 78.0 0.22000000000000006)(25.448708163691812 107.0)
(0.04 78.0 0.23000000000000007)(22.42547505920445 103.0)
(0.04 78.0 0.24000000000000007)(20.332414304674334 118.0)
(0.04 83.0 0.01)(61.023753483977885 37.0)
(0.04 83.0 0.02)(57.56836054488233 46.0)
(0.04 83.0 0.03)(53.102561006014696 58.0)
(0.04 83.0 0.04)(52.29376166171379 64.0)
(0.04 83.0 0.05)(46.73013663690693 68.0)
(0.04 83.0 0.060000000000000005)(41.20939781288217 69.0)
(0.04 83.0 0.07)(39.58814698710687 71.0)
(0.04 83.0 0.08)(36.652693314643514 78.0)
(0.04 83.0 0.09)(35.71702989969659 81.0)
(0.04 83.0 0.09999999999999999)(35.15342327344148 87.0)
(0.04 83.0 0.10999999999999999)(27.814250917488508 97.0)
(0.04 83.0 0.11999999999999998)(28.392928644132024 97.0)
(0.04 83.0 0.12999999999999998)(25.37150387209333 100.0)
(0.04 83.0 0.13999999999999999)(25.396419526193295 102.0)
(0.04 83.0 0.15)(23.71410949279883 101.0)
(0.04 83.0 0.16)(23.779780045315604 102.0)
(0.04 83.0 0.17)(23.80187017867782 101.0)
(0.04 83.0 0.18000000000000002)(23.972331486967246 106.0)
(0.04 83.0 0.19000000000000003)(22.166105535247787 106.0)
(0.04 83.0 0.20000000000000004)(23.64555181872609 114.0)
(0.04 83.0 0.21000000000000005)(21.727971999660358 109.0)
(0.04 83.0 0.22000000000000006)(25.448708163691812 107.0)
(0.04 83.0 0.23000000000000007)(22.42547505920445 103.0)
(0.04 83.0 0.24000000000000007)(20.332414304674334 118.0)
(0.04 88.0 0.01)(61.023753483977885 37.0)
(0.04 88.0 0.02)(57.56836054488233 46.0)
(0.04 88.0 0.03)(53.102561006014696 58.0)
(0.04 88.0 0.04)(52.29376166171379 64.0)
(0.04 88.0 0.05)(46.73013663690693 68.0)
(0.04 88.0 0.060000000000000005)(41.20939781288217 69.0)
(0.04 88.0 0.07)(39.58814698710687 71.0)
(0.04 88.0 0.08)(36.652693314643514 78.0)
(0.04 88.0 0.09)(35.71702989969659 81.0)
(0.04 88.0 0.09999999999999999)(35.15342327344148 87.0)
(0.04 88.0 0.10999999999999999)(27.814250917488508 97.0)
(0.04 88.0 0.11999999999999998)(28.392928644132024 97.0)
(0.04 88.0 0.12999999999999998)(25.37150387209333 100.0)
(0.04 88.0 0.13999999999999999)(25.396419526193295 102.0)
(0.04 88.0 0.15)(23.71410949279883 101.0)
(0.04 88.0 0.16)(23.779780045315604 102.0)
(0.04 88.0 0.17)(23.80187017867782 101.0)
(0.04 88.0 0.18000000000000002)(23.972331486967246 106.0)
(0.04 88.0 0.19000000000000003)(22.166105535247787 106.0)
(0.04 88.0 0.20000000000000004)(23.64555181872609 114.0)
(0.04 88.0 0.21000000000000005)(21.727971999660358 109.0)
(0.04 88.0 0.22000000000000006)(25.448708163691812 107.0)
(0.04 88.0 0.23000000000000007)(22.42547505920445 103.0)
(0.04 88.0 0.24000000000000007)(20.332414304674334 118.0)
(0.04 93.0 0.01)(61.023753483977885 37.0)
(0.04 93.0 0.02)(57.56836054488233 46.0)
(0.04 93.0 0.03)(53.102561006014696 58.0)
(0.04 93.0 0.04)(52.29376166171379 64.0)
(0.04 93.0 0.05)(46.73013663690693 68.0)
(0.04 93.0 0.060000000000000005)(41.20939781288217 69.0)
(0.04 93.0 0.07)(39.58814698710687 71.0)
(0.04 93.0 0.08)(36.652693314643514 78.0)
(0.04 93.0 0.09)(35.71702989969659 81.0)
(0.04 93.0 0.09999999999999999)(35.15342327344148 87.0)
(0.04 93.0 0.10999999999999999)(27.814250917488508 97.0)
(0.04 93.0 0.11999999999999998)(28.392928644132024 97.0)
(0.04 93.0 0.12999999999999998)(25.37150387209333 100.0)
(0.04 93.0 0.13999999999999999)(25.396419526193295 102.0)
(0.04 93.0 0.15)(23.71410949279883 101.0)
(0.04 93.0 0.16)(23.779780045315604 102.0)
(0.04 93.0 0.17)(23.80187017867782 101.0)
(0.04 93.0 0.18000000000000002)(23.972331486967246 106.0)
(0.04 93.0 0.19000000000000003)(22.166105535247787 106.0)
(0.04 93.0 0.20000000000000004)(23.64555181872609 114.0)
(0.04 93.0 0.21000000000000005)(21.727971999660358 109.0)
(0.04 93.0 0.22000000000000006)(25.448708163691812 107.0)
(0.04 93.0 0.23000000000000007)(22.42547505920445 103.0)
(0.04 93.0 0.24000000000000007)(20.332414304674334 118.0)
(0.04 98.0 0.01)(61.023753483977885 37.0)
(0.04 98.0 0.02)(57.56836054488233 46.0)
(0.04 98.0 0.03)(53.102561006014696 58.0)
(0.04 98.0 0.04)(52.29376166171379 64.0)
(0.04 98.0 0.05)(46.73013663690693 68.0)
(0.04 98.0 0.060000000000000005)(41.20939781288217 69.0)
(0.04 98.0 0.07)(39.58814698710687 71.0)
(0.04 98.0 0.08)(36.652693314643514 78.0)
(0.04 98.0 0.09)(35.71702989969659 81.0)
(0.04 98.0 0.09999999999999999)(35.15342327344148 87.0)
(0.04 98.0 0.10999999999999999)(27.814250917488508 97.0)
(0.04 98.0 0.11999999999999998)(28.392928644132024 97.0)
(0.04 98.0 0.12999999999999998)(25.37150387209333 100.0)
(0.04 98.0 0.13999999999999999)(25.396419526193295 102.0)
(0.04 98.0 0.15)(23.71410949279883 101.0)
(0.04 98.0 0.16)(23.779780045315604 102.0)
(0.04 98.0 0.17)(23.80187017867782 101.0)
(0.04 98.0 0.18000000000000002)(23.972331486967246 106.0)
(0.04 98.0 0.19000000000000003)(22.166105535247787 106.0)
(0.04 98.0 0.20000000000000004)(23.64555181872609 114.0)
(0.04 98.0 0.21000000000000005)(21.727971999660358 109.0)
(0.04 98.0 0.22000000000000006)(25.448708163691812 107.0)
(0.04 98.0 0.23000000000000007)(22.42547505920445 103.0)
(0.04 98.0 0.24000000000000007)(20.332414304674334 118.0)
(0.04 103.0 0.01)(61.023753483977885 37.0)
(0.04 103.0 0.02)(57.56836054488233 46.0)
(0.04 103.0 0.03)(53.102561006014696 58.0)
(0.04 103.0 0.04)(52.29376166171379 64.0)
(0.04 103.0 0.05)(46.73013663690693 68.0)
(0.04 103.0 0.060000000000000005)(41.20939781288217 69.0)
(0.04 103.0 0.07)(39.58814698710687 71.0)
(0.04 103.0 0.08)(36.652693314643514 78.0)
(0.04 103.0 0.09)(35.71702989969659 81.0)
(0.04 103.0 0.09999999999999999)(35.15342327344148 87.0)
(0.04 103.0 0.10999999999999999)(27.814250917488508 97.0)
(0.04 103.0 0.11999999999999998)(28.392928644132024 97.0)
(0.04 103.0 0.12999999999999998)(25.37150387209333 100.0)
(0.04 103.0 0.13999999999999999)(25.396419526193295 102.0)
(0.04 103.0 0.15)(23.71410949279883 101.0)
(0.04 103.0 0.16)(23.779780045315604 102.0)
(0.04 103.0 0.17)(23.80187017867782 101.0)
(0.04 103.0 0.18000000000000002)(23.972331486967246 106.0)
(0.04 103.0 0.19000000000000003)(22.166105535247787 106.0)
(0.04 103.0 0.20000000000000004)(23.64555181872609 114.0)
(0.04 103.0 0.21000000000000005)(21.727971999660358 109.0)
(0.04 103.0 0.22000000000000006)(25.448708163691812 107.0)
(0.04 103.0 0.23000000000000007)(22.42547505920445 103.0)
(0.04 103.0 0.24000000000000007)(20.332414304674334 118.0)
(0.04 108.0 0.01)(61.023753483977885 37.0)
(0.04 108.0 0.02)(57.56836054488233 46.0)
(0.04 108.0 0.03)(53.102561006014696 58.0)
(0.04 108.0 0.04)(52.29376166171379 64.0)
(0.04 108.0 0.05)(46.73013663690693 68.0)
(0.04 108.0 0.060000000000000005)(41.20939781288217 69.0)
(0.04 108.0 0.07)(39.58814698710687 71.0)
(0.04 108.0 0.08)(36.652693314643514 78.0)
(0.04 108.0 0.09)(35.71702989969659 81.0)
(0.04 108.0 0.09999999999999999)(35.15342327344148 87.0)
(0.04 108.0 0.10999999999999999)(27.814250917488508 97.0)
(0.04 108.0 0.11999999999999998)(28.392928644132024 97.0)
(0.04 108.0 0.12999999999999998)(25.37150387209333 100.0)
(0.04 108.0 0.13999999999999999)(25.396419526193295 102.0)
(0.04 108.0 0.15)(23.71410949279883 101.0)
(0.04 108.0 0.16)(23.779780045315604 102.0)
(0.04 108.0 0.17)(23.80187017867782 101.0)
(0.04 108.0 0.18000000000000002)(23.972331486967246 106.0)
(0.04 108.0 0.19000000000000003)(22.166105535247787 106.0)
(0.04 108.0 0.20000000000000004)(23.64555181872609 114.0)
(0.04 108.0 0.21000000000000005)(21.727971999660358 109.0)
(0.04 108.0 0.22000000000000006)(25.448708163691812 107.0)
(0.04 108.0 0.23000000000000007)(22.42547505920445 103.0)
(0.04 108.0 0.24000000000000007)(20.332414304674334 118.0)
(0.04 113.0 0.01)(61.023753483977885 37.0)
(0.04 113.0 0.02)(57.56836054488233 46.0)
(0.04 113.0 0.03)(53.102561006014696 58.0)
(0.04 113.0 0.04)(52.29376166171379 64.0)
(0.04 113.0 0.05)(46.73013663690693 68.0)
(0.04 113.0 0.060000000000000005)(41.20939781288217 69.0)
(0.04 113.0 0.07)(39.58814698710687 71.0)
(0.04 113.0 0.08)(36.652693314643514 78.0)
(0.04 113.0 0.09)(35.71702989969659 81.0)
(0.04 113.0 0.09999999999999999)(35.15342327344148 87.0)
(0.04 113.0 0.10999999999999999)(27.814250917488508 97.0)
(0.04 113.0 0.11999999999999998)(28.392928644132024 97.0)
(0.04 113.0 0.12999999999999998)(25.37150387209333 100.0)
(0.04 113.0 0.13999999999999999)(25.396419526193295 102.0)
(0.04 113.0 0.15)(23.71410949279883 101.0)
(0.04 113.0 0.16)(23.779780045315604 102.0)
(0.04 113.0 0.17)(23.80187017867782 101.0)
(0.04 113.0 0.18000000000000002)(23.972331486967246 106.0)
(0.04 113.0 0.19000000000000003)(22.166105535247787 106.0)
(0.04 113.0 0.20000000000000004)(23.64555181872609 114.0)
(0.04 113.0 0.21000000000000005)(21.727971999660358 109.0)
(0.04 113.0 0.22000000000000006)(25.448708163691812 107.0)
(0.04 113.0 0.23000000000000007)(22.42547505920445 103.0)
(0.04 113.0 0.24000000000000007)(20.332414304674334 118.0)
(0.04 118.0 0.01)(61.023753483977885 37.0)
(0.04 118.0 0.02)(57.56836054488233 46.0)
(0.04 118.0 0.03)(53.102561006014696 58.0)
(0.04 118.0 0.04)(52.29376166171379 64.0)
(0.04 118.0 0.05)(46.73013663690693 68.0)
(0.04 118.0 0.060000000000000005)(41.20939781288217 69.0)
(0.04 118.0 0.07)(39.58814698710687 71.0)
(0.04 118.0 0.08)(36.652693314643514 78.0)
(0.04 118.0 0.09)(35.71702989969659 81.0)
(0.04 118.0 0.09999999999999999)(35.15342327344148 87.0)
(0.04 118.0 0.10999999999999999)(27.814250917488508 97.0)
(0.04 118.0 0.11999999999999998)(28.392928644132024 97.0)
(0.04 118.0 0.12999999999999998)(25.37150387209333 100.0)
(0.04 118.0 0.13999999999999999)(25.396419526193295 102.0)
(0.04 118.0 0.15)(23.71410949279883 101.0)
(0.04 118.0 0.16)(23.779780045315604 102.0)
(0.04 118.0 0.17)(23.80187017867782 101.0)
(0.04 118.0 0.18000000000000002)(23.972331486967246 106.0)
(0.04 118.0 0.19000000000000003)(22.166105535247787 106.0)
(0.04 118.0 0.20000000000000004)(23.64555181872609 114.0)
(0.04 118.0 0.21000000000000005)(21.727971999660358 109.0)
(0.04 118.0 0.22000000000000006)(25.448708163691812 107.0)
(0.04 118.0 0.23000000000000007)(22.42547505920445 103.0)
(0.04 118.0 0.24000000000000007)(20.332414304674334 118.0)
(0.04 123.0 0.01)(61.023753483977885 37.0)
(0.04 123.0 0.02)(57.56836054488233 46.0)
(0.04 123.0 0.03)(53.102561006014696 58.0)
(0.04 123.0 0.04)(52.29376166171379 64.0)
(0.04 123.0 0.05)(46.73013663690693 68.0)
(0.04 123.0 0.060000000000000005)(41.20939781288217 69.0)
(0.04 123.0 0.07)(39.58814698710687 71.0)
(0.04 123.0 0.08)(36.652693314643514 78.0)
(0.04 123.0 0.09)(35.71702989969659 81.0)
(0.04 123.0 0.09999999999999999)(35.15342327344148 87.0)
(0.04 123.0 0.10999999999999999)(27.814250917488508 97.0)
(0.04 123.0 0.11999999999999998)(28.392928644132024 97.0)
(0.04 123.0 0.12999999999999998)(25.37150387209333 100.0)
(0.04 123.0 0.13999999999999999)(25.396419526193295 102.0)
(0.04 123.0 0.15)(23.71410949279883 101.0)
(0.04 123.0 0.16)(23.779780045315604 102.0)
(0.04 123.0 0.17)(23.80187017867782 101.0)
(0.04 123.0 0.18000000000000002)(23.972331486967246 106.0)
(0.04 123.0 0.19000000000000003)(22.166105535247787 106.0)
(0.04 123.0 0.20000000000000004)(23.64555181872609 114.0)
(0.04 123.0 0.21000000000000005)(21.727971999660358 109.0)
(0.04 123.0 0.22000000000000006)(25.448708163691812 107.0)
(0.04 123.0 0.23000000000000007)(22.42547505920445 103.0)
(0.04 123.0 0.24000000000000007)(20.332414304674334 118.0)
(0.04 128.0 0.01)(61.023753483977885 37.0)
(0.04 128.0 0.02)(57.56836054488233 46.0)
(0.04 128.0 0.03)(53.102561006014696 58.0)
(0.04 128.0 0.04)(52.29376166171379 64.0)
(0.04 128.0 0.05)(46.73013663690693 68.0)
(0.04 128.0 0.060000000000000005)(41.20939781288217 69.0)
(0.04 128.0 0.07)(39.58814698710687 71.0)
(0.04 128.0 0.08)(36.652693314643514 78.0)
(0.04 128.0 0.09)(35.71702989969659 81.0)
(0.04 128.0 0.09999999999999999)(35.15342327344148 87.0)
(0.04 128.0 0.10999999999999999)(27.814250917488508 97.0)
(0.04 128.0 0.11999999999999998)(28.392928644132024 97.0)
(0.04 128.0 0.12999999999999998)(25.37150387209333 100.0)
(0.04 128.0 0.13999999999999999)(25.396419526193295 102.0)
(0.04 128.0 0.15)(23.71410949279883 101.0)
(0.04 128.0 0.16)(23.779780045315604 102.0)
(0.04 128.0 0.17)(23.80187017867782 101.0)
(0.04 128.0 0.18000000000000002)(23.972331486967246 106.0)
(0.04 128.0 0.19000000000000003)(22.166105535247787 106.0)
(0.04 128.0 0.20000000000000004)(23.64555181872609 114.0)
(0.04 128.0 0.21000000000000005)(21.727971999660358 109.0)
(0.04 128.0 0.22000000000000006)(25.448708163691812 107.0)
(0.04 128.0 0.23000000000000007)(22.42547505920445 103.0)
(0.04 128.0 0.24000000000000007)(20.332414304674334 118.0)
(0.04 133.0 0.01)(61.023753483977885 37.0)
(0.04 133.0 0.02)(57.56836054488233 46.0)
(0.04 133.0 0.03)(53.102561006014696 58.0)
(0.04 133.0 0.04)(52.29376166171379 64.0)
(0.04 133.0 0.05)(46.73013663690693 68.0)
(0.04 133.0 0.060000000000000005)(41.20939781288217 69.0)
(0.04 133.0 0.07)(39.58814698710687 71.0)
(0.04 133.0 0.08)(36.652693314643514 78.0)
(0.04 133.0 0.09)(35.71702989969659 81.0)
(0.04 133.0 0.09999999999999999)(35.15342327344148 87.0)
(0.04 133.0 0.10999999999999999)(27.814250917488508 97.0)
(0.04 133.0 0.11999999999999998)(28.392928644132024 97.0)
(0.04 133.0 0.12999999999999998)(25.37150387209333 100.0)
(0.04 133.0 0.13999999999999999)(25.396419526193295 102.0)
(0.04 133.0 0.15)(23.71410949279883 101.0)
(0.04 133.0 0.16)(23.779780045315604 102.0)
(0.04 133.0 0.17)(23.80187017867782 101.0)
(0.04 133.0 0.18000000000000002)(23.972331486967246 106.0)
(0.04 133.0 0.19000000000000003)(22.166105535247787 106.0)
(0.04 133.0 0.20000000000000004)(23.64555181872609 114.0)
(0.04 133.0 0.21000000000000005)(21.727971999660358 109.0)
(0.04 133.0 0.22000000000000006)(25.448708163691812 107.0)
(0.04 133.0 0.23000000000000007)(22.42547505920445 103.0)
(0.04 133.0 0.24000000000000007)(20.332414304674334 118.0)
(0.04 138.0 0.01)(61.023753483977885 37.0)
(0.04 138.0 0.02)(57.56836054488233 46.0)
(0.04 138.0 0.03)(53.102561006014696 58.0)
(0.04 138.0 0.04)(52.29376166171379 64.0)
(0.04 138.0 0.05)(46.73013663690693 68.0)
(0.04 138.0 0.060000000000000005)(41.20939781288217 69.0)
(0.04 138.0 0.07)(39.58814698710687 71.0)
(0.04 138.0 0.08)(36.652693314643514 78.0)
(0.04 138.0 0.09)(35.71702989969659 81.0)
(0.04 138.0 0.09999999999999999)(35.15342327344148 87.0)
(0.04 138.0 0.10999999999999999)(27.814250917488508 97.0)
(0.04 138.0 0.11999999999999998)(28.392928644132024 97.0)
(0.04 138.0 0.12999999999999998)(25.37150387209333 100.0)
(0.04 138.0 0.13999999999999999)(25.396419526193295 102.0)
(0.04 138.0 0.15)(23.71410949279883 101.0)
(0.04 138.0 0.16)(23.779780045315604 102.0)
(0.04 138.0 0.17)(23.80187017867782 101.0)
(0.04 138.0 0.18000000000000002)(23.972331486967246 106.0)
(0.04 138.0 0.19000000000000003)(22.166105535247787 106.0)
(0.04 138.0 0.20000000000000004)(23.64555181872609 114.0)
(0.04 138.0 0.21000000000000005)(21.727971999660358 109.0)
(0.04 138.0 0.22000000000000006)(25.448708163691812 107.0)
(0.04 138.0 0.23000000000000007)(22.42547505920445 103.0)
(0.04 138.0 0.24000000000000007)(20.332414304674334 118.0)
(0.04 143.0 0.01)(61.023753483977885 37.0)
(0.04 143.0 0.02)(57.56836054488233 46.0)
(0.04 143.0 0.03)(53.102561006014696 58.0)
(0.04 143.0 0.04)(52.29376166171379 64.0)
(0.04 143.0 0.05)(46.73013663690693 68.0)
(0.04 143.0 0.060000000000000005)(41.20939781288217 69.0)
(0.04 143.0 0.07)(39.58814698710687 71.0)
(0.04 143.0 0.08)(36.652693314643514 78.0)
(0.04 143.0 0.09)(35.71702989969659 81.0)
(0.04 143.0 0.09999999999999999)(35.15342327344148 87.0)
(0.04 143.0 0.10999999999999999)(27.814250917488508 97.0)
(0.04 143.0 0.11999999999999998)(28.392928644132024 97.0)
(0.04 143.0 0.12999999999999998)(25.37150387209333 100.0)
(0.04 143.0 0.13999999999999999)(25.396419526193295 102.0)
(0.04 143.0 0.15)(23.71410949279883 101.0)
(0.04 143.0 0.16)(23.779780045315604 102.0)
(0.04 143.0 0.17)(23.80187017867782 101.0)
(0.04 143.0 0.18000000000000002)(23.972331486967246 106.0)
(0.04 143.0 0.19000000000000003)(22.166105535247787 106.0)
(0.04 143.0 0.20000000000000004)(23.64555181872609 114.0)
(0.04 143.0 0.21000000000000005)(21.727971999660358 109.0)
(0.04 143.0 0.22000000000000006)(25.448708163691812 107.0)
(0.04 143.0 0.23000000000000007)(22.42547505920445 103.0)
(0.04 143.0 0.24000000000000007)(20.332414304674334 118.0)
(0.04 148.0 0.01)(61.023753483977885 37.0)
(0.04 148.0 0.02)(57.56836054488233 46.0)
(0.04 148.0 0.03)(53.102561006014696 58.0)
(0.04 148.0 0.04)(52.29376166171379 64.0)
(0.04 148.0 0.05)(46.73013663690693 68.0)
(0.04 148.0 0.060000000000000005)(41.20939781288217 69.0)
(0.04 148.0 0.07)(39.58814698710687 71.0)
(0.04 148.0 0.08)(36.652693314643514 78.0)
(0.04 148.0 0.09)(35.71702989969659 81.0)
(0.04 148.0 0.09999999999999999)(35.15342327344148 87.0)
(0.04 148.0 0.10999999999999999)(27.814250917488508 97.0)
(0.04 148.0 0.11999999999999998)(28.392928644132024 97.0)
(0.04 148.0 0.12999999999999998)(25.37150387209333 100.0)
(0.04 148.0 0.13999999999999999)(25.396419526193295 102.0)
(0.04 148.0 0.15)(23.71410949279883 101.0)
(0.04 148.0 0.16)(23.779780045315604 102.0)
(0.04 148.0 0.17)(23.80187017867782 101.0)
(0.04 148.0 0.18000000000000002)(23.972331486967246 106.0)
(0.04 148.0 0.19000000000000003)(22.166105535247787 106.0)
(0.04 148.0 0.20000000000000004)(23.64555181872609 114.0)
(0.04 148.0 0.21000000000000005)(21.727971999660358 109.0)
(0.04 148.0 0.22000000000000006)(25.448708163691812 107.0)
(0.04 148.0 0.23000000000000007)(22.42547505920445 103.0)
(0.04 148.0 0.24000000000000007)(20.332414304674334 118.0)
(0.04 153.0 0.01)(61.023753483977885 37.0)
(0.04 153.0 0.02)(57.56836054488233 46.0)
(0.04 153.0 0.03)(53.102561006014696 58.0)
(0.04 153.0 0.04)(52.29376166171379 64.0)
(0.04 153.0 0.05)(46.73013663690693 68.0)
(0.04 153.0 0.060000000000000005)(41.20939781288217 69.0)
(0.04 153.0 0.07)(39.58814698710687 71.0)
(0.04 153.0 0.08)(36.652693314643514 78.0)
(0.04 153.0 0.09)(35.71702989969659 81.0)
(0.04 153.0 0.09999999999999999)(35.15342327344148 87.0)
(0.04 153.0 0.10999999999999999)(27.814250917488508 97.0)
(0.04 153.0 0.11999999999999998)(28.392928644132024 97.0)
(0.04 153.0 0.12999999999999998)(25.37150387209333 100.0)
(0.04 153.0 0.13999999999999999)(25.396419526193295 102.0)
(0.04 153.0 0.15)(23.71410949279883 101.0)
(0.04 153.0 0.16)(23.779780045315604 102.0)
(0.04 153.0 0.17)(23.80187017867782 101.0)
(0.04 153.0 0.18000000000000002)(23.972331486967246 106.0)
(0.04 153.0 0.19000000000000003)(22.166105535247787 106.0)
(0.04 153.0 0.20000000000000004)(23.64555181872609 114.0)
(0.04 153.0 0.21000000000000005)(21.727971999660358 109.0)
(0.04 153.0 0.22000000000000006)(25.448708163691812 107.0)
(0.04 153.0 0.23000000000000007)(22.42547505920445 103.0)
(0.04 153.0 0.24000000000000007)(20.332414304674334 118.0)
(0.04 158.0 0.01)(61.023753483977885 37.0)
(0.04 158.0 0.02)(57.56836054488233 46.0)
(0.04 158.0 0.03)(53.102561006014696 58.0)
(0.04 158.0 0.04)(52.29376166171379 64.0)
(0.04 158.0 0.05)(46.73013663690693 68.0)
(0.04 158.0 0.060000000000000005)(41.20939781288217 69.0)
(0.04 158.0 0.07)(39.58814698710687 71.0)
(0.04 158.0 0.08)(36.652693314643514 78.0)
(0.04 158.0 0.09)(35.71702989969659 81.0)
(0.04 158.0 0.09999999999999999)(35.15342327344148 87.0)
(0.04 158.0 0.10999999999999999)(27.814250917488508 97.0)
(0.04 158.0 0.11999999999999998)(28.392928644132024 97.0)
(0.04 158.0 0.12999999999999998)(25.37150387209333 100.0)
(0.04 158.0 0.13999999999999999)(25.396419526193295 102.0)
(0.04 158.0 0.15)(23.71410949279883 101.0)
(0.04 158.0 0.16)(23.779780045315604 102.0)
(0.04 158.0 0.17)(23.80187017867782 101.0)
(0.04 158.0 0.18000000000000002)(23.972331486967246 106.0)
(0.04 158.0 0.19000000000000003)(22.166105535247787 106.0)
(0.04 158.0 0.20000000000000004)(23.64555181872609 114.0)
(0.04 158.0 0.21000000000000005)(21.727971999660358 109.0)
(0.04 158.0 0.22000000000000006)(25.448708163691812 107.0)
(0.04 158.0 0.23000000000000007)(22.42547505920445 103.0)
(0.04 158.0 0.24000000000000007)(20.332414304674334 118.0)
(0.04 163.0 0.01)(61.023753483977885 37.0)
(0.04 163.0 0.02)(57.56836054488233 46.0)
(0.04 163.0 0.03)(53.102561006014696 58.0)
(0.04 163.0 0.04)(52.29376166171379 64.0)
(0.04 163.0 0.05)(46.73013663690693 68.0)
(0.04 163.0 0.060000000000000005)(41.20939781288217 69.0)
(0.04 163.0 0.07)(39.58814698710687 71.0)
(0.04 163.0 0.08)(36.652693314643514 78.0)
(0.04 163.0 0.09)(35.71702989969659 81.0)
(0.04 163.0 0.09999999999999999)(35.15342327344148 87.0)
(0.04 163.0 0.10999999999999999)(27.814250917488508 97.0)
(0.04 163.0 0.11999999999999998)(28.392928644132024 97.0)
(0.04 163.0 0.12999999999999998)(25.37150387209333 100.0)
(0.04 163.0 0.13999999999999999)(25.396419526193295 102.0)
(0.04 163.0 0.15)(23.71410949279883 101.0)
(0.04 163.0 0.16)(23.779780045315604 102.0)
(0.04 163.0 0.17)(23.80187017867782 101.0)
(0.04 163.0 0.18000000000000002)(23.972331486967246 106.0)
(0.04 163.0 0.19000000000000003)(22.166105535247787 106.0)
(0.04 163.0 0.20000000000000004)(23.64555181872609 114.0)
(0.04 163.0 0.21000000000000005)(21.727971999660358 109.0)
(0.04 163.0 0.22000000000000006)(25.448708163691812 107.0)
(0.04 163.0 0.23000000000000007)(22.42547505920445 103.0)
(0.04 163.0 0.24000000000000007)(20.332414304674334 118.0)
(0.04 168.0 0.01)(61.023753483977885 37.0)
(0.04 168.0 0.02)(57.56836054488233 46.0)
(0.04 168.0 0.03)(53.102561006014696 58.0)
(0.04 168.0 0.04)(52.29376166171379 64.0)
(0.04 168.0 0.05)(46.73013663690693 68.0)
(0.04 168.0 0.060000000000000005)(41.20939781288217 69.0)
(0.04 168.0 0.07)(39.58814698710687 71.0)
(0.04 168.0 0.08)(36.652693314643514 78.0)
(0.04 168.0 0.09)(35.71702989969659 81.0)
(0.04 168.0 0.09999999999999999)(35.15342327344148 87.0)
(0.04 168.0 0.10999999999999999)(27.814250917488508 97.0)
(0.04 168.0 0.11999999999999998)(28.392928644132024 97.0)
(0.04 168.0 0.12999999999999998)(25.37150387209333 100.0)
(0.04 168.0 0.13999999999999999)(25.396419526193295 102.0)
(0.04 168.0 0.15)(23.71410949279883 101.0)
(0.04 168.0 0.16)(23.779780045315604 102.0)
(0.04 168.0 0.17)(23.80187017867782 101.0)
(0.04 168.0 0.18000000000000002)(23.972331486967246 106.0)
(0.04 168.0 0.19000000000000003)(22.166105535247787 106.0)
(0.04 168.0 0.20000000000000004)(23.64555181872609 114.0)
(0.04 168.0 0.21000000000000005)(21.727971999660358 109.0)
(0.04 168.0 0.22000000000000006)(25.448708163691812 107.0)
(0.04 168.0 0.23000000000000007)(22.42547505920445 103.0)
(0.04 168.0 0.24000000000000007)(20.332414304674334 118.0)
(0.04 173.0 0.01)(61.023753483977885 37.0)
(0.04 173.0 0.02)(57.56836054488233 46.0)
(0.04 173.0 0.03)(53.102561006014696 58.0)
(0.04 173.0 0.04)(52.29376166171379 64.0)
(0.04 173.0 0.05)(46.73013663690693 68.0)
(0.04 173.0 0.060000000000000005)(41.20939781288217 69.0)
(0.04 173.0 0.07)(39.58814698710687 71.0)
(0.04 173.0 0.08)(36.652693314643514 78.0)
(0.04 173.0 0.09)(35.71702989969659 81.0)
(0.04 173.0 0.09999999999999999)(35.15342327344148 87.0)
(0.04 173.0 0.10999999999999999)(27.814250917488508 97.0)
(0.04 173.0 0.11999999999999998)(28.392928644132024 97.0)
(0.04 173.0 0.12999999999999998)(25.37150387209333 100.0)
(0.04 173.0 0.13999999999999999)(25.396419526193295 102.0)
(0.04 173.0 0.15)(23.71410949279883 101.0)
(0.04 173.0 0.16)(23.779780045315604 102.0)
(0.04 173.0 0.17)(23.80187017867782 101.0)
(0.04 173.0 0.18000000000000002)(23.972331486967246 106.0)
(0.04 173.0 0.19000000000000003)(22.166105535247787 106.0)
(0.04 173.0 0.20000000000000004)(23.64555181872609 114.0)
(0.04 173.0 0.21000000000000005)(21.727971999660358 109.0)
(0.04 173.0 0.22000000000000006)(25.448708163691812 107.0)
(0.04 173.0 0.23000000000000007)(22.42547505920445 103.0)
(0.04 173.0 0.24000000000000007)(20.332414304674334 118.0)
(0.04 178.0 0.01)(61.023753483977885 37.0)
(0.04 178.0 0.02)(57.56836054488233 46.0)
(0.04 178.0 0.03)(53.102561006014696 58.0)
(0.04 178.0 0.04)(52.29376166171379 64.0)
(0.04 178.0 0.05)(46.73013663690693 68.0)
(0.04 178.0 0.060000000000000005)(41.20939781288217 69.0)
(0.04 178.0 0.07)(39.58814698710687 71.0)
(0.04 178.0 0.08)(36.652693314643514 78.0)
(0.04 178.0 0.09)(35.71702989969659 81.0)
(0.04 178.0 0.09999999999999999)(35.15342327344148 87.0)
(0.04 178.0 0.10999999999999999)(27.814250917488508 97.0)
(0.04 178.0 0.11999999999999998)(28.392928644132024 97.0)
(0.04 178.0 0.12999999999999998)(25.37150387209333 100.0)
(0.04 178.0 0.13999999999999999)(25.396419526193295 102.0)
(0.04 178.0 0.15)(23.71410949279883 101.0)
(0.04 178.0 0.16)(23.779780045315604 102.0)
(0.04 178.0 0.17)(23.80187017867782 101.0)
(0.04 178.0 0.18000000000000002)(23.972331486967246 106.0)
(0.04 178.0 0.19000000000000003)(22.166105535247787 106.0)
(0.04 178.0 0.20000000000000004)(23.64555181872609 114.0)
(0.04 178.0 0.21000000000000005)(21.727971999660358 109.0)
(0.04 178.0 0.22000000000000006)(25.448708163691812 107.0)
(0.04 178.0 0.23000000000000007)(22.42547505920445 103.0)
(0.04 178.0 0.24000000000000007)(20.332414304674334 118.0)
(0.04 183.0 0.01)(61.023753483977885 37.0)
(0.04 183.0 0.02)(57.56836054488233 46.0)
(0.04 183.0 0.03)(53.102561006014696 58.0)
(0.04 183.0 0.04)(52.29376166171379 64.0)
(0.04 183.0 0.05)(46.73013663690693 68.0)
(0.04 183.0 0.060000000000000005)(41.20939781288217 69.0)
(0.04 183.0 0.07)(39.58814698710687 71.0)
(0.04 183.0 0.08)(36.652693314643514 78.0)
(0.04 183.0 0.09)(35.71702989969659 81.0)
(0.04 183.0 0.09999999999999999)(35.15342327344148 87.0)
(0.04 183.0 0.10999999999999999)(27.814250917488508 97.0)
(0.04 183.0 0.11999999999999998)(28.392928644132024 97.0)
(0.04 183.0 0.12999999999999998)(25.37150387209333 100.0)
(0.04 183.0 0.13999999999999999)(25.396419526193295 102.0)
(0.04 183.0 0.15)(23.71410949279883 101.0)
(0.04 183.0 0.16)(23.779780045315604 102.0)
(0.04 183.0 0.17)(23.80187017867782 101.0)
(0.04 183.0 0.18000000000000002)(23.972331486967246 106.0)
(0.04 183.0 0.19000000000000003)(22.166105535247787 106.0)
(0.04 183.0 0.20000000000000004)(23.64555181872609 114.0)
(0.04 183.0 0.21000000000000005)(21.727971999660358 109.0)
(0.04 183.0 0.22000000000000006)(25.448708163691812 107.0)
(0.04 183.0 0.23000000000000007)(22.42547505920445 103.0)
(0.04 183.0 0.24000000000000007)(20.332414304674334 118.0)
(0.04 188.0 0.01)(61.023753483977885 37.0)
(0.04 188.0 0.02)(57.56836054488233 46.0)
(0.04 188.0 0.03)(53.102561006014696 58.0)
(0.04 188.0 0.04)(52.29376166171379 64.0)
(0.04 188.0 0.05)(46.73013663690693 68.0)
(0.04 188.0 0.060000000000000005)(41.20939781288217 69.0)
(0.04 188.0 0.07)(39.58814698710687 71.0)
(0.04 188.0 0.08)(36.652693314643514 78.0)
(0.04 188.0 0.09)(35.71702989969659 81.0)
(0.04 188.0 0.09999999999999999)(35.15342327344148 87.0)
(0.04 188.0 0.10999999999999999)(27.814250917488508 97.0)
(0.04 188.0 0.11999999999999998)(28.392928644132024 97.0)
(0.04 188.0 0.12999999999999998)(25.37150387209333 100.0)
(0.04 188.0 0.13999999999999999)(25.396419526193295 102.0)
(0.04 188.0 0.15)(23.71410949279883 101.0)
(0.04 188.0 0.16)(23.779780045315604 102.0)
(0.04 188.0 0.17)(23.80187017867782 101.0)
(0.04 188.0 0.18000000000000002)(23.972331486967246 106.0)
(0.04 188.0 0.19000000000000003)(22.166105535247787 106.0)
(0.04 188.0 0.20000000000000004)(23.64555181872609 114.0)
(0.04 188.0 0.21000000000000005)(21.727971999660358 109.0)
(0.04 188.0 0.22000000000000006)(25.448708163691812 107.0)
(0.04 188.0 0.23000000000000007)(22.42547505920445 103.0)
(0.04 188.0 0.24000000000000007)(20.332414304674334 118.0)
(0.04 193.0 0.01)(61.023753483977885 37.0)
(0.04 193.0 0.02)(57.56836054488233 46.0)
(0.04 193.0 0.03)(53.102561006014696 58.0)
(0.04 193.0 0.04)(52.29376166171379 64.0)
(0.04 193.0 0.05)(46.73013663690693 68.0)
(0.04 193.0 0.060000000000000005)(41.20939781288217 69.0)
(0.04 193.0 0.07)(39.58814698710687 71.0)
(0.04 193.0 0.08)(36.652693314643514 78.0)
(0.04 193.0 0.09)(35.71702989969659 81.0)
(0.04 193.0 0.09999999999999999)(35.15342327344148 87.0)
(0.04 193.0 0.10999999999999999)(27.814250917488508 97.0)
(0.04 193.0 0.11999999999999998)(28.392928644132024 97.0)
(0.04 193.0 0.12999999999999998)(25.37150387209333 100.0)
(0.04 193.0 0.13999999999999999)(25.396419526193295 102.0)
(0.04 193.0 0.15)(23.71410949279883 101.0)
(0.04 193.0 0.16)(23.779780045315604 102.0)
(0.04 193.0 0.17)(23.80187017867782 101.0)
(0.04 193.0 0.18000000000000002)(23.972331486967246 106.0)
(0.04 193.0 0.19000000000000003)(22.166105535247787 106.0)
(0.04 193.0 0.20000000000000004)(23.64555181872609 114.0)
(0.04 193.0 0.21000000000000005)(21.727971999660358 109.0)
(0.04 193.0 0.22000000000000006)(25.448708163691812 107.0)
(0.04 193.0 0.23000000000000007)(22.42547505920445 103.0)
(0.04 193.0 0.24000000000000007)(20.332414304674334 118.0)
(0.04 198.0 0.01)(61.023753483977885 37.0)
(0.04 198.0 0.02)(57.56836054488233 46.0)
(0.04 198.0 0.03)(53.102561006014696 58.0)
(0.04 198.0 0.04)(52.29376166171379 64.0)
(0.04 198.0 0.05)(46.73013663690693 68.0)
(0.04 198.0 0.060000000000000005)(41.20939781288217 69.0)
(0.04 198.0 0.07)(39.58814698710687 71.0)
(0.04 198.0 0.08)(36.652693314643514 78.0)
(0.04 198.0 0.09)(35.71702989969659 81.0)
(0.04 198.0 0.09999999999999999)(35.15342327344148 87.0)
(0.04 198.0 0.10999999999999999)(27.814250917488508 97.0)
(0.04 198.0 0.11999999999999998)(28.392928644132024 97.0)
(0.04 198.0 0.12999999999999998)(25.37150387209333 100.0)
(0.04 198.0 0.13999999999999999)(25.396419526193295 102.0)
(0.04 198.0 0.15)(23.71410949279883 101.0)
(0.04 198.0 0.16)(23.779780045315604 102.0)
(0.04 198.0 0.17)(23.80187017867782 101.0)
(0.04 198.0 0.18000000000000002)(23.972331486967246 106.0)
(0.04 198.0 0.19000000000000003)(22.166105535247787 106.0)
(0.04 198.0 0.20000000000000004)(23.64555181872609 114.0)
(0.04 198.0 0.21000000000000005)(21.727971999660358 109.0)
(0.04 198.0 0.22000000000000006)(25.448708163691812 107.0)
(0.04 198.0 0.23000000000000007)(22.42547505920445 103.0)
(0.04 198.0 0.24000000000000007)(20.332414304674334 118.0)
(0.04 203.0 0.01)(61.023753483977885 37.0)
(0.04 203.0 0.02)(57.56836054488233 46.0)
(0.04 203.0 0.03)(53.102561006014696 58.0)
(0.04 203.0 0.04)(52.29376166171379 64.0)
(0.04 203.0 0.05)(46.73013663690693 68.0)
(0.04 203.0 0.060000000000000005)(41.20939781288217 69.0)
(0.04 203.0 0.07)(39.58814698710687 71.0)
(0.04 203.0 0.08)(36.652693314643514 78.0)
(0.04 203.0 0.09)(35.71702989969659 81.0)
(0.04 203.0 0.09999999999999999)(35.15342327344148 87.0)
(0.04 203.0 0.10999999999999999)(27.814250917488508 97.0)
(0.04 203.0 0.11999999999999998)(28.392928644132024 97.0)
(0.04 203.0 0.12999999999999998)(25.37150387209333 100.0)
(0.04 203.0 0.13999999999999999)(25.396419526193295 102.0)
(0.04 203.0 0.15)(23.71410949279883 101.0)
(0.04 203.0 0.16)(23.779780045315604 102.0)
(0.04 203.0 0.17)(23.80187017867782 101.0)
(0.04 203.0 0.18000000000000002)(23.972331486967246 106.0)
(0.04 203.0 0.19000000000000003)(22.166105535247787 106.0)
(0.04 203.0 0.20000000000000004)(23.64555181872609 114.0)
(0.04 203.0 0.21000000000000005)(21.727971999660358 109.0)
(0.04 203.0 0.22000000000000006)(25.448708163691812 107.0)
(0.04 203.0 0.23000000000000007)(22.42547505920445 103.0)
(0.04 203.0 0.24000000000000007)(20.332414304674334 118.0)
(0.04 208.0 0.01)(61.023753483977885 37.0)
(0.04 208.0 0.02)(57.56836054488233 46.0)
(0.04 208.0 0.03)(53.102561006014696 58.0)
(0.04 208.0 0.04)(52.29376166171379 64.0)
(0.04 208.0 0.05)(46.73013663690693 68.0)
(0.04 208.0 0.060000000000000005)(41.20939781288217 69.0)
(0.04 208.0 0.07)(39.58814698710687 71.0)
(0.04 208.0 0.08)(36.652693314643514 78.0)
(0.04 208.0 0.09)(35.71702989969659 81.0)
(0.04 208.0 0.09999999999999999)(35.15342327344148 87.0)
(0.04 208.0 0.10999999999999999)(27.814250917488508 97.0)
(0.04 208.0 0.11999999999999998)(28.392928644132024 97.0)
(0.04 208.0 0.12999999999999998)(25.37150387209333 100.0)
(0.04 208.0 0.13999999999999999)(25.396419526193295 102.0)
(0.04 208.0 0.15)(23.71410949279883 101.0)
(0.04 208.0 0.16)(23.779780045315604 102.0)
(0.04 208.0 0.17)(23.80187017867782 101.0)
(0.04 208.0 0.18000000000000002)(23.972331486967246 106.0)
(0.04 208.0 0.19000000000000003)(22.166105535247787 106.0)
(0.04 208.0 0.20000000000000004)(23.64555181872609 114.0)
(0.04 208.0 0.21000000000000005)(21.727971999660358 109.0)
(0.04 208.0 0.22000000000000006)(25.448708163691812 107.0)
(0.04 208.0 0.23000000000000007)(22.42547505920445 103.0)
(0.04 208.0 0.24000000000000007)(20.332414304674334 118.0)
(0.04 213.0 0.01)(61.023753483977885 37.0)
(0.04 213.0 0.02)(57.56836054488233 46.0)
(0.04 213.0 0.03)(53.102561006014696 58.0)
(0.04 213.0 0.04)(52.29376166171379 64.0)
(0.04 213.0 0.05)(46.73013663690693 68.0)
(0.04 213.0 0.060000000000000005)(41.20939781288217 69.0)
(0.04 213.0 0.07)(39.58814698710687 71.0)
(0.04 213.0 0.08)(36.652693314643514 78.0)
(0.04 213.0 0.09)(35.71702989969659 81.0)
(0.04 213.0 0.09999999999999999)(35.15342327344148 87.0)
(0.04 213.0 0.10999999999999999)(27.814250917488508 97.0)
(0.04 213.0 0.11999999999999998)(28.392928644132024 97.0)
(0.04 213.0 0.12999999999999998)(25.37150387209333 100.0)
(0.04 213.0 0.13999999999999999)(25.396419526193295 102.0)
(0.04 213.0 0.15)(23.71410949279883 101.0)
(0.04 213.0 0.16)(23.779780045315604 102.0)
(0.04 213.0 0.17)(23.80187017867782 101.0)
(0.04 213.0 0.18000000000000002)(23.972331486967246 106.0)
(0.04 213.0 0.19000000000000003)(22.166105535247787 106.0)
(0.04 213.0 0.20000000000000004)(23.64555181872609 114.0)
(0.04 213.0 0.21000000000000005)(21.727971999660358 109.0)
(0.04 213.0 0.22000000000000006)(25.448708163691812 107.0)
(0.04 213.0 0.23000000000000007)(22.42547505920445 103.0)
(0.04 213.0 0.24000000000000007)(20.332414304674334 118.0)
(0.04 218.0 0.01)(61.023753483977885 37.0)
(0.04 218.0 0.02)(57.56836054488233 46.0)
(0.04 218.0 0.03)(53.102561006014696 58.0)
(0.04 218.0 0.04)(52.29376166171379 64.0)
(0.04 218.0 0.05)(46.73013663690693 68.0)
(0.04 218.0 0.060000000000000005)(41.20939781288217 69.0)
(0.04 218.0 0.07)(39.58814698710687 71.0)
(0.04 218.0 0.08)(36.652693314643514 78.0)
(0.04 218.0 0.09)(35.71702989969659 81.0)
(0.04 218.0 0.09999999999999999)(35.15342327344148 87.0)
(0.04 218.0 0.10999999999999999)(27.814250917488508 97.0)
(0.04 218.0 0.11999999999999998)(28.392928644132024 97.0)
(0.04 218.0 0.12999999999999998)(25.37150387209333 100.0)
(0.04 218.0 0.13999999999999999)(25.396419526193295 102.0)
(0.04 218.0 0.15)(23.71410949279883 101.0)
(0.04 218.0 0.16)(23.779780045315604 102.0)
(0.04 218.0 0.17)(23.80187017867782 101.0)
(0.04 218.0 0.18000000000000002)(23.972331486967246 106.0)
(0.04 218.0 0.19000000000000003)(22.166105535247787 106.0)
(0.04 218.0 0.20000000000000004)(23.64555181872609 114.0)
(0.04 218.0 0.21000000000000005)(21.727971999660358 109.0)
(0.04 218.0 0.22000000000000006)(25.448708163691812 107.0)
(0.04 218.0 0.23000000000000007)(22.42547505920445 103.0)
(0.04 218.0 0.24000000000000007)(20.332414304674334 118.0)
(0.04 223.0 0.01)(61.023753483977885 37.0)
(0.04 223.0 0.02)(57.56836054488233 46.0)
(0.04 223.0 0.03)(53.102561006014696 58.0)
(0.04 223.0 0.04)(52.29376166171379 64.0)
(0.04 223.0 0.05)(46.73013663690693 68.0)
(0.04 223.0 0.060000000000000005)(41.20939781288217 69.0)
(0.04 223.0 0.07)(39.58814698710687 71.0)
(0.04 223.0 0.08)(36.652693314643514 78.0)
(0.04 223.0 0.09)(35.71702989969659 81.0)
(0.04 223.0 0.09999999999999999)(35.15342327344148 87.0)
(0.04 223.0 0.10999999999999999)(27.814250917488508 97.0)
(0.04 223.0 0.11999999999999998)(28.392928644132024 97.0)
(0.04 223.0 0.12999999999999998)(25.37150387209333 100.0)
(0.04 223.0 0.13999999999999999)(25.396419526193295 102.0)
(0.04 223.0 0.15)(23.71410949279883 101.0)
(0.04 223.0 0.16)(23.779780045315604 102.0)
(0.04 223.0 0.17)(23.80187017867782 101.0)
(0.04 223.0 0.18000000000000002)(23.972331486967246 106.0)
(0.04 223.0 0.19000000000000003)(22.166105535247787 106.0)
(0.04 223.0 0.20000000000000004)(23.64555181872609 114.0)
(0.04 223.0 0.21000000000000005)(21.727971999660358 109.0)
(0.04 223.0 0.22000000000000006)(25.448708163691812 107.0)
(0.04 223.0 0.23000000000000007)(22.42547505920445 103.0)
(0.04 223.0 0.24000000000000007)(20.332414304674334 118.0)
(0.04 228.0 0.01)(61.023753483977885 37.0)
(0.04 228.0 0.02)(57.56836054488233 46.0)
(0.04 228.0 0.03)(53.102561006014696 58.0)
(0.04 228.0 0.04)(52.29376166171379 64.0)
(0.04 228.0 0.05)(46.73013663690693 68.0)
(0.04 228.0 0.060000000000000005)(41.20939781288217 69.0)
(0.04 228.0 0.07)(39.58814698710687 71.0)
(0.04 228.0 0.08)(36.652693314643514 78.0)
(0.04 228.0 0.09)(35.71702989969659 81.0)
(0.04 228.0 0.09999999999999999)(35.15342327344148 87.0)
(0.04 228.0 0.10999999999999999)(27.814250917488508 97.0)
(0.04 228.0 0.11999999999999998)(28.392928644132024 97.0)
(0.04 228.0 0.12999999999999998)(25.37150387209333 100.0)
(0.04 228.0 0.13999999999999999)(25.396419526193295 102.0)
(0.04 228.0 0.15)(23.71410949279883 101.0)
(0.04 228.0 0.16)(23.779780045315604 102.0)
(0.04 228.0 0.17)(23.80187017867782 101.0)
(0.04 228.0 0.18000000000000002)(23.972331486967246 106.0)
(0.04 228.0 0.19000000000000003)(22.166105535247787 106.0)
(0.04 228.0 0.20000000000000004)(23.64555181872609 114.0)
(0.04 228.0 0.21000000000000005)(21.727971999660358 109.0)
(0.04 228.0 0.22000000000000006)(25.448708163691812 107.0)
(0.04 228.0 0.23000000000000007)(22.42547505920445 103.0)
(0.04 228.0 0.24000000000000007)(20.332414304674334 118.0)
(0.04 233.0 0.01)(61.023753483977885 37.0)
(0.04 233.0 0.02)(57.56836054488233 46.0)
(0.04 233.0 0.03)(53.102561006014696 58.0)
(0.04 233.0 0.04)(52.29376166171379 64.0)
(0.04 233.0 0.05)(46.73013663690693 68.0)
(0.04 233.0 0.060000000000000005)(41.20939781288217 69.0)
(0.04 233.0 0.07)(39.58814698710687 71.0)
(0.04 233.0 0.08)(36.652693314643514 78.0)
(0.04 233.0 0.09)(35.71702989969659 81.0)
(0.04 233.0 0.09999999999999999)(35.15342327344148 87.0)
(0.04 233.0 0.10999999999999999)(27.814250917488508 97.0)
(0.04 233.0 0.11999999999999998)(28.392928644132024 97.0)
(0.04 233.0 0.12999999999999998)(25.37150387209333 100.0)
(0.04 233.0 0.13999999999999999)(25.396419526193295 102.0)
(0.04 233.0 0.15)(23.71410949279883 101.0)
(0.04 233.0 0.16)(23.779780045315604 102.0)
(0.04 233.0 0.17)(23.80187017867782 101.0)
(0.04 233.0 0.18000000000000002)(23.972331486967246 106.0)
(0.04 233.0 0.19000000000000003)(22.166105535247787 106.0)
(0.04 233.0 0.20000000000000004)(23.64555181872609 114.0)
(0.04 233.0 0.21000000000000005)(21.727971999660358 109.0)
(0.04 233.0 0.22000000000000006)(25.448708163691812 107.0)
(0.04 233.0 0.23000000000000007)(22.42547505920445 103.0)
(0.04 233.0 0.24000000000000007)(20.332414304674334 118.0)
(0.04 238.0 0.01)(61.023753483977885 37.0)
(0.04 238.0 0.02)(57.56836054488233 46.0)
(0.04 238.0 0.03)(53.102561006014696 58.0)
(0.04 238.0 0.04)(52.29376166171379 64.0)
(0.04 238.0 0.05)(46.73013663690693 68.0)
(0.04 238.0 0.060000000000000005)(41.20939781288217 69.0)
(0.04 238.0 0.07)(39.58814698710687 71.0)
(0.04 238.0 0.08)(36.652693314643514 78.0)
(0.04 238.0 0.09)(35.71702989969659 81.0)
(0.04 238.0 0.09999999999999999)(35.15342327344148 87.0)
(0.04 238.0 0.10999999999999999)(27.814250917488508 97.0)
(0.04 238.0 0.11999999999999998)(28.392928644132024 97.0)
(0.04 238.0 0.12999999999999998)(25.37150387209333 100.0)
(0.04 238.0 0.13999999999999999)(25.396419526193295 102.0)
(0.04 238.0 0.15)(23.71410949279883 101.0)
(0.04 238.0 0.16)(23.779780045315604 102.0)
(0.04 238.0 0.17)(23.80187017867782 101.0)
(0.04 238.0 0.18000000000000002)(23.972331486967246 106.0)
(0.04 238.0 0.19000000000000003)(22.166105535247787 106.0)
(0.04 238.0 0.20000000000000004)(23.64555181872609 114.0)
(0.04 238.0 0.21000000000000005)(21.727971999660358 109.0)
(0.04 238.0 0.22000000000000006)(25.448708163691812 107.0)
(0.04 238.0 0.23000000000000007)(22.42547505920445 103.0)
(0.04 238.0 0.24000000000000007)(20.332414304674334 118.0)
(0.04 243.0 0.01)(61.023753483977885 37.0)
(0.04 243.0 0.02)(57.56836054488233 46.0)
(0.04 243.0 0.03)(53.102561006014696 58.0)
(0.04 243.0 0.04)(52.29376166171379 64.0)
(0.04 243.0 0.05)(46.73013663690693 68.0)
(0.04 243.0 0.060000000000000005)(41.20939781288217 69.0)
(0.04 243.0 0.07)(39.58814698710687 71.0)
(0.04 243.0 0.08)(36.652693314643514 78.0)
(0.04 243.0 0.09)(35.71702989969659 81.0)
(0.04 243.0 0.09999999999999999)(35.15342327344148 87.0)
(0.04 243.0 0.10999999999999999)(27.814250917488508 97.0)
(0.04 243.0 0.11999999999999998)(28.392928644132024 97.0)
(0.04 243.0 0.12999999999999998)(25.37150387209333 100.0)
(0.04 243.0 0.13999999999999999)(25.396419526193295 102.0)
(0.04 243.0 0.15)(23.71410949279883 101.0)
(0.04 243.0 0.16)(23.779780045315604 102.0)
(0.04 243.0 0.17)(23.80187017867782 101.0)
(0.04 243.0 0.18000000000000002)(23.972331486967246 106.0)
(0.04 243.0 0.19000000000000003)(22.166105535247787 106.0)
(0.04 243.0 0.20000000000000004)(23.64555181872609 114.0)
(0.04 243.0 0.21000000000000005)(21.727971999660358 109.0)
(0.04 243.0 0.22000000000000006)(25.448708163691812 107.0)
(0.04 243.0 0.23000000000000007)(22.42547505920445 103.0)
(0.04 243.0 0.24000000000000007)(20.332414304674334 118.0)
(0.04 248.0 0.01)(61.023753483977885 37.0)
(0.04 248.0 0.02)(57.56836054488233 46.0)
(0.04 248.0 0.03)(53.102561006014696 58.0)
(0.04 248.0 0.04)(52.29376166171379 64.0)
(0.04 248.0 0.05)(46.73013663690693 68.0)
(0.04 248.0 0.060000000000000005)(41.20939781288217 69.0)
(0.04 248.0 0.07)(39.58814698710687 71.0)
(0.04 248.0 0.08)(36.652693314643514 78.0)
(0.04 248.0 0.09)(35.71702989969659 81.0)
(0.04 248.0 0.09999999999999999)(35.15342327344148 87.0)
(0.04 248.0 0.10999999999999999)(27.814250917488508 97.0)
(0.04 248.0 0.11999999999999998)(28.392928644132024 97.0)
(0.04 248.0 0.12999999999999998)(25.37150387209333 100.0)
(0.04 248.0 0.13999999999999999)(25.396419526193295 102.0)
(0.04 248.0 0.15)(23.71410949279883 101.0)
(0.04 248.0 0.16)(23.779780045315604 102.0)
(0.04 248.0 0.17)(23.80187017867782 101.0)
(0.04 248.0 0.18000000000000002)(23.972331486967246 106.0)
(0.04 248.0 0.19000000000000003)(22.166105535247787 106.0)
(0.04 248.0 0.20000000000000004)(23.64555181872609 114.0)
(0.04 248.0 0.21000000000000005)(21.727971999660358 109.0)
(0.04 248.0 0.22000000000000006)(25.448708163691812 107.0)
(0.04 248.0 0.23000000000000007)(22.42547505920445 103.0)
(0.04 248.0 0.24000000000000007)(20.332414304674334 118.0)
(0.04 253.0 0.01)(61.023753483977885 37.0)
(0.04 253.0 0.02)(57.56836054488233 46.0)
(0.04 253.0 0.03)(53.102561006014696 58.0)
(0.04 253.0 0.04)(52.29376166171379 64.0)
(0.04 253.0 0.05)(46.73013663690693 68.0)
(0.04 253.0 0.060000000000000005)(41.20939781288217 69.0)
(0.04 253.0 0.07)(39.58814698710687 71.0)
(0.04 253.0 0.08)(36.652693314643514 78.0)
(0.04 253.0 0.09)(35.71702989969659 81.0)
(0.04 253.0 0.09999999999999999)(35.15342327344148 87.0)
(0.04 253.0 0.10999999999999999)(27.814250917488508 97.0)
(0.04 253.0 0.11999999999999998)(28.392928644132024 97.0)
(0.04 253.0 0.12999999999999998)(25.37150387209333 100.0)
(0.04 253.0 0.13999999999999999)(25.396419526193295 102.0)
(0.04 253.0 0.15)(23.71410949279883 101.0)
(0.04 253.0 0.16)(23.779780045315604 102.0)
(0.04 253.0 0.17)(23.80187017867782 101.0)
(0.04 253.0 0.18000000000000002)(23.972331486967246 106.0)
(0.04 253.0 0.19000000000000003)(22.166105535247787 106.0)
(0.04 253.0 0.20000000000000004)(23.64555181872609 114.0)
(0.04 253.0 0.21000000000000005)(21.727971999660358 109.0)
(0.04 253.0 0.22000000000000006)(25.448708163691812 107.0)
(0.04 253.0 0.23000000000000007)(22.42547505920445 103.0)
(0.04 253.0 0.24000000000000007)(20.332414304674334 118.0)
(0.04 258.0 0.01)(61.023753483977885 37.0)
(0.04 258.0 0.02)(57.56836054488233 46.0)
(0.04 258.0 0.03)(53.102561006014696 58.0)
(0.04 258.0 0.04)(52.29376166171379 64.0)
(0.04 258.0 0.05)(46.73013663690693 68.0)
(0.04 258.0 0.060000000000000005)(41.20939781288217 69.0)
(0.04 258.0 0.07)(39.58814698710687 71.0)
(0.04 258.0 0.08)(36.652693314643514 78.0)
(0.04 258.0 0.09)(35.71702989969659 81.0)
(0.04 258.0 0.09999999999999999)(35.15342327344148 87.0)
(0.04 258.0 0.10999999999999999)(27.814250917488508 97.0)
(0.04 258.0 0.11999999999999998)(28.392928644132024 97.0)
(0.04 258.0 0.12999999999999998)(25.37150387209333 100.0)
(0.04 258.0 0.13999999999999999)(25.396419526193295 102.0)
(0.04 258.0 0.15)(23.71410949279883 101.0)
(0.04 258.0 0.16)(23.779780045315604 102.0)
(0.04 258.0 0.17)(23.80187017867782 101.0)
(0.04 258.0 0.18000000000000002)(23.972331486967246 106.0)
(0.04 258.0 0.19000000000000003)(22.166105535247787 106.0)
(0.04 258.0 0.20000000000000004)(23.64555181872609 114.0)
(0.04 258.0 0.21000000000000005)(21.727971999660358 109.0)
(0.04 258.0 0.22000000000000006)(25.448708163691812 107.0)
(0.04 258.0 0.23000000000000007)(22.42547505920445 103.0)
(0.04 258.0 0.24000000000000007)(20.332414304674334 118.0)
(0.04 263.0 0.01)(61.023753483977885 37.0)
(0.04 263.0 0.02)(57.56836054488233 46.0)
(0.04 263.0 0.03)(53.102561006014696 58.0)
(0.04 263.0 0.04)(52.29376166171379 64.0)
(0.04 263.0 0.05)(46.73013663690693 68.0)
(0.04 263.0 0.060000000000000005)(41.20939781288217 69.0)
(0.04 263.0 0.07)(39.58814698710687 71.0)
(0.04 263.0 0.08)(36.652693314643514 78.0)
(0.04 263.0 0.09)(35.71702989969659 81.0)
(0.04 263.0 0.09999999999999999)(35.15342327344148 87.0)
(0.04 263.0 0.10999999999999999)(27.814250917488508 97.0)
(0.04 263.0 0.11999999999999998)(28.392928644132024 97.0)
(0.04 263.0 0.12999999999999998)(25.37150387209333 100.0)
(0.04 263.0 0.13999999999999999)(25.396419526193295 102.0)
(0.04 263.0 0.15)(23.71410949279883 101.0)
(0.04 263.0 0.16)(23.779780045315604 102.0)
(0.04 263.0 0.17)(23.80187017867782 101.0)
(0.04 263.0 0.18000000000000002)(23.972331486967246 106.0)
(0.04 263.0 0.19000000000000003)(22.166105535247787 106.0)
(0.04 263.0 0.20000000000000004)(23.64555181872609 114.0)
(0.04 263.0 0.21000000000000005)(21.727971999660358 109.0)
(0.04 263.0 0.22000000000000006)(25.448708163691812 107.0)
(0.04 263.0 0.23000000000000007)(22.42547505920445 103.0)
(0.04 263.0 0.24000000000000007)(20.332414304674334 118.0)
(0.04 268.0 0.01)(61.023753483977885 37.0)
(0.04 268.0 0.02)(57.56836054488233 46.0)
(0.04 268.0 0.03)(53.102561006014696 58.0)
(0.04 268.0 0.04)(52.29376166171379 64.0)
(0.04 268.0 0.05)(46.73013663690693 68.0)
(0.04 268.0 0.060000000000000005)(41.20939781288217 69.0)
(0.04 268.0 0.07)(39.58814698710687 71.0)
(0.04 268.0 0.08)(36.652693314643514 78.0)
(0.04 268.0 0.09)(35.71702989969659 81.0)
(0.04 268.0 0.09999999999999999)(35.15342327344148 87.0)
(0.04 268.0 0.10999999999999999)(27.814250917488508 97.0)
(0.04 268.0 0.11999999999999998)(28.392928644132024 97.0)
(0.04 268.0 0.12999999999999998)(25.37150387209333 100.0)
(0.04 268.0 0.13999999999999999)(25.396419526193295 102.0)
(0.04 268.0 0.15)(23.71410949279883 101.0)
(0.04 268.0 0.16)(23.779780045315604 102.0)
(0.04 268.0 0.17)(23.80187017867782 101.0)
(0.04 268.0 0.18000000000000002)(23.972331486967246 106.0)
(0.04 268.0 0.19000000000000003)(22.166105535247787 106.0)
(0.04 268.0 0.20000000000000004)(23.64555181872609 114.0)
(0.04 268.0 0.21000000000000005)(21.727971999660358 109.0)
(0.04 268.0 0.22000000000000006)(25.448708163691812 107.0)
(0.04 268.0 0.23000000000000007)(22.42547505920445 103.0)
(0.04 268.0 0.24000000000000007)(20.332414304674334 118.0)
(0.04 273.0 0.01)(61.023753483977885 37.0)
(0.04 273.0 0.02)(57.56836054488233 46.0)
(0.04 273.0 0.03)(53.102561006014696 58.0)
(0.04 273.0 0.04)(52.29376166171379 64.0)
(0.04 273.0 0.05)(46.73013663690693 68.0)
(0.04 273.0 0.060000000000000005)(41.20939781288217 69.0)
(0.04 273.0 0.07)(39.58814698710687 71.0)
(0.04 273.0 0.08)(36.652693314643514 78.0)
(0.04 273.0 0.09)(35.71702989969659 81.0)
(0.04 273.0 0.09999999999999999)(35.15342327344148 87.0)
(0.04 273.0 0.10999999999999999)(27.814250917488508 97.0)
(0.04 273.0 0.11999999999999998)(28.392928644132024 97.0)
(0.04 273.0 0.12999999999999998)(25.37150387209333 100.0)
(0.04 273.0 0.13999999999999999)(25.396419526193295 102.0)
(0.04 273.0 0.15)(23.71410949279883 101.0)
(0.04 273.0 0.16)(23.779780045315604 102.0)
(0.04 273.0 0.17)(23.80187017867782 101.0)
(0.04 273.0 0.18000000000000002)(23.972331486967246 106.0)
(0.04 273.0 0.19000000000000003)(22.166105535247787 106.0)
(0.04 273.0 0.20000000000000004)(23.64555181872609 114.0)
(0.04 273.0 0.21000000000000005)(21.727971999660358 109.0)
(0.04 273.0 0.22000000000000006)(25.448708163691812 107.0)
(0.04 273.0 0.23000000000000007)(22.42547505920445 103.0)
(0.04 273.0 0.24000000000000007)(20.332414304674334 118.0)
(0.04 278.0 0.01)(61.023753483977885 37.0)
(0.04 278.0 0.02)(57.56836054488233 46.0)
(0.04 278.0 0.03)(53.102561006014696 58.0)
(0.04 278.0 0.04)(52.29376166171379 64.0)
(0.04 278.0 0.05)(46.73013663690693 68.0)
(0.04 278.0 0.060000000000000005)(41.20939781288217 69.0)
(0.04 278.0 0.07)(39.58814698710687 71.0)
(0.04 278.0 0.08)(36.652693314643514 78.0)
(0.04 278.0 0.09)(35.71702989969659 81.0)
(0.04 278.0 0.09999999999999999)(35.15342327344148 87.0)
(0.04 278.0 0.10999999999999999)(27.814250917488508 97.0)
(0.04 278.0 0.11999999999999998)(28.392928644132024 97.0)
(0.04 278.0 0.12999999999999998)(25.37150387209333 100.0)
(0.04 278.0 0.13999999999999999)(25.396419526193295 102.0)
(0.04 278.0 0.15)(23.71410949279883 101.0)
(0.04 278.0 0.16)(23.779780045315604 102.0)
(0.04 278.0 0.17)(23.80187017867782 101.0)
(0.04 278.0 0.18000000000000002)(23.972331486967246 106.0)
(0.04 278.0 0.19000000000000003)(22.166105535247787 106.0)
(0.04 278.0 0.20000000000000004)(23.64555181872609 114.0)
(0.04 278.0 0.21000000000000005)(21.727971999660358 109.0)
(0.04 278.0 0.22000000000000006)(25.448708163691812 107.0)
(0.04 278.0 0.23000000000000007)(22.42547505920445 103.0)
(0.04 278.0 0.24000000000000007)(20.332414304674334 118.0)
(0.04 283.0 0.01)(61.023753483977885 37.0)
(0.04 283.0 0.02)(57.56836054488233 46.0)
(0.04 283.0 0.03)(53.102561006014696 58.0)
(0.04 283.0 0.04)(52.29376166171379 64.0)
(0.04 283.0 0.05)(46.73013663690693 68.0)
(0.04 283.0 0.060000000000000005)(41.20939781288217 69.0)
(0.04 283.0 0.07)(39.58814698710687 71.0)
(0.04 283.0 0.08)(36.652693314643514 78.0)
(0.04 283.0 0.09)(35.71702989969659 81.0)
(0.04 283.0 0.09999999999999999)(35.15342327344148 87.0)
(0.04 283.0 0.10999999999999999)(27.814250917488508 97.0)
(0.04 283.0 0.11999999999999998)(28.392928644132024 97.0)
(0.04 283.0 0.12999999999999998)(25.37150387209333 100.0)
(0.04 283.0 0.13999999999999999)(25.396419526193295 102.0)
(0.04 283.0 0.15)(23.71410949279883 101.0)
(0.04 283.0 0.16)(23.779780045315604 102.0)
(0.04 283.0 0.17)(23.80187017867782 101.0)
(0.04 283.0 0.18000000000000002)(23.972331486967246 106.0)
(0.04 283.0 0.19000000000000003)(22.166105535247787 106.0)
(0.04 283.0 0.20000000000000004)(23.64555181872609 114.0)
(0.04 283.0 0.21000000000000005)(21.727971999660358 109.0)
(0.04 283.0 0.22000000000000006)(25.448708163691812 107.0)
(0.04 283.0 0.23000000000000007)(22.42547505920445 103.0)
(0.04 283.0 0.24000000000000007)(20.332414304674334 118.0)
(0.04 288.0 0.01)(61.023753483977885 37.0)
(0.04 288.0 0.02)(57.56836054488233 46.0)
(0.04 288.0 0.03)(53.102561006014696 58.0)
(0.04 288.0 0.04)(52.29376166171379 64.0)
(0.04 288.0 0.05)(46.73013663690693 68.0)
(0.04 288.0 0.060000000000000005)(41.20939781288217 69.0)
(0.04 288.0 0.07)(39.58814698710687 71.0)
(0.04 288.0 0.08)(36.652693314643514 78.0)
(0.04 288.0 0.09)(35.71702989969659 81.0)
(0.04 288.0 0.09999999999999999)(35.15342327344148 87.0)
(0.04 288.0 0.10999999999999999)(27.814250917488508 97.0)
(0.04 288.0 0.11999999999999998)(28.392928644132024 97.0)
(0.04 288.0 0.12999999999999998)(25.37150387209333 100.0)
(0.04 288.0 0.13999999999999999)(25.396419526193295 102.0)
(0.04 288.0 0.15)(23.71410949279883 101.0)
(0.04 288.0 0.16)(23.779780045315604 102.0)
(0.04 288.0 0.17)(23.80187017867782 101.0)
(0.04 288.0 0.18000000000000002)(23.972331486967246 106.0)
(0.04 288.0 0.19000000000000003)(22.166105535247787 106.0)
(0.04 288.0 0.20000000000000004)(23.64555181872609 114.0)
(0.04 288.0 0.21000000000000005)(21.727971999660358 109.0)
(0.04 288.0 0.22000000000000006)(25.448708163691812 107.0)
(0.04 288.0 0.23000000000000007)(22.42547505920445 103.0)
(0.04 288.0 0.24000000000000007)(20.332414304674334 118.0)
(0.04 293.0 0.01)(61.023753483977885 37.0)
(0.04 293.0 0.02)(57.56836054488233 46.0)
(0.04 293.0 0.03)(53.102561006014696 58.0)
(0.04 293.0 0.04)(52.29376166171379 64.0)
(0.04 293.0 0.05)(46.73013663690693 68.0)
(0.04 293.0 0.060000000000000005)(41.20939781288217 69.0)
(0.04 293.0 0.07)(39.58814698710687 71.0)
(0.04 293.0 0.08)(36.652693314643514 78.0)
(0.04 293.0 0.09)(35.71702989969659 81.0)
(0.04 293.0 0.09999999999999999)(35.15342327344148 87.0)
(0.04 293.0 0.10999999999999999)(27.814250917488508 97.0)
(0.04 293.0 0.11999999999999998)(28.392928644132024 97.0)
(0.04 293.0 0.12999999999999998)(25.37150387209333 100.0)
(0.04 293.0 0.13999999999999999)(25.396419526193295 102.0)
(0.04 293.0 0.15)(23.71410949279883 101.0)
(0.04 293.0 0.16)(23.779780045315604 102.0)
(0.04 293.0 0.17)(23.80187017867782 101.0)
(0.04 293.0 0.18000000000000002)(23.972331486967246 106.0)
(0.04 293.0 0.19000000000000003)(22.166105535247787 106.0)
(0.04 293.0 0.20000000000000004)(23.64555181872609 114.0)
(0.04 293.0 0.21000000000000005)(21.727971999660358 109.0)
(0.04 293.0 0.22000000000000006)(25.448708163691812 107.0)
(0.04 293.0 0.23000000000000007)(22.42547505920445 103.0)
(0.04 293.0 0.24000000000000007)(20.332414304674334 118.0)
(0.04 298.0 0.01)(61.023753483977885 37.0)
(0.04 298.0 0.02)(57.56836054488233 46.0)
(0.04 298.0 0.03)(53.102561006014696 58.0)
(0.04 298.0 0.04)(52.29376166171379 64.0)
(0.04 298.0 0.05)(46.73013663690693 68.0)
(0.04 298.0 0.060000000000000005)(41.20939781288217 69.0)
(0.04 298.0 0.07)(39.58814698710687 71.0)
(0.04 298.0 0.08)(36.652693314643514 78.0)
(0.04 298.0 0.09)(35.71702989969659 81.0)
(0.04 298.0 0.09999999999999999)(35.15342327344148 87.0)
(0.04 298.0 0.10999999999999999)(27.814250917488508 97.0)
(0.04 298.0 0.11999999999999998)(28.392928644132024 97.0)
(0.04 298.0 0.12999999999999998)(25.37150387209333 100.0)
(0.04 298.0 0.13999999999999999)(25.396419526193295 102.0)
(0.04 298.0 0.15)(23.71410949279883 101.0)
(0.04 298.0 0.16)(23.779780045315604 102.0)
(0.04 298.0 0.17)(23.80187017867782 101.0)
(0.04 298.0 0.18000000000000002)(23.972331486967246 106.0)
(0.04 298.0 0.19000000000000003)(22.166105535247787 106.0)
(0.04 298.0 0.20000000000000004)(23.64555181872609 114.0)
(0.04 298.0 0.21000000000000005)(21.727971999660358 109.0)
(0.04 298.0 0.22000000000000006)(25.448708163691812 107.0)
(0.04 298.0 0.23000000000000007)(22.42547505920445 103.0)
(0.04 298.0 0.24000000000000007)(20.332414304674334 118.0)
(0.04 303.0 0.01)(61.023753483977885 37.0)
(0.04 303.0 0.02)(57.56836054488233 46.0)
(0.04 303.0 0.03)(53.102561006014696 58.0)
(0.04 303.0 0.04)(52.29376166171379 64.0)
(0.04 303.0 0.05)(46.73013663690693 68.0)
(0.04 303.0 0.060000000000000005)(41.20939781288217 69.0)
(0.04 303.0 0.07)(39.58814698710687 71.0)
(0.04 303.0 0.08)(36.652693314643514 78.0)
(0.04 303.0 0.09)(35.71702989969659 81.0)
(0.04 303.0 0.09999999999999999)(35.15342327344148 87.0)
(0.04 303.0 0.10999999999999999)(27.814250917488508 97.0)
(0.04 303.0 0.11999999999999998)(28.392928644132024 97.0)
(0.04 303.0 0.12999999999999998)(25.37150387209333 100.0)
(0.04 303.0 0.13999999999999999)(25.396419526193295 102.0)
(0.04 303.0 0.15)(23.71410949279883 101.0)
(0.04 303.0 0.16)(23.779780045315604 102.0)
(0.04 303.0 0.17)(23.80187017867782 101.0)
(0.04 303.0 0.18000000000000002)(23.972331486967246 106.0)
(0.04 303.0 0.19000000000000003)(22.166105535247787 106.0)
(0.04 303.0 0.20000000000000004)(23.64555181872609 114.0)
(0.04 303.0 0.21000000000000005)(21.727971999660358 109.0)
(0.04 303.0 0.22000000000000006)(25.448708163691812 107.0)
(0.04 303.0 0.23000000000000007)(22.42547505920445 103.0)
(0.04 303.0 0.24000000000000007)(20.332414304674334 118.0)
(0.04 308.0 0.01)(61.023753483977885 37.0)
(0.04 308.0 0.02)(57.56836054488233 46.0)
(0.04 308.0 0.03)(53.102561006014696 58.0)
(0.04 308.0 0.04)(52.29376166171379 64.0)
(0.04 308.0 0.05)(46.73013663690693 68.0)
(0.04 308.0 0.060000000000000005)(41.20939781288217 69.0)
(0.04 308.0 0.07)(39.58814698710687 71.0)
(0.04 308.0 0.08)(36.652693314643514 78.0)
(0.04 308.0 0.09)(35.71702989969659 81.0)
(0.04 308.0 0.09999999999999999)(35.15342327344148 87.0)
(0.04 308.0 0.10999999999999999)(27.814250917488508 97.0)
(0.04 308.0 0.11999999999999998)(28.392928644132024 97.0)
(0.04 308.0 0.12999999999999998)(25.37150387209333 100.0)
(0.04 308.0 0.13999999999999999)(25.396419526193295 102.0)
(0.04 308.0 0.15)(23.71410949279883 101.0)
(0.04 308.0 0.16)(23.779780045315604 102.0)
(0.04 308.0 0.17)(23.80187017867782 101.0)
(0.04 308.0 0.18000000000000002)(23.972331486967246 106.0)
(0.04 308.0 0.19000000000000003)(22.166105535247787 106.0)
(0.04 308.0 0.20000000000000004)(23.64555181872609 114.0)
(0.04 308.0 0.21000000000000005)(21.727971999660358 109.0)
(0.04 308.0 0.22000000000000006)(25.448708163691812 107.0)
(0.04 308.0 0.23000000000000007)(22.42547505920445 103.0)
(0.04 308.0 0.24000000000000007)(20.332414304674334 118.0)
(0.04 313.0 0.01)(61.023753483977885 37.0)
(0.04 313.0 0.02)(57.56836054488233 46.0)
(0.04 313.0 0.03)(53.102561006014696 58.0)
(0.04 313.0 0.04)(52.29376166171379 64.0)
(0.04 313.0 0.05)(46.73013663690693 68.0)
(0.04 313.0 0.060000000000000005)(41.20939781288217 69.0)
(0.04 313.0 0.07)(39.58814698710687 71.0)
(0.04 313.0 0.08)(36.652693314643514 78.0)
(0.04 313.0 0.09)(35.71702989969659 81.0)
(0.04 313.0 0.09999999999999999)(35.15342327344148 87.0)
(0.04 313.0 0.10999999999999999)(27.814250917488508 97.0)
(0.04 313.0 0.11999999999999998)(28.392928644132024 97.0)
(0.04 313.0 0.12999999999999998)(25.37150387209333 100.0)
(0.04 313.0 0.13999999999999999)(25.396419526193295 102.0)
(0.04 313.0 0.15)(23.71410949279883 101.0)
(0.04 313.0 0.16)(23.779780045315604 102.0)
(0.04 313.0 0.17)(23.80187017867782 101.0)
(0.04 313.0 0.18000000000000002)(23.972331486967246 106.0)
(0.04 313.0 0.19000000000000003)(22.166105535247787 106.0)
(0.04 313.0 0.20000000000000004)(23.64555181872609 114.0)
(0.04 313.0 0.21000000000000005)(21.727971999660358 109.0)
(0.04 313.0 0.22000000000000006)(25.448708163691812 107.0)
(0.04 313.0 0.23000000000000007)(22.42547505920445 103.0)
(0.04 313.0 0.24000000000000007)(20.332414304674334 118.0)
(0.04 318.0 0.01)(61.023753483977885 37.0)
(0.04 318.0 0.02)(57.56836054488233 46.0)
(0.04 318.0 0.03)(53.102561006014696 58.0)
(0.04 318.0 0.04)(52.29376166171379 64.0)
(0.04 318.0 0.05)(46.73013663690693 68.0)
(0.04 318.0 0.060000000000000005)(41.20939781288217 69.0)
(0.04 318.0 0.07)(39.58814698710687 71.0)
(0.04 318.0 0.08)(36.652693314643514 78.0)
(0.04 318.0 0.09)(35.71702989969659 81.0)
(0.04 318.0 0.09999999999999999)(35.15342327344148 87.0)
(0.04 318.0 0.10999999999999999)(27.814250917488508 97.0)
(0.04 318.0 0.11999999999999998)(28.392928644132024 97.0)
(0.04 318.0 0.12999999999999998)(25.37150387209333 100.0)
(0.04 318.0 0.13999999999999999)(25.396419526193295 102.0)
(0.04 318.0 0.15)(23.71410949279883 101.0)
(0.04 318.0 0.16)(23.779780045315604 102.0)
(0.04 318.0 0.17)(23.80187017867782 101.0)
(0.04 318.0 0.18000000000000002)(23.972331486967246 106.0)
(0.04 318.0 0.19000000000000003)(22.166105535247787 106.0)
(0.04 318.0 0.20000000000000004)(23.64555181872609 114.0)
(0.04 318.0 0.21000000000000005)(21.727971999660358 109.0)
(0.04 318.0 0.22000000000000006)(25.448708163691812 107.0)
(0.04 318.0 0.23000000000000007)(22.42547505920445 103.0)
(0.04 318.0 0.24000000000000007)(20.332414304674334 118.0)
(0.04 323.0 0.01)(61.023753483977885 37.0)
(0.04 323.0 0.02)(57.56836054488233 46.0)
(0.04 323.0 0.03)(53.102561006014696 58.0)
(0.04 323.0 0.04)(52.29376166171379 64.0)
(0.04 323.0 0.05)(46.73013663690693 68.0)
(0.04 323.0 0.060000000000000005)(41.20939781288217 69.0)
(0.04 323.0 0.07)(39.58814698710687 71.0)
(0.04 323.0 0.08)(36.652693314643514 78.0)
(0.04 323.0 0.09)(35.71702989969659 81.0)
(0.04 323.0 0.09999999999999999)(35.15342327344148 87.0)
(0.04 323.0 0.10999999999999999)(27.814250917488508 97.0)
(0.04 323.0 0.11999999999999998)(28.392928644132024 97.0)
(0.04 323.0 0.12999999999999998)(25.37150387209333 100.0)
(0.04 323.0 0.13999999999999999)(25.396419526193295 102.0)
(0.04 323.0 0.15)(23.71410949279883 101.0)
(0.04 323.0 0.16)(23.779780045315604 102.0)
(0.04 323.0 0.17)(23.80187017867782 101.0)
(0.04 323.0 0.18000000000000002)(23.972331486967246 106.0)
(0.04 323.0 0.19000000000000003)(22.166105535247787 106.0)
(0.04 323.0 0.20000000000000004)(23.64555181872609 114.0)
(0.04 323.0 0.21000000000000005)(21.727971999660358 109.0)
(0.04 323.0 0.22000000000000006)(25.448708163691812 107.0)
(0.04 323.0 0.23000000000000007)(22.42547505920445 103.0)
(0.04 323.0 0.24000000000000007)(20.332414304674334 118.0)
(0.04 328.0 0.01)(61.023753483977885 37.0)
(0.04 328.0 0.02)(57.56836054488233 46.0)
(0.04 328.0 0.03)(53.102561006014696 58.0)
(0.04 328.0 0.04)(52.29376166171379 64.0)
(0.04 328.0 0.05)(46.73013663690693 68.0)
(0.04 328.0 0.060000000000000005)(41.20939781288217 69.0)
(0.04 328.0 0.07)(39.58814698710687 71.0)
(0.04 328.0 0.08)(36.652693314643514 78.0)
(0.04 328.0 0.09)(35.71702989969659 81.0)
(0.04 328.0 0.09999999999999999)(35.15342327344148 87.0)
(0.04 328.0 0.10999999999999999)(27.814250917488508 97.0)
(0.04 328.0 0.11999999999999998)(28.392928644132024 97.0)
(0.04 328.0 0.12999999999999998)(25.37150387209333 100.0)
(0.04 328.0 0.13999999999999999)(25.396419526193295 102.0)
(0.04 328.0 0.15)(23.71410949279883 101.0)
(0.04 328.0 0.16)(23.779780045315604 102.0)
(0.04 328.0 0.17)(23.80187017867782 101.0)
(0.04 328.0 0.18000000000000002)(23.972331486967246 106.0)
(0.04 328.0 0.19000000000000003)(22.166105535247787 106.0)
(0.04 328.0 0.20000000000000004)(23.64555181872609 114.0)
(0.04 328.0 0.21000000000000005)(21.727971999660358 109.0)
(0.04 328.0 0.22000000000000006)(25.448708163691812 107.0)
(0.04 328.0 0.23000000000000007)(22.42547505920445 103.0)
(0.04 328.0 0.24000000000000007)(20.332414304674334 118.0)
(0.04 333.0 0.01)(61.023753483977885 37.0)
(0.04 333.0 0.02)(57.56836054488233 46.0)
(0.04 333.0 0.03)(53.102561006014696 58.0)
(0.04 333.0 0.04)(52.29376166171379 64.0)
(0.04 333.0 0.05)(46.73013663690693 68.0)
(0.04 333.0 0.060000000000000005)(41.20939781288217 69.0)
(0.04 333.0 0.07)(39.58814698710687 71.0)
(0.04 333.0 0.08)(36.652693314643514 78.0)
(0.04 333.0 0.09)(35.71702989969659 81.0)
(0.04 333.0 0.09999999999999999)(35.15342327344148 87.0)
(0.04 333.0 0.10999999999999999)(27.814250917488508 97.0)
(0.04 333.0 0.11999999999999998)(28.392928644132024 97.0)
(0.04 333.0 0.12999999999999998)(25.37150387209333 100.0)
(0.04 333.0 0.13999999999999999)(25.396419526193295 102.0)
(0.04 333.0 0.15)(23.71410949279883 101.0)
(0.04 333.0 0.16)(23.779780045315604 102.0)
(0.04 333.0 0.17)(23.80187017867782 101.0)
(0.04 333.0 0.18000000000000002)(23.972331486967246 106.0)
(0.04 333.0 0.19000000000000003)(22.166105535247787 106.0)
(0.04 333.0 0.20000000000000004)(23.64555181872609 114.0)
(0.04 333.0 0.21000000000000005)(21.727971999660358 109.0)
(0.04 333.0 0.22000000000000006)(25.448708163691812 107.0)
(0.04 333.0 0.23000000000000007)(22.42547505920445 103.0)
(0.04 333.0 0.24000000000000007)(20.332414304674334 118.0)
(0.04 338.0 0.01)(61.023753483977885 37.0)
(0.04 338.0 0.02)(57.56836054488233 46.0)
(0.04 338.0 0.03)(53.102561006014696 58.0)
(0.04 338.0 0.04)(52.29376166171379 64.0)
(0.04 338.0 0.05)(46.73013663690693 68.0)
(0.04 338.0 0.060000000000000005)(41.20939781288217 69.0)
(0.04 338.0 0.07)(39.58814698710687 71.0)
(0.04 338.0 0.08)(36.652693314643514 78.0)
(0.04 338.0 0.09)(35.71702989969659 81.0)
(0.04 338.0 0.09999999999999999)(35.15342327344148 87.0)
(0.04 338.0 0.10999999999999999)(27.814250917488508 97.0)
(0.04 338.0 0.11999999999999998)(28.392928644132024 97.0)
(0.04 338.0 0.12999999999999998)(25.37150387209333 100.0)
(0.04 338.0 0.13999999999999999)(25.396419526193295 102.0)
(0.04 338.0 0.15)(23.71410949279883 101.0)
(0.04 338.0 0.16)(23.779780045315604 102.0)
(0.04 338.0 0.17)(23.80187017867782 101.0)
(0.04 338.0 0.18000000000000002)(23.972331486967246 106.0)
(0.04 338.0 0.19000000000000003)(22.166105535247787 106.0)
(0.04 338.0 0.20000000000000004)(23.64555181872609 114.0)
(0.04 338.0 0.21000000000000005)(21.727971999660358 109.0)
(0.04 338.0 0.22000000000000006)(25.448708163691812 107.0)
(0.04 338.0 0.23000000000000007)(22.42547505920445 103.0)
(0.04 338.0 0.24000000000000007)(20.332414304674334 118.0)
(0.04 343.0 0.01)(61.023753483977885 37.0)
(0.04 343.0 0.02)(57.56836054488233 46.0)
(0.04 343.0 0.03)(53.102561006014696 58.0)
(0.04 343.0 0.04)(52.29376166171379 64.0)
(0.04 343.0 0.05)(46.73013663690693 68.0)
(0.04 343.0 0.060000000000000005)(41.20939781288217 69.0)
(0.04 343.0 0.07)(39.58814698710687 71.0)
(0.04 343.0 0.08)(36.652693314643514 78.0)
(0.04 343.0 0.09)(35.71702989969659 81.0)
(0.04 343.0 0.09999999999999999)(35.15342327344148 87.0)
(0.04 343.0 0.10999999999999999)(27.814250917488508 97.0)
(0.04 343.0 0.11999999999999998)(28.392928644132024 97.0)
(0.04 343.0 0.12999999999999998)(25.37150387209333 100.0)
(0.04 343.0 0.13999999999999999)(25.396419526193295 102.0)
(0.04 343.0 0.15)(23.71410949279883 101.0)
(0.04 343.0 0.16)(23.779780045315604 102.0)
(0.04 343.0 0.17)(23.80187017867782 101.0)
(0.04 343.0 0.18000000000000002)(23.972331486967246 106.0)
(0.04 343.0 0.19000000000000003)(22.166105535247787 106.0)
(0.04 343.0 0.20000000000000004)(23.64555181872609 114.0)
(0.04 343.0 0.21000000000000005)(21.727971999660358 109.0)
(0.04 343.0 0.22000000000000006)(25.448708163691812 107.0)
(0.04 343.0 0.23000000000000007)(22.42547505920445 103.0)
(0.04 343.0 0.24000000000000007)(20.332414304674334 118.0)
(0.04 348.0 0.01)(61.023753483977885 37.0)
(0.04 348.0 0.02)(57.56836054488233 46.0)
(0.04 348.0 0.03)(53.102561006014696 58.0)
(0.04 348.0 0.04)(52.29376166171379 64.0)
(0.04 348.0 0.05)(46.73013663690693 68.0)
(0.04 348.0 0.060000000000000005)(41.20939781288217 69.0)
(0.04 348.0 0.07)(39.58814698710687 71.0)
(0.04 348.0 0.08)(36.652693314643514 78.0)
(0.04 348.0 0.09)(35.71702989969659 81.0)
(0.04 348.0 0.09999999999999999)(35.15342327344148 87.0)
(0.04 348.0 0.10999999999999999)(27.814250917488508 97.0)
(0.04 348.0 0.11999999999999998)(28.392928644132024 97.0)
(0.04 348.0 0.12999999999999998)(25.37150387209333 100.0)
(0.04 348.0 0.13999999999999999)(25.396419526193295 102.0)
(0.04 348.0 0.15)(23.71410949279883 101.0)
(0.04 348.0 0.16)(23.779780045315604 102.0)
(0.04 348.0 0.17)(23.80187017867782 101.0)
(0.04 348.0 0.18000000000000002)(23.972331486967246 106.0)
(0.04 348.0 0.19000000000000003)(22.166105535247787 106.0)
(0.04 348.0 0.20000000000000004)(23.64555181872609 114.0)
(0.04 348.0 0.21000000000000005)(21.727971999660358 109.0)
(0.04 348.0 0.22000000000000006)(25.448708163691812 107.0)
(0.04 348.0 0.23000000000000007)(22.42547505920445 103.0)
(0.04 348.0 0.24000000000000007)(20.332414304674334 118.0)
(0.04 353.0 0.01)(61.023753483977885 37.0)
(0.04 353.0 0.02)(57.56836054488233 46.0)
(0.04 353.0 0.03)(53.102561006014696 58.0)
(0.04 353.0 0.04)(52.29376166171379 64.0)
(0.04 353.0 0.05)(46.73013663690693 68.0)
(0.04 353.0 0.060000000000000005)(41.20939781288217 69.0)
(0.04 353.0 0.07)(39.58814698710687 71.0)
(0.04 353.0 0.08)(36.652693314643514 78.0)
(0.04 353.0 0.09)(35.71702989969659 81.0)
(0.04 353.0 0.09999999999999999)(35.15342327344148 87.0)
(0.04 353.0 0.10999999999999999)(27.814250917488508 97.0)
(0.04 353.0 0.11999999999999998)(28.392928644132024 97.0)
(0.04 353.0 0.12999999999999998)(25.37150387209333 100.0)
(0.04 353.0 0.13999999999999999)(25.396419526193295 102.0)
(0.04 353.0 0.15)(23.71410949279883 101.0)
(0.04 353.0 0.16)(23.779780045315604 102.0)
(0.04 353.0 0.17)(23.80187017867782 101.0)
(0.04 353.0 0.18000000000000002)(23.972331486967246 106.0)
(0.04 353.0 0.19000000000000003)(22.166105535247787 106.0)
(0.04 353.0 0.20000000000000004)(23.64555181872609 114.0)
(0.04 353.0 0.21000000000000005)(21.727971999660358 109.0)
(0.04 353.0 0.22000000000000006)(25.448708163691812 107.0)
(0.04 353.0 0.23000000000000007)(22.42547505920445 103.0)
(0.04 353.0 0.24000000000000007)(20.332414304674334 118.0)
(0.04 358.0 0.01)(61.023753483977885 37.0)
(0.04 358.0 0.02)(57.56836054488233 46.0)
(0.04 358.0 0.03)(53.102561006014696 58.0)
(0.04 358.0 0.04)(52.29376166171379 64.0)
(0.04 358.0 0.05)(46.73013663690693 68.0)
(0.04 358.0 0.060000000000000005)(41.20939781288217 69.0)
(0.04 358.0 0.07)(39.58814698710687 71.0)
(0.04 358.0 0.08)(36.652693314643514 78.0)
(0.04 358.0 0.09)(35.71702989969659 81.0)
(0.04 358.0 0.09999999999999999)(35.15342327344148 87.0)
(0.04 358.0 0.10999999999999999)(27.814250917488508 97.0)
(0.04 358.0 0.11999999999999998)(28.392928644132024 97.0)
(0.04 358.0 0.12999999999999998)(25.37150387209333 100.0)
(0.04 358.0 0.13999999999999999)(25.396419526193295 102.0)
(0.04 358.0 0.15)(23.71410949279883 101.0)
(0.04 358.0 0.16)(23.779780045315604 102.0)
(0.04 358.0 0.17)(23.80187017867782 101.0)
(0.04 358.0 0.18000000000000002)(23.972331486967246 106.0)
(0.04 358.0 0.19000000000000003)(22.166105535247787 106.0)
(0.04 358.0 0.20000000000000004)(23.64555181872609 114.0)
(0.04 358.0 0.21000000000000005)(21.727971999660358 109.0)
(0.04 358.0 0.22000000000000006)(25.448708163691812 107.0)
(0.04 358.0 0.23000000000000007)(22.42547505920445 103.0)
(0.04 358.0 0.24000000000000007)(20.332414304674334 118.0)
(0.04 363.0 0.01)(61.023753483977885 37.0)
(0.04 363.0 0.02)(57.56836054488233 46.0)
(0.04 363.0 0.03)(53.102561006014696 58.0)
(0.04 363.0 0.04)(52.29376166171379 64.0)
(0.04 363.0 0.05)(46.73013663690693 68.0)
(0.04 363.0 0.060000000000000005)(41.20939781288217 69.0)
(0.04 363.0 0.07)(39.58814698710687 71.0)
(0.04 363.0 0.08)(36.652693314643514 78.0)
(0.04 363.0 0.09)(35.71702989969659 81.0)
(0.04 363.0 0.09999999999999999)(35.15342327344148 87.0)
(0.04 363.0 0.10999999999999999)(27.814250917488508 97.0)
(0.04 363.0 0.11999999999999998)(28.392928644132024 97.0)
(0.04 363.0 0.12999999999999998)(25.37150387209333 100.0)
(0.04 363.0 0.13999999999999999)(25.396419526193295 102.0)
(0.04 363.0 0.15)(23.71410949279883 101.0)
(0.04 363.0 0.16)(23.779780045315604 102.0)
(0.04 363.0 0.17)(23.80187017867782 101.0)
(0.04 363.0 0.18000000000000002)(23.972331486967246 106.0)
(0.04 363.0 0.19000000000000003)(22.166105535247787 106.0)
(0.04 363.0 0.20000000000000004)(23.64555181872609 114.0)
(0.04 363.0 0.21000000000000005)(21.727971999660358 109.0)
(0.04 363.0 0.22000000000000006)(25.448708163691812 107.0)
(0.04 363.0 0.23000000000000007)(22.42547505920445 103.0)
(0.04 363.0 0.24000000000000007)(20.332414304674334 118.0)
(0.04 368.0 0.01)(61.023753483977885 37.0)
(0.04 368.0 0.02)(57.56836054488233 46.0)
(0.04 368.0 0.03)(53.102561006014696 58.0)
(0.04 368.0 0.04)(52.29376166171379 64.0)
(0.04 368.0 0.05)(46.73013663690693 68.0)
(0.04 368.0 0.060000000000000005)(41.20939781288217 69.0)
(0.04 368.0 0.07)(39.58814698710687 71.0)
(0.04 368.0 0.08)(36.652693314643514 78.0)
(0.04 368.0 0.09)(35.71702989969659 81.0)
(0.04 368.0 0.09999999999999999)(35.15342327344148 87.0)
(0.04 368.0 0.10999999999999999)(27.814250917488508 97.0)
(0.04 368.0 0.11999999999999998)(28.392928644132024 97.0)
(0.04 368.0 0.12999999999999998)(25.37150387209333 100.0)
(0.04 368.0 0.13999999999999999)(25.396419526193295 102.0)
(0.04 368.0 0.15)(23.71410949279883 101.0)
(0.04 368.0 0.16)(23.779780045315604 102.0)
(0.04 368.0 0.17)(23.80187017867782 101.0)
(0.04 368.0 0.18000000000000002)(23.972331486967246 106.0)
(0.04 368.0 0.19000000000000003)(22.166105535247787 106.0)
(0.04 368.0 0.20000000000000004)(23.64555181872609 114.0)
(0.04 368.0 0.21000000000000005)(21.727971999660358 109.0)
(0.04 368.0 0.22000000000000006)(25.448708163691812 107.0)
(0.04 368.0 0.23000000000000007)(22.42547505920445 103.0)
(0.04 368.0 0.24000000000000007)(20.332414304674334 118.0)
(0.04 373.0 0.01)(61.023753483977885 37.0)
(0.04 373.0 0.02)(57.56836054488233 46.0)
(0.04 373.0 0.03)(53.102561006014696 58.0)
(0.04 373.0 0.04)(52.29376166171379 64.0)
(0.04 373.0 0.05)(46.73013663690693 68.0)
(0.04 373.0 0.060000000000000005)(41.20939781288217 69.0)
(0.04 373.0 0.07)(39.58814698710687 71.0)
(0.04 373.0 0.08)(36.652693314643514 78.0)
(0.04 373.0 0.09)(35.71702989969659 81.0)
(0.04 373.0 0.09999999999999999)(35.15342327344148 87.0)
(0.04 373.0 0.10999999999999999)(27.814250917488508 97.0)
(0.04 373.0 0.11999999999999998)(28.392928644132024 97.0)
(0.04 373.0 0.12999999999999998)(25.37150387209333 100.0)
(0.04 373.0 0.13999999999999999)(25.396419526193295 102.0)
(0.04 373.0 0.15)(23.71410949279883 101.0)
(0.04 373.0 0.16)(23.779780045315604 102.0)
(0.04 373.0 0.17)(23.80187017867782 101.0)
(0.04 373.0 0.18000000000000002)(23.972331486967246 106.0)
(0.04 373.0 0.19000000000000003)(22.166105535247787 106.0)
(0.04 373.0 0.20000000000000004)(23.64555181872609 114.0)
(0.04 373.0 0.21000000000000005)(21.727971999660358 109.0)
(0.04 373.0 0.22000000000000006)(25.448708163691812 107.0)
(0.04 373.0 0.23000000000000007)(22.42547505920445 103.0)
(0.04 373.0 0.24000000000000007)(20.332414304674334 118.0)
(0.04 378.0 0.01)(61.023753483977885 37.0)
(0.04 378.0 0.02)(57.56836054488233 46.0)
(0.04 378.0 0.03)(53.102561006014696 58.0)
(0.04 378.0 0.04)(52.29376166171379 64.0)
(0.04 378.0 0.05)(46.73013663690693 68.0)
(0.04 378.0 0.060000000000000005)(41.20939781288217 69.0)
(0.04 378.0 0.07)(39.58814698710687 71.0)
(0.04 378.0 0.08)(36.652693314643514 78.0)
(0.04 378.0 0.09)(35.71702989969659 81.0)
(0.04 378.0 0.09999999999999999)(35.15342327344148 87.0)
(0.04 378.0 0.10999999999999999)(27.814250917488508 97.0)
(0.04 378.0 0.11999999999999998)(28.392928644132024 97.0)
(0.04 378.0 0.12999999999999998)(25.37150387209333 100.0)
(0.04 378.0 0.13999999999999999)(25.396419526193295 102.0)
(0.04 378.0 0.15)(23.71410949279883 101.0)
(0.04 378.0 0.16)(23.779780045315604 102.0)
(0.04 378.0 0.17)(23.80187017867782 101.0)
(0.04 378.0 0.18000000000000002)(23.972331486967246 106.0)
(0.04 378.0 0.19000000000000003)(22.166105535247787 106.0)
(0.04 378.0 0.20000000000000004)(23.64555181872609 114.0)
(0.04 378.0 0.21000000000000005)(21.727971999660358 109.0)
(0.04 378.0 0.22000000000000006)(25.448708163691812 107.0)
(0.04 378.0 0.23000000000000007)(22.42547505920445 103.0)
(0.04 378.0 0.24000000000000007)(20.332414304674334 118.0)
(0.04 383.0 0.01)(61.023753483977885 37.0)
(0.04 383.0 0.02)(57.56836054488233 46.0)
(0.04 383.0 0.03)(53.102561006014696 58.0)
(0.04 383.0 0.04)(52.29376166171379 64.0)
(0.04 383.0 0.05)(46.73013663690693 68.0)
(0.04 383.0 0.060000000000000005)(41.20939781288217 69.0)
(0.04 383.0 0.07)(39.58814698710687 71.0)
(0.04 383.0 0.08)(36.652693314643514 78.0)
(0.04 383.0 0.09)(35.71702989969659 81.0)
(0.04 383.0 0.09999999999999999)(35.15342327344148 87.0)
(0.04 383.0 0.10999999999999999)(27.814250917488508 97.0)
(0.04 383.0 0.11999999999999998)(28.392928644132024 97.0)
(0.04 383.0 0.12999999999999998)(25.37150387209333 100.0)
(0.04 383.0 0.13999999999999999)(25.396419526193295 102.0)
(0.04 383.0 0.15)(23.71410949279883 101.0)
(0.04 383.0 0.16)(23.779780045315604 102.0)
(0.04 383.0 0.17)(23.80187017867782 101.0)
(0.04 383.0 0.18000000000000002)(23.972331486967246 106.0)
(0.04 383.0 0.19000000000000003)(22.166105535247787 106.0)
(0.04 383.0 0.20000000000000004)(23.64555181872609 114.0)
(0.04 383.0 0.21000000000000005)(21.727971999660358 109.0)
(0.04 383.0 0.22000000000000006)(25.448708163691812 107.0)
(0.04 383.0 0.23000000000000007)(22.42547505920445 103.0)
(0.04 383.0 0.24000000000000007)(20.332414304674334 118.0)
(0.04 388.0 0.01)(61.023753483977885 37.0)
(0.04 388.0 0.02)(57.56836054488233 46.0)
(0.04 388.0 0.03)(53.102561006014696 58.0)
(0.04 388.0 0.04)(52.29376166171379 64.0)
(0.04 388.0 0.05)(46.73013663690693 68.0)
(0.04 388.0 0.060000000000000005)(41.20939781288217 69.0)
(0.04 388.0 0.07)(39.58814698710687 71.0)
(0.04 388.0 0.08)(36.652693314643514 78.0)
(0.04 388.0 0.09)(35.71702989969659 81.0)
(0.04 388.0 0.09999999999999999)(35.15342327344148 87.0)
(0.04 388.0 0.10999999999999999)(27.814250917488508 97.0)
(0.04 388.0 0.11999999999999998)(28.392928644132024 97.0)
(0.04 388.0 0.12999999999999998)(25.37150387209333 100.0)
(0.04 388.0 0.13999999999999999)(25.396419526193295 102.0)
(0.04 388.0 0.15)(23.71410949279883 101.0)
(0.04 388.0 0.16)(23.779780045315604 102.0)
(0.04 388.0 0.17)(23.80187017867782 101.0)
(0.04 388.0 0.18000000000000002)(23.972331486967246 106.0)
(0.04 388.0 0.19000000000000003)(22.166105535247787 106.0)
(0.04 388.0 0.20000000000000004)(23.64555181872609 114.0)
(0.04 388.0 0.21000000000000005)(21.727971999660358 109.0)
(0.04 388.0 0.22000000000000006)(25.448708163691812 107.0)
(0.04 388.0 0.23000000000000007)(22.42547505920445 103.0)
(0.04 388.0 0.24000000000000007)(20.332414304674334 118.0)
(0.04 393.0 0.01)(61.023753483977885 37.0)
(0.04 393.0 0.02)(57.56836054488233 46.0)
(0.04 393.0 0.03)(53.102561006014696 58.0)
(0.04 393.0 0.04)(52.29376166171379 64.0)
(0.04 393.0 0.05)(46.73013663690693 68.0)
(0.04 393.0 0.060000000000000005)(41.20939781288217 69.0)
(0.04 393.0 0.07)(39.58814698710687 71.0)
(0.04 393.0 0.08)(36.652693314643514 78.0)
(0.04 393.0 0.09)(35.71702989969659 81.0)
(0.04 393.0 0.09999999999999999)(35.15342327344148 87.0)
(0.04 393.0 0.10999999999999999)(27.814250917488508 97.0)
(0.04 393.0 0.11999999999999998)(28.392928644132024 97.0)
(0.04 393.0 0.12999999999999998)(25.37150387209333 100.0)
(0.04 393.0 0.13999999999999999)(25.396419526193295 102.0)
(0.04 393.0 0.15)(23.71410949279883 101.0)
(0.04 393.0 0.16)(23.779780045315604 102.0)
(0.04 393.0 0.17)(23.80187017867782 101.0)
(0.04 393.0 0.18000000000000002)(23.972331486967246 106.0)
(0.04 393.0 0.19000000000000003)(22.166105535247787 106.0)
(0.04 393.0 0.20000000000000004)(23.64555181872609 114.0)
(0.04 393.0 0.21000000000000005)(21.727971999660358 109.0)
(0.04 393.0 0.22000000000000006)(25.448708163691812 107.0)
(0.04 393.0 0.23000000000000007)(22.42547505920445 103.0)
(0.04 393.0 0.24000000000000007)(20.332414304674334 118.0)
(0.04 398.0 0.01)(61.023753483977885 37.0)
(0.04 398.0 0.02)(57.56836054488233 46.0)
(0.04 398.0 0.03)(53.102561006014696 58.0)
(0.04 398.0 0.04)(52.29376166171379 64.0)
(0.04 398.0 0.05)(46.73013663690693 68.0)
(0.04 398.0 0.060000000000000005)(41.20939781288217 69.0)
(0.04 398.0 0.07)(39.58814698710687 71.0)
(0.04 398.0 0.08)(36.652693314643514 78.0)
(0.04 398.0 0.09)(35.71702989969659 81.0)
(0.04 398.0 0.09999999999999999)(35.15342327344148 87.0)
(0.04 398.0 0.10999999999999999)(27.814250917488508 97.0)
(0.04 398.0 0.11999999999999998)(28.392928644132024 97.0)
(0.04 398.0 0.12999999999999998)(25.37150387209333 100.0)
(0.04 398.0 0.13999999999999999)(25.396419526193295 102.0)
(0.04 398.0 0.15)(23.71410949279883 101.0)
(0.04 398.0 0.16)(23.779780045315604 102.0)
(0.04 398.0 0.17)(23.80187017867782 101.0)
(0.04 398.0 0.18000000000000002)(23.972331486967246 106.0)
(0.04 398.0 0.19000000000000003)(22.166105535247787 106.0)
(0.04 398.0 0.20000000000000004)(23.64555181872609 114.0)
(0.04 398.0 0.21000000000000005)(21.727971999660358 109.0)
(0.04 398.0 0.22000000000000006)(25.448708163691812 107.0)
(0.04 398.0 0.23000000000000007)(22.42547505920445 103.0)
(0.04 398.0 0.24000000000000007)(20.332414304674334 118.0)
(0.05 3.0 0.01)(60.9252407807135 40.0)
(0.05 3.0 0.02)(59.75267077539879 52.0)
(0.05 3.0 0.03)(53.456042977745014 65.0)
(0.05 3.0 0.04)(40.0122778184445 77.0)
(0.05 3.0 0.05)(36.74108728293043 80.0)
(0.05 3.0 0.060000000000000005)(37.66109486143483 76.0)
(0.05 3.0 0.07)(37.88584935350124 76.0)
(0.05 3.0 0.08)(35.27764718949086 84.0)
(0.05 3.0 0.09)(36.35967531256916 84.0)
(0.05 3.0 0.09999999999999999)(31.188577209105485 97.0)
(0.05 3.0 0.10999999999999999)(24.491467367060945 106.0)
(0.05 3.0 0.11999999999999998)(21.652123179121336 111.0)
(0.05 3.0 0.12999999999999998)(21.790661184753738 112.0)
(0.05 3.0 0.13999999999999999)(20.158886388125914 120.0)
(0.05 3.0 0.15)(20.28919819664166 116.0)
(0.05 3.0 0.16)(19.656281404079838 120.0)
(0.05 3.0 0.17)(17.974699674478554 125.0)
(0.05 3.0 0.18000000000000002)(18.84410123527363 125.0)
(0.05 3.0 0.19000000000000003)(18.584326101794694 128.0)
(0.05 3.0 0.20000000000000004)(16.7362538019634 139.0)
(0.05 3.0 0.21000000000000005)(16.74256582388297 137.0)
(0.05 3.0 0.22000000000000006)(21.641357745113197 130.0)
(0.05 3.0 0.23000000000000007)(18.070384431756487 132.0)
(0.05 3.0 0.24000000000000007)(18.41271136358354 133.0)
(0.05 8.0 0.01)(61.023753483977885 38.0)
(0.05 8.0 0.02)(60.16733822722972 48.0)
(0.05 8.0 0.03)(51.64264722089725 63.0)
(0.05 8.0 0.04)(41.886831035381874 73.0)
(0.05 8.0 0.05)(37.505860786696175 78.0)
(0.05 8.0 0.060000000000000005)(37.64515899334627 75.0)
(0.05 8.0 0.07)(37.64515899334627 75.0)
(0.05 8.0 0.08)(36.542932588332725 81.0)
(0.05 8.0 0.09)(33.58688829251462 86.0)
(0.05 8.0 0.09999999999999999)(32.687245871792044 94.0)
(0.05 8.0 0.10999999999999999)(26.81262675070303 102.0)
(0.05 8.0 0.11999999999999998)(22.775432032894084 103.0)
(0.05 8.0 0.12999999999999998)(21.649717492327888 109.0)
(0.05 8.0 0.13999999999999999)(21.483813095346658 108.0)
(0.05 8.0 0.15)(22.94529718543604 108.0)
(0.05 8.0 0.16)(21.50044310224598 115.0)
(0.05 8.0 0.17)(22.1600945642423 114.0)
(0.05 8.0 0.18000000000000002)(20.167303973977354 117.0)
(0.05 8.0 0.19000000000000003)(19.97396585580468 122.0)
(0.05 8.0 0.20000000000000004)(20.051496052036587 126.0)
(0.05 8.0 0.21000000000000005)(20.07253865376793 126.0)
(0.05 8.0 0.22000000000000006)(19.371059146366477 128.0)
(0.05 8.0 0.23000000000000007)(19.744196450225314 129.0)
(0.05 8.0 0.24000000000000007)(19.39474818150259 127.0)
(0.05 13.0 0.01)(61.023753483977885 38.0)
(0.05 13.0 0.02)(54.98251271766119 51.0)
(0.05 13.0 0.03)(53.685613490225734 59.0)
(0.05 13.0 0.04)(52.61899774230742 66.0)
(0.05 13.0 0.05)(37.64515899334627 75.0)
(0.05 13.0 0.060000000000000005)(37.64515899334627 75.0)
(0.05 13.0 0.07)(37.64515899334627 75.0)
(0.05 13.0 0.08)(36.542932588332725 81.0)
(0.05 13.0 0.09)(33.58688829251462 86.0)
(0.05 13.0 0.09999999999999999)(31.80256793294102 94.0)
(0.05 13.0 0.10999999999999999)(28.56871055359285 97.0)
(0.05 13.0 0.11999999999999998)(26.909113094785162 102.0)
(0.05 13.0 0.12999999999999998)(24.788448147729504 101.0)
(0.05 13.0 0.13999999999999999)(24.39727583471183 104.0)
(0.05 13.0 0.15)(22.104569876127577 104.0)
(0.05 13.0 0.16)(21.92509943078941 105.0)
(0.05 13.0 0.17)(21.784687157554607 108.0)
(0.05 13.0 0.18000000000000002)(20.44499728798685 115.0)
(0.05 13.0 0.19000000000000003)(19.04312032892029 119.0)
(0.05 13.0 0.20000000000000004)(19.03769415509463 124.0)
(0.05 13.0 0.21000000000000005)(19.649310383106727 123.0)
(0.05 13.0 0.22000000000000006)(20.15723732576362 123.0)
(0.05 13.0 0.23000000000000007)(19.53066483826293 124.0)
(0.05 13.0 0.24000000000000007)(18.482930468850018 127.0)
(0.05 18.0 0.01)(61.023753483977885 37.0)
(0.05 18.0 0.02)(55.30848505584514 49.0)
(0.05 18.0 0.03)(52.66313380477081 59.0)
(0.05 18.0 0.04)(51.163300431292924 66.0)
(0.05 18.0 0.05)(37.71054263897229 74.0)
(0.05 18.0 0.060000000000000005)(37.64515899334627 75.0)
(0.05 18.0 0.07)(37.64515899334627 75.0)
(0.05 18.0 0.08)(36.542932588332725 81.0)
(0.05 18.0 0.09)(33.58688829251462 86.0)
(0.05 18.0 0.09999999999999999)(32.093699915782956 92.0)
(0.05 18.0 0.10999999999999999)(25.12897630911263 102.0)
(0.05 18.0 0.11999999999999998)(23.803515601394093 104.0)
(0.05 18.0 0.12999999999999998)(24.055658998748946 102.0)
(0.05 18.0 0.13999999999999999)(23.211082928239666 106.0)
(0.05 18.0 0.15)(24.336342274513076 100.0)
(0.05 18.0 0.16)(21.234606788608573 107.0)
(0.05 18.0 0.17)(21.846954422193924 108.0)
(0.05 18.0 0.18000000000000002)(21.544611304981448 113.0)
(0.05 18.0 0.19000000000000003)(19.908096733535018 114.0)
(0.05 18.0 0.20000000000000004)(19.80339702738544 120.0)
(0.05 18.0 0.21000000000000005)(20.145308672664015 121.0)
(0.05 18.0 0.22000000000000006)(21.123505203328072 114.0)
(0.05 18.0 0.23000000000000007)(19.82545716091954 118.0)
(0.05 18.0 0.24000000000000007)(19.58127152105936 123.0)
(0.05 23.0 0.01)(61.023753483977885 37.0)
(0.05 23.0 0.02)(55.30848505584514 49.0)
(0.05 23.0 0.03)(53.102561006014696 58.0)
(0.05 23.0 0.04)(51.163300431292924 66.0)
(0.05 23.0 0.05)(37.973810694973324 73.0)
(0.05 23.0 0.060000000000000005)(37.64515899334627 75.0)
(0.05 23.0 0.07)(37.64515899334627 75.0)
(0.05 23.0 0.08)(36.542932588332725 81.0)
(0.05 23.0 0.09)(33.58688829251462 86.0)
(0.05 23.0 0.09999999999999999)(32.093699915782956 92.0)
(0.05 23.0 0.10999999999999999)(25.12897630911263 102.0)
(0.05 23.0 0.11999999999999998)(23.803515601394093 104.0)
(0.05 23.0 0.12999999999999998)(24.055658998748946 102.0)
(0.05 23.0 0.13999999999999999)(25.169006020270455 103.0)
(0.05 23.0 0.15)(26.716497616858206 103.0)
(0.05 23.0 0.16)(21.07142155848544 110.0)
(0.05 23.0 0.17)(25.26406358657184 108.0)
(0.05 23.0 0.18000000000000002)(21.544611304981448 113.0)
(0.05 23.0 0.19000000000000003)(19.908096733535018 114.0)
(0.05 23.0 0.20000000000000004)(19.63335545139373 120.0)
(0.05 23.0 0.21000000000000005)(22.068005867910614 114.0)
(0.05 23.0 0.22000000000000006)(21.50043301538703 112.0)
(0.05 23.0 0.23000000000000007)(21.146390293972654 116.0)
(0.05 23.0 0.24000000000000007)(19.58127152105936 123.0)
(0.05 28.0 0.01)(61.023753483977885 37.0)
(0.05 28.0 0.02)(56.91927348502913 47.0)
(0.05 28.0 0.03)(53.102561006014696 58.0)
(0.05 28.0 0.04)(51.602548397474536 65.0)
(0.05 28.0 0.05)(45.787770020668724 69.0)
(0.05 28.0 0.060000000000000005)(39.85495936142076 70.0)
(0.05 28.0 0.07)(39.58814698710687 71.0)
(0.05 28.0 0.08)(36.39117354205674 79.0)
(0.05 28.0 0.09)(35.28700903034282 82.0)
(0.05 28.0 0.09999999999999999)(33.65417020559742 88.0)
(0.05 28.0 0.10999999999999999)(26.099923076111196 101.0)
(0.05 28.0 0.11999999999999998)(23.803515601394093 104.0)
(0.05 28.0 0.12999999999999998)(24.26518215247924 101.0)
(0.05 28.0 0.13999999999999999)(25.169006020270455 103.0)
(0.05 28.0 0.15)(26.716497616858206 103.0)
(0.05 28.0 0.16)(21.07142155848544 110.0)
(0.05 28.0 0.17)(25.26406358657184 108.0)
(0.05 28.0 0.18000000000000002)(25.05726776105539 107.0)
(0.05 28.0 0.19000000000000003)(21.43344712302241 110.0)
(0.05 28.0 0.20000000000000004)(19.378271205389563 121.0)
(0.05 28.0 0.21000000000000005)(21.888936067246313 106.0)
(0.05 28.0 0.22000000000000006)(21.090471146949913 115.0)
(0.05 28.0 0.23000000000000007)(21.438186895093096 110.0)
(0.05 28.0 0.24000000000000007)(19.73202943883382 122.0)
(0.05 33.0 0.01)(61.023753483977885 37.0)
(0.05 33.0 0.02)(56.91927348502913 47.0)
(0.05 33.0 0.03)(53.102561006014696 58.0)
(0.05 33.0 0.04)(51.602548397474536 65.0)
(0.05 33.0 0.05)(45.787770020668724 69.0)
(0.05 33.0 0.060000000000000005)(39.85495936142076 70.0)
(0.05 33.0 0.07)(39.58814698710687 71.0)
(0.05 33.0 0.08)(38.532837904022614 77.0)
(0.05 33.0 0.09)(35.71702989969659 81.0)
(0.05 33.0 0.09999999999999999)(35.00160322505218 85.0)
(0.05 33.0 0.10999999999999999)(29.35502806069522 96.0)
(0.05 33.0 0.11999999999999998)(25.71131517511647 97.0)
(0.05 33.0 0.12999999999999998)(26.321096718904137 99.0)
(0.05 33.0 0.13999999999999999)(25.605789444432357 101.0)
(0.05 33.0 0.15)(23.08129414449708 104.0)
(0.05 33.0 0.16)(20.87436461109947 111.0)
(0.05 33.0 0.17)(22.290930429059735 112.0)
(0.05 33.0 0.18000000000000002)(22.689281364376537 109.0)
(0.05 33.0 0.19000000000000003)(20.386663621385445 113.0)
(0.05 33.0 0.20000000000000004)(19.426119736404598 121.0)
(0.05 33.0 0.21000000000000005)(21.689043782124656 107.0)
(0.05 33.0 0.22000000000000006)(20.762303909874973 113.0)
(0.05 33.0 0.23000000000000007)(20.48786061716407 113.0)
(0.05 33.0 0.24000000000000007)(23.10316123032294 119.0)
(0.05 38.0 0.01)(61.023753483977885 37.0)
(0.05 38.0 0.02)(56.91927348502913 47.0)
(0.05 38.0 0.03)(53.102561006014696 58.0)
(0.05 38.0 0.04)(52.29376166171379 64.0)
(0.05 38.0 0.05)(46.73013663690693 68.0)
(0.05 38.0 0.060000000000000005)(41.20939781288217 69.0)
(0.05 38.0 0.07)(39.58814698710687 71.0)
(0.05 38.0 0.08)(36.652693314643514 78.0)
(0.05 38.0 0.09)(35.71702989969659 81.0)
(0.05 38.0 0.09999999999999999)(35.00160322505218 85.0)
(0.05 38.0 0.10999999999999999)(29.35502806069522 96.0)
(0.05 38.0 0.11999999999999998)(25.71131517511647 97.0)
(0.05 38.0 0.12999999999999998)(26.321096718904137 99.0)
(0.05 38.0 0.13999999999999999)(25.396419526193295 102.0)
(0.05 38.0 0.15)(24.226943155906124 100.0)
(0.05 38.0 0.16)(23.638156380565615 102.0)
(0.05 38.0 0.17)(22.787103834360646 108.0)
(0.05 38.0 0.18000000000000002)(22.77423942560942 107.0)
(0.05 38.0 0.19000000000000003)(20.024881386142166 114.0)
(0.05 38.0 0.20000000000000004)(20.434571076850077 117.0)
(0.05 38.0 0.21000000000000005)(21.689043782124656 107.0)
(0.05 38.0 0.22000000000000006)(20.762303909874973 113.0)
(0.05 38.0 0.23000000000000007)(20.48786061716407 113.0)
(0.05 38.0 0.24000000000000007)(23.10316123032294 119.0)
(0.05 43.0 0.01)(61.023753483977885 37.0)
(0.05 43.0 0.02)(56.91927348502913 47.0)
(0.05 43.0 0.03)(53.102561006014696 58.0)
(0.05 43.0 0.04)(52.29376166171379 64.0)
(0.05 43.0 0.05)(46.73013663690693 68.0)
(0.05 43.0 0.060000000000000005)(41.20939781288217 69.0)
(0.05 43.0 0.07)(39.58814698710687 71.0)
(0.05 43.0 0.08)(36.652693314643514 78.0)
(0.05 43.0 0.09)(35.71702989969659 81.0)
(0.05 43.0 0.09999999999999999)(35.15342327344148 87.0)
(0.05 43.0 0.10999999999999999)(27.814250917488508 97.0)
(0.05 43.0 0.11999999999999998)(28.392928644132024 97.0)
(0.05 43.0 0.12999999999999998)(25.37150387209333 100.0)
(0.05 43.0 0.13999999999999999)(25.396419526193295 102.0)
(0.05 43.0 0.15)(23.71410949279883 101.0)
(0.05 43.0 0.16)(23.638156380565615 102.0)
(0.05 43.0 0.17)(23.33698367688521 107.0)
(0.05 43.0 0.18000000000000002)(23.469896074351105 103.0)
(0.05 43.0 0.19000000000000003)(21.55023177562956 110.0)
(0.05 43.0 0.20000000000000004)(23.64555181872609 114.0)
(0.05 43.0 0.21000000000000005)(23.11706141930916 105.0)
(0.05 43.0 0.22000000000000006)(21.93108669650086 105.0)
(0.05 43.0 0.23000000000000007)(20.99829803693949 108.0)
(0.05 43.0 0.24000000000000007)(20.332414304674334 118.0)
(0.05 48.0 0.01)(61.023753483977885 37.0)
(0.05 48.0 0.02)(56.91927348502913 47.0)
(0.05 48.0 0.03)(53.102561006014696 58.0)
(0.05 48.0 0.04)(52.29376166171379 64.0)
(0.05 48.0 0.05)(46.73013663690693 68.0)
(0.05 48.0 0.060000000000000005)(41.20939781288217 69.0)
(0.05 48.0 0.07)(39.58814698710687 71.0)
(0.05 48.0 0.08)(36.652693314643514 78.0)
(0.05 48.0 0.09)(35.71702989969659 81.0)
(0.05 48.0 0.09999999999999999)(35.15342327344148 87.0)
(0.05 48.0 0.10999999999999999)(27.814250917488508 97.0)
(0.05 48.0 0.11999999999999998)(28.392928644132024 97.0)
(0.05 48.0 0.12999999999999998)(25.37150387209333 100.0)
(0.05 48.0 0.13999999999999999)(25.396419526193295 102.0)
(0.05 48.0 0.15)(23.71410949279883 101.0)
(0.05 48.0 0.16)(23.779780045315604 102.0)
(0.05 48.0 0.17)(23.80187017867782 101.0)
(0.05 48.0 0.18000000000000002)(23.972331486967246 106.0)
(0.05 48.0 0.19000000000000003)(21.55023177562956 110.0)
(0.05 48.0 0.20000000000000004)(23.64555181872609 114.0)
(0.05 48.0 0.21000000000000005)(23.11706141930916 105.0)
(0.05 48.0 0.22000000000000006)(22.10027640970014 109.0)
(0.05 48.0 0.23000000000000007)(22.105575709756803 104.0)
(0.05 48.0 0.24000000000000007)(20.332414304674334 118.0)
(0.05 53.0 0.01)(61.023753483977885 37.0)
(0.05 53.0 0.02)(57.56836054488233 46.0)
(0.05 53.0 0.03)(53.102561006014696 58.0)
(0.05 53.0 0.04)(52.29376166171379 64.0)
(0.05 53.0 0.05)(46.73013663690693 68.0)
(0.05 53.0 0.060000000000000005)(41.20939781288217 69.0)
(0.05 53.0 0.07)(39.58814698710687 71.0)
(0.05 53.0 0.08)(36.652693314643514 78.0)
(0.05 53.0 0.09)(35.71702989969659 81.0)
(0.05 53.0 0.09999999999999999)(35.15342327344148 87.0)
(0.05 53.0 0.10999999999999999)(27.814250917488508 97.0)
(0.05 53.0 0.11999999999999998)(28.392928644132024 97.0)
(0.05 53.0 0.12999999999999998)(25.37150387209333 100.0)
(0.05 53.0 0.13999999999999999)(25.396419526193295 102.0)
(0.05 53.0 0.15)(23.71410949279883 101.0)
(0.05 53.0 0.16)(23.779780045315604 102.0)
(0.05 53.0 0.17)(23.80187017867782 101.0)
(0.05 53.0 0.18000000000000002)(23.972331486967246 106.0)
(0.05 53.0 0.19000000000000003)(22.166105535247787 106.0)
(0.05 53.0 0.20000000000000004)(23.64555181872609 114.0)
(0.05 53.0 0.21000000000000005)(21.727971999660358 109.0)
(0.05 53.0 0.22000000000000006)(22.10027640970014 109.0)
(0.05 53.0 0.23000000000000007)(22.105575709756803 104.0)
(0.05 53.0 0.24000000000000007)(20.332414304674334 118.0)
(0.05 58.0 0.01)(61.023753483977885 37.0)
(0.05 58.0 0.02)(57.56836054488233 46.0)
(0.05 58.0 0.03)(53.102561006014696 58.0)
(0.05 58.0 0.04)(52.29376166171379 64.0)
(0.05 58.0 0.05)(46.73013663690693 68.0)
(0.05 58.0 0.060000000000000005)(41.20939781288217 69.0)
(0.05 58.0 0.07)(39.58814698710687 71.0)
(0.05 58.0 0.08)(36.652693314643514 78.0)
(0.05 58.0 0.09)(35.71702989969659 81.0)
(0.05 58.0 0.09999999999999999)(35.15342327344148 87.0)
(0.05 58.0 0.10999999999999999)(27.814250917488508 97.0)
(0.05 58.0 0.11999999999999998)(28.392928644132024 97.0)
(0.05 58.0 0.12999999999999998)(25.37150387209333 100.0)
(0.05 58.0 0.13999999999999999)(25.396419526193295 102.0)
(0.05 58.0 0.15)(23.71410949279883 101.0)
(0.05 58.0 0.16)(23.779780045315604 102.0)
(0.05 58.0 0.17)(23.80187017867782 101.0)
(0.05 58.0 0.18000000000000002)(23.972331486967246 106.0)
(0.05 58.0 0.19000000000000003)(22.166105535247787 106.0)
(0.05 58.0 0.20000000000000004)(23.64555181872609 114.0)
(0.05 58.0 0.21000000000000005)(21.727971999660358 109.0)
(0.05 58.0 0.22000000000000006)(25.448708163691812 107.0)
(0.05 58.0 0.23000000000000007)(22.42547505920445 103.0)
(0.05 58.0 0.24000000000000007)(20.332414304674334 118.0)
(0.05 63.0 0.01)(61.023753483977885 37.0)
(0.05 63.0 0.02)(57.56836054488233 46.0)
(0.05 63.0 0.03)(53.102561006014696 58.0)
(0.05 63.0 0.04)(52.29376166171379 64.0)
(0.05 63.0 0.05)(46.73013663690693 68.0)
(0.05 63.0 0.060000000000000005)(41.20939781288217 69.0)
(0.05 63.0 0.07)(39.58814698710687 71.0)
(0.05 63.0 0.08)(36.652693314643514 78.0)
(0.05 63.0 0.09)(35.71702989969659 81.0)
(0.05 63.0 0.09999999999999999)(35.15342327344148 87.0)
(0.05 63.0 0.10999999999999999)(27.814250917488508 97.0)
(0.05 63.0 0.11999999999999998)(28.392928644132024 97.0)
(0.05 63.0 0.12999999999999998)(25.37150387209333 100.0)
(0.05 63.0 0.13999999999999999)(25.396419526193295 102.0)
(0.05 63.0 0.15)(23.71410949279883 101.0)
(0.05 63.0 0.16)(23.779780045315604 102.0)
(0.05 63.0 0.17)(23.80187017867782 101.0)
(0.05 63.0 0.18000000000000002)(23.972331486967246 106.0)
(0.05 63.0 0.19000000000000003)(22.166105535247787 106.0)
(0.05 63.0 0.20000000000000004)(23.64555181872609 114.0)
(0.05 63.0 0.21000000000000005)(21.727971999660358 109.0)
(0.05 63.0 0.22000000000000006)(25.448708163691812 107.0)
(0.05 63.0 0.23000000000000007)(22.42547505920445 103.0)
(0.05 63.0 0.24000000000000007)(20.332414304674334 118.0)
(0.05 68.0 0.01)(61.023753483977885 37.0)
(0.05 68.0 0.02)(57.56836054488233 46.0)
(0.05 68.0 0.03)(53.102561006014696 58.0)
(0.05 68.0 0.04)(52.29376166171379 64.0)
(0.05 68.0 0.05)(46.73013663690693 68.0)
(0.05 68.0 0.060000000000000005)(41.20939781288217 69.0)
(0.05 68.0 0.07)(39.58814698710687 71.0)
(0.05 68.0 0.08)(36.652693314643514 78.0)
(0.05 68.0 0.09)(35.71702989969659 81.0)
(0.05 68.0 0.09999999999999999)(35.15342327344148 87.0)
(0.05 68.0 0.10999999999999999)(27.814250917488508 97.0)
(0.05 68.0 0.11999999999999998)(28.392928644132024 97.0)
(0.05 68.0 0.12999999999999998)(25.37150387209333 100.0)
(0.05 68.0 0.13999999999999999)(25.396419526193295 102.0)
(0.05 68.0 0.15)(23.71410949279883 101.0)
(0.05 68.0 0.16)(23.779780045315604 102.0)
(0.05 68.0 0.17)(23.80187017867782 101.0)
(0.05 68.0 0.18000000000000002)(23.972331486967246 106.0)
(0.05 68.0 0.19000000000000003)(22.166105535247787 106.0)
(0.05 68.0 0.20000000000000004)(23.64555181872609 114.0)
(0.05 68.0 0.21000000000000005)(21.727971999660358 109.0)
(0.05 68.0 0.22000000000000006)(25.448708163691812 107.0)
(0.05 68.0 0.23000000000000007)(22.42547505920445 103.0)
(0.05 68.0 0.24000000000000007)(20.332414304674334 118.0)
(0.05 73.0 0.01)(61.023753483977885 37.0)
(0.05 73.0 0.02)(57.56836054488233 46.0)
(0.05 73.0 0.03)(53.102561006014696 58.0)
(0.05 73.0 0.04)(52.29376166171379 64.0)
(0.05 73.0 0.05)(46.73013663690693 68.0)
(0.05 73.0 0.060000000000000005)(41.20939781288217 69.0)
(0.05 73.0 0.07)(39.58814698710687 71.0)
(0.05 73.0 0.08)(36.652693314643514 78.0)
(0.05 73.0 0.09)(35.71702989969659 81.0)
(0.05 73.0 0.09999999999999999)(35.15342327344148 87.0)
(0.05 73.0 0.10999999999999999)(27.814250917488508 97.0)
(0.05 73.0 0.11999999999999998)(28.392928644132024 97.0)
(0.05 73.0 0.12999999999999998)(25.37150387209333 100.0)
(0.05 73.0 0.13999999999999999)(25.396419526193295 102.0)
(0.05 73.0 0.15)(23.71410949279883 101.0)
(0.05 73.0 0.16)(23.779780045315604 102.0)
(0.05 73.0 0.17)(23.80187017867782 101.0)
(0.05 73.0 0.18000000000000002)(23.972331486967246 106.0)
(0.05 73.0 0.19000000000000003)(22.166105535247787 106.0)
(0.05 73.0 0.20000000000000004)(23.64555181872609 114.0)
(0.05 73.0 0.21000000000000005)(21.727971999660358 109.0)
(0.05 73.0 0.22000000000000006)(25.448708163691812 107.0)
(0.05 73.0 0.23000000000000007)(22.42547505920445 103.0)
(0.05 73.0 0.24000000000000007)(20.332414304674334 118.0)
(0.05 78.0 0.01)(61.023753483977885 37.0)
(0.05 78.0 0.02)(57.56836054488233 46.0)
(0.05 78.0 0.03)(53.102561006014696 58.0)
(0.05 78.0 0.04)(52.29376166171379 64.0)
(0.05 78.0 0.05)(46.73013663690693 68.0)
(0.05 78.0 0.060000000000000005)(41.20939781288217 69.0)
(0.05 78.0 0.07)(39.58814698710687 71.0)
(0.05 78.0 0.08)(36.652693314643514 78.0)
(0.05 78.0 0.09)(35.71702989969659 81.0)
(0.05 78.0 0.09999999999999999)(35.15342327344148 87.0)
(0.05 78.0 0.10999999999999999)(27.814250917488508 97.0)
(0.05 78.0 0.11999999999999998)(28.392928644132024 97.0)
(0.05 78.0 0.12999999999999998)(25.37150387209333 100.0)
(0.05 78.0 0.13999999999999999)(25.396419526193295 102.0)
(0.05 78.0 0.15)(23.71410949279883 101.0)
(0.05 78.0 0.16)(23.779780045315604 102.0)
(0.05 78.0 0.17)(23.80187017867782 101.0)
(0.05 78.0 0.18000000000000002)(23.972331486967246 106.0)
(0.05 78.0 0.19000000000000003)(22.166105535247787 106.0)
(0.05 78.0 0.20000000000000004)(23.64555181872609 114.0)
(0.05 78.0 0.21000000000000005)(21.727971999660358 109.0)
(0.05 78.0 0.22000000000000006)(25.448708163691812 107.0)
(0.05 78.0 0.23000000000000007)(22.42547505920445 103.0)
(0.05 78.0 0.24000000000000007)(20.332414304674334 118.0)
(0.05 83.0 0.01)(61.023753483977885 37.0)
(0.05 83.0 0.02)(57.56836054488233 46.0)
(0.05 83.0 0.03)(53.102561006014696 58.0)
(0.05 83.0 0.04)(52.29376166171379 64.0)
(0.05 83.0 0.05)(46.73013663690693 68.0)
(0.05 83.0 0.060000000000000005)(41.20939781288217 69.0)
(0.05 83.0 0.07)(39.58814698710687 71.0)
(0.05 83.0 0.08)(36.652693314643514 78.0)
(0.05 83.0 0.09)(35.71702989969659 81.0)
(0.05 83.0 0.09999999999999999)(35.15342327344148 87.0)
(0.05 83.0 0.10999999999999999)(27.814250917488508 97.0)
(0.05 83.0 0.11999999999999998)(28.392928644132024 97.0)
(0.05 83.0 0.12999999999999998)(25.37150387209333 100.0)
(0.05 83.0 0.13999999999999999)(25.396419526193295 102.0)
(0.05 83.0 0.15)(23.71410949279883 101.0)
(0.05 83.0 0.16)(23.779780045315604 102.0)
(0.05 83.0 0.17)(23.80187017867782 101.0)
(0.05 83.0 0.18000000000000002)(23.972331486967246 106.0)
(0.05 83.0 0.19000000000000003)(22.166105535247787 106.0)
(0.05 83.0 0.20000000000000004)(23.64555181872609 114.0)
(0.05 83.0 0.21000000000000005)(21.727971999660358 109.0)
(0.05 83.0 0.22000000000000006)(25.448708163691812 107.0)
(0.05 83.0 0.23000000000000007)(22.42547505920445 103.0)
(0.05 83.0 0.24000000000000007)(20.332414304674334 118.0)
(0.05 88.0 0.01)(61.023753483977885 37.0)
(0.05 88.0 0.02)(57.56836054488233 46.0)
(0.05 88.0 0.03)(53.102561006014696 58.0)
(0.05 88.0 0.04)(52.29376166171379 64.0)
(0.05 88.0 0.05)(46.73013663690693 68.0)
(0.05 88.0 0.060000000000000005)(41.20939781288217 69.0)
(0.05 88.0 0.07)(39.58814698710687 71.0)
(0.05 88.0 0.08)(36.652693314643514 78.0)
(0.05 88.0 0.09)(35.71702989969659 81.0)
(0.05 88.0 0.09999999999999999)(35.15342327344148 87.0)
(0.05 88.0 0.10999999999999999)(27.814250917488508 97.0)
(0.05 88.0 0.11999999999999998)(28.392928644132024 97.0)
(0.05 88.0 0.12999999999999998)(25.37150387209333 100.0)
(0.05 88.0 0.13999999999999999)(25.396419526193295 102.0)
(0.05 88.0 0.15)(23.71410949279883 101.0)
(0.05 88.0 0.16)(23.779780045315604 102.0)
(0.05 88.0 0.17)(23.80187017867782 101.0)
(0.05 88.0 0.18000000000000002)(23.972331486967246 106.0)
(0.05 88.0 0.19000000000000003)(22.166105535247787 106.0)
(0.05 88.0 0.20000000000000004)(23.64555181872609 114.0)
(0.05 88.0 0.21000000000000005)(21.727971999660358 109.0)
(0.05 88.0 0.22000000000000006)(25.448708163691812 107.0)
(0.05 88.0 0.23000000000000007)(22.42547505920445 103.0)
(0.05 88.0 0.24000000000000007)(20.332414304674334 118.0)
(0.05 93.0 0.01)(61.023753483977885 37.0)
(0.05 93.0 0.02)(57.56836054488233 46.0)
(0.05 93.0 0.03)(53.102561006014696 58.0)
(0.05 93.0 0.04)(52.29376166171379 64.0)
(0.05 93.0 0.05)(46.73013663690693 68.0)
(0.05 93.0 0.060000000000000005)(41.20939781288217 69.0)
(0.05 93.0 0.07)(39.58814698710687 71.0)
(0.05 93.0 0.08)(36.652693314643514 78.0)
(0.05 93.0 0.09)(35.71702989969659 81.0)
(0.05 93.0 0.09999999999999999)(35.15342327344148 87.0)
(0.05 93.0 0.10999999999999999)(27.814250917488508 97.0)
(0.05 93.0 0.11999999999999998)(28.392928644132024 97.0)
(0.05 93.0 0.12999999999999998)(25.37150387209333 100.0)
(0.05 93.0 0.13999999999999999)(25.396419526193295 102.0)
(0.05 93.0 0.15)(23.71410949279883 101.0)
(0.05 93.0 0.16)(23.779780045315604 102.0)
(0.05 93.0 0.17)(23.80187017867782 101.0)
(0.05 93.0 0.18000000000000002)(23.972331486967246 106.0)
(0.05 93.0 0.19000000000000003)(22.166105535247787 106.0)
(0.05 93.0 0.20000000000000004)(23.64555181872609 114.0)
(0.05 93.0 0.21000000000000005)(21.727971999660358 109.0)
(0.05 93.0 0.22000000000000006)(25.448708163691812 107.0)
(0.05 93.0 0.23000000000000007)(22.42547505920445 103.0)
(0.05 93.0 0.24000000000000007)(20.332414304674334 118.0)
(0.05 98.0 0.01)(61.023753483977885 37.0)
(0.05 98.0 0.02)(57.56836054488233 46.0)
(0.05 98.0 0.03)(53.102561006014696 58.0)
(0.05 98.0 0.04)(52.29376166171379 64.0)
(0.05 98.0 0.05)(46.73013663690693 68.0)
(0.05 98.0 0.060000000000000005)(41.20939781288217 69.0)
(0.05 98.0 0.07)(39.58814698710687 71.0)
(0.05 98.0 0.08)(36.652693314643514 78.0)
(0.05 98.0 0.09)(35.71702989969659 81.0)
(0.05 98.0 0.09999999999999999)(35.15342327344148 87.0)
(0.05 98.0 0.10999999999999999)(27.814250917488508 97.0)
(0.05 98.0 0.11999999999999998)(28.392928644132024 97.0)
(0.05 98.0 0.12999999999999998)(25.37150387209333 100.0)
(0.05 98.0 0.13999999999999999)(25.396419526193295 102.0)
(0.05 98.0 0.15)(23.71410949279883 101.0)
(0.05 98.0 0.16)(23.779780045315604 102.0)
(0.05 98.0 0.17)(23.80187017867782 101.0)
(0.05 98.0 0.18000000000000002)(23.972331486967246 106.0)
(0.05 98.0 0.19000000000000003)(22.166105535247787 106.0)
(0.05 98.0 0.20000000000000004)(23.64555181872609 114.0)
(0.05 98.0 0.21000000000000005)(21.727971999660358 109.0)
(0.05 98.0 0.22000000000000006)(25.448708163691812 107.0)
(0.05 98.0 0.23000000000000007)(22.42547505920445 103.0)
(0.05 98.0 0.24000000000000007)(20.332414304674334 118.0)
(0.05 103.0 0.01)(61.023753483977885 37.0)
(0.05 103.0 0.02)(57.56836054488233 46.0)
(0.05 103.0 0.03)(53.102561006014696 58.0)
(0.05 103.0 0.04)(52.29376166171379 64.0)
(0.05 103.0 0.05)(46.73013663690693 68.0)
(0.05 103.0 0.060000000000000005)(41.20939781288217 69.0)
(0.05 103.0 0.07)(39.58814698710687 71.0)
(0.05 103.0 0.08)(36.652693314643514 78.0)
(0.05 103.0 0.09)(35.71702989969659 81.0)
(0.05 103.0 0.09999999999999999)(35.15342327344148 87.0)
(0.05 103.0 0.10999999999999999)(27.814250917488508 97.0)
(0.05 103.0 0.11999999999999998)(28.392928644132024 97.0)
(0.05 103.0 0.12999999999999998)(25.37150387209333 100.0)
(0.05 103.0 0.13999999999999999)(25.396419526193295 102.0)
(0.05 103.0 0.15)(23.71410949279883 101.0)
(0.05 103.0 0.16)(23.779780045315604 102.0)
(0.05 103.0 0.17)(23.80187017867782 101.0)
(0.05 103.0 0.18000000000000002)(23.972331486967246 106.0)
(0.05 103.0 0.19000000000000003)(22.166105535247787 106.0)
(0.05 103.0 0.20000000000000004)(23.64555181872609 114.0)
(0.05 103.0 0.21000000000000005)(21.727971999660358 109.0)
(0.05 103.0 0.22000000000000006)(25.448708163691812 107.0)
(0.05 103.0 0.23000000000000007)(22.42547505920445 103.0)
(0.05 103.0 0.24000000000000007)(20.332414304674334 118.0)
(0.05 108.0 0.01)(61.023753483977885 37.0)
(0.05 108.0 0.02)(57.56836054488233 46.0)
(0.05 108.0 0.03)(53.102561006014696 58.0)
(0.05 108.0 0.04)(52.29376166171379 64.0)
(0.05 108.0 0.05)(46.73013663690693 68.0)
(0.05 108.0 0.060000000000000005)(41.20939781288217 69.0)
(0.05 108.0 0.07)(39.58814698710687 71.0)
(0.05 108.0 0.08)(36.652693314643514 78.0)
(0.05 108.0 0.09)(35.71702989969659 81.0)
(0.05 108.0 0.09999999999999999)(35.15342327344148 87.0)
(0.05 108.0 0.10999999999999999)(27.814250917488508 97.0)
(0.05 108.0 0.11999999999999998)(28.392928644132024 97.0)
(0.05 108.0 0.12999999999999998)(25.37150387209333 100.0)
(0.05 108.0 0.13999999999999999)(25.396419526193295 102.0)
(0.05 108.0 0.15)(23.71410949279883 101.0)
(0.05 108.0 0.16)(23.779780045315604 102.0)
(0.05 108.0 0.17)(23.80187017867782 101.0)
(0.05 108.0 0.18000000000000002)(23.972331486967246 106.0)
(0.05 108.0 0.19000000000000003)(22.166105535247787 106.0)
(0.05 108.0 0.20000000000000004)(23.64555181872609 114.0)
(0.05 108.0 0.21000000000000005)(21.727971999660358 109.0)
(0.05 108.0 0.22000000000000006)(25.448708163691812 107.0)
(0.05 108.0 0.23000000000000007)(22.42547505920445 103.0)
(0.05 108.0 0.24000000000000007)(20.332414304674334 118.0)
(0.05 113.0 0.01)(61.023753483977885 37.0)
(0.05 113.0 0.02)(57.56836054488233 46.0)
(0.05 113.0 0.03)(53.102561006014696 58.0)
(0.05 113.0 0.04)(52.29376166171379 64.0)
(0.05 113.0 0.05)(46.73013663690693 68.0)
(0.05 113.0 0.060000000000000005)(41.20939781288217 69.0)
(0.05 113.0 0.07)(39.58814698710687 71.0)
(0.05 113.0 0.08)(36.652693314643514 78.0)
(0.05 113.0 0.09)(35.71702989969659 81.0)
(0.05 113.0 0.09999999999999999)(35.15342327344148 87.0)
(0.05 113.0 0.10999999999999999)(27.814250917488508 97.0)
(0.05 113.0 0.11999999999999998)(28.392928644132024 97.0)
(0.05 113.0 0.12999999999999998)(25.37150387209333 100.0)
(0.05 113.0 0.13999999999999999)(25.396419526193295 102.0)
(0.05 113.0 0.15)(23.71410949279883 101.0)
(0.05 113.0 0.16)(23.779780045315604 102.0)
(0.05 113.0 0.17)(23.80187017867782 101.0)
(0.05 113.0 0.18000000000000002)(23.972331486967246 106.0)
(0.05 113.0 0.19000000000000003)(22.166105535247787 106.0)
(0.05 113.0 0.20000000000000004)(23.64555181872609 114.0)
(0.05 113.0 0.21000000000000005)(21.727971999660358 109.0)
(0.05 113.0 0.22000000000000006)(25.448708163691812 107.0)
(0.05 113.0 0.23000000000000007)(22.42547505920445 103.0)
(0.05 113.0 0.24000000000000007)(20.332414304674334 118.0)
(0.05 118.0 0.01)(61.023753483977885 37.0)
(0.05 118.0 0.02)(57.56836054488233 46.0)
(0.05 118.0 0.03)(53.102561006014696 58.0)
(0.05 118.0 0.04)(52.29376166171379 64.0)
(0.05 118.0 0.05)(46.73013663690693 68.0)
(0.05 118.0 0.060000000000000005)(41.20939781288217 69.0)
(0.05 118.0 0.07)(39.58814698710687 71.0)
(0.05 118.0 0.08)(36.652693314643514 78.0)
(0.05 118.0 0.09)(35.71702989969659 81.0)
(0.05 118.0 0.09999999999999999)(35.15342327344148 87.0)
(0.05 118.0 0.10999999999999999)(27.814250917488508 97.0)
(0.05 118.0 0.11999999999999998)(28.392928644132024 97.0)
(0.05 118.0 0.12999999999999998)(25.37150387209333 100.0)
(0.05 118.0 0.13999999999999999)(25.396419526193295 102.0)
(0.05 118.0 0.15)(23.71410949279883 101.0)
(0.05 118.0 0.16)(23.779780045315604 102.0)
(0.05 118.0 0.17)(23.80187017867782 101.0)
(0.05 118.0 0.18000000000000002)(23.972331486967246 106.0)
(0.05 118.0 0.19000000000000003)(22.166105535247787 106.0)
(0.05 118.0 0.20000000000000004)(23.64555181872609 114.0)
(0.05 118.0 0.21000000000000005)(21.727971999660358 109.0)
(0.05 118.0 0.22000000000000006)(25.448708163691812 107.0)
(0.05 118.0 0.23000000000000007)(22.42547505920445 103.0)
(0.05 118.0 0.24000000000000007)(20.332414304674334 118.0)
(0.05 123.0 0.01)(61.023753483977885 37.0)
(0.05 123.0 0.02)(57.56836054488233 46.0)
(0.05 123.0 0.03)(53.102561006014696 58.0)
(0.05 123.0 0.04)(52.29376166171379 64.0)
(0.05 123.0 0.05)(46.73013663690693 68.0)
(0.05 123.0 0.060000000000000005)(41.20939781288217 69.0)
(0.05 123.0 0.07)(39.58814698710687 71.0)
(0.05 123.0 0.08)(36.652693314643514 78.0)
(0.05 123.0 0.09)(35.71702989969659 81.0)
(0.05 123.0 0.09999999999999999)(35.15342327344148 87.0)
(0.05 123.0 0.10999999999999999)(27.814250917488508 97.0)
(0.05 123.0 0.11999999999999998)(28.392928644132024 97.0)
(0.05 123.0 0.12999999999999998)(25.37150387209333 100.0)
(0.05 123.0 0.13999999999999999)(25.396419526193295 102.0)
(0.05 123.0 0.15)(23.71410949279883 101.0)
(0.05 123.0 0.16)(23.779780045315604 102.0)
(0.05 123.0 0.17)(23.80187017867782 101.0)
(0.05 123.0 0.18000000000000002)(23.972331486967246 106.0)
(0.05 123.0 0.19000000000000003)(22.166105535247787 106.0)
(0.05 123.0 0.20000000000000004)(23.64555181872609 114.0)
(0.05 123.0 0.21000000000000005)(21.727971999660358 109.0)
(0.05 123.0 0.22000000000000006)(25.448708163691812 107.0)
(0.05 123.0 0.23000000000000007)(22.42547505920445 103.0)
(0.05 123.0 0.24000000000000007)(20.332414304674334 118.0)
(0.05 128.0 0.01)(61.023753483977885 37.0)
(0.05 128.0 0.02)(57.56836054488233 46.0)
(0.05 128.0 0.03)(53.102561006014696 58.0)
(0.05 128.0 0.04)(52.29376166171379 64.0)
(0.05 128.0 0.05)(46.73013663690693 68.0)
(0.05 128.0 0.060000000000000005)(41.20939781288217 69.0)
(0.05 128.0 0.07)(39.58814698710687 71.0)
(0.05 128.0 0.08)(36.652693314643514 78.0)
(0.05 128.0 0.09)(35.71702989969659 81.0)
(0.05 128.0 0.09999999999999999)(35.15342327344148 87.0)
(0.05 128.0 0.10999999999999999)(27.814250917488508 97.0)
(0.05 128.0 0.11999999999999998)(28.392928644132024 97.0)
(0.05 128.0 0.12999999999999998)(25.37150387209333 100.0)
(0.05 128.0 0.13999999999999999)(25.396419526193295 102.0)
(0.05 128.0 0.15)(23.71410949279883 101.0)
(0.05 128.0 0.16)(23.779780045315604 102.0)
(0.05 128.0 0.17)(23.80187017867782 101.0)
(0.05 128.0 0.18000000000000002)(23.972331486967246 106.0)
(0.05 128.0 0.19000000000000003)(22.166105535247787 106.0)
(0.05 128.0 0.20000000000000004)(23.64555181872609 114.0)
(0.05 128.0 0.21000000000000005)(21.727971999660358 109.0)
(0.05 128.0 0.22000000000000006)(25.448708163691812 107.0)
(0.05 128.0 0.23000000000000007)(22.42547505920445 103.0)
(0.05 128.0 0.24000000000000007)(20.332414304674334 118.0)
(0.05 133.0 0.01)(61.023753483977885 37.0)
(0.05 133.0 0.02)(57.56836054488233 46.0)
(0.05 133.0 0.03)(53.102561006014696 58.0)
(0.05 133.0 0.04)(52.29376166171379 64.0)
(0.05 133.0 0.05)(46.73013663690693 68.0)
(0.05 133.0 0.060000000000000005)(41.20939781288217 69.0)
(0.05 133.0 0.07)(39.58814698710687 71.0)
(0.05 133.0 0.08)(36.652693314643514 78.0)
(0.05 133.0 0.09)(35.71702989969659 81.0)
(0.05 133.0 0.09999999999999999)(35.15342327344148 87.0)
(0.05 133.0 0.10999999999999999)(27.814250917488508 97.0)
(0.05 133.0 0.11999999999999998)(28.392928644132024 97.0)
(0.05 133.0 0.12999999999999998)(25.37150387209333 100.0)
(0.05 133.0 0.13999999999999999)(25.396419526193295 102.0)
(0.05 133.0 0.15)(23.71410949279883 101.0)
(0.05 133.0 0.16)(23.779780045315604 102.0)
(0.05 133.0 0.17)(23.80187017867782 101.0)
(0.05 133.0 0.18000000000000002)(23.972331486967246 106.0)
(0.05 133.0 0.19000000000000003)(22.166105535247787 106.0)
(0.05 133.0 0.20000000000000004)(23.64555181872609 114.0)
(0.05 133.0 0.21000000000000005)(21.727971999660358 109.0)
(0.05 133.0 0.22000000000000006)(25.448708163691812 107.0)
(0.05 133.0 0.23000000000000007)(22.42547505920445 103.0)
(0.05 133.0 0.24000000000000007)(20.332414304674334 118.0)
(0.05 138.0 0.01)(61.023753483977885 37.0)
(0.05 138.0 0.02)(57.56836054488233 46.0)
(0.05 138.0 0.03)(53.102561006014696 58.0)
(0.05 138.0 0.04)(52.29376166171379 64.0)
(0.05 138.0 0.05)(46.73013663690693 68.0)
(0.05 138.0 0.060000000000000005)(41.20939781288217 69.0)
(0.05 138.0 0.07)(39.58814698710687 71.0)
(0.05 138.0 0.08)(36.652693314643514 78.0)
(0.05 138.0 0.09)(35.71702989969659 81.0)
(0.05 138.0 0.09999999999999999)(35.15342327344148 87.0)
(0.05 138.0 0.10999999999999999)(27.814250917488508 97.0)
(0.05 138.0 0.11999999999999998)(28.392928644132024 97.0)
(0.05 138.0 0.12999999999999998)(25.37150387209333 100.0)
(0.05 138.0 0.13999999999999999)(25.396419526193295 102.0)
(0.05 138.0 0.15)(23.71410949279883 101.0)
(0.05 138.0 0.16)(23.779780045315604 102.0)
(0.05 138.0 0.17)(23.80187017867782 101.0)
(0.05 138.0 0.18000000000000002)(23.972331486967246 106.0)
(0.05 138.0 0.19000000000000003)(22.166105535247787 106.0)
(0.05 138.0 0.20000000000000004)(23.64555181872609 114.0)
(0.05 138.0 0.21000000000000005)(21.727971999660358 109.0)
(0.05 138.0 0.22000000000000006)(25.448708163691812 107.0)
(0.05 138.0 0.23000000000000007)(22.42547505920445 103.0)
(0.05 138.0 0.24000000000000007)(20.332414304674334 118.0)
(0.05 143.0 0.01)(61.023753483977885 37.0)
(0.05 143.0 0.02)(57.56836054488233 46.0)
(0.05 143.0 0.03)(53.102561006014696 58.0)
(0.05 143.0 0.04)(52.29376166171379 64.0)
(0.05 143.0 0.05)(46.73013663690693 68.0)
(0.05 143.0 0.060000000000000005)(41.20939781288217 69.0)
(0.05 143.0 0.07)(39.58814698710687 71.0)
(0.05 143.0 0.08)(36.652693314643514 78.0)
(0.05 143.0 0.09)(35.71702989969659 81.0)
(0.05 143.0 0.09999999999999999)(35.15342327344148 87.0)
(0.05 143.0 0.10999999999999999)(27.814250917488508 97.0)
(0.05 143.0 0.11999999999999998)(28.392928644132024 97.0)
(0.05 143.0 0.12999999999999998)(25.37150387209333 100.0)
(0.05 143.0 0.13999999999999999)(25.396419526193295 102.0)
(0.05 143.0 0.15)(23.71410949279883 101.0)
(0.05 143.0 0.16)(23.779780045315604 102.0)
(0.05 143.0 0.17)(23.80187017867782 101.0)
(0.05 143.0 0.18000000000000002)(23.972331486967246 106.0)
(0.05 143.0 0.19000000000000003)(22.166105535247787 106.0)
(0.05 143.0 0.20000000000000004)(23.64555181872609 114.0)
(0.05 143.0 0.21000000000000005)(21.727971999660358 109.0)
(0.05 143.0 0.22000000000000006)(25.448708163691812 107.0)
(0.05 143.0 0.23000000000000007)(22.42547505920445 103.0)
(0.05 143.0 0.24000000000000007)(20.332414304674334 118.0)
(0.05 148.0 0.01)(61.023753483977885 37.0)
(0.05 148.0 0.02)(57.56836054488233 46.0)
(0.05 148.0 0.03)(53.102561006014696 58.0)
(0.05 148.0 0.04)(52.29376166171379 64.0)
(0.05 148.0 0.05)(46.73013663690693 68.0)
(0.05 148.0 0.060000000000000005)(41.20939781288217 69.0)
(0.05 148.0 0.07)(39.58814698710687 71.0)
(0.05 148.0 0.08)(36.652693314643514 78.0)
(0.05 148.0 0.09)(35.71702989969659 81.0)
(0.05 148.0 0.09999999999999999)(35.15342327344148 87.0)
(0.05 148.0 0.10999999999999999)(27.814250917488508 97.0)
(0.05 148.0 0.11999999999999998)(28.392928644132024 97.0)
(0.05 148.0 0.12999999999999998)(25.37150387209333 100.0)
(0.05 148.0 0.13999999999999999)(25.396419526193295 102.0)
(0.05 148.0 0.15)(23.71410949279883 101.0)
(0.05 148.0 0.16)(23.779780045315604 102.0)
(0.05 148.0 0.17)(23.80187017867782 101.0)
(0.05 148.0 0.18000000000000002)(23.972331486967246 106.0)
(0.05 148.0 0.19000000000000003)(22.166105535247787 106.0)
(0.05 148.0 0.20000000000000004)(23.64555181872609 114.0)
(0.05 148.0 0.21000000000000005)(21.727971999660358 109.0)
(0.05 148.0 0.22000000000000006)(25.448708163691812 107.0)
(0.05 148.0 0.23000000000000007)(22.42547505920445 103.0)
(0.05 148.0 0.24000000000000007)(20.332414304674334 118.0)
(0.05 153.0 0.01)(61.023753483977885 37.0)
(0.05 153.0 0.02)(57.56836054488233 46.0)
(0.05 153.0 0.03)(53.102561006014696 58.0)
(0.05 153.0 0.04)(52.29376166171379 64.0)
(0.05 153.0 0.05)(46.73013663690693 68.0)
(0.05 153.0 0.060000000000000005)(41.20939781288217 69.0)
(0.05 153.0 0.07)(39.58814698710687 71.0)
(0.05 153.0 0.08)(36.652693314643514 78.0)
(0.05 153.0 0.09)(35.71702989969659 81.0)
(0.05 153.0 0.09999999999999999)(35.15342327344148 87.0)
(0.05 153.0 0.10999999999999999)(27.814250917488508 97.0)
(0.05 153.0 0.11999999999999998)(28.392928644132024 97.0)
(0.05 153.0 0.12999999999999998)(25.37150387209333 100.0)
(0.05 153.0 0.13999999999999999)(25.396419526193295 102.0)
(0.05 153.0 0.15)(23.71410949279883 101.0)
(0.05 153.0 0.16)(23.779780045315604 102.0)
(0.05 153.0 0.17)(23.80187017867782 101.0)
(0.05 153.0 0.18000000000000002)(23.972331486967246 106.0)
(0.05 153.0 0.19000000000000003)(22.166105535247787 106.0)
(0.05 153.0 0.20000000000000004)(23.64555181872609 114.0)
(0.05 153.0 0.21000000000000005)(21.727971999660358 109.0)
(0.05 153.0 0.22000000000000006)(25.448708163691812 107.0)
(0.05 153.0 0.23000000000000007)(22.42547505920445 103.0)
(0.05 153.0 0.24000000000000007)(20.332414304674334 118.0)
(0.05 158.0 0.01)(61.023753483977885 37.0)
(0.05 158.0 0.02)(57.56836054488233 46.0)
(0.05 158.0 0.03)(53.102561006014696 58.0)
(0.05 158.0 0.04)(52.29376166171379 64.0)
(0.05 158.0 0.05)(46.73013663690693 68.0)
(0.05 158.0 0.060000000000000005)(41.20939781288217 69.0)
(0.05 158.0 0.07)(39.58814698710687 71.0)
(0.05 158.0 0.08)(36.652693314643514 78.0)
(0.05 158.0 0.09)(35.71702989969659 81.0)
(0.05 158.0 0.09999999999999999)(35.15342327344148 87.0)
(0.05 158.0 0.10999999999999999)(27.814250917488508 97.0)
(0.05 158.0 0.11999999999999998)(28.392928644132024 97.0)
(0.05 158.0 0.12999999999999998)(25.37150387209333 100.0)
(0.05 158.0 0.13999999999999999)(25.396419526193295 102.0)
(0.05 158.0 0.15)(23.71410949279883 101.0)
(0.05 158.0 0.16)(23.779780045315604 102.0)
(0.05 158.0 0.17)(23.80187017867782 101.0)
(0.05 158.0 0.18000000000000002)(23.972331486967246 106.0)
(0.05 158.0 0.19000000000000003)(22.166105535247787 106.0)
(0.05 158.0 0.20000000000000004)(23.64555181872609 114.0)
(0.05 158.0 0.21000000000000005)(21.727971999660358 109.0)
(0.05 158.0 0.22000000000000006)(25.448708163691812 107.0)
(0.05 158.0 0.23000000000000007)(22.42547505920445 103.0)
(0.05 158.0 0.24000000000000007)(20.332414304674334 118.0)
(0.05 163.0 0.01)(61.023753483977885 37.0)
(0.05 163.0 0.02)(57.56836054488233 46.0)
(0.05 163.0 0.03)(53.102561006014696 58.0)
(0.05 163.0 0.04)(52.29376166171379 64.0)
(0.05 163.0 0.05)(46.73013663690693 68.0)
(0.05 163.0 0.060000000000000005)(41.20939781288217 69.0)
(0.05 163.0 0.07)(39.58814698710687 71.0)
(0.05 163.0 0.08)(36.652693314643514 78.0)
(0.05 163.0 0.09)(35.71702989969659 81.0)
(0.05 163.0 0.09999999999999999)(35.15342327344148 87.0)
(0.05 163.0 0.10999999999999999)(27.814250917488508 97.0)
(0.05 163.0 0.11999999999999998)(28.392928644132024 97.0)
(0.05 163.0 0.12999999999999998)(25.37150387209333 100.0)
(0.05 163.0 0.13999999999999999)(25.396419526193295 102.0)
(0.05 163.0 0.15)(23.71410949279883 101.0)
(0.05 163.0 0.16)(23.779780045315604 102.0)
(0.05 163.0 0.17)(23.80187017867782 101.0)
(0.05 163.0 0.18000000000000002)(23.972331486967246 106.0)
(0.05 163.0 0.19000000000000003)(22.166105535247787 106.0)
(0.05 163.0 0.20000000000000004)(23.64555181872609 114.0)
(0.05 163.0 0.21000000000000005)(21.727971999660358 109.0)
(0.05 163.0 0.22000000000000006)(25.448708163691812 107.0)
(0.05 163.0 0.23000000000000007)(22.42547505920445 103.0)
(0.05 163.0 0.24000000000000007)(20.332414304674334 118.0)
(0.05 168.0 0.01)(61.023753483977885 37.0)
(0.05 168.0 0.02)(57.56836054488233 46.0)
(0.05 168.0 0.03)(53.102561006014696 58.0)
(0.05 168.0 0.04)(52.29376166171379 64.0)
(0.05 168.0 0.05)(46.73013663690693 68.0)
(0.05 168.0 0.060000000000000005)(41.20939781288217 69.0)
(0.05 168.0 0.07)(39.58814698710687 71.0)
(0.05 168.0 0.08)(36.652693314643514 78.0)
(0.05 168.0 0.09)(35.71702989969659 81.0)
(0.05 168.0 0.09999999999999999)(35.15342327344148 87.0)
(0.05 168.0 0.10999999999999999)(27.814250917488508 97.0)
(0.05 168.0 0.11999999999999998)(28.392928644132024 97.0)
(0.05 168.0 0.12999999999999998)(25.37150387209333 100.0)
(0.05 168.0 0.13999999999999999)(25.396419526193295 102.0)
(0.05 168.0 0.15)(23.71410949279883 101.0)
(0.05 168.0 0.16)(23.779780045315604 102.0)
(0.05 168.0 0.17)(23.80187017867782 101.0)
(0.05 168.0 0.18000000000000002)(23.972331486967246 106.0)
(0.05 168.0 0.19000000000000003)(22.166105535247787 106.0)
(0.05 168.0 0.20000000000000004)(23.64555181872609 114.0)
(0.05 168.0 0.21000000000000005)(21.727971999660358 109.0)
(0.05 168.0 0.22000000000000006)(25.448708163691812 107.0)
(0.05 168.0 0.23000000000000007)(22.42547505920445 103.0)
(0.05 168.0 0.24000000000000007)(20.332414304674334 118.0)
(0.05 173.0 0.01)(61.023753483977885 37.0)
(0.05 173.0 0.02)(57.56836054488233 46.0)
(0.05 173.0 0.03)(53.102561006014696 58.0)
(0.05 173.0 0.04)(52.29376166171379 64.0)
(0.05 173.0 0.05)(46.73013663690693 68.0)
(0.05 173.0 0.060000000000000005)(41.20939781288217 69.0)
(0.05 173.0 0.07)(39.58814698710687 71.0)
(0.05 173.0 0.08)(36.652693314643514 78.0)
(0.05 173.0 0.09)(35.71702989969659 81.0)
(0.05 173.0 0.09999999999999999)(35.15342327344148 87.0)
(0.05 173.0 0.10999999999999999)(27.814250917488508 97.0)
(0.05 173.0 0.11999999999999998)(28.392928644132024 97.0)
(0.05 173.0 0.12999999999999998)(25.37150387209333 100.0)
(0.05 173.0 0.13999999999999999)(25.396419526193295 102.0)
(0.05 173.0 0.15)(23.71410949279883 101.0)
(0.05 173.0 0.16)(23.779780045315604 102.0)
(0.05 173.0 0.17)(23.80187017867782 101.0)
(0.05 173.0 0.18000000000000002)(23.972331486967246 106.0)
(0.05 173.0 0.19000000000000003)(22.166105535247787 106.0)
(0.05 173.0 0.20000000000000004)(23.64555181872609 114.0)
(0.05 173.0 0.21000000000000005)(21.727971999660358 109.0)
(0.05 173.0 0.22000000000000006)(25.448708163691812 107.0)
(0.05 173.0 0.23000000000000007)(22.42547505920445 103.0)
(0.05 173.0 0.24000000000000007)(20.332414304674334 118.0)
(0.05 178.0 0.01)(61.023753483977885 37.0)
(0.05 178.0 0.02)(57.56836054488233 46.0)
(0.05 178.0 0.03)(53.102561006014696 58.0)
(0.05 178.0 0.04)(52.29376166171379 64.0)
(0.05 178.0 0.05)(46.73013663690693 68.0)
(0.05 178.0 0.060000000000000005)(41.20939781288217 69.0)
(0.05 178.0 0.07)(39.58814698710687 71.0)
(0.05 178.0 0.08)(36.652693314643514 78.0)
(0.05 178.0 0.09)(35.71702989969659 81.0)
(0.05 178.0 0.09999999999999999)(35.15342327344148 87.0)
(0.05 178.0 0.10999999999999999)(27.814250917488508 97.0)
(0.05 178.0 0.11999999999999998)(28.392928644132024 97.0)
(0.05 178.0 0.12999999999999998)(25.37150387209333 100.0)
(0.05 178.0 0.13999999999999999)(25.396419526193295 102.0)
(0.05 178.0 0.15)(23.71410949279883 101.0)
(0.05 178.0 0.16)(23.779780045315604 102.0)
(0.05 178.0 0.17)(23.80187017867782 101.0)
(0.05 178.0 0.18000000000000002)(23.972331486967246 106.0)
(0.05 178.0 0.19000000000000003)(22.166105535247787 106.0)
(0.05 178.0 0.20000000000000004)(23.64555181872609 114.0)
(0.05 178.0 0.21000000000000005)(21.727971999660358 109.0)
(0.05 178.0 0.22000000000000006)(25.448708163691812 107.0)
(0.05 178.0 0.23000000000000007)(22.42547505920445 103.0)
(0.05 178.0 0.24000000000000007)(20.332414304674334 118.0)
(0.05 183.0 0.01)(61.023753483977885 37.0)
(0.05 183.0 0.02)(57.56836054488233 46.0)
(0.05 183.0 0.03)(53.102561006014696 58.0)
(0.05 183.0 0.04)(52.29376166171379 64.0)
(0.05 183.0 0.05)(46.73013663690693 68.0)
(0.05 183.0 0.060000000000000005)(41.20939781288217 69.0)
(0.05 183.0 0.07)(39.58814698710687 71.0)
(0.05 183.0 0.08)(36.652693314643514 78.0)
(0.05 183.0 0.09)(35.71702989969659 81.0)
(0.05 183.0 0.09999999999999999)(35.15342327344148 87.0)
(0.05 183.0 0.10999999999999999)(27.814250917488508 97.0)
(0.05 183.0 0.11999999999999998)(28.392928644132024 97.0)
(0.05 183.0 0.12999999999999998)(25.37150387209333 100.0)
(0.05 183.0 0.13999999999999999)(25.396419526193295 102.0)
(0.05 183.0 0.15)(23.71410949279883 101.0)
(0.05 183.0 0.16)(23.779780045315604 102.0)
(0.05 183.0 0.17)(23.80187017867782 101.0)
(0.05 183.0 0.18000000000000002)(23.972331486967246 106.0)
(0.05 183.0 0.19000000000000003)(22.166105535247787 106.0)
(0.05 183.0 0.20000000000000004)(23.64555181872609 114.0)
(0.05 183.0 0.21000000000000005)(21.727971999660358 109.0)
(0.05 183.0 0.22000000000000006)(25.448708163691812 107.0)
(0.05 183.0 0.23000000000000007)(22.42547505920445 103.0)
(0.05 183.0 0.24000000000000007)(20.332414304674334 118.0)
(0.05 188.0 0.01)(61.023753483977885 37.0)
(0.05 188.0 0.02)(57.56836054488233 46.0)
(0.05 188.0 0.03)(53.102561006014696 58.0)
(0.05 188.0 0.04)(52.29376166171379 64.0)
(0.05 188.0 0.05)(46.73013663690693 68.0)
(0.05 188.0 0.060000000000000005)(41.20939781288217 69.0)
(0.05 188.0 0.07)(39.58814698710687 71.0)
(0.05 188.0 0.08)(36.652693314643514 78.0)
(0.05 188.0 0.09)(35.71702989969659 81.0)
(0.05 188.0 0.09999999999999999)(35.15342327344148 87.0)
(0.05 188.0 0.10999999999999999)(27.814250917488508 97.0)
(0.05 188.0 0.11999999999999998)(28.392928644132024 97.0)
(0.05 188.0 0.12999999999999998)(25.37150387209333 100.0)
(0.05 188.0 0.13999999999999999)(25.396419526193295 102.0)
(0.05 188.0 0.15)(23.71410949279883 101.0)
(0.05 188.0 0.16)(23.779780045315604 102.0)
(0.05 188.0 0.17)(23.80187017867782 101.0)
(0.05 188.0 0.18000000000000002)(23.972331486967246 106.0)
(0.05 188.0 0.19000000000000003)(22.166105535247787 106.0)
(0.05 188.0 0.20000000000000004)(23.64555181872609 114.0)
(0.05 188.0 0.21000000000000005)(21.727971999660358 109.0)
(0.05 188.0 0.22000000000000006)(25.448708163691812 107.0)
(0.05 188.0 0.23000000000000007)(22.42547505920445 103.0)
(0.05 188.0 0.24000000000000007)(20.332414304674334 118.0)
(0.05 193.0 0.01)(61.023753483977885 37.0)
(0.05 193.0 0.02)(57.56836054488233 46.0)
(0.05 193.0 0.03)(53.102561006014696 58.0)
(0.05 193.0 0.04)(52.29376166171379 64.0)
(0.05 193.0 0.05)(46.73013663690693 68.0)
(0.05 193.0 0.060000000000000005)(41.20939781288217 69.0)
(0.05 193.0 0.07)(39.58814698710687 71.0)
(0.05 193.0 0.08)(36.652693314643514 78.0)
(0.05 193.0 0.09)(35.71702989969659 81.0)
(0.05 193.0 0.09999999999999999)(35.15342327344148 87.0)
(0.05 193.0 0.10999999999999999)(27.814250917488508 97.0)
(0.05 193.0 0.11999999999999998)(28.392928644132024 97.0)
(0.05 193.0 0.12999999999999998)(25.37150387209333 100.0)
(0.05 193.0 0.13999999999999999)(25.396419526193295 102.0)
(0.05 193.0 0.15)(23.71410949279883 101.0)
(0.05 193.0 0.16)(23.779780045315604 102.0)
(0.05 193.0 0.17)(23.80187017867782 101.0)
(0.05 193.0 0.18000000000000002)(23.972331486967246 106.0)
(0.05 193.0 0.19000000000000003)(22.166105535247787 106.0)
(0.05 193.0 0.20000000000000004)(23.64555181872609 114.0)
(0.05 193.0 0.21000000000000005)(21.727971999660358 109.0)
(0.05 193.0 0.22000000000000006)(25.448708163691812 107.0)
(0.05 193.0 0.23000000000000007)(22.42547505920445 103.0)
(0.05 193.0 0.24000000000000007)(20.332414304674334 118.0)
(0.05 198.0 0.01)(61.023753483977885 37.0)
(0.05 198.0 0.02)(57.56836054488233 46.0)
(0.05 198.0 0.03)(53.102561006014696 58.0)
(0.05 198.0 0.04)(52.29376166171379 64.0)
(0.05 198.0 0.05)(46.73013663690693 68.0)
(0.05 198.0 0.060000000000000005)(41.20939781288217 69.0)
(0.05 198.0 0.07)(39.58814698710687 71.0)
(0.05 198.0 0.08)(36.652693314643514 78.0)
(0.05 198.0 0.09)(35.71702989969659 81.0)
(0.05 198.0 0.09999999999999999)(35.15342327344148 87.0)
(0.05 198.0 0.10999999999999999)(27.814250917488508 97.0)
(0.05 198.0 0.11999999999999998)(28.392928644132024 97.0)
(0.05 198.0 0.12999999999999998)(25.37150387209333 100.0)
(0.05 198.0 0.13999999999999999)(25.396419526193295 102.0)
(0.05 198.0 0.15)(23.71410949279883 101.0)
(0.05 198.0 0.16)(23.779780045315604 102.0)
(0.05 198.0 0.17)(23.80187017867782 101.0)
(0.05 198.0 0.18000000000000002)(23.972331486967246 106.0)
(0.05 198.0 0.19000000000000003)(22.166105535247787 106.0)
(0.05 198.0 0.20000000000000004)(23.64555181872609 114.0)
(0.05 198.0 0.21000000000000005)(21.727971999660358 109.0)
(0.05 198.0 0.22000000000000006)(25.448708163691812 107.0)
(0.05 198.0 0.23000000000000007)(22.42547505920445 103.0)
(0.05 198.0 0.24000000000000007)(20.332414304674334 118.0)
(0.05 203.0 0.01)(61.023753483977885 37.0)
(0.05 203.0 0.02)(57.56836054488233 46.0)
(0.05 203.0 0.03)(53.102561006014696 58.0)
(0.05 203.0 0.04)(52.29376166171379 64.0)
(0.05 203.0 0.05)(46.73013663690693 68.0)
(0.05 203.0 0.060000000000000005)(41.20939781288217 69.0)
(0.05 203.0 0.07)(39.58814698710687 71.0)
(0.05 203.0 0.08)(36.652693314643514 78.0)
(0.05 203.0 0.09)(35.71702989969659 81.0)
(0.05 203.0 0.09999999999999999)(35.15342327344148 87.0)
(0.05 203.0 0.10999999999999999)(27.814250917488508 97.0)
(0.05 203.0 0.11999999999999998)(28.392928644132024 97.0)
(0.05 203.0 0.12999999999999998)(25.37150387209333 100.0)
(0.05 203.0 0.13999999999999999)(25.396419526193295 102.0)
(0.05 203.0 0.15)(23.71410949279883 101.0)
(0.05 203.0 0.16)(23.779780045315604 102.0)
(0.05 203.0 0.17)(23.80187017867782 101.0)
(0.05 203.0 0.18000000000000002)(23.972331486967246 106.0)
(0.05 203.0 0.19000000000000003)(22.166105535247787 106.0)
(0.05 203.0 0.20000000000000004)(23.64555181872609 114.0)
(0.05 203.0 0.21000000000000005)(21.727971999660358 109.0)
(0.05 203.0 0.22000000000000006)(25.448708163691812 107.0)
(0.05 203.0 0.23000000000000007)(22.42547505920445 103.0)
(0.05 203.0 0.24000000000000007)(20.332414304674334 118.0)
(0.05 208.0 0.01)(61.023753483977885 37.0)
(0.05 208.0 0.02)(57.56836054488233 46.0)
(0.05 208.0 0.03)(53.102561006014696 58.0)
(0.05 208.0 0.04)(52.29376166171379 64.0)
(0.05 208.0 0.05)(46.73013663690693 68.0)
(0.05 208.0 0.060000000000000005)(41.20939781288217 69.0)
(0.05 208.0 0.07)(39.58814698710687 71.0)
(0.05 208.0 0.08)(36.652693314643514 78.0)
(0.05 208.0 0.09)(35.71702989969659 81.0)
(0.05 208.0 0.09999999999999999)(35.15342327344148 87.0)
(0.05 208.0 0.10999999999999999)(27.814250917488508 97.0)
(0.05 208.0 0.11999999999999998)(28.392928644132024 97.0)
(0.05 208.0 0.12999999999999998)(25.37150387209333 100.0)
(0.05 208.0 0.13999999999999999)(25.396419526193295 102.0)
(0.05 208.0 0.15)(23.71410949279883 101.0)
(0.05 208.0 0.16)(23.779780045315604 102.0)
(0.05 208.0 0.17)(23.80187017867782 101.0)
(0.05 208.0 0.18000000000000002)(23.972331486967246 106.0)
(0.05 208.0 0.19000000000000003)(22.166105535247787 106.0)
(0.05 208.0 0.20000000000000004)(23.64555181872609 114.0)
(0.05 208.0 0.21000000000000005)(21.727971999660358 109.0)
(0.05 208.0 0.22000000000000006)(25.448708163691812 107.0)
(0.05 208.0 0.23000000000000007)(22.42547505920445 103.0)
(0.05 208.0 0.24000000000000007)(20.332414304674334 118.0)
(0.05 213.0 0.01)(61.023753483977885 37.0)
(0.05 213.0 0.02)(57.56836054488233 46.0)
(0.05 213.0 0.03)(53.102561006014696 58.0)
(0.05 213.0 0.04)(52.29376166171379 64.0)
(0.05 213.0 0.05)(46.73013663690693 68.0)
(0.05 213.0 0.060000000000000005)(41.20939781288217 69.0)
(0.05 213.0 0.07)(39.58814698710687 71.0)
(0.05 213.0 0.08)(36.652693314643514 78.0)
(0.05 213.0 0.09)(35.71702989969659 81.0)
(0.05 213.0 0.09999999999999999)(35.15342327344148 87.0)
(0.05 213.0 0.10999999999999999)(27.814250917488508 97.0)
(0.05 213.0 0.11999999999999998)(28.392928644132024 97.0)
(0.05 213.0 0.12999999999999998)(25.37150387209333 100.0)
(0.05 213.0 0.13999999999999999)(25.396419526193295 102.0)
(0.05 213.0 0.15)(23.71410949279883 101.0)
(0.05 213.0 0.16)(23.779780045315604 102.0)
(0.05 213.0 0.17)(23.80187017867782 101.0)
(0.05 213.0 0.18000000000000002)(23.972331486967246 106.0)
(0.05 213.0 0.19000000000000003)(22.166105535247787 106.0)
(0.05 213.0 0.20000000000000004)(23.64555181872609 114.0)
(0.05 213.0 0.21000000000000005)(21.727971999660358 109.0)
(0.05 213.0 0.22000000000000006)(25.448708163691812 107.0)
(0.05 213.0 0.23000000000000007)(22.42547505920445 103.0)
(0.05 213.0 0.24000000000000007)(20.332414304674334 118.0)
(0.05 218.0 0.01)(61.023753483977885 37.0)
(0.05 218.0 0.02)(57.56836054488233 46.0)
(0.05 218.0 0.03)(53.102561006014696 58.0)
(0.05 218.0 0.04)(52.29376166171379 64.0)
(0.05 218.0 0.05)(46.73013663690693 68.0)
(0.05 218.0 0.060000000000000005)(41.20939781288217 69.0)
(0.05 218.0 0.07)(39.58814698710687 71.0)
(0.05 218.0 0.08)(36.652693314643514 78.0)
(0.05 218.0 0.09)(35.71702989969659 81.0)
(0.05 218.0 0.09999999999999999)(35.15342327344148 87.0)
(0.05 218.0 0.10999999999999999)(27.814250917488508 97.0)
(0.05 218.0 0.11999999999999998)(28.392928644132024 97.0)
(0.05 218.0 0.12999999999999998)(25.37150387209333 100.0)
(0.05 218.0 0.13999999999999999)(25.396419526193295 102.0)
(0.05 218.0 0.15)(23.71410949279883 101.0)
(0.05 218.0 0.16)(23.779780045315604 102.0)
(0.05 218.0 0.17)(23.80187017867782 101.0)
(0.05 218.0 0.18000000000000002)(23.972331486967246 106.0)
(0.05 218.0 0.19000000000000003)(22.166105535247787 106.0)
(0.05 218.0 0.20000000000000004)(23.64555181872609 114.0)
(0.05 218.0 0.21000000000000005)(21.727971999660358 109.0)
(0.05 218.0 0.22000000000000006)(25.448708163691812 107.0)
(0.05 218.0 0.23000000000000007)(22.42547505920445 103.0)
(0.05 218.0 0.24000000000000007)(20.332414304674334 118.0)
(0.05 223.0 0.01)(61.023753483977885 37.0)
(0.05 223.0 0.02)(57.56836054488233 46.0)
(0.05 223.0 0.03)(53.102561006014696 58.0)
(0.05 223.0 0.04)(52.29376166171379 64.0)
(0.05 223.0 0.05)(46.73013663690693 68.0)
(0.05 223.0 0.060000000000000005)(41.20939781288217 69.0)
(0.05 223.0 0.07)(39.58814698710687 71.0)
(0.05 223.0 0.08)(36.652693314643514 78.0)
(0.05 223.0 0.09)(35.71702989969659 81.0)
(0.05 223.0 0.09999999999999999)(35.15342327344148 87.0)
(0.05 223.0 0.10999999999999999)(27.814250917488508 97.0)
(0.05 223.0 0.11999999999999998)(28.392928644132024 97.0)
(0.05 223.0 0.12999999999999998)(25.37150387209333 100.0)
(0.05 223.0 0.13999999999999999)(25.396419526193295 102.0)
(0.05 223.0 0.15)(23.71410949279883 101.0)
(0.05 223.0 0.16)(23.779780045315604 102.0)
(0.05 223.0 0.17)(23.80187017867782 101.0)
(0.05 223.0 0.18000000000000002)(23.972331486967246 106.0)
(0.05 223.0 0.19000000000000003)(22.166105535247787 106.0)
(0.05 223.0 0.20000000000000004)(23.64555181872609 114.0)
(0.05 223.0 0.21000000000000005)(21.727971999660358 109.0)
(0.05 223.0 0.22000000000000006)(25.448708163691812 107.0)
(0.05 223.0 0.23000000000000007)(22.42547505920445 103.0)
(0.05 223.0 0.24000000000000007)(20.332414304674334 118.0)
(0.05 228.0 0.01)(61.023753483977885 37.0)
(0.05 228.0 0.02)(57.56836054488233 46.0)
(0.05 228.0 0.03)(53.102561006014696 58.0)
(0.05 228.0 0.04)(52.29376166171379 64.0)
(0.05 228.0 0.05)(46.73013663690693 68.0)
(0.05 228.0 0.060000000000000005)(41.20939781288217 69.0)
(0.05 228.0 0.07)(39.58814698710687 71.0)
(0.05 228.0 0.08)(36.652693314643514 78.0)
(0.05 228.0 0.09)(35.71702989969659 81.0)
(0.05 228.0 0.09999999999999999)(35.15342327344148 87.0)
(0.05 228.0 0.10999999999999999)(27.814250917488508 97.0)
(0.05 228.0 0.11999999999999998)(28.392928644132024 97.0)
(0.05 228.0 0.12999999999999998)(25.37150387209333 100.0)
(0.05 228.0 0.13999999999999999)(25.396419526193295 102.0)
(0.05 228.0 0.15)(23.71410949279883 101.0)
(0.05 228.0 0.16)(23.779780045315604 102.0)
(0.05 228.0 0.17)(23.80187017867782 101.0)
(0.05 228.0 0.18000000000000002)(23.972331486967246 106.0)
(0.05 228.0 0.19000000000000003)(22.166105535247787 106.0)
(0.05 228.0 0.20000000000000004)(23.64555181872609 114.0)
(0.05 228.0 0.21000000000000005)(21.727971999660358 109.0)
(0.05 228.0 0.22000000000000006)(25.448708163691812 107.0)
(0.05 228.0 0.23000000000000007)(22.42547505920445 103.0)
(0.05 228.0 0.24000000000000007)(20.332414304674334 118.0)
(0.05 233.0 0.01)(61.023753483977885 37.0)
(0.05 233.0 0.02)(57.56836054488233 46.0)
(0.05 233.0 0.03)(53.102561006014696 58.0)
(0.05 233.0 0.04)(52.29376166171379 64.0)
(0.05 233.0 0.05)(46.73013663690693 68.0)
(0.05 233.0 0.060000000000000005)(41.20939781288217 69.0)
(0.05 233.0 0.07)(39.58814698710687 71.0)
(0.05 233.0 0.08)(36.652693314643514 78.0)
(0.05 233.0 0.09)(35.71702989969659 81.0)
(0.05 233.0 0.09999999999999999)(35.15342327344148 87.0)
(0.05 233.0 0.10999999999999999)(27.814250917488508 97.0)
(0.05 233.0 0.11999999999999998)(28.392928644132024 97.0)
(0.05 233.0 0.12999999999999998)(25.37150387209333 100.0)
(0.05 233.0 0.13999999999999999)(25.396419526193295 102.0)
(0.05 233.0 0.15)(23.71410949279883 101.0)
(0.05 233.0 0.16)(23.779780045315604 102.0)
(0.05 233.0 0.17)(23.80187017867782 101.0)
(0.05 233.0 0.18000000000000002)(23.972331486967246 106.0)
(0.05 233.0 0.19000000000000003)(22.166105535247787 106.0)
(0.05 233.0 0.20000000000000004)(23.64555181872609 114.0)
(0.05 233.0 0.21000000000000005)(21.727971999660358 109.0)
(0.05 233.0 0.22000000000000006)(25.448708163691812 107.0)
(0.05 233.0 0.23000000000000007)(22.42547505920445 103.0)
(0.05 233.0 0.24000000000000007)(20.332414304674334 118.0)
(0.05 238.0 0.01)(61.023753483977885 37.0)
(0.05 238.0 0.02)(57.56836054488233 46.0)
(0.05 238.0 0.03)(53.102561006014696 58.0)
(0.05 238.0 0.04)(52.29376166171379 64.0)
(0.05 238.0 0.05)(46.73013663690693 68.0)
(0.05 238.0 0.060000000000000005)(41.20939781288217 69.0)
(0.05 238.0 0.07)(39.58814698710687 71.0)
(0.05 238.0 0.08)(36.652693314643514 78.0)
(0.05 238.0 0.09)(35.71702989969659 81.0)
(0.05 238.0 0.09999999999999999)(35.15342327344148 87.0)
(0.05 238.0 0.10999999999999999)(27.814250917488508 97.0)
(0.05 238.0 0.11999999999999998)(28.392928644132024 97.0)
(0.05 238.0 0.12999999999999998)(25.37150387209333 100.0)
(0.05 238.0 0.13999999999999999)(25.396419526193295 102.0)
(0.05 238.0 0.15)(23.71410949279883 101.0)
(0.05 238.0 0.16)(23.779780045315604 102.0)
(0.05 238.0 0.17)(23.80187017867782 101.0)
(0.05 238.0 0.18000000000000002)(23.972331486967246 106.0)
(0.05 238.0 0.19000000000000003)(22.166105535247787 106.0)
(0.05 238.0 0.20000000000000004)(23.64555181872609 114.0)
(0.05 238.0 0.21000000000000005)(21.727971999660358 109.0)
(0.05 238.0 0.22000000000000006)(25.448708163691812 107.0)
(0.05 238.0 0.23000000000000007)(22.42547505920445 103.0)
(0.05 238.0 0.24000000000000007)(20.332414304674334 118.0)
(0.05 243.0 0.01)(61.023753483977885 37.0)
(0.05 243.0 0.02)(57.56836054488233 46.0)
(0.05 243.0 0.03)(53.102561006014696 58.0)
(0.05 243.0 0.04)(52.29376166171379 64.0)
(0.05 243.0 0.05)(46.73013663690693 68.0)
(0.05 243.0 0.060000000000000005)(41.20939781288217 69.0)
(0.05 243.0 0.07)(39.58814698710687 71.0)
(0.05 243.0 0.08)(36.652693314643514 78.0)
(0.05 243.0 0.09)(35.71702989969659 81.0)
(0.05 243.0 0.09999999999999999)(35.15342327344148 87.0)
(0.05 243.0 0.10999999999999999)(27.814250917488508 97.0)
(0.05 243.0 0.11999999999999998)(28.392928644132024 97.0)
(0.05 243.0 0.12999999999999998)(25.37150387209333 100.0)
(0.05 243.0 0.13999999999999999)(25.396419526193295 102.0)
(0.05 243.0 0.15)(23.71410949279883 101.0)
(0.05 243.0 0.16)(23.779780045315604 102.0)
(0.05 243.0 0.17)(23.80187017867782 101.0)
(0.05 243.0 0.18000000000000002)(23.972331486967246 106.0)
(0.05 243.0 0.19000000000000003)(22.166105535247787 106.0)
(0.05 243.0 0.20000000000000004)(23.64555181872609 114.0)
(0.05 243.0 0.21000000000000005)(21.727971999660358 109.0)
(0.05 243.0 0.22000000000000006)(25.448708163691812 107.0)
(0.05 243.0 0.23000000000000007)(22.42547505920445 103.0)
(0.05 243.0 0.24000000000000007)(20.332414304674334 118.0)
(0.05 248.0 0.01)(61.023753483977885 37.0)
(0.05 248.0 0.02)(57.56836054488233 46.0)
(0.05 248.0 0.03)(53.102561006014696 58.0)
(0.05 248.0 0.04)(52.29376166171379 64.0)
(0.05 248.0 0.05)(46.73013663690693 68.0)
(0.05 248.0 0.060000000000000005)(41.20939781288217 69.0)
(0.05 248.0 0.07)(39.58814698710687 71.0)
(0.05 248.0 0.08)(36.652693314643514 78.0)
(0.05 248.0 0.09)(35.71702989969659 81.0)
(0.05 248.0 0.09999999999999999)(35.15342327344148 87.0)
(0.05 248.0 0.10999999999999999)(27.814250917488508 97.0)
(0.05 248.0 0.11999999999999998)(28.392928644132024 97.0)
(0.05 248.0 0.12999999999999998)(25.37150387209333 100.0)
(0.05 248.0 0.13999999999999999)(25.396419526193295 102.0)
(0.05 248.0 0.15)(23.71410949279883 101.0)
(0.05 248.0 0.16)(23.779780045315604 102.0)
(0.05 248.0 0.17)(23.80187017867782 101.0)
(0.05 248.0 0.18000000000000002)(23.972331486967246 106.0)
(0.05 248.0 0.19000000000000003)(22.166105535247787 106.0)
(0.05 248.0 0.20000000000000004)(23.64555181872609 114.0)
(0.05 248.0 0.21000000000000005)(21.727971999660358 109.0)
(0.05 248.0 0.22000000000000006)(25.448708163691812 107.0)
(0.05 248.0 0.23000000000000007)(22.42547505920445 103.0)
(0.05 248.0 0.24000000000000007)(20.332414304674334 118.0)
(0.05 253.0 0.01)(61.023753483977885 37.0)
(0.05 253.0 0.02)(57.56836054488233 46.0)
(0.05 253.0 0.03)(53.102561006014696 58.0)
(0.05 253.0 0.04)(52.29376166171379 64.0)
(0.05 253.0 0.05)(46.73013663690693 68.0)
(0.05 253.0 0.060000000000000005)(41.20939781288217 69.0)
(0.05 253.0 0.07)(39.58814698710687 71.0)
(0.05 253.0 0.08)(36.652693314643514 78.0)
(0.05 253.0 0.09)(35.71702989969659 81.0)
(0.05 253.0 0.09999999999999999)(35.15342327344148 87.0)
(0.05 253.0 0.10999999999999999)(27.814250917488508 97.0)
(0.05 253.0 0.11999999999999998)(28.392928644132024 97.0)
(0.05 253.0 0.12999999999999998)(25.37150387209333 100.0)
(0.05 253.0 0.13999999999999999)(25.396419526193295 102.0)
(0.05 253.0 0.15)(23.71410949279883 101.0)
(0.05 253.0 0.16)(23.779780045315604 102.0)
(0.05 253.0 0.17)(23.80187017867782 101.0)
(0.05 253.0 0.18000000000000002)(23.972331486967246 106.0)
(0.05 253.0 0.19000000000000003)(22.166105535247787 106.0)
(0.05 253.0 0.20000000000000004)(23.64555181872609 114.0)
(0.05 253.0 0.21000000000000005)(21.727971999660358 109.0)
(0.05 253.0 0.22000000000000006)(25.448708163691812 107.0)
(0.05 253.0 0.23000000000000007)(22.42547505920445 103.0)
(0.05 253.0 0.24000000000000007)(20.332414304674334 118.0)
(0.05 258.0 0.01)(61.023753483977885 37.0)
(0.05 258.0 0.02)(57.56836054488233 46.0)
(0.05 258.0 0.03)(53.102561006014696 58.0)
(0.05 258.0 0.04)(52.29376166171379 64.0)
(0.05 258.0 0.05)(46.73013663690693 68.0)
(0.05 258.0 0.060000000000000005)(41.20939781288217 69.0)
(0.05 258.0 0.07)(39.58814698710687 71.0)
(0.05 258.0 0.08)(36.652693314643514 78.0)
(0.05 258.0 0.09)(35.71702989969659 81.0)
(0.05 258.0 0.09999999999999999)(35.15342327344148 87.0)
(0.05 258.0 0.10999999999999999)(27.814250917488508 97.0)
(0.05 258.0 0.11999999999999998)(28.392928644132024 97.0)
(0.05 258.0 0.12999999999999998)(25.37150387209333 100.0)
(0.05 258.0 0.13999999999999999)(25.396419526193295 102.0)
(0.05 258.0 0.15)(23.71410949279883 101.0)
(0.05 258.0 0.16)(23.779780045315604 102.0)
(0.05 258.0 0.17)(23.80187017867782 101.0)
(0.05 258.0 0.18000000000000002)(23.972331486967246 106.0)
(0.05 258.0 0.19000000000000003)(22.166105535247787 106.0)
