(0.01 4.0 0.001)(165.85989181798615 13.0)
(0.01,4.0,0.001)(165.85989181798615 1.0)
(0.01,4.0,0.001)(165.85989181798615 6.0)
(0.01,4.0,0.001)(165.85989181798615 13.0)
(0.01,4.0,0.001)(165.85989181798615 12.0)
(0.01 4.0 0.004)(164.8935497186708 73.0)
(0.01,4.0,0.004)(165.85989181798615 1.0)
(0.01,4.0,0.004)(165.85989181798615 3.0)
(0.01,4.0,0.004)(165.85989181798615 6.0)
(0.01,4.0,0.004)(165.85989181798615 8.0)
(0.01,4.0,0.004)(165.85989181798615 9.0)
(0.01,4.0,0.004)(165.85989181798615 12.0)
(0.01,4.0,0.004)(165.85989181798615 13.0)
(0.01,4.0,0.004)(165.85989181798615 15.0)
(0.01,4.0,0.004)(165.85989181798615 18.0)
(0.01,4.0,0.004)(165.85989181798615 20.0)
(0.01,4.0,0.004)(165.85989181798615 24.0)
(0.01,4.0,0.004)(165.85989181798615 30.0)
(0.01,4.0,0.004)(165.81921881755773 41.0)
(0.01,4.0,0.004)(165.81921881755773 43.0)
(0.01,4.0,0.004)(165.81921881755773 45.0)
(0.01,4.0,0.004)(165.81921881755773 50.0)
(0.01,4.0,0.004)(165.81921881755773 52.0)
(0.01,4.0,0.004)(165.85989181798615 49.0)
(0.01,4.0,0.004)(165.81921881755773 51.0)
(0.01,4.0,0.004)(165.81921881755773 48.0)
(0.01,4.0,0.004)(165.81921881755773 59.0)
(0.01 4.0 0.007)(163.78438627315217 119.0)
(0.01,4.0,0.007)(165.85989181798615 1.0)
(0.01,4.0,0.007)(165.85989181798615 3.0)
(0.01,4.0,0.007)(165.85989181798615 6.0)
(0.01,4.0,0.007)(165.85989181798615 8.0)
(0.01,4.0,0.007)(165.85989181798615 12.0)
(0.01,4.0,0.007)(165.85989181798615 13.0)
(0.01,4.0,0.007)(165.85989181798615 15.0)
(0.01,4.0,0.007)(165.85989181798615 20.0)
(0.01,4.0,0.007)(165.85989181798615 21.0)
(0.01,4.0,0.007)(165.85989181798615 24.0)
(0.01,4.0,0.007)(165.85989181798615 18.0)
(0.01,4.0,0.007)(165.85989181798615 30.0)
(0.01,4.0,0.007)(165.85989181798615 32.0)
(0.01,4.0,0.007)(165.81921881755773 41.0)
(0.01,4.0,0.007)(165.81921881755773 43.0)
(0.01,4.0,0.007)(165.81921881755773 48.0)
(0.01,4.0,0.007)(165.81921881755773 50.0)
(0.01,4.0,0.007)(165.613645065603 66.0)
(0.01,4.0,0.007)(165.3747526893711 75.0)
(0.01,4.0,0.007)(165.22165718518477 76.0)
(0.01,4.0,0.007)(165.06930045289695 85.0)
(0.01,4.0,0.007)(164.43127207340575 91.0)
(0.01,4.0,0.007)(164.58651616551091 87.0)
(0.01,4.0,0.007)(164.58651616551091 89.0)
(0.01,4.0,0.007)(164.58651616551091 93.0)
(0.01,4.0,0.007)(164.58651616551091 94.0)
(0.01,4.0,0.007)(164.43127207340575 101.0)
(0.01,4.0,0.007)(164.43127207340575 103.0)
(0.01,4.0,0.007)(164.43127207340575 104.0)
(0.01,4.0,0.007)(164.39236192965853 104.0)
(0.01,4.0,0.007)(164.37059668218885 106.0)
(0.01,4.0,0.007)(164.39236192965853 110.0)
(0.01,4.0,0.007)(164.00148264022482 94.0)
(0.01,4.0,0.007)(164.336020924886 111.0)
(0.01,4.0,0.007)(163.9016716927772 106.0)
(0.01,4.0,0.007)(164.33166787539207 109.0)
(0.01,4.0,0.007)(164.336020924886 112.0)
(0.01,4.0,0.007)(164.43127207340575 105.0)
(0.01,4.0,0.007)(164.37059668218885 107.0)
(0.01,4.0,0.007)(163.96246776016181 97.0)
(0.01,4.0,0.007)(164.49146655344683 99.0)
(0.01,4.0,0.007)(164.39236192965853 96.0)
(0.01,4.0,0.007)(164.39236192965853 102.0)
(0.01,4.0,0.007)(164.11836845018914 93.0)
(0.01,4.0,0.007)(164.54770836190792 92.0)
(0.01 4.0 0.01)(161.6846687403882 172.0)
(0.01,4.0,0.01)(165.85989181798615 1.0)
(0.01,4.0,0.01)(165.85989181798615 8.0)
(0.01,4.0,0.01)(165.85989181798615 13.0)
(0.01,4.0,0.01)(165.85989181798615 20.0)
(0.01,4.0,0.01)(165.85989181798615 24.0)
(0.01,4.0,0.01)(165.85989181798615 30.0)
(0.01,4.0,0.01)(165.81921881755773 41.0)
(0.01,4.0,0.01)(165.81921881755773 43.0)
(0.01,4.0,0.01)(165.81921881755773 48.0)
(0.01,4.0,0.01)(165.3747526893711 75.0)
(0.01,4.0,0.01)(164.43127207340575 91.0)
(0.01,4.0,0.01)(164.43127207340575 93.0)
(0.01,4.0,0.01)(164.43127207340575 97.0)
(0.01,4.0,0.01)(164.43127207340575 102.0)
(0.01,4.0,0.01)(164.43127207340575 105.0)
(0.01,4.0,0.01)(164.43127207340575 109.0)
(0.01,4.0,0.01)(164.43127207340575 111.0)
(0.01,4.0,0.01)(164.43127207340575 106.0)
(0.01,4.0,0.01)(164.43127207340575 107.0)
(0.01,4.0,0.01)(164.43127207340575 100.0)
(0.01,4.0,0.01)(164.43127207340575 119.0)
(0.01,4.0,0.01)(164.39236192965853 123.0)
(0.01,4.0,0.01)(164.43127207340575 120.0)
(0.01,4.0,0.01)(163.96246776016181 105.0)
(0.01,4.0,0.01)(164.15819242200652 102.0)
(0.01,4.0,0.01)(164.11917754194351 110.0)
(0.01,4.0,0.01)(164.43127207340575 101.0)
(0.01,4.0,0.01)(163.7278127081772 110.0)
(0.01,4.0,0.01)(163.7278127081772 103.0)
(0.01,4.0,0.01)(164.15819242200652 98.0)
(0.01,4.0,0.01)(164.43127207340575 99.0)
(0.01,4.0,0.01)(164.39236192965853 104.0)
(0.01,4.0,0.01)(164.54770836190792 100.0)
(0.01,4.0,0.01)(164.39236192965853 112.0)
(0.01,4.0,0.01)(164.54770836190792 108.0)
(0.01 4.0 0.013000000000000001)(158.4823970270022 187.0)
(0.01,4.0,0.013000000000000001)(165.85989181798615 1.0)
(0.01,4.0,0.013000000000000001)(165.85989181798615 9.0)
(0.01,4.0,0.013000000000000001)(165.85989181798615 18.0)
(0.01,4.0,0.013000000000000001)(165.85989181798615 25.0)
(0.01,4.0,0.013000000000000001)(165.85989181798615 32.0)
(0.01,4.0,0.013000000000000001)(165.85989181798615 30.0)
(0.01,4.0,0.013000000000000001)(165.81921881755773 43.0)
(0.01,4.0,0.013000000000000001)(165.81921881755773 48.0)
(0.01,4.0,0.013000000000000001)(165.81921881755773 50.0)
(0.01,4.0,0.013000000000000001)(165.3747526893711 75.0)
(0.01,4.0,0.013000000000000001)(164.58651616551091 89.0)
(0.01,4.0,0.013000000000000001)(164.43127207340575 95.0)
(0.01,4.0,0.013000000000000001)(164.43127207340575 94.0)
(0.01,4.0,0.013000000000000001)(164.43127207340575 96.0)
(0.01,4.0,0.013000000000000001)(164.43127207340575 110.0)
(0.01,4.0,0.013000000000000001)(164.43127207340575 107.0)
(0.01,4.0,0.013000000000000001)(164.43127207340575 111.0)
(0.01,4.0,0.013000000000000001)(164.43127207340575 108.0)
(0.01,4.0,0.013000000000000001)(164.43127207340575 115.0)
(0.01,4.0,0.013000000000000001)(164.43127207340575 119.0)
(0.01,4.0,0.013000000000000001)(164.43127207340575 112.0)
(0.01,4.0,0.013000000000000001)(164.43127207340575 114.0)
(0.01,4.0,0.013000000000000001)(164.43127207340575 116.0)
(0.01,4.0,0.013000000000000001)(164.43127207340575 138.0)
(0.01,4.0,0.013000000000000001)(164.4010680286464 131.0)
(0.01,4.0,0.013000000000000001)(164.43127207340(0.01 4.0 0.001)(165.85989181798615 13.0)
(0.01,4.0,0.001)(165.85989181798615 1.0)
(0.01,4.0,0.001)(165.85989181798615 6.0)
(0.01,4.0,0.001)(165.85989181798615 13.0)
(0.01,4.0,0.001)(165.85989181798615 12.0)
(0.01 4.0 0.004)(164.8935497186708 73.0)
(0.01,4.0,0.004)(165.85989181798615 1.0)
(0.01,4.0,0.004)(165.85989181798615 3.0)
(0.01,4.0,0.004)(165.85989181798615 6.0)
(0.01,4.0,0.004)(165.85989181798615 8.0)
(0.01,4.0,0.004)(165.85989181798615 9.0)
(0.01,4.0,0.004)(165.85989181798615 12.0)
(0.01,4.0,0.004)(165.85989181798615 13.0)
(0.01,4.0,0.004)(165.85989181798615 15.0)
(0.01,4.0,0.004)(165.85989181798615 18.0)
(0.01,4.0,0.004)(165.85989181798615 20.0)
(0.01,4.0,0.004)(165.85989181798615 24.0)
(0.01,4.0,0.004)(165.85989181798615 30.0)
(0.01,4.0,0.004)(165.81921881755773 41.0)
(0.01,4.0,0.004)(165.81921881755773 43.0)
(0.01,4.0,0.004)(165.81921881755773 45.0)
(0.01,4.0,0.004)(165.81921881755773 50.0)
(0.01,4.0,0.004)(165.81921881755773 52.0)
(0.01,4.0,0.004)(165.85989181798615 49.0)
(0.01,4.0,0.004)(165.81921881755773 51.0)
(0.01,4.0,0.004)(165.81921881755773 48.0)
(0.01,4.0,0.004)(165.81921881755773 59.0)
(0.01 4.0 0.007)(163.78438627315217 119.0)
(0.01,4.0,0.007)(165.85989181798615 1.0)
(0.01,4.0,0.007)(165.85989181798615 3.0)
(0.01,4.0,0.007)(165.85989181798615 6.0)
(0.01,4.0,0.007)(165.85989181798615 8.0)
(0.01,4.0,0.007)(165.85989181798615 12.0)
(0.01,4.0,0.007)(165.85989181798615 13.0)
(0.01,4.0,0.007)(165.85989181798615 15.0)
(0.01,4.0,0.007)(165.85989181798615 20.0)
(0.01,4.0,0.007)(165.85989181798615 21.0)
(0.01,4.0,0.007)(165.85989181798615 24.0)
(0.01,4.0,0.007)(165.85989181798615 18.0)
(0.01,4.0,0.007)(165.85989181798615 30.0)
(0.01,4.0,0.007)(165.85989181798615 32.0)
(0.01,4.0,0.007)(165.81921881755773 41.0)
(0.01,4.0,0.007)(165.81921881755773 43.0)
(0.01,4.0,0.007)(165.81921881755773 48.0)
(0.01,4.0,0.007)(165.81921881755773 50.0)
(0.01,4.0,0.007)(165.613645065603 66.0)
(0.01,4.0,0.007)(165.3747526893711 75.0)
(0.01,4.0,0.007)(165.22165718518477 76.0)
(0.01,4.0,0.007)(165.06930045289695 85.0)
(0.01,4.0,0.007)(164.43127207340575 91.0)
(0.01,4.0,0.007)(164.58651616551091 87.0)
(0.01,4.0,0.007)(164.58651616551091 89.0)
(0.01,4.0,0.007)(164.58651616551091 93.0)
(0.01,4.0,0.007)(164.58651616551091 94.0)
(0.01,4.0,0.007)(164.43127207340575 101.0)
(0.01,4.0,0.007)(164.43127207340575 103.0)
(0.01,4.0,0.007)(164.43127207340575 104.0)
(0.01,4.0,0.007)(164.39236192965853 104.0)
(0.01,4.0,0.007)(164.37059668218885 106.0)
(0.01,4.0,0.007)(164.39236192965853 110.0)
(0.01,4.0,0.007)(164.00148264022482 94.0)
(0.01,4.0,0.007)(164.336020924886 111.0)
(0.01,4.0,0.007)(163.9016716927772 106.0)
(0.01,4.0,0.007)(164.33166787539207 109.0)
(0.01,4.0,0.007)(164.336020924886 112.0)
(0.01,4.0,0.007)(164.43127207340575 105.0)
(0.01,4.0,0.007)(164.37059668218885 107.0)
(0.01,4.0,0.007)(163.96246776016181 97.0)
(0.01,4.0,0.007)(164.49146655344683 99.0)
(0.01,4.0,0.007)(164.39236192965853 96.0)
(0.01,4.0,0.007)(164.39236192965853 102.0)
(0.01,4.0,0.007)(164.11836845018914 93.0)
(0.01,4.0,0.007)(164.54770836190792 92.0)
(0.01 4.0 0.01)(161.6846687403882 172.0)
(0.01,4.0,0.01)(165.85989181798615 1.0)
(0.01,4.0,0.01)(165.85989181798615 8.0)
(0.01,4.0,0.01)(165.85989181798615 13.0)
(0.01,4.0,0.01)(165.85989181798615 20.0)
(0.01,4.0,0.01)(165.85989181798615 24.0)
(0.01,4.0,0.01)(165.85989181798615 30.0)
(0.01,4.0,0.01)(165.81921881755773 41.0)
(0.01,4.0,0.01)(165.81921881755773 43.0)
(0.01,4.0,0.01)(165.81921881755773 48.0)
(0.01,4.0,0.01)(165.3747526893711 75.0)
(0.01,4.0,0.01)(164.43127207340575 91.0)
(0.01,4.0,0.01)(164.43127207340575 93.0)
(0.01,4.0,0.01)(164.43127207340575 97.0)
(0.01,4.0,0.01)(164.43127207340575 102.0)
(0.01,4.0,0.01)(164.43127207340575 105.0)
(0.01,4.0,0.01)(164.43127207340575 109.0)
(0.01,4.0,0.01)(164.43127207340575 111.0)
(0.01,4.0,0.01)(164.43127207340575 106.0)
(0.01,4.0,0.01)(164.43127207340575 107.0)
(0.01,4.0,0.01)(164.43127207340575 100.0)
(0.01,4.0,0.01)(164.43127207340575 119.0)
(0.01,4.0,0.01)(164.39236192965853 123.0)
(0.01,4.0,0.01)(164.43127207340575 120.0)
(0.01,4.0,0.01)(163.96246776016181 105.0)
(0.01,4.0,0.01)(164.15819242200652 102.0)
(0.01,4.0,0.01)(164.11917754194351 110.0)
(0.01,4.0,0.01)(164.43127207340575 101.0)
(0.01,4.0,0.01)(163.7278127081772 110.0)
(0.01,4.0,0.01)(163.7278127081772 103.0)
(0.01,4.0,0.01)(164.15819242200652 98.0)
(0.01,4.0,0.01)(164.43127207340575 99.0)
(0.01,4.0,0.01)(164.39236192965853 104.0)
(0.01,4.0,0.01)(164.54770836190792 100.0)
(0.01,4.0,0.01)(164.39236192965853 112.0)
(0.01,4.0,0.01)(164.54770836190792 108.0)
(0.01 4.0 0.013000000000000001)(158.4823970270022 187.0)
(0.01,4.0,0.013000000000000001)(165.85989181798615 1.0)
(0.01,4.0,0.013000000000000001)(165.85989181798615 9.0)
(0.01,4.0,0.013000000000000001)(165.85989181798615 18.0)
(0.01,4.0,0.013000000000000001)(165.85989181798615 25.0)
(0.01,4.0,0.013000000000000001)(165.85989181798615 32.0)
(0.01,4.0,0.013000000000000001)(165.85989181798615 30.0)
(0.01,4.0,0.013000000000000001)(165.81921881755773 43.0)
(0.01,4.0,0.013000000000000001)(165.81921881755773 48.0)
(0.01,4.0,0.013000000000000001)(165.81921881755773 50.0)
(0.01,4.0,0.013000000000000001)(165.3747526893711 75.0)
(0.01,4.0,0.013000000000000001)(164.58651616551091 89.0)
(0.01,4.0,0.013000000000000001)(164.43127207340575 95.0)
(0.01,4.0,0.013000000000000001)(164.43127207340575 94.0)
(0.01,4.0,0.013000000000000001)(164.43127207340575 96.0)
(0.01,4.0,0.013000000000000001)(164.43127207340575 110.0)
(0.01,4.0,0.013000000000000001)(164.43127207340575 107.0)
(0.01,4.0,0.013000000000000001)(164.43127207340575 111.0)
(0.01,4.0,0.013000000000000001)(164.43127207340575 108.0)
(0.01,4.0,0.013000000000000001)(164.43127207340575 115.0)
(0.01,4.0,0.013000000000000001)(164.43127207340575 119.0)
(0.01,4.0,0.013000000000000001)(164.43127207340575 112.0)
(0.01,4.0,0.013000000000000001)(164.43127207340575 114.0)
(0.01,4.0,0.013000000000000001)(164.43127207340575 116.0)
(0.01,4.0,0.013000000000000001)(164.43127207340575 138.0)
(0.01,4.0,0.013000000000000001)(164.4010680286464 131.0)
(0.01,4.0,0.013000000000000001)(164.43127207340575 109.0)
(0.01,4.0,0.013000000000000001)(164.39236192965853 111.0)
(0.01,4.0,0.013000000000000001)(164.3621392218496 116.0)
(0.01,4.0,0.013000000000000001)(164.43127207340575 113.0)
(0.01,4.0,0.013000000000000001)(164.39236192965853 117.0)
(0.01,4.0,0.013000000000000001)(164.3621392218496 118.0)
(0.01 4.0 0.016)(156.79524069753506 193.0)
(0.01,4.0,0.016)(165.85989181798615 1.0)
(0.01,4.0,0.016)(165.85989181798615 12.0)
(0.01,4.0,0.016)(165.85989181798615 15.0)
(0.01,4.0,0.016)(165.85989181798615 30.0)
(0.01,4.0,0.016)(165.81921881755773 43.0)
(0.01,4.0,0.016)(165.81921881755773 48.0)
(0.01,4.0,0.016)(165.81921881755773 50.0)
(0.01,4.0,0.016)(164.82825397626175 85.0)
(0.01,4.0,0.016)(164.43127207340575 96.0)
(0.01,4.0,0.016)(164.43127207340575 98.0)
(0.01,4.0,0.016)(164.43127207340575 103.0)
(0.01,4.0,0.016)(164.43127207340575 112.0)
(0.01,4.0,0.016)(164.43127207340575 115.0)
(0.01,4.0,0.016)(164.43127207340575 119.0)
(0.01,4.0,0.016)(164.43127207340575 124.0)
(0.01,4.0,0.016)(164.43127207340575 110.0)
(0.01,4.0,0.016)(164.43127207340575 121.0)
(0.01,4.0,0.016)(164.43127207340575 120.0)
(0.01,4.0,0.016)(164.43127207340575 132.0)
(0.01,4.0,0.016)(164.43127207340575 125.0)
(0.01,4.0,0.016)(164.43127207340575 126.0)
(0.01,4.0,0.016)(164.43127207340575 127.0)
(0.01,4.0,0.016)(164.43127207340575 114.0)
(0.01,4.0,0.016)(164.43127207340575 122.0)
(0.01,4.0,0.016)(164.43127207340575 116.0)
(0.01,4.0,0.016)(164.39236192965853 113.0)
(0.01,4.0,0.016)(164.34472702387384 120.0)
(0.01,4.0,0.016)(164.38365583067068 119.0)
(0.01,4.0,0.016)(163.70195068510697 123.0)
(0.01,4.0,0.016)(164.39236192965853 117.0)
(0.01,4.0,0.016)(163.8149131265996 116.0)
(0.01,4.0,0.016)(163.8149131265996 118.0)
(0.01,4.0,0.016)(163.98424180447552 115.0)
(0.01 4.0 0.019)(156.31046506025925 196.0)
(0.01,4.0,0.019)(165.85989181798615 1.0)
(0.01,4.0,0.019)(165.85989181798615 13.0)
(0.01,4.0,0.019)(165.85989181798615 25.0)
(0.01,4.0,0.019)(165.81921881755773 41.0)
(0.01,4.0,0.019)(165.85989181798615 30.0)
(0.01,4.0,0.019)(165.81921881755773 43.0)
(0.01,4.0,0.019)(165.46181367924987 75.0)
(0.01,4.0,0.019)(164.58651616551091 87.0)
(0.01,4.0,0.019)(164.43127207340575 100.0)
(0.01,4.0,0.019)(164.43127207340575 102.0)
(0.01,4.0,0.019)(164.43127207340575 104.0)
(0.01,4.0,0.019)(164.43127207340575 109.0)
(0.01,4.0,0.019)(164.43127207340575 114.0)
(0.01,4.0,0.019)(164.43127207340575 117.0)
(0.01,4.0,0.019)(164.43127207340575 124.0)
(0.01,4.0,0.019)(164.43127207340575 122.0)
(0.01,4.0,0.019)(164.43127207340575 128.0)
(0.01,4.0,0.019)(164.43127207340575 133.0)
(0.01,4.0,0.019)(164.43127207340575 136.0)
(0.01,4.0,0.019)(163.98424180447552 131.0)
(0.01,4.0,0.019)(164.43127207340575 130.0)
(0.01,4.0,0.019)(164.43127207340575 148.0)
(0.01,4.0,0.019)(164.43127207340575 116.0)
(0.01,4.0,0.019)(164.43127207340575 120.0)
(0.01,4.0,0.019)(164.39236192965853 123.0)
(0.01,4.0,0.019)(164.38365583067068 133.0)
(0.01,4.0,0.019)(164.39236192965853 126.0)
(0.01,4.0,0.019)(164.39236192965853 125.0)
(0.01,4.0,0.019)(164.34472702387384 124.0)
(0.01,4.0,0.019)(164.34472702387384 127.0)
(0.01,4.0,0.019)(164.39236192965853 121.0)
(0.01,4.0,0.019)(164.34472702387384 129.0)
(0.01,4.0,0.019)(163.8149131265996 125.0)
(0.01,4.0,0.019)(163.70195068510697 131.0)
(0.01 4.0 0.022)(151.27212373298894 202.0)
(0.01,4.0,0.022)(165.85989181798615 1.0)
(0.01,4.0,0.022)(165.85989181798615 15.0)
(0.01,4.0,0.022)(165.85989181798615 30.0)
(0.01,4.0,0.022)(165.81921881755773 43.0)
(0.01,4.0,0.022)(165.81921881755773 48.0)
(0.01,4.0,0.022)(165.46181367924987 75.0)
(0.01,4.0,0.022)(164.58651616551091 91.0)
(0.01,4.0,0.022)(164.43127207340575 101.0)
(0.01,4.0,0.022)(164.43127207340575 106.0)
(0.01,4.0,0.022)(164.43127207340575 107.0)
(0.01,4.0,0.022)(164.43127207340575 103.0)
(0.01,4.0,0.022)(164.43127207340575 110.0)
(0.01,4.0,0.022)(164.43127207340575 104.0)
(0.01,4.0,0.022)(164.1797544796935 122.0)
(0.01,4.0,0.022)(164.1797544796935 117.0)
(0.01,4.0,0.022)(164.1797544796935 124.0)
(0.01,4.0,0.022)(164.0538905963785 125.0)
(0.01,4.0,0.022)(164.0538905963785 127.0)
(0.01,4.0,0.022)(164.0538905963785 121.0)
(0.01,4.0,0.022)(164.0538905963785 129.0)
(0.01,4.0,0.022)(164.43127207340575 130.0)
(0.01,4.0,0.022)(164.0538905963785 131.0)
(0.01,4.0,0.022)(164.43127207340575 123.0)
(0.01,4.0,0.022)(164.43127207340575 115.0)
(0.01,4.0,0.022)(164.38365583067068 132.0)
(0.01,4.0,0.022)(164.34472702387384 133.0)
(0.01,4.0,0.022)(164.43127207340575 113.0)
(0.01,4.0,0.022)(164.38365583067068 134.0)
(0.01,4.0,0.022)(164.39236192965853 117.0)
(0.01,4.0,0.022)(164.39236192965853 120.0)
(0.01,4.0,0.022)(164.39236192965853 118.0)
(0.01,4.0,0.022)(164.34472702387384 128.0)
(0.01,4.0,0.022)(163.70195068510697 131.0)
(0.01,4.0,0.022)(164.39236192965853 126.0)
(0.01,4.0,0.022)(163.8149131265996 131.0)
(0.01,4.0,0.022)(163.8149131265996 135.0)
(0.01,4.0,0.022)(163.8149131265996 139.0)
(0.01 4.0 0.024999999999999998)(150.25345867141561 206.0)
(0.01,4.0,0.024999999999999998)(165.85989181798615 1.0)
(0.01,4.0,0.024999999999999998)(165.85989181798615 13.0)
(0.01,4.0,0.024999999999999998)(165.85989181798615 27.0)
(0.01,4.0,0.024999999999999998)(165.85989181798615 30.0)
(0.01,4.0,0.024999999999999998)(165.81921881755773 43.0)
(0.01,4.0,0.024999999999999998)(165.81921881755773 48.0)
(0.01,4.0,0.024999999999999998)(165.30945694696206 76.0)
(0.01,4.0,0.024999999999999998)(165.22165718518477 77.0)
(0.01,4.0,0.024999999999999998)(164.43127207340575 103.0)
(0.01,4.0,0.024999999999999998)(164.43127207340575 100.0)
(0.01,4.0,0.024999999999999998)(164.43127207340575 102.0)
(0.01,4.0,0.024999999999999998)(164.43127207340575 110.0)
(0.01,4.0,0.024999999999999998)(164.43127207340575 104.0)
(0.01,4.0,0.024999999999999998)(164.43127207340575 113.0)
(0.01,4.0,0.024999999999999998)(164.43127207340575 117.0)
(0.01,4.0,0.024999999999999998)(164.43127207340575 115.0)
(0.01,4.0,0.024999999999999998)(164.43127207340575 120.0)
(0.01,4.0,0.024999999999999998)(164.43127207340575 122.0)
(0.01,4.0,0.024999999999999998)(164.43127207340575 123.0)
(0.01,4.0,0.024999999999999998)(164.43127207340575 124.0)
(0.01,4.0,0.024999999999999998)(164.43127207340575 131.0)
(0.01,4.0,0.024999999999999998)(164.43127207340575 130.0)
(0.01,4.0,0.024999999999999998)(164.43127207340575 132.0)
(0.01,4.0,0.024999999999999998)(164.43127207340575 128.0)
(0.01,4.0,0.024999999999999998)(164.43127207340575 116.0)
(0.01,4.0,0.024999999999999998)(164.1797544796935 130.0)
(0.01,4.0,0.024999999999999998)(164.43127207340575 126.0)
(0.01,4.0,0.024999999999999998)(164.288367875461 130.0)
(0.01,4.0,0.024999999999999998)(164.43127207340575 119.0)
(0.01,4.0,0.024999999999999998)(164.288367875461 121.0)
(0.01,4.0,0.024999999999999998)(164.288367875461 125.0)
(0.01,4.0,0.024999999999999998)(164.288367875461 129.0)
(0.01,4.0,0.024999999999999998)(163.64544749224532 126.0)
(0.01,4.0,0.024999999999999998)(164.39236192965853 124.0)
(0.01,4.0,0.024999999999999998)(164.39236192965853 133.0)
(0.01,4.0,0.024999999999999998)(164.39236192965853 134.0)
(0.01,4.0,0.024999999999999998)(163.8149131265996 130.0)
(0.01,4.0,0.024999999999999998)(163.8149131265996 137.0)
(0.01,4.0,0.024999999999999998)(163.64544749224532 135.0)
(0.01 4.0 0.027999999999999997)(156.70882288016932 187.0)
(0.01,4.0,0.027999999999999997)(165.85989181798615 1.0)
(0.01,4.0,0.027999999999999997)(165.85989181798615 13.0)
(0.01,4.0,0.027999999999999997)(165.85989181798615 27.0)
(0.01,4.0,0.027999999999999997)(165.85989181798615 34.0)
(0.01,4.0,0.027999999999999997)(165.81921881755773 43.0)
(0.01,4.0,0.027999999999999997)(165.81921881755773 50.0)
(0.01,4.0,0.027999999999999997)(165.81921881755773 51.0)
(0.01,4.0,0.027999999999999997)(165.46181367924987 83.0)
(0.01,4.0,0.027999999999999997)(164.58651616551091 95.0)
(0.01,4.0,0.027999999999999997)(164.43127207340575 109.0)
(0.01,4.0,0.027999999999999997)(164.43127207340575 107.0)
(0.01,4.0,0.027999999999999997)(164.43127207340575 110.0)
(0.01,4.0,0.027999999999999997)(164.43127207340575 111.0)
(0.01,4.0,0.027999999999999997)(165.07202474792223 107.0)
(0.01,4.0,0.027999999999999997)(164.92977060997603 111.0)
(0.01,4.0,0.027999999999999997)(164.92977060997603 113.0)
(0.01,4.0,0.027999999999999997)(165.07202474792223 108.0)
(0.01,4.0,0.027999999999999997)(164.79524168839438 110.0)
(0.01,4.0,0.027999999999999997)(164.39236192965853 119.0)
(0.01,4.0,0.027999999999999997)(165.07202474792223 114.0)
(0.01,4.0,0.027999999999999997)(165.07202474792223 116.0)
(0.01,4.0,0.027999999999999997)(165.07202474792223 115.0)
(0.01,4.0,0.027999999999999997)(165.07202474792223 112.0)
(0.01 4.0 0.030999999999999996)(156.88295542560908 198.0)
(0.01,4.0,0.030999999999999996)(165.85989181798615 1.0)
(0.01,4.0,0.030999999999999996)(165.85989181798615 13.0)
(0.01,4.0,0.030999999999999996)(165.85989181798615 27.0)
(0.01,4.0,0.030999999999999996)(165.85989181798615 32.0)
(0.01,4.0,0.030999999999999996)(165.81921881755773 43.0)
(0.01,4.0,0.030999999999999996)(165.81921881755773 50.0)
(0.01,4.0,0.030999999999999996)(165.81921881755773 51.0)
(0.01,4.0,0.030999999999999996)(165.613645065603 69.0)
(0.01,4.0,0.030999999999999996)(164.98061070854953 98.0)
(0.01,4.0,0.030999999999999996)(164.43127207340575 117.0)
(0.01,4.0,0.030999999999999996)(164.43127207340575 120.0)
(0.01,4.0,0.030999999999999996)(164.43127207340575 119.0)
(0.01,4.0,0.030999999999999996)(164.43127207340575 125.0)
(0.01,4.0,0.030999999999999996)(164.24959892318668 124.0)
(0.01,4.0,0.030999999999999996)(164.39236192965853 125.0)
(0.01,4.0,0.030999999999999996)(164.39236192965853 126.0)
(0.01,4.0,0.030999999999999996)(164.43127207340575 121.0)
(0.01,4.0,0.030999999999999996)(164.21060037816022 132.0)
(0.01,4.0,0.030999999999999996)(164.39236192965853 131.0)
(0.01,4.0,0.030999999999999996)(164.24940327159646 139.0)
(0.01,4.0,0.030999999999999996)(164.24940327159646 138.0)
(0.01,4.0,0.030999999999999996)(164.24940327159646 135.0)
(0.01,4.0,0.030999999999999996)(164.24940327159646 136.0)
(0.01,4.0,0.030999999999999996)(164.24940327159646 140.0)
(0.01,4.0,0.030999999999999996)(164.24940327159646 133.0)
(0.01,4.0,0.030999999999999996)(164.39236192965853 130.0)
(0.01,4.0,0.030999999999999996)(164.3534331228617 138.0)
(0.01,4.0,0.030999999999999996)(164.39236192965853 128.0)
(0.01,4.0,0.030999999999999996)(164.39236192965853 129.0)
(0.01,4.0,0.030999999999999996)(164.39236192965853 134.0)
(0.01,4.0,0.030999999999999996)(163.8149131265996 136.0)
(0.01,4.0,0.030999999999999996)(163.8149131265996 137.0)
(0.01 4.0 0.033999999999999996)(156.0841464274986 200.0)
(0.01,4.0,0.033999999999999996)(165.85989181798615 1.0)
(0.01,4.0,0.033999999999999996)(165.85989181798615 15.0)
(0.01,4.0,0.033999999999999996)(165.85989181798615 30.0)
(0.01,4.0,0.033999999999999996)(165.85989181798615 34.0)
(0.01,4.0,0.033999999999999996)(165.81921881755773 43.0)
(0.01,4.0,0.033999999999999996)(165.81921881755773 50.0)
(0.01,4.0,0.033999999999999996)(165.81921881755773 53.0)
(0.01,4.0,0.033999999999999996)(165.613645065603 80.0)
(0.01,4.0,0.033999999999999996)(165.3087181750635 106.0)
(0.01,4.0,0.033999999999999996)(164.43127207340575 124.0)
(0.01,4.0,0.033999999999999996)(164.39236192965853 120.0)
(0.01,4.0,0.033999999999999996)(164.39236192965853 133.0)
(0.01,4.0,0.033999999999999996)(164.39236192965853 135.0)
(0.01,4.0,0.033999999999999996)(164.39236192965853 125.0)
(0.01,4.0,0.033999999999999996)(164.288367875461 128.0)
(0.01,4.0,0.033999999999999996)(164.288367875461 127.0)
(0.01,4.0,0.033999999999999996)(164.288367875461 134.0)
(0.01,4.0,0.033999999999999996)(164.288367875461 136.0)
(0.01,4.0,0.033999999999999996)(164.288367875461 143.0)
(0.01,4.0,0.033999999999999996)(164.288367875461 147.0)
(0.01,4.0,0.033999999999999996)(164.288367875461 130.0)
(0.01,4.0,0.033999999999999996)(164.288367875461 149.0)
(0.01,4.0,0.033999999999999996)(164.288367875461 150.0)
(0.01,4.0,0.033999999999999996)(164.288367875461 132.0)
(0.01,4.0,0.033999999999999996)(164.288367875461 146.0)
(0.01,4.0,0.033999999999999996)(164.2363441231147 148.0)
(0.01,4.0,0.033999999999999996)(164.2363441231147 151.0)
(0.01,4.0,0.033999999999999996)(164.288367875461 152.0)
(0.01,4.0,0.033999999999999996)(164.288367875461 145.0)
(0.01,4.0,0.033999999999999996)(163.64544749224532 150.0)
(0.01 4.0 0.037)(153.7161602108459 208.0)
(0.01,4.0,0.037)(165.85989181798615 1.0)
(0.01,4.0,0.037)(165.85989181798615 13.0)
(0.01,4.0,0.037)(165.85989181798615 25.0)
(0.01,4.0,0.037)(165.81921881755773 41.0)
(0.01,4.0,0.037)(165.85989181798615 30.0)
(0.01,4.0,0.037)(165.81921881755773 43.0)
(0.01,4.0,0.037)(165.81921881755773 51.0)
(0.01,4.0,0.037)(165.81921881755773 73.0)
(0.01,4.0,0.037)(165.3747526893711 102.0)
(0.01,4.0,0.037)(164.58651616551091 115.0)
(0.01,4.0,0.037)(164.54770836190792 122.0)
(0.01,4.0,0.037)(164.54770836190792 124.0)
(0.01,4.0,0.037)(164.50452570192863 125.0)
(0.01,4.0,0.037)(164.40503862259322 129.0)
(0.01,4.0,0.037)(164.2964989013201 135.0)
(0.01,4.0,0.037)(164.15359470337535 140.0)
(0.01,4.0,0.037)(164.15359470337535 142.0)
(0.01,4.0,0.037)(164.2575887575729 141.0)
(0.01,4.0,0.037)(164.24940327159646 137.0)
(0.01,4.0,0.037)(164.2575887575729 143.0)
(0.01,4.0,0.037)(164.2575887575729 144.0)
(0.01,4.0,0.037)(164.2575887575729 145.0)
(0.01,4.0,0.037)(163.40627335438813 144.0)
(0.01,4.0,0.037)(164.3534331228617 139.0)
(0.01,4.0,0.037)(164.1017741408118 152.0)
(0.01,4.0,0.037)(164.2575887575729 146.0)
(0.01,4.0,0.037)(164.2575887575729 147.0)
(0.01,4.0,0.037)(164.2575887575729 148.0)
(0.01,4.0,0.037)(164.2575887575729 149.0)
(0.01,4.0,0.037)(164.1017741408118 151.0)
(0.01,4.0,0.037)(163.3671542000933 146.0)
(0.01,4.0,0.037)(164.21865995077607 149.0)
(0.01,4.0,0.037)(163.24954988108388 149.0)
(0.01,4.0,0.037)(164.0237284408338 147.0)
(0.01,4.0,0.037)(164.50887875142254 142.0)
(0.01,4.0,0.037)(164.0237284408338 150.0)
(0.01 4.0 0.04)(155.10168284352332 198.0)
(0.01,4.0,0.04)(165.85989181798615 1.0)
(0.01,4.0,0.04)(165.85989181798615 13.0)
(0.01,4.0,0.04)(165.85989181798615 24.0)
(0.01,4.0,0.04)(165.85989181798615 37.0)
(0.01,4.0,0.04)(165.85989181798615 30.0)
(0.01,4.0,0.04)(165.81921881755773 43.0)
(0.01,4.0,0.04)(165.81921881755773 50.0)
(0.01,4.0,0.04)(165.81921881755773 53.0)
(0.01,4.0,0.04)(165.613645065603 88.0)
(0.01,4.0,0.04)(165.3747526893711 101.0)
(0.01,4.0,0.04)(165.3747526893711 102.0)
(0.01,4.0,0.04)(164.58651616551091 119.0)
(0.01,4.0,0.04)(164.54770836190792 123.0)
(0.01,4.0,0.04)(164.54770836190792 124.0)
(0.01,4.0,0.04)(164.54770836190792 126.0)
(0.01,4.0,0.04)(164.50887875142254 131.0)
(0.01,4.0,0.04)(164.50887875142254 135.0)
(0.01,4.0,0.04)(164.50887875142254 138.0)
(0.01,4.0,0.04)(164.50887875142254 134.0)
(0.01,4.0,0.04)(164.50887875142254 139.0)
(0.01,4.0,0.04)(164.46132194924405 140.0)
(0.01,4.0,0.04)(164.50887875142254 137.0)
(0.01,4.0,0.04)(164.46132194924405 141.0)
(0.01,4.0,0.04)(164.09306804182393 140.0)
(0.01,4.0,0.04)(163.68884605350186 142.0)
(0.01 4.0 0.043000000000000003)(146.43523877115263 220.0)
(0.01,4.0,0.043000000000000003)(165.85989181798615 1.0)
(0.01,4.0,0.043000000000000003)(165.85989181798615 18.0)
(0.01,4.0,0.043000000000000003)(165.85989181798615 27.0)
(0.01,4.0,0.043000000000000003)(165.85989181798615 30.0)
(0.01,4.0,0.043000000000000003)(165.81921881755773 50.0)
(0.01,4.0,0.043000000000000003)(165.81921881755773 58.0)
(0.01,4.0,0.043000000000000003)(165.81921881755773 62.0)
(0.01,4.0,0.043000000000000003)(165.81921881755773 65.0)
(0.01,4.0,0.043000000000000003)(164.9480574898817 101.0)
(0.01,4.0,0.043000000000000003)(165.22165718518477 102.0)
(0.01,4.0,0.043000000000000003)(163.5931244477586 111.0)
(0.01,4.0,0.043000000000000003)(164.64022319655922 105.0)
(0.01,4.0,0.043000000000000003)(164.5365118655991 109.0)
(0.01,4.0,0.043000000000000003)(164.5365118655991 112.0)
(0.01,4.0,0.043000000000000003)(164.5365118655991 117.0)
(0.01,4.0,0.043000000000000003)(164.5365118655991 118.0)
(0.01,4.0,0.043000000000000003)(164.5365118655991 119.0)
(0.01,4.0,0.043000000000000003)(164.5365118655991 120.0)
(0.01,4.0,0.043000000000000003)(164.40254822527228 125.0)
(0.01,4.0,0.043000000000000003)(164.5365118655991 123.0)
(0.01,4.0,0.043000000000000003)(164.40254822527228 126.0)
(0.01,4.0,0.043000000000000003)(164.28581834535814 126.0)
(0.01,4.0,0.043000000000000003)(164.419960423248 124.0)
(0.01,4.0,0.043000000000000003)(164.40254822527228 122.0)
(0.01,4.0,0.043000000000000003)(164.2120469989695 130.0)
(0.01,4.0,0.043000000000000003)(164.2120469989695 128.0)
(0.01,4.0,0.043000000000000003)(164.1123353537801 128.0)
(0.01,4.0,0.043000000000000003)(164.37236339489002 126.0)
(0.01,4.0,0.043000000000000003)(164.21616955345516 124.0)
(0.01,4.0,0.043000000000000003)(163.7648424807546 127.0)
(0.01,4.0,0.043000000000000003)(164.20311040497333 128.0)
(0.01,4.0,0.043000000000000003)(164.18592870200592 128.0)
(0.01,4.0,0.043000000000000003)(164.10362925479228 128.0)
(0.01,4.0,0.043000000000000003)(164.21616955345516 129.0)
(0.01,4.0,0.043000000000000003)(164.27686360772165 122.0)
(0.01,4.0,0.043000000000000003)(164.0339804628892 124.0)
(0.01 4.0 0.046000000000000006)(145.2832527478046 221.0)
(0.01,4.0,0.046000000000000006)(165.85989181798615 1.0)
(0.01,4.0,0.046000000000000006)(165.85989181798615 18.0)
(0.01,4.0,0.046000000000000006)(165.85989181798615 27.0)
(0.01,4.0,0.046000000000000006)(165.81921881755773 43.0)
(0.01,4.0,0.046000000000000006)(165.81921881755773 50.0)
(0.01,4.0,0.046000000000000006)(165.81921881755773 58.0)
(0.01,4.0,0.046000000000000006)(165.81921881755773 60.0)
(0.01,4.0,0.046000000000000006)(165.81921881755773 72.0)
(0.01,4.0,0.046000000000000006)(165.81921881755773 84.0)
(0.01,4.0,0.046000000000000006)(165.1586201423944 89.0)
(0.01,4.0,0.046000000000000006)(164.88982151688484 97.0)
(0.01,4.0,0.046000000000000006)(163.9722865523502 105.0)
(0.01,4.0,0.046000000000000006)(163.7989145315652 111.0)
(0.01,4.0,0.046000000000000006)(163.7989145315652 118.0)
(0.01,4.0,0.046000000000000006)(163.7989145315652 124.0)
(0.01,4.0,0.046000000000000006)(163.7989145315652 125.0)
(0.01,4.0,0.046000000000000006)(163.7989145315652 126.0)
(0.01,4.0,0.046000000000000006)(163.7989145315652 127.0)
(0.01,4.0,0.046000000000000006)(163.7989145315652 129.0)
(0.01,4.0,0.046000000000000006)(163.7989145315652 128.0)
(0.01,4.0,0.046000000000000006)(163.58610963871723 132.0)
(0.01,4.0,0.046000000000000006)(163.58610963871723 134.0)
(0.01,4.0,0.046000000000000006)(163.58610963871723 135.0)
(0.01,4.0,0.046000000000000006)(163.7989145315652 133.0)
(0.01,4.0,0.046000000000000006)(163.51219424787985 135.0)
(0.01,4.0,0.046000000000000006)(164.40254822527228 121.0)
(0.01,4.0,0.046000000000000006)(163.51219424787985 131.0)
(0.01,4.0,0.046000000000000006)(163.0684057756628 143.0)
(0.01,4.0,0.046000000000000006)(163.14241493368195 133.0)
(0.01,4.0,0.046000000000000006)(162.75912124746213 135.0)
(0.01,4.0,0.046000000000000006)(162.41459588587202 135.0)
(0.01,4.0,0.046000000000000006)(164.12084580117778 123.0)
(0.01,4.0,0.046000000000000006)(162.82013102822833 133.0)
(0.01,4.0,0.046000000000000006)(163.49955004593383 124.0)
(0.01,4.0,0.046000000000000006)(162.8593084736738 133.0)
(0.01,4.0,0.046000000000000006)(163.14241493368195 130.0)
(0.01,4.0,0.046000000000000006)(162.65029501011372 130.0)
(0.01,4.0,0.046000000000000006)(162.4366156186344 130.0)
(0.01,4.0,0.046000000000000006)(163.3556149793316 129.0)
(0.01,4.0,0.046000000000000006)(163.07275882515668 130.0)
(0.01 4.0 0.04900000000000001)(140.4935939447795 228.0)
(0.01,4.0,0.04900000000000001)(165.85989181798615 1.0)
(0.01,4.0,0.04900000000000001)(165.85989181798615 18.0)
(0.01,4.0,0.04900000000000001)(165.85989181798615 30.0)
(0.01,4.0,0.04900000000000001)(165.81921881755773 43.0)
(0.01,4.0,0.04900000000000001)(165.81921881755773 48.0)
(0.01,4.0,0.04900000000000001)(165.58346897715842 70.0)
(0.01,4.0,0.04900000000000001)(165.81921881755773 58.0)
(0.01,4.0,0.04900000000000001)(165.81921881755773 61.0)
(0.01,4.0,0.04900000000000001)(165.39751251862629 85.0)
(0.01,4.0,0.04900000000000001)(165.39751251862629 92.0)
(0.01,4.0,0.04900000000000001)(164.64156429344533 115.0)
(0.01,4.0,0.04900000000000001)(162.37363891131986 129.0)
(0.01,4.0,0.04900000000000001)(163.6855726793404 125.0)
(0.01,4.0,0.04900000000000001)(163.6855726793404 131.0)
(0.01,4.0,0.04900000000000001)(163.6855726793404 137.0)
(0.01,4.0,0.04900000000000001)(163.6855726793404 142.0)
(0.01,4.0,0.04900000000000001)(163.6855726793404 144.0)
(0.01,4.0,0.04900000000000001)(163.6855726793404 145.0)
(0.01,4.0,0.04900000000000001)(163.6855726793404 147.0)
(0.01,4.0,0.04900000000000001)(163.6855726793404 146.0)
(0.01,4.0,0.04900000000000001)(163.6855726793404 149.0)
(0.01,4.0,0.04900000000000001)(163.6855726793404 155.0)
(0.01,4.0,0.04900000000000001)(161.72314117371846 167.0)
(0.01,4.0,0.04900000000000001)(163.6855726793404 156.0)
(0.01,4.0,0.04900000000000001)(164.5569282812176 122.0)
(0.01,4.0,0.04900000000000001)(163.61173340332587 156.0)
(0.01,4.0,0.04900000000000001)(163.36410411452638 152.0)
(0.01,4.0,0.04900000000000001)(163.6855726793404 151.0)
(0.01,4.0,0.04900000000000001)(163.61173340332587 157.0)
(0.01,4.0,0.04900000000000001)(161.72314117371846 160.0)
(0.01,4.0,0.04900000000000001)(161.32550618637762 161.0)
(0.01,4.0,0.04900000000000001)(161.64891011857628 161.0)
(0.01,4.0,0.04900000000000001)(161.64891011857628 162.0)
(0.01,4.0,0.04900000000000001)(163.30324787217077 149.0)
(0.01,4.0,0.04900000000000001)(160.90026570949328 157.0)
(0.01,4.0,0.04900000000000001)(161.72314117371846 158.0)
(0.01,4.0,0.04900000000000001)(161.6532631680702 157.0)
(0.01,4.0,0.04900000000000001)(161.6532631680702 159.0)
(0.01,4.0,0.04900000000000001)(160.78794054463708 158.0)
(0.01,4.0,0.04900000000000001)(164.5569282812176 127.0)
(0.01 4.0 0.05200000000000001)(141.96424282797213 228.0)
(0.01,4.0,0.05200000000000001)(165.85989181798615 1.0)
(0.01,4.0,0.05200000000000001)(165.85989181798615 20.0)
(0.01,4.0,0.05200000000000001)(165.85989181798615 32.0)
(0.01,4.0,0.05200000000000001)(165.81921881755773 45.0)
(0.01,4.0,0.05200000000000001)(165.81921881755773 43.0)
(0.01,4.0,0.05200000000000001)(165.81921881755773 50.0)
(0.01,4.0,0.05200000000000001)(165.81921881755773 58.0)
(0.01,4.0,0.05200000000000001)(165.51817323474936 91.0)
(0.01,4.0,0.05200000000000001)(165.338779860443 97.0)
(0.01,4.0,0.05200000000000001)(164.97818539011178 98.0)
(0.01,4.0,0.05200000000000001)(164.10573643843304 114.0)
(0.01,4.0,0.05200000000000001)(163.95029080987217 127.0)
(0.01,4.0,0.05200000000000001)(163.80708351316153 131.0)
(0.01,4.0,0.05200000000000001)(164.12796338270147 135.0)
(0.01,4.0,0.05200000000000001)(164.12796338270147 141.0)
(0.01,4.0,0.05200000000000001)(164.12796338270147 145.0)
(0.01,4.0,0.05200000000000001)(164.5569282812176 145.0)
(0.01,4.0,0.05200000000000001)(164.5569282812176 146.0)
(0.01,4.0,0.05200000000000001)(164.5569282812176 147.0)
(0.01,4.0,0.05200000000000001)(164.5569282812176 152.0)
(0.01,4.0,0.05200000000000001)(164.5569282812176 156.0)
(0.01,4.0,0.05200000000000001)(164.47898900305714 158.0)
(0.01,4.0,0.05200000000000001)(164.5569282812176 130.0)
(0.01,4.0,0.05200000000000001)(164.47898900305714 159.0)
(0.01,4.0,0.05200000000000001)(164.31468281414197 160.0)
(0.01,4.0,0.05200000000000001)(164.24100771499982 160.0)
(0.01,4.0,0.05200000000000001)(164.48334205255108 160.0)
(0.01,4.0,0.05200000000000001)(163.88957861196536 162.0)
(0.01,4.0,0.05200000000000001)(164.09794991454555 164.0)
(0.01,4.0,0.05200000000000001)(164.31903586363592 156.0)
(0.01,4.0,0.05200000000000001)(164.31903586363592 161.0)
(0.01,4.0,0.05200000000000001)(164.24971381398768 156.0)
(0.01,4.0,0.05200000000000001)(163.3773219356508 157.0)
(0.01,4.0,0.05200000000000001)(164.1760182893611 162.0)
(0.01,4.0,0.05200000000000001)(164.31903586363592 163.0)
(0.01,4.0,0.05200000000000001)(164.39268987007276 157.0)
(0.01,4.0,0.05200000000000001)(164.48334205255105 133.0)
(0.01,4.0,0.05200000000000001)(163.30337838540447 158.0)
(0.01,4.0,0.05200000000000001)(163.8077919927795 154.0)
(0.01,4.0,0.05200000000000001)(163.8077919927795 153.0)
(0.01,4.0,0.05200000000000001)(163.3773219356508 151.0)
(0.01,4.0,0.05200000000000001)(163.61201109033115 154.0)
(0.01,4.0,0.05200000000000001)(163.3773219356508 150.0)
(0.01,4.0,0.05200000000000001)(163.61201109033115 149.0)
(0.01,4.0,0.05200000000000001)(163.96396465716964 155.0)
(0.01,4.0,0.05200000000000001)(163.13805658282612 152.0)
(0.01,4.0,0.05200000000000001)(163.60782940306365 150.0)
(0.01,4.0,0.05200000000000001)(164.0542480573798 147.0)
(0.01,4.0,0.05200000000000001)(164.0542480573798 148.0)
(0.01,4.0,0.05200000000000001)(163.83298896854416 151.0)
(0.01,4.0,0.05200000000000001)(164.33610022665158 149.0)
(0.01,4.0,0.05200000000000001)(164.2624462202147 149.0)
(0.01,4.0,0.05200000000000001)(163.89822557817132 151.0)
(0.01,4.0,0.05200000000000001)(163.97197878091964 150.0)
(0.01 4.0 0.055000000000000014)(138.45644337175142 232.0)
(0.01,4.0,0.055000000000000014)(165.85989181798615 1.0)
(0.01,4.0,0.055000000000000014)(165.85989181798615 20.0)
(0.01,4.0,0.055000000000000014)(165.85989181798615 32.0)
(0.01,4.0,0.055000000000000014)(165.81921881755773 43.0)
(0.01,4.0,0.055000000000000014)(165.81921881755773 50.0)
(0.01,4.0,0.055000000000000014)(165.81921881755773 57.0)
(0.01,4.0,0.055000000000000014)(165.81921881755773 65.0)
(0.01,4.0,0.055000000000000014)(165.81921881755773 75.0)
(0.01,4.0,0.055000000000000014)(164.6761158401903 109.0)
(0.01,4.0,0.055000000000000014)(163.91847089792088 125.0)
(0.01,4.0,0.055000000000000014)(162.49569565937654 140.0)
(0.01,4.0,0.055000000000000014)(162.25940225009097 153.0)
(0.01,4.0,0.055000000000000014)(162.37727037263835 153.0)
(0.01,4.0,0.055000000000000014)(162.37727037263835 156.0)
(0.01,4.0,0.055000000000000014)(162.53453038036915 153.0)
(0.01,4.0,0.055000000000000014)(162.53453038036915 159.0)
(0.01,4.0,0.055000000000000014)(162.53453038036915 162.0)
(0.01,4.0,0.055000000000000014)(162.53453038036915 163.0)
(0.01,4.0,0.055000000000000014)(162.53453038036915 168.0)
(0.01,4.0,0.055000000000000014)(162.01109587718207 167.0)
(0.01,4.0,0.055000000000000014)(162.01109587718207 169.0)
(0.01,4.0,0.055000000000000014)(162.01109587718207 171.0)
(0.01,4.0,0.055000000000000014)(162.01109587718207 173.0)
(0.01,4.0,0.055000000000000014)(162.44316569607582 173.0)
(0.01,4.0,0.055000000000000014)(161.93254884493496 174.0)
(0.01,4.0,0.055000000000000014)(161.77520640541934 175.0)
(0.01,4.0,0.055000000000000014)(161.45157325947545 176.0)
(0.01,4.0,0.055000000000000014)(161.37264739578475 175.0)
(0.01,4.0,0.055000000000000014)(161.3201129406177 176.0)
(0.01,4.0,0.055000000000000014)(164.03758229475923 145.0)
(0.01,4.0,0.055000000000000014)(161.12763683027748 175.0)
(0.01,4.0,0.055000000000000014)(161.12763683027748 177.0)
(0.01,4.0,0.055000000000000014)(161.53020106185113 170.0)
(0.01,4.0,0.055000000000000014)(161.12763683027748 178.0)
(0.01,4.0,0.055000000000000014)(161.2852885446662 170.0)
(0.01,4.0,0.055000000000000014)(160.15553513992535 181.0)
(0.01,4.0,0.055000000000000014)(160.31351818522785 176.0)
(0.01,4.0,0.055000000000000014)(161.8233100812935 169.0)
(0.01,4.0,0.055000000000000014)(164.03758229475923 146.0)
(0.01,4.0,0.055000000000000014)(160.9096545682409 181.0)
(0.01,4.0,0.055000000000000014)(164.03758229475923 147.0)
(0.01,4.0,0.055000000000000014)(160.09850756881818 183.0)
(0.01,4.0,0.055000000000000014)(160.31351818522785 182.0)
(0.01,4.0,0.055000000000000014)(160.3747002088685 182.0)
(0.01,4.0,0.055000000000000014)(160.60354523289985 182.0)
(0.01,4.0,0.055000000000000014)(163.88563405564256 148.0)
(0.01,4.0,0.055000000000000014)(160.9096545682409 180.0)
(0.01 4.0 0.05800000000000002)(140.97819843248558 230.0)
(0.01,4.0,0.05800000000000002)(165.85989181798615 1.0)
(0.01,4.0,0.05800000000000002)(165.85989181798615 18.0)
(0.01,4.0,0.05800000000000002)(165.85989181798615 27.0)
(0.01,4.0,0.05800000000000002)(165.85989181798615 35.0)
(0.01,4.0,0.05800000000000002)(165.85989181798615 39.0)
(0.01,4.0,0.05800000000000002)(165.81921881755773 55.0)
(0.01,4.0,0.05800000000000002)(165.81921881755773 58.0)
(0.01,4.0,0.05800000000000002)(165.81921881755773 61.0)
(0.01,4.0,0.05800000000000002)(165.81921881755773 67.0)
(0.01,4.0,0.05800000000000002)(165.5226976464697 74.0)
(0.01,4.0,0.05800000000000002)(165.69683122123195 77.0)
(0.01,4.0,0.05800000000000002)(165.25015319448272 112.0)
(0.01,4.0,0.05800000000000002)(164.07936236697012 115.0)
(0.01,4.0,0.05800000000000002)(163.34947519486306 132.0)
(0.01,4.0,0.05800000000000002)(163.34947519486306 135.0)
(0.01,4.0,0.05800000000000002)(163.34947519486306 136.0)
(0.01,4.0,0.05800000000000002)(163.34947519486306 140.0)
(0.01,4.0,0.05800000000000002)(163.34947519486306 146.0)
(0.01,4.0,0.05800000000000002)(163.34947519486306 147.0)
(0.01,4.0,0.05800000000000002)(163.34947519486306 150.0)
(0.01,4.0,0.05800000000000002)(163.31031591041057 155.0)
(0.01,4.0,0.05800000000000002)(163.31031591041057 158.0)
(0.01,4.0,0.05800000000000002)(162.73541491483718 161.0)
(0.01,4.0,0.05800000000000002)(162.73541491483718 163.0)
(0.01,4.0,0.05800000000000002)(162.73541491483718 164.0)
(0.01,4.0,0.05800000000000002)(162.73541491483718 160.0)
(0.01,4.0,0.05800000000000002)(162.32086049350178 165.0)
(0.01,4.0,0.05800000000000002)(162.52604499868704 164.0)
(0.01,4.0,0.05800000000000002)(162.16360319256643 161.0)
(0.01,4.0,0.05800000000000002)(162.16360319256643 162.0)
(0.01,4.0,0.05800000000000002)(162.32086049350178 157.0)
(0.01,4.0,0.05800000000000002)(162.73541491483718 154.0)
(0.01,4.0,0.05800000000000002)(162.1068119504208 156.0)
(0.01,4.0,0.05800000000000002)(161.72695116737538 158.0)
(0.01,4.0,0.05800000000000002)(162.73541491483718 152.0)
(0.01,4.0,0.05800000000000002)(162.50875480785837 156.0)
(0.01,4.0,0.05800000000000002)(162.73541491483718 153.0)
(0.01,4.0,0.05800000000000002)(162.1422126382075 157.0)
(0.01,4.0,0.05800000000000002)(162.73541491483718 151.0)
(0.01,4.0,0.05800000000000002)(162.9273215250027 162.0)
(0.01,4.0,0.05800000000000002)(163.12330412913747 160.0)
(0.01 4.0 0.06100000000000002)(134.35632768494767 241.0)
(0.01,4.0,0.06100000000000002)(165.85989181798615 1.0)
(0.01,4.0,0.06100000000000002)(165.85989181798615 15.0)
(0.01,4.0,0.06100000000000002)(165.85989181798615 39.0)
(0.01,4.0,0.06100000000000002)(165.81921881755773 43.0)
(0.01,4.0,0.06100000000000002)(165.81921881755773 52.0)
(0.01,4.0,0.06100000000000002)(165.7098903697138 63.0)
(0.01,4.0,0.06100000000000002)(165.7098903697138 66.0)
(0.01,4.0,0.06100000000000002)(165.7098903697138 69.0)
(0.01,4.0,0.06100000000000002)(165.7098903697138 89.0)
(0.01,4.0,0.06100000000000002)(165.31266156347937 110.0)
(0.01,4.0,0.06100000000000002)(163.40174894266787 120.0)
(0.01,4.0,0.06100000000000002)(162.8881440795572 139.0)
(0.01,4.0,0.06100000000000002)(162.8881440795572 140.0)
(0.01,4.0,0.06100000000000002)(162.8881440795572 149.0)
(0.01,4.0,0.06100000000000002)(162.8881440795572 156.0)
(0.01,4.0,0.06100000000000002)(162.8881440795572 152.0)
(0.01,4.0,0.06100000000000002)(162.8881440795572 155.0)
(0.01,4.0,0.06100000000000002)(162.8881440795572 161.0)
(0.01,4.0,0.06100000000000002)(162.77919520498534 160.0)
(0.01,4.0,0.06100000000000002)(162.0027117235172 167.0)
(0.01,4.0,0.06100000000000002)(161.87170771240608 169.0)
(0.01,4.0,0.06100000000000002)(161.87170771240608 170.0)
(0.01,4.0,0.06100000000000002)(161.95897962985336 170.0)
(0.01,4.0,0.06100000000000002)(160.60804463573572 174.0)
(0.01,4.0,0.06100000000000002)(161.23791908691211 148.0)
(0.01,4.0,0.06100000000000002)(160.56256678601352 149.0)
(0.01,4.0,0.06100000000000002)(159.95790652609685 171.0)
(0.01,4.0,0.06100000000000002)(159.95790652609685 172.0)
(0.01,4.0,0.06100000000000002)(159.8834341444923 172.0)
(0.01,4.0,0.06100000000000002)(160.46324702793498 172.0)
(0.01,4.0,0.06100000000000002)(159.8834341444923 173.0)
(0.01,4.0,0.06100000000000002)(160.56256678601352 150.0)
(0.01,4.0,0.06100000000000002)(161.1636112637405 167.0)
(0.01,4.0,0.06100000000000002)(161.23791908691211 163.0)
(0.01,4.0,0.06100000000000002)(159.99302369834274 178.0)
(0.01,4.0,0.06100000000000002)(161.01061858062042 163.0)
(0.01,4.0,0.06100000000000002)(160.31008991536515 166.0)
(0.01,4.0,0.06100000000000002)(160.72464817993196 171.0)
(0.01,4.0,0.06100000000000002)(160.1071118189498 170.0)
(0.01,4.0,0.06100000000000002)(160.06898823672594 171.0)
(0.01,4.0,0.06100000000000002)(160.13758316540736 176.0)
(0.01,4.0,0.06100000000000002)(160.8168196492183 168.0)
(0.01,4.0,0.06100000000000002)(160.96555137353153 175.0)
(0.01,4.0,0.06100000000000002)(161.07942867867226 167.0)
(0.01,4.0,0.06100000000000002)(160.8168196492183 164.0)
(0.01,4.0,0.06100000000000002)(160.838584896688 170.0)
(0.01,4.0,0.06100000000000002)(160.8168196492183 165.0)
(0.01,4.0,0.06100000000000002)(159.1938797403779 157.0)
(0.01,4.0,0.06100000000000002)(159.4218502760038 156.0)
(0.01,4.0,0.06100000000000002)(160.40443290364814 174.0)
(0.01,4.0,0.06100000000000002)(160.6593524375229 171.0)
(0.01,4.0,0.06100000000000002)(160.28690056731185 176.0)
(0.01 4.0 0.06400000000000002)(134.89071576826328 236.0)
(0.01,4.0,0.06400000000000002)(165.85989181798615 1.0)
(0.01,4.0,0.06400000000000002)(165.85989181798615 15.0)
(0.01,4.0,0.06400000000000002)(165.85989181798615 30.0)
(0.01,4.0,0.06400000000000002)(165.81921881755773 45.0)
(0.01,4.0,0.06400000000000002)(165.81921881755773 43.0)
(0.01,4.0,0.06400000000000002)(165.81921881755773 51.0)
(0.01,4.0,0.06400000000000002)(165.81921881755773 58.0)
(0.01,4.0,0.06400000000000002)(165.81921881755773 67.0)
(0.01,4.0,0.06400000000000002)(165.2570754367992 98.0)
(0.01,4.0,0.06400000000000002)(165.01736283555724 105.0)
(0.01,4.0,0.06400000000000002)(164.477469075337 128.0)
(0.01,4.0,0.06400000000000002)(163.71030887727042 125.0)
(0.01,4.0,0.06400000000000002)(163.71030887727042 130.0)
(0.01,4.0,0.06400000000000002)(163.48429821041015 133.0)
(0.01,4.0,0.06400000000000002)(163.48429821041015 135.0)
(0.01,4.0,0.06400000000000002)(163.11458188441688 137.0)
(0.01,4.0,0.06400000000000002)(163.11458188441688 138.0)
(0.01,4.0,0.06400000000000002)(163.11458188441688 139.0)
(0.01,4.0,0.06400000000000002)(163.11458188441688 141.0)
(0.01,4.0,0.06400000000000002)(163.11458188441688 142.0)
(0.01,4.0,0.06400000000000002)(163.11458188441688 143.0)
(0.01,4.0,0.06400000000000002)(163.11458188441688 144.0)
(0.01,4.0,0.06400000000000002)(163.11458188441688 145.0)
(0.01,4.0,0.06400000000000002)(162.77496479271485 152.0)
(0.01,4.0,0.06400000000000002)(162.5919356437636 151.0)
(0.01,4.0,0.06400000000000002)(162.77496479271485 147.0)
(0.01,4.0,0.06400000000000002)(163.11458188441688 146.0)
(0.01,4.0,0.06400000000000002)(162.5919356437636 153.0)
(0.01,4.0,0.06400000000000002)(162.5919356437636 149.0)
(0.01,4.0,0.06400000000000002)(162.5919356437636 154.0)
(0.01,4.0,0.06400000000000002)(162.5919356437636 155.0)
(0.01 4.0 0.06700000000000002)(129.20240381367083 249.0)
(0.01,4.0,0.06700000000000002)(165.85989181798615 1.0)
(0.01,4.0,0.06700000000000002)(165.85989181798615 20.0)
(0.01,4.0,0.06700000000000002)(165.85989181798615 32.0)
(0.01,4.0,0.06700000000000002)(165.85989181798615 35.0)
(0.01,4.0,0.06700000000000002)(165.81921881755773 43.0)
(0.01,4.0,0.06700000000000002)(165.81921881755773 44.0)
(0.01,4.0,0.06700000000000002)(165.81921881755773 51.0)
(0.01,4.0,0.06700000000000002)(165.81921881755773 67.0)
(0.01,4.0,0.06700000000000002)(165.81921881755773 68.0)
(0.01,4.0,0.06700000000000002)(165.66794235291405 89.0)
(0.01,4.0,0.06700000000000002)(165.66794235291405 112.0)
(0.01,4.0,0.06700000000000002)(164.8540247551494 125.0)
(0.01,4.0,0.06700000000000002)(162.49930870835834 145.0)
(0.01,4.0,0.06700000000000002)(162.56914727482436 167.0)
(0.01,4.0,0.06700000000000002)(161.83525725087952 170.0)
(0.01,4.0,0.06700000000000002)(161.83525725087952 172.0)
(0.01,4.0,0.06700000000000002)(161.0569654129042 175.0)
(0.01,4.0,0.06700000000000002)(161.01307460978282 179.0)
(0.01,4.0,0.06700000000000002)(161.01307460978282 181.0)
(0.01,4.0,0.06700000000000002)(161.01307460978282 182.0)
(0.01,4.0,0.06700000000000002)(159.82923400978927 190.0)
(0.01,4.0,0.06700000000000002)(159.82923400978927 191.0)
(0.01,4.0,0.06700000000000002)(159.08116227859335 192.0)
(0.01,4.0,0.06700000000000002)(159.44203257859974 191.0)
(0.01,4.0,0.06700000000000002)(158.62301408375868 193.0)
(0.01,4.0,0.06700000000000002)(159.01093129483272 192.0)
(0.01,4.0,0.06700000000000002)(158.96681319857117 194.0)
(0.01,4.0,0.06700000000000002)(157.13654927034585 196.0)
(0.01,4.0,0.06700000000000002)(158.96681319857117 197.0)
(0.01,4.0,0.06700000000000002)(161.62603796368575 163.0)
(0.01,4.0,0.06700000000000002)(158.90963058599814 197.0)
(0.01,4.0,0.06700000000000002)(158.78654332178766 195.0)
(0.01,4.0,0.06700000000000002)(158.84373654761404 195.0)
(0.01,4.0,0.06700000000000002)(158.67152196417064 196.0)
(0.01,4.0,0.06700000000000002)(158.3244588097483 198.0)
(0.01,4.0,0.06700000000000002)(158.9139836354921 195.0)
(0.01,4.0,0.06700000000000002)(158.78158144325198 195.0)
(0.01,4.0,0.06700000000000002)(158.97116624806517 197.0)
(0.01,4.0,0.06700000000000002)(158.601248836289 198.0)
(0.01,4.0,0.06700000000000002)(159.02399044331455 195.0)
(0.01,4.0,0.06700000000000002)(161.17553331182393 166.0)
(0.01,4.0,0.06700000000000002)(158.32315502217676 197.0)
(0.01,4.0,0.06700000000000002)(159.16937125402194 195.0)
(0.01,4.0,0.06700000000000002)(158.95492384326917 195.0)
(0.01,4.0,0.06700000000000002)(159.1046412187553 197.0)
(0.01,4.0,0.06700000000000002)(159.41156123214216 194.0)
(0.01,4.0,0.06700000000000002)(158.87598676052068 196.0)
(0.01,4.0,0.06700000000000002)(160.38223643806293 190.0)
(0.01,4.0,0.06700000000000002)(159.29402889580587 194.0)
(0.01,4.0,0.06700000000000002)(159.46868821222208 192.0)
(0.01 4.0 0.07000000000000002)(136.86007813229818 235.0)
(0.01,4.0,0.07000000000000002)(165.85989181798615 1.0)
(0.01,4.0,0.07000000000000002)(165.85989181798615 15.0)
(0.01,4.0,0.07000000000000002)(165.85989181798615 30.0)
(0.01,4.0,0.07000000000000002)(165.85989181798615 35.0)
(0.01,4.0,0.07000000000000002)(165.81921881755773 43.0)
(0.01,4.0,0.07000000000000002)(165.81921881755773 44.0)
(0.01,4.0,0.07000000000000002)(165.69683122123195 45.0)
(0.01,4.0,0.07000000000000002)(165.69683122123195 52.0)
(0.01,4.0,0.07000000000000002)(165.69683122123195 66.0)
(0.01,4.0,0.07000000000000002)(165.69683122123195 76.0)
(0.01,4.0,0.07000000000000002)(165.69683122123195 83.0)
(0.01,4.0,0.07000000000000002)(165.69683122123195 92.0)
(0.01,4.0,0.07000000000000002)(165.69683122123195 98.0)
(0.01,4.0,0.07000000000000002)(164.8447710942253 133.0)
(0.01,4.0,0.07000000000000002)(163.96263912238828 139.0)
(0.01,4.0,0.07000000000000002)(163.1492313616656 154.0)
(0.01,4.0,0.07000000000000002)(163.1492313616656 163.0)
(0.01,4.0,0.07000000000000002)(162.50863280071133 168.0)
(0.01,4.0,0.07000000000000002)(162.50863280071133 167.0)
(0.01,4.0,0.07000000000000002)(162.50863280071133 171.0)
(0.01,4.0,0.07000000000000002)(162.50863280071133 176.0)
(0.01,4.0,0.07000000000000002)(162.4127332336991 178.0)
(0.01,4.0,0.07000000000000002)(162.4127332336991 179.0)
(0.01,4.0,0.07000000000000002)(162.4127332336991 180.0)
(0.01,4.0,0.07000000000000002)(162.4127332336991 182.0)
(0.01,4.0,0.07000000000000002)(162.4127332336991 177.0)
(0.01,4.0,0.07000000000000002)(161.77072868888746 184.0)
(0.01,4.0,0.07000000000000002)(162.2992582062003 185.0)
(0.01,4.0,0.07000000000000002)(161.94553819157653 180.0)
(0.01,4.0,0.07000000000000002)(162.2992582062003 186.0)
(0.01,4.0,0.07000000000000002)(162.23379950362303 185.0)
(0.01,4.0,0.07000000000000002)(162.12026483898333 186.0)
(0.01,4.0,0.07000000000000002)(162.4127332336991 183.0)
(0.01,4.0,0.07000000000000002)(161.96316131712086 180.0)
(0.01,4.0,0.07000000000000002)(161.9892796140845 179.0)
(0.01,4.0,0.07000000000000002)(162.1859159591897 181.0)
(0.01,4.0,0.07000000000000002)(161.4780342808919 188.0)
(0.01,4.0,0.07000000000000002)(161.90200769663718 188.0)
(0.01,4.0,0.07000000000000002)(161.7622607676451 181.0)
(0.01,4.0,0.07000000000000002)(162.12897093797122 183.0)
(0.01,4.0,0.07000000000000002)(161.7051859199057 184.0)
(0.01 4.0 0.07300000000000002)(144.64204504907627 228.0)
(0.01,4.0,0.07300000000000002)(165.85989181798615 1.0)
(0.01,4.0,0.07300000000000002)(165.85989181798615 13.0)
(0.01,4.0,0.07300000000000002)(165.85989181798615 25.0)
(0.01,4.0,0.07300000000000002)(165.85989181798615 24.0)
(0.01,4.0,0.07300000000000002)(165.85989181798615 30.0)
(0.01,4.0,0.07300000000000002)(165.81921881755773 43.0)
(0.01,4.0,0.07300000000000002)(165.81921881755773 48.0)
(0.01,4.0,0.07300000000000002)(165.69683122123195 52.0)
(0.01,4.0,0.07300000000000002)(165.69683122123195 59.0)
(0.01,4.0,0.07300000000000002)(165.69683122123195 61.0)
(0.01,4.0,0.07300000000000002)(165.69683122123195 69.0)
(0.01,4.0,0.07300000000000002)(165.69683122123195 83.0)
(0.01,4.0,0.07300000000000002)(165.69683122123195 94.0)
(0.01,4.0,0.07300000000000002)(165.034020647506 116.0)
(0.01,4.0,0.07300000000000002)(165.034020647506 124.0)
(0.01,4.0,0.07300000000000002)(164.65475684421216 126.0)
(0.01,4.0,0.07300000000000002)(163.77262487237516 146.0)
(0.01,4.0,0.07300000000000002)(162.3904824710099 161.0)
(0.01,4.0,0.07300000000000002)(163.33362007848498 154.0)
(0.01,4.0,0.07300000000000002)(163.33362007848498 158.0)
(0.01,4.0,0.07300000000000002)(163.33362007848498 159.0)
(0.01,4.0,0.07300000000000002)(161.67026582607406 168.0)
(0.01,4.0,0.07300000000000002)(161.67026582607406 169.0)
(0.01,4.0,0.07300000000000002)(163.33362007848498 170.0)
(0.01,4.0,0.07300000000000002)(163.76409013561369 162.0)
(0.01,4.0,0.07300000000000002)(162.88973968197595 171.0)
(0.01,4.0,0.07300000000000002)(163.32079058338016 165.0)
(0.01,4.0,0.07300000000000002)(163.11174876264312 173.0)
(0.01,4.0,0.07300000000000002)(163.13786705960675 171.0)
(0.01,4.0,0.07300000000000002)(162.5849208347223 170.0)
(0.01,4.0,0.07300000000000002)(163.33362007848498 172.0)
(0.01,4.0,0.07300000000000002)(161.67026582607406 174.0)
(0.01,4.0,0.07300000000000002)(161.67026582607406 184.0)
(0.01 4.0 0.07600000000000003)(141.77305137469196 233.0)
(0.01,4.0,0.07600000000000003)(165.85989181798615 1.0)
(0.01,4.0,0.07600000000000003)(165.85989181798615 13.0)
(0.01,4.0,0.07600000000000003)(165.85989181798615 23.0)
(0.01,4.0,0.07600000000000003)(165.85989181798615 25.0)
(0.01,4.0,0.07600000000000003)(165.85989181798615 35.0)
(0.01,4.0,0.07600000000000003)(165.85989181798615 39.0)
(0.01,4.0,0.07600000000000003)(165.81921881755773 44.0)
(0.01,4.0,0.07600000000000003)(165.81921881755773 53.0)
(0.01,4.0,0.07600000000000003)(165.81921881755773 60.0)
(0.01,4.0,0.07600000000000003)(165.81921881755773 68.0)
(0.01,4.0,0.07600000000000003)(165.81921881755773 77.0)
(0.01,4.0,0.07600000000000003)(165.81921881755773 82.0)
(0.01,4.0,0.07600000000000003)(165.81921881755773 96.0)
(0.01,4.0,0.07600000000000003)(165.81921881755773 106.0)
(0.01,4.0,0.07600000000000003)(165.25784891760648 128.0)
(0.01,4.0,0.07600000000000003)(164.95261050161164 140.0)
(0.01,4.0,0.07600000000000003)(163.29292270531937 152.0)
(0.01,4.0,0.07600000000000003)(162.97915984510465 160.0)
(0.01,4.0,0.07600000000000003)(161.90166497218436 164.0)
(0.01,4.0,0.07600000000000003)(161.90166497218436 169.0)
(0.01,4.0,0.07600000000000003)(161.90166497218436 170.0)
(0.01,4.0,0.07600000000000003)(161.90166497218436 172.0)
(0.01,4.0,0.07600000000000003)(161.54787765043858 173.0)
(0.01,4.0,0.07600000000000003)(161.98040215287017 175.0)
(0.01,4.0,0.07600000000000003)(162.10268127878115 178.0)
(0.01,4.0,0.07600000000000003)(162.10268127878115 177.0)
(0.01,4.0,0.07600000000000003)(162.27296854701027 167.0)
(0.01,4.0,0.07600000000000003)(162.27296854701027 168.0)
(0.01,4.0,0.07600000000000003)(162.27296854701027 176.0)
(0.01,4.0,0.07600000000000003)(161.74032415794898 178.0)
(0.01,4.0,0.07600000000000003)(162.0373855363721 177.0)
(0.01,4.0,0.07600000000000003)(161.84072227926924 176.0)
(0.01,4.0,0.07600000000000003)(161.60497008366502 175.0)
(0.01,4.0,0.07600000000000003)(161.90618938390475 180.0)
(0.01,4.0,0.07600000000000003)(161.84072227926924 174.0)
(0.01,4.0,0.07600000000000003)(161.84072227926924 179.0)
(0.01 4.0 0.07900000000000003)(145.0538488326022 231.0)
(0.01,4.0,0.07900000000000003)(165.85989181798615 1.0)
(0.01,4.0,0.07900000000000003)(165.85989181798615 12.0)
(0.01,4.0,0.07900000000000003)(165.85989181798615 24.0)
(0.01,4.0,0.07900000000000003)(165.85989181798615 35.0)
(0.01,4.0,0.07900000000000003)(165.81921881755773 43.0)
(0.01,4.0,0.07900000000000003)(165.81921881755773 44.0)
(0.01,4.0,0.07900000000000003)(165.81921881755773 51.0)
(0.01,4.0,0.07900000000000003)(165.81921881755773 54.0)
(0.01,4.0,0.07900000000000003)(165.81921881755773 61.0)
(0.01,4.0,0.07900000000000003)(165.81921881755773 78.0)
(0.01,4.0,0.07900000000000003)(165.81921881755773 79.0)
(0.01,4.0,0.07900000000000003)(165.58346897715842 103.0)
(0.01,4.0,0.07900000000000003)(165.2831937337628 112.0)
(0.01,4.0,0.07900000000000003)(165.04348113252087 121.0)
(0.01,4.0,0.07900000000000003)(164.86329696842967 140.0)
(0.01,4.0,0.07900000000000003)(163.9236330391693 150.0)
(0.01,4.0,0.07900000000000003)(161.7353145419104 163.0)
(0.01,4.0,0.07900000000000003)(161.7353145419104 177.0)
(0.01,4.0,0.07900000000000003)(161.7353145419104 176.0)
(0.01,4.0,0.07900000000000003)(161.7353145419104 179.0)
(0.01,4.0,0.07900000000000003)(161.7353145419104 180.0)
(0.01,4.0,0.07900000000000003)(161.7353145419104 183.0)
(0.01,4.0,0.07900000000000003)(161.7353145419104 184.0)
(0.01,4.0,0.07900000000000003)(161.6216151012238 186.0)
(0.01,4.0,0.07900000000000003)(161.6216151012238 185.0)
(0.01,4.0,0.07900000000000003)(162.16340159384197 180.0)
(0.01,4.0,0.07900000000000003)(161.14036619141964 186.0)
(0.01,4.0,0.07900000000000003)(162.16340159384197 182.0)
(0.01,4.0,0.07900000000000003)(161.49945680390874 187.0)
(0.01 4.0 0.08200000000000003)(139.95539279103616 236.0)
(0.01,4.0,0.08200000000000003)(165.85989181798615 1.0)
(0.01,4.0,0.08200000000000003)(165.85989181798615 13.0)
(0.01,4.0,0.08200000000000003)(165.85989181798615 25.0)
(0.01,4.0,0.08200000000000003)(165.85989181798615 35.0)
(0.01,4.0,0.08200000000000003)(165.81921881755773 50.0)
(0.01,4.0,0.08200000000000003)(165.81921881755773 51.0)
(0.01,4.0,0.08200000000000003)(165.81921881755773 57.0)
(0.01,4.0,0.08200000000000003)(165.81921881755773 68.0)
(0.01,4.0,0.08200000000000003)(165.81921881755773 88.0)
(0.01,4.0,0.08200000000000003)(165.81921881755773 104.0)
(0.01,4.0,0.08200000000000003)(165.81921881755773 108.0)
(0.01,4.0,0.08200000000000003)(165.81921881755773 103.0)
(0.01,4.0,0.08200000000000003)(164.90186523539498 133.0)
(0.01,4.0,0.08200000000000003)(164.86329696842967 138.0)
(0.01,4.0,0.08200000000000003)(164.04052764597756 148.0)
(0.01,4.0,0.08200000000000003)(162.53897166902325 158.0)
(0.01,4.0,0.08200000000000003)(161.7353145419104 174.0)
(0.01,4.0,0.08200000000000003)(161.7353145419104 175.0)
(0.01,4.0,0.08200000000000003)(161.7353145419104 176.0)
(0.01,4.0,0.08200000000000003)(161.7353145419104 177.0)
(0.01,4.0,0.08200000000000003)(161.7353145419104 178.0)
(0.01,4.0,0.08200000000000003)(161.7353145419104 179.0)
(0.01,4.0,0.08200000000000003)(161.7353145419104 184.0)
(0.01,4.0,0.08200000000000003)(161.7353145419104 185.0)
(0.01,4.0,0.08200000000000003)(161.28062951339754 183.0)
(0.01,4.0,0.08200000000000003)(161.55604644732992 185.0)
(0.01,4.0,0.08200000000000003)(161.5339998713412 186.0)
(0.01,4.0,0.08200000000000003)(161.14036619141964 185.0)
(0.01,4.0,0.08200000000000003)(160.82555075709067 180.0)
(0.01,4.0,0.08200000000000003)(161.49945680390874 186.0)
(0.01,4.0,0.08200000000000003)(160.33444138729237 180.0)
(0.01,4.0,0.08200000000000003)(160.33444138729237 181.0)
(0.01,4.0,0.08200000000000003)(161.49945680390874 187.0)
(0.01,4.0,0.08200000000000003)(160.33444138729237 182.0)
(0.01,4.0,0.08200000000000003)(160.33444138729237 188.0)
(0.01 4.0 0.08500000000000003)(130.5431430578034 249.0)
(0.01,4.0,0.08500000000000003)(165.85989181798615 1.0)
(0.01,4.0,0.08500000000000003)(165.85989181798615 12.0)
(0.01,4.0,0.08500000000000003)(165.85989181798615 25.0)
(0.01,4.0,0.08500000000000003)(165.85989181798615 24.0)
(0.01,4.0,0.08500000000000003)(165.85989181798615 37.0)
(0.01,4.0,0.08500000000000003)(165.85989181798615 46.0)
(0.01,4.0,0.08500000000000003)(165.81921881755773 51.0)
(0.01,4.0,0.08500000000000003)(165.81921881755773 57.0)
(0.01,4.0,0.08500000000000003)(165.69683122123195 59.0)
(0.01,4.0,0.08500000000000003)(165.58364033938483 86.0)
(0.01,4.0,0.08500000000000003)(165.58364033938483 90.0)
(0.01,4.0,0.08500000000000003)(165.58364033938483 107.0)
(0.01,4.0,0.08500000000000003)(164.7768135922689 116.0)
(0.01,4.0,0.08500000000000003)(164.05050503403697 143.0)
(0.01,4.0,0.08500000000000003)(164.05050503403697 157.0)
(0.01,4.0,0.08500000000000003)(162.53542777119992 163.0)
(0.01,4.0,0.08500000000000003)(160.72904085486869 174.0)
(0.01,4.0,0.08500000000000003)(160.19383008437563 187.0)
(0.01,4.0,0.08500000000000003)(160.01398208283874 188.0)
(0.01,4.0,0.08500000000000003)(160.01398208283874 189.0)
(0.01,4.0,0.08500000000000003)(160.01398208283874 190.0)
(0.01,4.0,0.08500000000000003)(160.01398208283874 191.0)
(0.01,4.0,0.08500000000000003)(159.92113744948503 189.0)
(0.01,4.0,0.08500000000000003)(159.70149053825477 193.0)
(0.01,4.0,0.08500000000000003)(159.70149053825477 192.0)
(0.01,4.0,0.08500000000000003)(159.70149053825477 196.0)
(0.01,4.0,0.08500000000000003)(160.30789187221322 190.0)
(0.01,4.0,0.08500000000000003)(159.5345154761669 197.0)
(0.01,4.0,0.08500000000000003)(159.5655124801973 192.0)
(0.01,4.0,0.08500000000000003)(159.46486668426388 197.0)
(0.01,4.0,0.08500000000000003)(159.70149053825477 195.0)
(0.01,4.0,0.08500000000000003)(159.32885329175744 195.0)
(0.01,4.0,0.08500000000000003)(158.53284358562746 195.0)
(0.01,4.0,0.08500000000000003)(159.70149053825477 194.0)
(0.01,4.0,0.08500000000000003)(158.2741406950791 198.0)
(0.01 4.0 0.08800000000000004)(143.8163426686481 230.0)
(0.01,4.0,0.08800000000000004)(165.85989181798615 1.0)
(0.01,4.0,0.08800000000000004)(165.85989181798615 12.0)
(0.01,4.0,0.08800000000000004)(165.85989181798615 25.0)
(0.01,4.0,0.08800000000000004)(165.85989181798615 35.0)
(0.01,4.0,0.08800000000000004)(165.81921881755773 52.0)
(0.01,4.0,0.08800000000000004)(165.81921881755773 53.0)
(0.01,4.0,0.08800000000000004)(165.81921881755773 51.0)
(0.01,4.0,0.08800000000000004)(165.81921881755773 60.0)
(0.01,4.0,0.08800000000000004)(165.81921881755773 67.0)
(0.01,4.0,0.08800000000000004)(165.81921881755773 71.0)
(0.01,4.0,0.08800000000000004)(165.78211557358935 77.0)
(0.01,4.0,0.08800000000000004)(165.81921881755773 85.0)
(0.01,4.0,0.08800000000000004)(165.58346897715842 102.0)
(0.01,4.0,0.08800000000000004)(164.96651855498905 128.0)
(0.01,4.0,0.08800000000000004)(164.63841108847512 150.0)
(0.01,4.0,0.08800000000000004)(162.77449943103855 157.0)
(0.01,4.0,0.08800000000000004)(161.90579789023747 165.0)
(0.01,4.0,0.08800000000000004)(161.5519663093208 174.0)
(0.01,4.0,0.08800000000000004)(161.5519663093208 175.0)
(0.01,4.0,0.08800000000000004)(161.5519663093208 176.0)
(0.01,4.0,0.08800000000000004)(161.52992815036632 178.0)
(0.01,4.0,0.08800000000000004)(161.52992815036632 179.0)
(0.01,4.0,0.08800000000000004)(161.52992815036632 181.0)
(0.01,4.0,0.08800000000000004)(161.52992815036632 186.0)
(0.01,4.0,0.08800000000000004)(161.52992815036632 185.0)
(0.01,4.0,0.08800000000000004)(161.52992815036632 187.0)
(0.01,4.0,0.08800000000000004)(161.52992815036632 188.0)
(0.01,4.0,0.08800000000000004)(161.2980417113733 188.0)
(0.01,4.0,0.08800000000000004)(160.9963780138346 187.0)
(0.01,4.0,0.08800000000000004)(160.9963780138346 189.0)
(0.01,4.0,0.08800000000000004)(159.75668162248883 195.0)
(0.01,4.0,0.08800000000000004)(160.991679748866 188.0)
(0.01 4.0 0.09100000000000004)(127.38695036660263 255.0)
(0.01,4.0,0.09100000000000004)(165.85989181798615 1.0)
(0.01,4.0,0.09100000000000004)(165.85989181798615 15.0)
(0.01,4.0,0.09100000000000004)(165.85989181798615 30.0)
(0.01,4.0,0.09100000000000004)(165.85989181798615 42.0)
(0.01,4.0,0.09100000000000004)(165.81921881755773 58.0)
(0.01,4.0,0.09100000000000004)(165.81921881755773 51.0)
(0.01,4.0,0.09100000000000004)(165.81921881755773 53.0)
(0.01,4.0,0.09100000000000004)(165.81921881755773 55.0)
(0.01,4.0,0.09100000000000004)(165.81921881755773 62.0)
(0.01,4.0,0.09100000000000004)(165.81921881755773 69.0)
(0.01,4.0,0.09100000000000004)(165.81921881755773 81.0)
(0.01,4.0,0.09100000000000004)(165.81921881755773 94.0)
(0.01,4.0,0.09100000000000004)(165.58346897715842 109.0)
(0.01,4.0,0.09100000000000004)(164.4787447525532 138.0)
(0.01,4.0,0.09100000000000004)(163.95792031772916 154.0)
(0.01,4.0,0.09100000000000004)(162.33340409148792 168.0)
(0.01,4.0,0.09100000000000004)(161.55604644732995 173.0)
(0.01,4.0,0.09100000000000004)(160.80813855911495 185.0)
(0.01,4.0,0.09100000000000004)(160.80813855911495 189.0)
(0.01,4.0,0.09100000000000004)(160.80813855911495 190.0)
(0.01,4.0,0.09100000000000004)(160.7860055783079 190.0)
(0.01,4.0,0.09100000000000004)(160.80813855911495 192.0)
(0.01,4.0,0.09100000000000004)(160.7860055783079 194.0)
(0.01,4.0,0.09100000000000004)(160.80813855911495 195.0)
(0.01,4.0,0.09100000000000004)(160.7860055783079 193.0)
(0.01,4.0,0.09100000000000004)(160.7860055783079 197.0)
(0.01,4.0,0.09100000000000004)(160.55375031497016 198.0)
(0.01,4.0,0.09100000000000004)(160.64499299211647 197.0)
(0.01,4.0,0.09100000000000004)(160.11049962555902 199.0)
(0.01,4.0,0.09100000000000004)(160.20384990247422 201.0)
(0.01,4.0,0.09100000000000004)(158.96477792780695 200.0)
(0.01,4.0,0.09100000000000004)(160.12853434196663 198.0)
(0.01,4.0,0.09100000000000004)(157.17497210069706 210.0)
(0.01 4.0 0.09400000000000004)(135.31811603269395 243.0)
(0.01,4.0,0.09400000000000004)(165.85989181798615 1.0)
(0.01,4.0,0.09400000000000004)(165.85989181798615 12.0)
(0.01,4.0,0.09400000000000004)(165.85989181798615 25.0)
(0.01,4.0,0.09400000000000004)(165.85989181798615 37.0)
(0.01,4.0,0.09400000000000004)(165.81921881755773 44.0)
(0.01,4.0,0.09400000000000004)(165.81921881755773 50.0)
(0.01,4.0,0.09400000000000004)(165.81921881755773 63.0)
(0.01,4.0,0.09400000000000004)(165.81921881755773 76.0)
(0.01,4.0,0.09400000000000004)(165.81921881755773 86.0)
(0.01,4.0,0.09400000000000004)(165.2570754367992 114.0)
(0.01,4.0,0.09400000000000004)(164.39645242489877 144.0)
(0.01,4.0,0.09400000000000004)(163.5451399132121 165.0)
(0.01,4.0,0.09400000000000004)(161.90579789023747 176.0)
(0.01,4.0,0.09400000000000004)(161.01848080558935 184.0)
(0.01,4.0,0.09400000000000004)(161.01848080558935 187.0)
(0.01,4.0,0.09400000000000004)(161.01848080558935 188.0)
(0.01,4.0,0.09400000000000004)(161.01848080558935 189.0)
(0.01,4.0,0.09400000000000004)(161.01848080558935 192.0)
(0.01,4.0,0.09400000000000004)(161.01848080558935 191.0)
(0.01,4.0,0.09400000000000004)(161.01848080558935 197.0)
(0.01,4.0,0.09400000000000004)(161.01848080558935 196.0)
(0.01,4.0,0.09400000000000004)(160.9963780138346 198.0)
(0.01,4.0,0.09400000000000004)(160.9963780138346 194.0)
(0.01,4.0,0.09400000000000004)(160.76424033083822 200.0)
(0.01,4.0,0.09400000000000004)(160.76424033083822 199.0)
(0.01,4.0,0.09400000000000004)(160.9963780138346 195.0)
(0.01,4.0,0.09400000000000004)(160.69023848944127 202.0)
(0.01,4.0,0.09400000000000004)(160.69023848944127 201.0)
(0.01,4.0,0.09400000000000004)(159.75668162248883 204.0)
(0.01 4.0 0.09700000000000004)(146.05217041568622 229.0)
(0.01,4.0,0.09700000000000004)(165.85989181798615 1.0)
(0.01,4.0,0.09700000000000004)(165.85989181798615 12.0)
(0.01,4.0,0.09700000000000004)(165.85989181798615 23.0)
(0.01,4.0,0.09700000000000004)(165.85989181798615 25.0)
(0.01,4.0,0.09700000000000004)(165.85989181798615 30.0)
(0.01,4.0,0.09700000000000004)(165.81921881755773 36.0)
(0.01,4.0,0.09700000000000004)(165.81921881755773 43.0)
(0.01,4.0,0.09700000000000004)(165.81921881755773 44.0)
(0.01,4.0,0.09700000000000004)(165.81921881755773 51.0)
(0.01,4.0,0.09700000000000004)(165.69683122123195 52.0)
(0.01,4.0,0.09700000000000004)(165.69683122123195 45.0)
(0.01,4.0,0.09700000000000004)(165.69683122123195 59.0)
(0.01,4.0,0.09700000000000004)(165.69683122123195 56.0)
(0.01,4.0,0.09700000000000004)(165.69683122123195 66.0)
(0.01,4.0,0.09700000000000004)(165.69683122123195 74.0)
(0.01,4.0,0.09700000000000004)(165.29524936550362 107.0)
(0.01,4.0,0.09700000000000004)(164.87878002244108 122.0)
(0.01,4.0,0.09700000000000004)(164.02801460656724 141.0)
(0.01,4.0,0.09700000000000004)(164.02801460656724 139.0)
(0.01,4.0,0.09700000000000004)(163.07713288279552 153.0)
(0.01,4.0,0.09700000000000004)(162.86229252172765 164.0)
(0.01,4.0,0.09700000000000004)(162.41781366400613 158.0)
(0.01,4.0,0.09700000000000004)(161.7444390296974 175.0)
(0.01,4.0,0.09700000000000004)(161.93230768086832 177.0)
(0.01,4.0,0.09700000000000004)(161.39922669925554 183.0)
(0.01,4.0,0.09700000000000004)(161.39922669925554 178.0)
(0.01,4.0,0.09700000000000004)(161.39922669925554 185.0)
(0.01,4.0,0.09700000000000004)(161.39922669925554 186.0)
(0.01,4.0,0.09700000000000004)(161.39922669925554 188.0)
(0.01,4.0,0.09700000000000004)(161.37717180750508 187.0)
(0.01,4.0,0.09700000000000004)(161.37717180750508 189.0)
(0.01,4.0,0.09700000000000004)(162.16379533392268 186.0)
(0.01,4.0,0.09700000000000004)(161.37717180750508 192.0)
(0.01,4.0,0.09700000000000004)(161.37717180750508 190.0)
(0.01,4.0,0.09700000000000004)(161.4558163426767 190.0)
(0.01,4.0,0.09700000000000004)(161.37717180750508 191.0)
(0.01 4.0 0.10000000000000005)(144.8019681102753 231.0)
(0.01,4.0,0.10000000000000005)(165.85989181798615 1.0)
(0.01,4.0,0.10000000000000005)(165.85989181798615 12.0)
(0.01,4.0,0.10000000000000005)(165.85989181798615 18.0)
(0.01,4.0,0.10000000000000005)(165.85989181798615 24.0)
(0.01,4.0,0.10000000000000005)(165.85989181798615 30.0)
(0.01,4.0,0.10000000000000005)(165.81921881755773 36.0)
(0.01,4.0,0.10000000000000005)(165.81921881755773 43.0)
(0.01,4.0,0.10000000000000005)(165.81921881755773 44.0)
(0.01,4.0,0.10000000000000005)(165.81921881755773 49.0)
(0.01,4.0,0.10000000000000005)(165.81921881755773 58.0)
(0.01,4.0,0.10000000000000005)(165.81921881755773 51.0)
(0.01,4.0,0.10000000000000005)(165.81921881755773 54.0)
(0.01,4.0,0.10000000000000005)(165.81921881755773 61.0)
(0.01,4.0,0.10000000000000005)(165.81921881755773 86.0)
(0.01,4.0,0.10000000000000005)(165.81921881755773 100.0)
(0.01,4.0,0.10000000000000005)(165.78211557358935 113.0)
(0.01,4.0,0.10000000000000005)(164.94040025802542 134.0)
(0.01,4.0,0.10000000000000005)(163.77110620330652 150.0)
(0.01,4.0,0.10000000000000005)(162.56555639320462 159.0)
(0.01,4.0,0.10000000000000005)(162.4080660312121 171.0)
(0.01,4.0,0.10000000000000005)(161.7226737822277 180.0)
(0.01,4.0,0.10000000000000005)(161.18938683625126 182.0)
(0.01,4.0,0.10000000000000005)(161.4558163426767 186.0)
(0.01,4.0,0.10000000000000005)(161.18938683625126 185.0)
(0.01,4.0,0.10000000000000005)(161.18938683625126 184.0)
(0.01,4.0,0.10000000000000005)(161.18938683625126 188.0)
(0.01,4.0,0.10000000000000005)(161.0839479102248 188.0)
(0.01,4.0,0.10000000000000005)(161.0839479102248 189.0)
(0.01,4.0,0.10000000000000005)(161.0839479102248 190.0)
(0.01,4.0,0.10000000000000005)(160.48031650145782 193.0)
(0.01,4.0,0.10000000000000005)(161.0839479102248 191.0)
(0.01,4.0,0.10000000000000005)(160.7778385748838 192.0)
(0.01,4.0,0.10000000000000005)(161.85825707025694 196.0)
(0.01,4.0,0.10000000000000005)(160.3219780443774 190.0)
(0.01,4.0,0.10000000000000005)(161.0839479102248 187.0)
(0.01 4.0 0.10300000000000005)(141.33634555143897 240.0)
(0.01,4.0,0.10300000000000005)(165.85989181798615 1.0)
(0.01,4.0,0.10300000000000005)(165.85989181798615 12.0)
(0.01,4.0,0.10300000000000005)(165.85989181798615 24.0)
(0.01,4.0,0.10300000000000005)(165.85989181798615 25.0)
(0.01,4.0,0.10300000000000005)(165.85989181798615 30.0)
(0.01,4.0,0.10300000000000005)(165.81921881755773 43.0)
(0.01,4.0,0.10300000000000005)(165.81921881755773 44.0)
(0.01,4.0,0.10300000000000005)(165.81921881755773 51.0)
(0.01,4.0,0.10300000000000005)(165.81921881755773 58.0)
(0.01,4.0,0.10300000000000005)(165.81921881755773 60.0)
(0.01,4.0,0.10300000000000005)(165.81921881755773 61.0)
(0.01,4.0,0.10300000000000005)(165.81921881755773 75.0)
(0.01,4.0,0.10300000000000005)(165.81921881755773 86.0)
(0.01,4.0,0.10300000000000005)(165.81921881755773 93.0)
(0.01,4.0,0.10300000000000005)(165.57928728989089 115.0)
(0.01,4.0,0.10300000000000005)(164.73383065926575 132.0)
(0.01,4.0,0.10300000000000005)(164.0588286774777 132.0)
(0.01,4.0,0.10300000000000005)(163.38460724706198 154.0)
(0.01,4.0,0.10300000000000005)(162.06746314274895 177.0)
(0.01,4.0,0.10300000000000005)(160.72958729711317 181.0)
(0.01,4.0,0.10300000000000005)(160.19531516571277 187.0)
(0.01,4.0,0.10300000000000005)(160.19531516571277 190.0)
(0.01,4.0,0.10300000000000005)(160.19531516571277 191.0)
(0.01,4.0,0.10300000000000005)(160.08952825874755 193.0)
(0.01,4.0,0.10300000000000005)(160.08952825874755 194.0)
(0.01,4.0,0.10300000000000005)(160.08952825874755 195.0)
(0.01,4.0,0.10300000000000005)(160.08952825874755 196.0)
(0.01,4.0,0.10300000000000005)(162.09395440066345 184.0)
(0.01,4.0,0.10300000000000005)(162.09395440066345 186.0)
(0.01,4.0,0.10300000000000005)(162.09395440066345 185.0)
(0.01,4.0,0.10300000000000005)(159.08471077857658 195.0)
(0.01,4.0,0.10300000000000005)(159.78297128167884 198.0)
(0.01,4.0,0.10300000000000005)(159.78297128167884 200.0)
(0.01 4.0 0.10600000000000005)(143.8569020456848 241.0)
(0.01,4.0,0.10600000000000005)(165.85989181798615 1.0)
(0.01,4.0,0.10600000000000005)(165.85989181798615 12.0)
(0.01,4.0,0.10600000000000005)(165.85989181798615 24.0)
(0.01,4.0,0.10600000000000005)(165.85989181798615 26.0)
(0.01,4.0,0.10600000000000005)(165.85989181798615 25.0)
(0.01,4.0,0.10600000000000005)(165.85989181798615 30.0)
(0.01,4.0,0.10600000000000005)(165.81921881755773 43.0)
(0.01,4.0,0.10600000000000005)(165.81921881755773 44.0)
(0.01,4.0,0.10600000000000005)(165.81921881755773 51.0)
(0.01,4.0,0.10600000000000005)(165.81921881755773 53.0)
(0.01,4.0,0.10600000000000005)(165.81921881755773 61.0)
(0.01,4.0,0.10600000000000005)(165.81921881755773 68.0)
(0.01,4.0,0.10600000000000005)(165.81921881755773 76.0)
(0.01,4.0,0.10600000000000005)(165.81921881755773 79.0)
(0.01,4.0,0.10600000000000005)(165.81921881755773 93.0)
(0.01,4.0,0.10600000000000005)(165.18508116381085 110.0)
(0.01,4.0,0.10600000000000005)(164.79817258824698 125.0)
(0.01,4.0,0.10600000000000005)(164.162668806307 134.0)
(0.01,4.0,0.10600000000000005)(163.75062375261223 150.0)
(0.01,4.0,0.10600000000000005)(163.48889299424377 155.0)
(0.01,4.0,0.10600000000000005)(161.68777372192991 178.0)
(0.01,4.0,0.10600000000000005)(160.52837140811758 183.0)
(0.01,4.0,0.10600000000000005)(160.4800911980261 189.0)
(0.01,4.0,0.10600000000000005)(160.4800911980261 193.0)
(0.01,4.0,0.10600000000000005)(160.46662833492047 190.0)
(0.01,4.0,0.10600000000000005)(161.09282537143918 192.0)
(0.01,4.0,0.10600000000000005)(161.26356003987465 192.0)
(0.01,4.0,0.10600000000000005)(160.1423807882105 195.0)
(0.01,4.0,0.10600000000000005)(160.46662833492047 191.0)
(0.01,4.0,0.10600000000000005)(161.70074846940565 195.0)
(0.01,4.0,0.10600000000000005)(161.02719208474502 197.0)
(0.01,4.0,0.10600000000000005)(160.04571796982924 198.0)
(0.01,4.0,0.10600000000000005)(159.59401648610296 195.0)
(0.01,4.0,0.10600000000000005)(160.3743860005311 193.0)
(0.01,4.0,0.10600000000000005)(159.96301002944438 198.0)
(0.01,4.0,0.10600000000000005)(160.46662833492047 194.0)
(0.01,4.0,0.10600000000000005)(160.61599330481 204.0)
(0.01 4.0 0.10900000000000006)(142.61769886557983 245.0)
(0.01,4.0,0.10900000000000006)(165.85989181798615 1.0)
(0.01,4.0,0.10900000000000006)(165.85989181798615 12.0)
(0.01,4.0,0.10900000000000006)(165.85989181798615 18.0)
(0.01,4.0,0.10900000000000006)(165.85989181798615 30.0)
(0.01,4.0,0.10900000000000006)(165.81921881755773 41.0)
(0.01,4.0,0.10900000000000006)(165.81921881755773 43.0)
(0.01,4.0,0.10900000000000006)(165.81921881755773 44.0)
(0.01,4.0,0.10900000000000006)(165.81921881755773 51.0)
(0.01,4.0,0.10900000000000006)(165.81921881755773 58.0)
(0.01,4.0,0.10900000000000006)(165.81921881755773 65.0)
(0.01,4.0,0.10900000000000006)(165.81921881755773 75.0)
(0.01,4.0,0.10900000000000006)(165.81921881755773 83.0)
(0.01,4.0,0.10900000000000006)(165.81921881755773 93.0)
(0.01,4.0,0.10900000000000006)(165.35201037115124 103.0)
(0.01,4.0,0.10900000000000006)(164.16266880630704 125.0)
(0.01,4.0,0.10900000000000006)(164.16266880630704 129.0)
(0.01,4.0,0.10900000000000006)(163.58144221593884 153.0)
(0.01,4.0,0.10900000000000006)(162.47013202879086 161.0)
(0.01,4.0,0.10900000000000006)(161.95837720861755 175.0)
(0.01,4.0,0.10900000000000006)(161.35528006102203 180.0)
(0.01,4.0,0.10900000000000006)(161.59148647921904 178.0)
(0.01,4.0,0.10900000000000006)(161.59148647921904 181.0)
(0.01,4.0,0.10900000000000006)(161.59148647921904 184.0)
(0.01,4.0,0.10900000000000006)(161.6698413701099 190.0)
(0.01,4.0,0.10900000000000006)(161.6698413701099 191.0)
(0.01,4.0,0.10900000000000006)(161.49922855556176 189.0)
(0.01,4.0,0.10900000000000006)(161.17553331182393 189.0)
(0.01,4.0,0.10900000000000006)(161.07473041370363 188.0)
(0.01,4.0,0.10900000000000006)(161.49922855556176 187.0)
(0.01,4.0,0.10900000000000006)(161.27163018803023 189.0)
(0.01,4.0,0.10900000000000006)(161.6698413701099 193.0)
(0.01,4.0,0.10900000000000006)(161.6698413701099 195.0)
(0.01,4.0,0.10900000000000006)(160.94777886737376 190.0)
(0.01,4.0,0.10900000000000006)(160.94777886737376 192.0)
(0.01,4.0,0.10900000000000006)(160.75076647689562 191.0)
(0.01 4.0 0.11200000000000006)(142.93487332169522 241.0)
(0.01,4.0,0.11200000000000006)(165.85989181798615 1.0)
(0.01,4.0,0.11200000000000006)(165.85989181798615 12.0)
(0.01,4.0,0.11200000000000006)(165.85989181798615 18.0)
(0.01,4.0,0.11200000000000006)(165.85989181798615 25.0)
(0.01,4.0,0.11200000000000006)(165.85989181798615 37.0)
(0.01,4.0,0.11200000000000006)(165.81921881755773 43.0)
(0.01,4.0,0.11200000000000006)(165.81921881755773 41.0)
(0.01,4.0,0.11200000000000006)(165.81921881755773 44.0)
(0.01,4.0,0.11200000000000006)(165.81921881755773 51.0)
(0.01,4.0,0.11200000000000006)(165.81921881755773 58.0)
(0.01,4.0,0.11200000000000006)(165.81921881755773 61.0)
(0.01,4.0,0.11200000000000006)(165.81921881755773 68.0)
(0.01,4.0,0.11200000000000006)(165.81921881755773 76.0)
(0.01,4.0,0.11200000000000006)(165.81921881755773 93.0)
(0.01,4.0,0.11200000000000006)(165.6810015013959 101.0)
(0.01,4.0,0.11200000000000006)(165.18508116381085 115.0)
(0.01,4.0,0.11200000000000006)(164.798172588247 129.0)
(0.01,4.0,0.11200000000000006)(164.21891061476813 150.0)
(0.01,4.0,0.11200000000000006)(163.58471559010025 155.0)
(0.01,4.0,0.11200000000000006)(161.7274363716936 172.0)
(0.01,4.0,0.11200000000000006)(160.82136906982316 183.0)
(0.01,4.0,0.11200000000000006)(160.82136906982316 189.0)
(0.01,4.0,0.11200000000000006)(160.82136906982316 190.0)
(0.01,4.0,0.11200000000000006)(160.11954844899972 191.0)
(0.01,4.0,0.11200000000000006)(160.21229614557296 194.0)
(0.01,4.0,0.11200000000000006)(160.11954844899972 197.0)
(0.01,4.0,0.11200000000000006)(160.11954844899972 196.0)
(0.01,4.0,0.11200000000000006)(160.11954844899972 195.0)
(0.01,4.0,0.11200000000000006)(160.03591869253484 196.0)
(0.01,4.0,0.11200000000000006)(161.4905224565739 191.0)
(0.01,4.0,0.11200000000000006)(161.4905224565739 192.0)
(0.01,4.0,0.11200000000000006)(159.53675378398614 201.0)
(0.01,4.0,0.11200000000000006)(160.11954844899972 198.0)
(0.01,4.0,0.11200000000000006)(159.53675378398614 199.0)
(0.01 4.0 0.11500000000000006)(147.10693785019976 225.0)
(0.01,4.0,0.11500000000000006)(165.85989181798615 1.0)
(0.01,4.0,0.11500000000000006)(165.85989181798615 12.0)
(0.01,4.0,0.11500000000000006)(165.85989181798615 18.0)
(0.01,4.0,0.11500000000000006)(165.85989181798615 28.0)
(0.01,4.0,0.11500000000000006)(165.85989181798615 25.0)
(0.01,4.0,0.11500000000000006)(165.85989181798615 37.0)
(0.01,4.0,0.11500000000000006)(165.85989181798615 35.0)
(0.01,4.0,0.11500000000000006)(165.81921881755773 43.0)
(0.01,4.0,0.11500000000000006)(165.81921881755773 41.0)
(0.01,4.0,0.11500000000000006)(165.81921881755773 44.0)
(0.01,4.0,0.11500000000000006)(165.81921881755773 51.0)
(0.01,4.0,0.11500000000000006)(165.81921881755773 58.0)
(0.01,4.0,0.11500000000000006)(165.81921881755773 61.0)
(0.01,4.0,0.11500000000000006)(165.81921881755773 66.0)
(0.01,4.0,0.11500000000000006)(165.81921881755773 75.0)
(0.01,4.0,0.11500000000000006)(165.81921881755773 90.0)
(0.01,4.0,0.11500000000000006)(165.81921881755773 93.0)
(0.01,4.0,0.11500000000000006)(165.6810015013959 101.0)
(0.01,4.0,0.11500000000000006)(164.798172588247 125.0)
(0.01,4.0,0.11500000000000006)(164.798172588247 127.0)
(0.01,4.0,0.11500000000000006)(164.3875020754069 148.0)
(0.01,4.0,0.11500000000000006)(164.17466972386745 158.0)
(0.01,4.0,0.11500000000000006)(162.28586473532386 170.0)
(0.01,4.0,0.11500000000000006)(161.93230768086835 181.0)
(0.01,4.0,0.11500000000000006)(161.93230768086835 185.0)
(0.01,4.0,0.11500000000000006)(161.93230768086835 186.0)
(0.01,4.0,0.11500000000000006)(161.84020611856403 189.0)
(0.01,4.0,0.11500000000000006)(161.47293889637174 188.0)
(0.01,4.0,0.11500000000000006)(161.47293889637174 191.0)
(0.01,4.0,0.11500000000000006)(161.47293889637174 193.0)
(0.01,4.0,0.11500000000000006)(161.9363827474026 188.0)
(0.01,4.0,0.11500000000000006)(161.6306639246645 195.0)
(0.01,4.0,0.11500000000000006)(161.47293889637174 192.0)
(0.01,4.0,0.11500000000000006)(161.38962711297245 194.0)
(0.01,4.0,0.11500000000000006)(161.16698563794935 195.0)
(0.01,4.0,0.11500000000000006)(161.6306639246645 199.0)
(0.01 4.0 0.11800000000000006)(149.55857288056663 222.0)
(0.01,4.0,0.11800000000000006)(165.85989181798615 1.0)
(0.01,4.0,0.11800000000000006)(165.85989181798615 12.0)
(0.01,4.0,0.11800000000000006)(165.85989181798615 23.0)
(0.01,4.0,0.11800000000000006)(165.85989181798615 25.0)
(0.01,4.0,0.11800000000000006)(165.85989181798615 24.0)
(0.01,4.0,0.11800000000000006)(165.85989181798615 30.0)
(0.01,4.0,0.11800000000000006)(165.85989181798615 35.0)
(0.01,4.0,0.11800000000000006)(165.81921881755773 41.0)
(0.01,4.0,0.11800000000000006)(165.81921881755773 44.0)
(0.01,4.0,0.11800000000000006)(165.81921881755773 51.0)
(0.01,4.0,0.11800000000000006)(165.81921881755773 58.0)
(0.01,4.0,0.11800000000000006)(165.81921881755773 61.0)
(0.01,4.0,0.11800000000000006)(165.81921881755773 68.0)
(0.01,4.0,0.11800000000000006)(165.81921881755773 75.0)
(0.01,4.0,0.11800000000000006)(165.81921881755773 83.0)
(0.01,4.0,0.11800000000000006)(165.81921881755773 93.0)
(0.01,4.0,0.11800000000000006)(165.54133451415265 112.0)
(0.01,4.0,0.11800000000000006)(164.63004771394006 133.0)
(0.01,4.0,0.11800000000000006)(164.63004771394006 132.0)
(0.01,4.0,0.11800000000000006)(164.21891061476813 149.0)
(0.01,4.0,0.11800000000000006)(164.00570325002604 158.0)
(0.01,4.0,0.11800000000000006)(162.27329285912649 167.0)
(0.01,4.0,0.11800000000000006)(161.69169964596495 179.0)
(0.01,4.0,0.11800000000000006)(161.17166063009861 185.0)
(0.01,4.0,0.11800000000000006)(161.17166063009861 186.0)
(0.01,4.0,0.11800000000000006)(161.17166063009861 187.0)
(0.01,4.0,0.11800000000000006)(161.17166063009861 188.0)
(0.01,4.0,0.11800000000000006)(161.07925731644588 190.0)
(0.01,4.0,0.11800000000000006)(161.07925731644588 189.0)
(0.01,4.0,0.11800000000000006)(160.99585135776272 191.0)
(0.01,4.0,0.11800000000000006)(162.4648454491964 184.0)
(0.01,4.0,0.11800000000000006)(160.77311779205255 192.0)
(0.01,4.0,0.11800000000000006)(161.07925731644588 193.0)
(0.01,4.0,0.11800000000000006)(162.15942150529892 196.0)
(0.01 4.0 0.12100000000000007)(148.0127337142541 235.0)
(0.01,4.0,0.12100000000000007)(165.85989181798615 1.0)
(0.01,4.0,0.12100000000000007)(165.85989181798615 12.0)
(0.01,4.0,0.12100000000000007)(165.85989181798615 18.0)
(0.01,4.0,0.12100000000000007)(165.85989181798615 25.0)
(0.01,4.0,0.12100000000000007)(165.85989181798615 37.0)
(0.01,4.0,0.12100000000000007)(165.85989181798615 35.0)
(0.01,4.0,0.12100000000000007)(165.81921881755773 36.0)
(0.01,4.0,0.12100000000000007)(165.81921881755773 43.0)
(0.01,4.0,0.12100000000000007)(165.81921881755773 44.0)
(0.01,4.0,0.12100000000000007)(165.81921881755773 51.0)
(0.01,4.0,0.12100000000000007)(165.81921881755773 56.0)
(0.01,4.0,0.12100000000000007)(165.81921881755773 58.0)
(0.01,4.0,0.12100000000000007)(165.81921881755773 61.0)
(0.01,4.0,0.12100000000000007)(165.81921881755773 68.0)
(0.01,4.0,0.12100000000000007)(165.81921881755773 75.0)
(0.01,4.0,0.12100000000000007)(165.81921881755773 83.0)
(0.01,4.0,0.12100000000000007)(165.81921881755773 93.0)
(0.01,4.0,0.12100000000000007)(165.6810015013959 103.0)
(0.01,4.0,0.12100000000000007)(164.63004771394006 127.0)
(0.01,4.0,0.12100000000000007)(164.63004771394006 129.0)
(0.01,4.0,0.12100000000000007)(164.63004771394006 137.0)
(0.01,4.0,0.12100000000000007)(164.21891061476813 144.0)
(0.01,4.0,0.12100000000000007)(164.00570325002604 162.0)
(0.01,4.0,0.12100000000000007)(163.05355996032688 171.0)
(0.01,4.0,0.12100000000000007)(160.41874479048724 180.0)
(0.01,4.0,0.12100000000000007)(160.41874479048724 185.0)
(0.01,4.0,0.12100000000000007)(160.41874479048724 187.0)
(0.01,4.0,0.12100000000000007)(160.41874479048724 190.0)
(0.01,4.0,0.12100000000000007)(160.80412823407391 193.0)
(0.01,4.0,0.12100000000000007)(160.80412823407391 191.0)
(0.01,4.0,0.12100000000000007)(160.71158903145027 193.0)
(0.01,4.0,0.12100000000000007)(160.3260780127574 194.0)
(0.01,4.0,0.12100000000000007)(160.0844377377155 194.0)
(0.01,4.0,0.12100000000000007)(161.1890936098719 194.0)
(0.01,4.0,0.12100000000000007)(160.00079511860224 195.0)
(0.01,4.0,0.12100000000000007)(159.58045564115199 198.0)
(0.01,4.0,0.12100000000000007)(159.82232008935077 193.0)
(0.01,4.0,0.12100000000000007)(160.1989704316317 192.0)
(0.01,4.0,0.12100000000000007)(159.69512160025315 196.0)
(0.01,4.0,0.12100000000000007)(160.0017297973307 195.0)
(0.01 4.0 0.12400000000000007)(145.15193775083802 242.0)
(0.01,4.0,0.12400000000000007)(165.85989181798615 1.0)
(0.01,4.0,0.12400000000000007)(165.85989181798615 12.0)
(0.01,4.0,0.12400000000000007)(165.85989181798615 24.0)
(0.01,4.0,0.12400000000000007)(165.85989181798615 26.0)
(0.01,4.0,0.12400000000000007)(165.85989181798615 30.0)
(0.01,4.0,0.12400000000000007)(165.85989181798615 35.0)
(0.01,4.0,0.12400000000000007)(165.81921881755773 36.0)
(0.01,4.0,0.12400000000000007)(165.81921881755773 42.0)
(0.01,4.0,0.12400000000000007)(165.81921881755773 51.0)
(0.01,4.0,0.12400000000000007)(165.81921881755773 54.0)
(0.01,4.0,0.12400000000000007)(165.81921881755773 61.0)
(0.01,4.0,0.12400000000000007)(165.81921881755773 68.0)
(0.01,4.0,0.12400000000000007)(165.81921881755773 82.0)
(0.01,4.0,0.12400000000000007)(165.81921881755773 86.0)
(0.01,4.0,0.12400000000000007)(165.81921881755773 93.0)
(0.01,4.0,0.12400000000000007)(165.54133451415265 120.0)
(0.01,4.0,0.12400000000000007)(164.63004771394006 134.0)
(0.01,4.0,0.12400000000000007)(164.63004771394006 138.0)
(0.01,4.0,0.12400000000000007)(164.63004771394006 152.0)
(0.01,4.0,0.12400000000000007)(163.33672370262866 163.0)
(0.01,4.0,0.12400000000000007)(162.5395088891922 169.0)
(0.01,4.0,0.12400000000000007)(161.29403138633222 182.0)
(0.01,4.0,0.12400000000000007)(161.20165160878759 185.0)
(0.01,4.0,0.12400000000000007)(161.20165160878759 188.0)
(0.01,4.0,0.12400000000000007)(161.20165160878759 190.0)
(0.01,4.0,0.12400000000000007)(161.20165160878759 191.0)
(0.01,4.0,0.12400000000000007)(161.20165160878759 194.0)
(0.01,4.0,0.12400000000000007)(161.20165160878759 195.0)
(0.01,4.0,0.12400000000000007)(161.20165160878759 196.0)
(0.01,4.0,0.12400000000000007)(161.20165160878759 198.0)
(0.01,4.0,0.12400000000000007)(160.9604702825183 195.0)
(0.01,4.0,0.12400000000000007)(161.7090188155554 187.0)
(0.01,4.0,0.12400000000000007)(160.66168726713096 196.0)
(0.01,4.0,0.12400000000000007)(160.87700491221983 196.0)
(0.01,4.0,0.12400000000000007)(161.5865791897213 193.0)
(0.01,4.0,0.12400000000000007)(160.69852988296836 197.0)
(0.01,4.0,0.12400000000000007)(161.48181635758604 194.0)
(0.01,4.0,0.12400000000000007)(161.20165160878759 192.0)
(0.01,4.0,0.12400000000000007)(162.5520593889649 192.0)
(0.01 4.0 0.12700000000000006)(145.74073444635917 231.0)
(0.01,4.0,0.12700000000000006)(165.85989181798615 1.0)
(0.01,4.0,0.12700000000000006)(165.85989181798615 12.0)
(0.01,4.0,0.12700000000000006)(165.85989181798615 24.0)
(0.01,4.0,0.12700000000000006)(165.85989181798615 27.0)
(0.01,4.0,0.12700000000000006)(165.85989181798615 35.0)
(0.01,4.0,0.12700000000000006)(165.81921881755773 42.0)
(0.01,4.0,0.12700000000000006)(165.81921881755773 44.0)
(0.01,4.0,0.12700000000000006)(165.81921881755773 51.0)
(0.01,4.0,0.12700000000000006)(165.81921881755773 56.0)
(0.01,4.0,0.12700000000000006)(165.81921881755773 61.0)
(0.01,4.0,0.12700000000000006)(165.81921881755773 68.0)
(0.01,4.0,0.12700000000000006)(165.81921881755773 90.0)
(0.01,4.0,0.12700000000000006)(165.81921881755773 93.0)
(0.01,4.0,0.12700000000000006)(165.64326154322794 108.0)
(0.01,4.0,0.12700000000000006)(165.64326154322794 118.0)
(0.01,4.0,0.12700000000000006)(164.798172588247 139.0)
(0.01,4.0,0.12700000000000006)(164.3875020754069 145.0)
(0.01,4.0,0.12700000000000006)(163.77651155456758 160.0)
(0.01,4.0,0.12700000000000006)(163.00594517028782 166.0)
(0.01,4.0,0.12700000000000006)(161.56519682002903 179.0)
(0.01,4.0,0.12700000000000006)(161.56519682002903 183.0)
(0.01,4.0,0.12700000000000006)(161.47293889637174 184.0)
(0.01,4.0,0.12700000000000006)(161.47293889637174 186.0)
(0.01,4.0,0.12700000000000006)(161.47293889637174 188.0)
(0.01,4.0,0.12700000000000006)(161.9363827474026 186.0)
(0.01,4.0,0.12700000000000006)(161.47293889637174 191.0)
(0.01,4.0,0.12700000000000006)(161.47293889637174 190.0)
(0.01,4.0,0.12700000000000006)(161.47293889637174 189.0)
(0.01,4.0,0.12700000000000006)(161.16698563794935 193.0)
(0.01 4.0 0.13000000000000006)(143.53086025475824 246.0)
(0.01,4.0,0.13000000000000006)(165.85989181798615 1.0)
(0.01,4.0,0.13000000000000006)(165.85989181798615 13.0)
(0.01,4.0,0.13000000000000006)(165.85989181798615 25.0)
(0.01,4.0,0.13000000000000006)(165.85989181798615 26.0)
(0.01,4.0,0.13000000000000006)(165.85989181798615 30.0)
(0.01,4.0,0.13000000000000006)(165.81921881755773 41.0)
(0.01,4.0,0.13000000000000006)(165.81921881755773 44.0)
(0.01,4.0,0.13000000000000006)(165.81921881755773 51.0)
(0.01,4.0,0.13000000000000006)(165.81921881755773 61.0)
(0.01,4.0,0.13000000000000006)(165.81921881755773 68.0)
(0.01,4.0,0.13000000000000006)(165.81921881755773 89.0)
(0.01,4.0,0.13000000000000006)(165.81921881755773 96.0)
(0.01,4.0,0.13000000000000006)(165.64326154322794 109.0)
(0.01,4.0,0.13000000000000006)(165.64326154322794 110.0)
(0.01,4.0,0.13000000000000006)(164.16266880630704 132.0)
(0.01,4.0,0.13000000000000006)(164.16266880630704 135.0)
(0.01,4.0,0.13000000000000006)(163.58144221593884 158.0)
(0.01,4.0,0.13000000000000006)(162.93629436312463 167.0)
(0.01,4.0,0.13000000000000006)(161.52546513457975 179.0)
(0.01,4.0,0.13000000000000006)(159.72590475455254 184.0)
(0.01,4.0,0.13000000000000006)(159.72590475455254 187.0)
(0.01,4.0,0.13000000000000006)(159.63302256932187 187.0)
(0.01,4.0,0.13000000000000006)(159.63302256932187 192.0)
(0.01,4.0,0.13000000000000006)(160.08907710254212 194.0)
(0.01,4.0,0.13000000000000006)(159.9793290491136 199.0)
(0.01,4.0,0.13000000000000006)(159.9793290491136 198.0)
(0.01,4.0,0.13000000000000006)(159.9793290491136 200.0)
(0.01,4.0,0.13000000000000006)(159.52318687122968 199.0)
(0.01,4.0,0.13000000000000006)(160.59721981973857 194.0)
(0.01,4.0,0.13000000000000006)(159.21094921390076 199.0)
(0.01,4.0,0.13000000000000006)(159.66734526880424 200.0)
(0.01,4.0,0.13000000000000006)(159.52318687122968 196.0)
(0.01,4.0,0.13000000000000006)(159.12713795299692 200.0)
(0.01,4.0,0.13000000000000006)(159.9793290491136 197.0)
(0.01,4.0,0.13000000000000006)(159.39643465610402 199.0)
(0.01,4.0,0.13000000000000006)(160.04944197953745 198.0)
(0.01,4.0,0.13000000000000006)(159.43944540709938 197.0)
(0.01,4.0,0.13000000000000006)(160.8516440451698 211.0)
(0.01 4.0 0.13300000000000006)(142.17423223452417 240.0)
(0.01,4.0,0.13300000000000006)(165.85989181798615 1.0)
(0.01,4.0,0.13300000000000006)(165.85989181798615 12.0)
(0.01,4.0,0.13300000000000006)(165.85989181798615 24.0)
(0.01,4.0,0.13300000000000006)(165.85989181798615 27.0)
(0.01,4.0,0.13300000000000006)(165.85989181798615 30.0)
(0.01,4.0,0.13300000000000006)(165.81921881755773 43.0)
(0.01,4.0,0.13300000000000006)(165.81921881755773 44.0)
(0.01,4.0,0.13300000000000006)(165.81921881755773 51.0)
(0.01,4.0,0.13300000000000006)(165.81921881755773 58.0)
(0.01,4.0,0.13300000000000006)(165.81921881755773 61.0)
(0.01,4.0,0.13300000000000006)(165.81921881755773 68.0)
(0.01,4.0,0.13300000000000006)(165.81921881755773 90.0)
(0.01,4.0,0.13300000000000006)(165.81921881755773 93.0)
(0.01,4.0,0.13300000000000006)(165.64326154322794 115.0)
(0.01,4.0,0.13300000000000006)(165.18508116381085 116.0)
(0.01,4.0,0.13300000000000006)(164.22761671375602 134.0)
(0.01,4.0,0.13300000000000006)(163.815689000013 153.0)
(0.01,4.0,0.13300000000000006)(162.98853297231207 162.0)
(0.01,4.0,0.13300000000000006)(161.9190284009457 179.0)
(0.01,4.0,0.13300000000000006)(160.63779817772246 181.0)
(0.01,4.0,0.13300000000000006)(160.63779817772246 184.0)
(0.01,4.0,0.13300000000000006)(160.5452155782087 184.0)
(0.01,4.0,0.13300000000000006)(161.16247416334215 184.0)
(0.01,4.0,0.13300000000000006)(161.16247416334215 186.0)
(0.01,4.0,0.13300000000000006)(161.16247416334215 188.0)
(0.01,4.0,0.13300000000000006)(161.16247416334215 190.0)
(0.01,4.0,0.13300000000000006)(161.16247416334215 192.0)
(0.01,4.0,0.13300000000000006)(160.5452155782087 197.0)
(0.01,4.0,0.13300000000000006)(160.5452155782087 198.0)
(0.01,4.0,0.13300000000000006)(160.5452155782087 195.0)
(0.01,4.0,0.13300000000000006)(160.2336234653567 199.0)
(0.01,4.0,0.13300000000000006)(160.15001979545724 200.0)
(0.01,4.0,0.13300000000000006)(161.9363827474026 184.0)
(0.01,4.0,0.13300000000000006)(160.5452155782087 196.0)
(0.01,4.0,0.13300000000000006)(160.23884566065215 199.0)
(0.01,4.0,0.13300000000000006)(160.5452155782087 194.0)
(0.01,4.0,0.13300000000000006)(160.5452155782087 193.0)
(0.01 4.0 0.13600000000000007)(140.89690513440237 243.0)
(0.01,4.0,0.13600000000000007)(165.85989181798615 1.0)
(0.01,4.0,0.13600000000000007)(165.85989181798615 12.0)
(0.01,4.0,0.13600000000000007)(165.85989181798615 24.0)
(0.01,4.0,0.13600000000000007)(165.85989181798615 27.0)
(0.01,4.0,0.13600000000000007)(165.85989181798615 30.0)
(0.01,4.0,0.13600000000000007)(165.81921881755773 36.0)
(0.01,4.0,0.13600000000000007)(165.81921881755773 44.0)
(0.01,4.0,0.13600000000000007)(165.81921881755773 51.0)
(0.01,4.0,0.13600000000000007)(165.81921881755773 58.0)
(0.01,4.0,0.13600000000000007)(165.81921881755773 61.0)
(0.01,4.0,0.13600000000000007)(165.81921881755773 82.0)
(0.01,4.0,0.13600000000000007)(165.81921881755773 90.0)
(0.01,4.0,0.13600000000000007)(165.81921881755773 93.0)
(0.01,4.0,0.13600000000000007)(165.64326154322794 115.0)
(0.01,4.0,0.13600000000000007)(165.18508116381085 116.0)
(0.01,4.0,0.13600000000000007)(164.22761671375602 140.0)
(0.01,4.0,0.13600000000000007)(162.98853297231207 160.0)
(0.01,4.0,0.13600000000000007)(161.9190284009457 181.0)
(0.01,4.0,0.13600000000000007)(160.63779817772246 183.0)
(0.01,4.0,0.13600000000000007)(161.1365142914918 182.0)
(0.01,4.0,0.13600000000000007)(160.5452155782087 187.0)
(0.01,4.0,0.13600000000000007)(160.5452155782087 188.0)
(0.01,4.0,0.13600000000000007)(160.5452155782087 190.0)
(0.01,4.0,0.13600000000000007)(161.16247416334215 187.0)
(0.01,4.0,0.13600000000000007)(160.5452155782087 191.0)
(0.01,4.0,0.13600000000000007)(160.5452155782087 193.0)
(0.01,4.0,0.13600000000000007)(161.9363827474026 183.0)
(0.01,4.0,0.13600000000000007)(160.5452155782087 195.0)
(0.01,4.0,0.13600000000000007)(160.5452155782087 194.0)
(0.01,4.0,0.13600000000000007)(161.6306639246645 204.0)
(0.01,4.0,0.13600000000000007)(160.23884566065215 197.0)
(0.01,4.0,0.13600000000000007)(160.23884566065215 198.0)
(0.01,4.0,0.13600000000000007)(160.5452155782087 196.0)
(0.01 4.0 0.13900000000000007)(141.8888608494799 245.0)
(0.01,4.0,0.13900000000000007)(165.85989181798615 1.0)
(0.01,4.0,0.13900000000000007)(165.85989181798615 12.0)
(0.01,4.0,0.13900000000000007)(165.85989181798615 24.0)
(0.01,4.0,0.13900000000000007)(165.85989181798615 26.0)
(0.01,4.0,0.13900000000000007)(165.85989181798615 25.0)
(0.01,4.0,0.13900000000000007)(165.81921881755773 36.0)
(0.01,4.0,0.13900000000000007)(165.81921881755773 43.0)
(0.01,4.0,0.13900000000000007)(165.81921881755773 44.0)
(0.01,4.0,0.13900000000000007)(165.81921881755773 51.0)
(0.01,4.0,0.13900000000000007)(165.81921881755773 58.0)
(0.01,4.0,0.13900000000000007)(165.81921881755773 61.0)
(0.01,4.0,0.13900000000000007)(165.81921881755773 83.0)
(0.01,4.0,0.13900000000000007)(165.81921881755773 91.0)
(0.01,4.0,0.13900000000000007)(165.81921881755773 94.0)
(0.01,4.0,0.13900000000000007)(165.78211557358935 108.0)
(0.01,4.0,0.13900000000000007)(164.71094023614185 129.0)
(0.01,4.0,0.13900000000000007)(163.0814859322895 144.0)
(0.01,4.0,0.13900000000000007)(163.0814859322895 148.0)
(0.01,4.0,0.13900000000000007)(162.2149933985951 159.0)
(0.01,4.0,0.13900000000000007)(160.63123594302314 183.0)
(0.01,4.0,0.13900000000000007)(160.22100224456082 189.0)
(0.01,4.0,0.13900000000000007)(160.22100224456082 190.0)
(0.01,4.0,0.13900000000000007)(160.838584896688 187.0)
(0.01,4.0,0.13900000000000007)(160.838584896688 195.0)
(0.01,4.0,0.13900000000000007)(160.838584896688 194.0)
(0.01,4.0,0.13900000000000007)(160.838584896688 197.0)
(0.01,4.0,0.13900000000000007)(160.838584896688 198.0)
(0.01,4.0,0.13900000000000007)(160.838584896688 199.0)
(0.01,4.0,0.13900000000000007)(160.3212937451478 199.0)
(0.01,4.0,0.13900000000000007)(160.838584896688 200.0)
(0.01,4.0,0.13900000000000007)(160.128425910214 198.0)
(0.01,4.0,0.13900000000000007)(159.87843284906683 203.0)
(0.01,4.0,0.13900000000000007)(159.89584504704257 203.0)
(0.01,4.0,0.13900000000000007)(159.50090784395857 211.0)
(0.01,4.0,0.13900000000000007)(159.5412781957065 205.0)
(0.01,4.0,0.13900000000000007)(159.73363828314908 210.0)
(0.01,4.0,0.13900000000000007)(159.0221046405969 211.0)
(0.01,4.0,0.13900000000000007)(158.78909713286836 212.0)
(0.01,4.0,0.13900000000000007)(158.85815832344923 211.0)
(0.01,4.0,0.13900000000000007)(160.838584896688 201.0)
(0.01,4.0,0.13900000000000007)(159.07654778333543 212.0)
(0.01,4.0,0.13900000000000007)(159.73363828314908 207.0)
(0.01 4.0 0.14200000000000007)(143.53626509997747 241.0)
(0.01,4.0,0.14200000000000007)(165.85989181798615 1.0)
(0.01,4.0,0.14200000000000007)(165.85989181798615 12.0)
(0.01,4.0,0.14200000000000007)(165.85989181798615 18.0)
(0.01,4.0,0.14200000000000007)(165.85989181798615 24.0)
(0.01,4.0,0.14200000000000007)(165.85989181798615 27.0)
(0.01,4.0,0.14200000000000007)(165.85989181798615 30.0)
(0.01,4.0,0.14200000000000007)(165.85989181798615 35.0)
(0.01,4.0,0.14200000000000007)(165.81921881755773 43.0)
(0.01,4.0,0.14200000000000007)(165.81921881755773 44.0)
(0.01,4.0,0.14200000000000007)(165.81921881755773 51.0)
(0.01,4.0,0.14200000000000007)(165.81921881755773 56.0)
(0.01,4.0,0.14200000000000007)(165.81921881755773 58.0)
(0.01,4.0,0.14200000000000007)(165.81921881755773 61.0)
(0.01,4.0,0.14200000000000007)(165.81921881755773 77.0)
(0.01,4.0,0.14200000000000007)(165.81921881755773 94.0)
(0.01,4.0,0.14200000000000007)(165.78211557358935 101.0)
(0.01,4.0,0.14200000000000007)(164.71094023614185 129.0)
(0.01,4.0,0.14200000000000007)(164.71094023614185 133.0)
(0.01,4.0,0.14200000000000007)(163.77651155456758 143.0)
(0.01,4.0,0.14200000000000007)(162.69404351918425 158.0)
(0.01,4.0,0.14200000000000007)(162.2149933985951 163.0)
(0.01,4.0,0.14200000000000007)(160.63123594302314 182.0)
(0.01,4.0,0.14200000000000007)(160.47255365917923 184.0)
(0.01,4.0,0.14200000000000007)(159.88261453633433 194.0)
(0.01,4.0,0.14200000000000007)(159.88261453633433 196.0)
(0.01,4.0,0.14200000000000007)(160.3517650916054 199.0)
(0.01,4.0,0.14200000000000007)(160.4305512006118 197.0)
(0.01,4.0,0.14200000000000007)(160.4305512006118 198.0)
(0.01,4.0,0.14200000000000007)(159.81248257436295 200.0)
(0.01,4.0,0.14200000000000007)(160.838584896688 198.0)
(0.01,4.0,0.14200000000000007)(159.22562032432373 196.0)
(0.01,4.0,0.14200000000000007)(159.73363828314908 206.0)
(0.01,4.0,0.14200000000000007)(160.1824273794574 206.0)
(0.01 4.0 0.14500000000000007)(132.06066380492678 257.0)
(0.01,4.0,0.14500000000000007)(165.85989181798615 1.0)
(0.01,4.0,0.14500000000000007)(165.85989181798615 12.0)
(0.01,4.0,0.14500000000000007)(165.85989181798615 24.0)
(0.01,4.0,0.14500000000000007)(165.85989181798615 27.0)
(0.01,4.0,0.14500000000000007)(165.85989181798615 25.0)
(0.01,4.0,0.14500000000000007)(165.85989181798615 35.0)
(0.01,4.0,0.14500000000000007)(165.81921881755773 44.0)
(0.01,4.0,0.14500000000000007)(165.81921881755773 51.0)
(0.01,4.0,0.14500000000000007)(165.81921881755773 58.0)
(0.01,4.0,0.14500000000000007)(165.81921881755773 61.0)
(0.01,4.0,0.14500000000000007)(165.81921881755773 68.0)
(0.01,4.0,0.14500000000000007)(165.81921881755773 95.0)
(0.01,4.0,0.14500000000000007)(165.18508116381085 119.0)
(0.01,4.0,0.14500000000000007)(164.798172588247 133.0)
(0.01,4.0,0.14500000000000007)(164.1197713703928 138.0)
(0.01,4.0,0.14500000000000007)(163.815689000013 150.0)
(0.01,4.0,0.14500000000000007)(162.87978070502223 173.0)
(0.01,4.0,0.14500000000000007)(160.47321254974966 185.0)
(0.01,4.0,0.14500000000000007)(159.25242191885962 190.0)
(0.01,4.0,0.14500000000000007)(159.25242191885962 191.0)
(0.01,4.0,0.14500000000000007)(159.25242191885962 193.0)
(0.01,4.0,0.14500000000000007)(159.25242191885962 194.0)
(0.01,4.0,0.14500000000000007)(158.9572585589093 196.0)
(0.01,4.0,0.14500000000000007)(158.9572585589093 198.0)
(0.01,4.0,0.14500000000000007)(159.25242191885962 197.0)
(0.01,4.0,0.14500000000000007)(158.9572585589093 199.0)
(0.01,4.0,0.14500000000000007)(158.9572585589093 200.0)
(0.01,4.0,0.14500000000000007)(158.6046806957158 201.0)
(0.01,4.0,0.14500000000000007)(158.6046806957158 202.0)
(0.01,4.0,0.14500000000000007)(158.5206887614284 202.0)
(0.01,4.0,0.14500000000000007)(158.5206887614284 203.0)
(0.01,4.0,0.14500000000000007)(158.50762961294657 202.0)
(0.01,4.0,0.14500000000000007)(158.72907353730747 205.0)
(0.01,4.0,0.14500000000000007)(157.6499685822155 205.0)
(0.01,4.0,0.14500000000000007)(158.87333820707755 203.0)
(0.01,4.0,0.14500000000000007)(158.81178147769225 201.0)
(0.01,4.0,0.14500000000000007)(158.72907353730747 206.0)
(0.01 4.0 0.14800000000000008)(132.4849880951419 257.0)
(0.01,4.0,0.14800000000000008)(165.85989181798615 1.0)
(0.01,4.0,0.14800000000000008)(165.85989181798615 12.0)
(0.01,4.0,0.14800000000000008)(165.85989181798615 24.0)
(0.01,4.0,0.14800000000000008)(165.85989181798615 27.0)
(0.01,4.0,0.14800000000000008)(165.85989181798615 30.0)
(0.01,4.0,0.14800000000000008)(165.81921881755773 36.0)
(0.01,4.0,0.14800000000000008)(165.81921881755773 42.0)
(0.01,4.0,0.14800000000000008)(165.81921881755773 49.0)
(0.01,4.0,0.14800000000000008)(165.81921881755773 51.0)
(0.01,4.0,0.14800000000000008)(165.81921881755773 58.0)
(0.01,4.0,0.14800000000000008)(165.81921881755773 61.0)
(0.01,4.0,0.14800000000000008)(165.81921881755773 54.0)
(0.01,4.0,0.14800000000000008)(165.81921881755773 68.0)
(0.01,4.0,0.14800000000000008)(165.81921881755773 95.0)
(0.01,4.0,0.14800000000000008)(165.78211557358935 110.0)
(0.01,4.0,0.14800000000000008)(165.18508116381085 119.0)
(0.01,4.0,0.14800000000000008)(164.61646968515586 135.0)
(0.01,4.0,0.14800000000000008)(164.22761671375602 138.0)
(0.01,4.0,0.14800000000000008)(163.48176232996593 160.0)
(0.01,4.0,0.14800000000000008)(161.83688331645456 178.0)
(0.01,4.0,0.14800000000000008)(160.48147407542834 187.0)
(0.01,4.0,0.14800000000000008)(159.25242191885962 188.0)
(0.01,4.0,0.14800000000000008)(159.25242191885962 190.0)
(0.01,4.0,0.14800000000000008)(159.25242191885962 191.0)
(0.01,4.0,0.14800000000000008)(159.66597534301062 194.0)
(0.01,4.0,0.14800000000000008)(159.66597534301062 196.0)
(0.01,4.0,0.14800000000000008)(159.66597534301062 197.0)
(0.01,4.0,0.14800000000000008)(159.66597534301062 198.0)
(0.01,4.0,0.14800000000000008)(159.3139303189172 198.0)
(0.01,4.0,0.14800000000000008)(158.70461032603455 200.0)
(0.01,4.0,0.14800000000000008)(157.3478394496631 202.0)
(0.01,4.0,0.14800000000000008)(159.3139303189172 199.0)
(0.01,4.0,0.14800000000000008)(158.4445390545073 203.0)
(0.01,4.0,0.14800000000000008)(159.2170262774732 198.0)
(0.01,4.0,0.14800000000000008)(158.36027041898222 199.0)
(0.01,4.0,0.14800000000000008)(158.9572585589093 198.0)
(0.01 4.0 0.15100000000000008)(129.69865145597964 257.0)
(0.01,4.0,0.15100000000000008)(165.85989181798615 1.0)
(0.01,4.0,0.15100000000000008)(165.85989181798615 12.0)
(0.01,4.0,0.15100000000000008)(165.85989181798615 24.0)
(0.01,4.0,0.15100000000000008)(165.85989181798615 27.0)
(0.01,4.0,0.15100000000000008)(165.85989181798615 25.0)
(0.01,4.0,0.15100000000000008)(165.85989181798615 35.0)
(0.01,4.0,0.15100000000000008)(165.81921881755773 44.0)
(0.01,4.0,0.15100000000000008)(165.81921881755773 51.0)
(0.01,4.0,0.15100000000000008)(165.81921881755773 58.0)
(0.01,4.0,0.15100000000000008)(165.81921881755773 68.0)
(0.01,4.0,0.15100000000000008)(165.81921881755773 61.0)
(0.01,4.0,0.15100000000000008)(165.81921881755773 75.0)
(0.01,4.0,0.15100000000000008)(165.78211557358935 103.0)
(0.01,4.0,0.15100000000000008)(165.18508116381085 119.0)
(0.01,4.0,0.15100000000000008)(164.22761671375602 137.0)
(0.01,4.0,0.15100000000000008)(164.22761671375602 144.0)
(0.01,4.0,0.15100000000000008)(163.62044076096535 167.0)
(0.01,4.0,0.15100000000000008)(162.09467181822703 177.0)
(0.01,4.0,0.15100000000000008)(160.6743219722723 189.0)
(0.01,4.0,0.15100000000000008)(159.59962242149302 189.0)
(0.01,4.0,0.15100000000000008)(159.59962242149302 192.0)
(0.01,4.0,0.15100000000000008)(159.59962242149302 195.0)
(0.01,4.0,0.15100000000000008)(158.88683482237462 195.0)
(0.01,4.0,0.15100000000000008)(159.59962242149302 196.0)
(0.01,4.0,0.15100000000000008)(159.59962242149302 199.0)
(0.01,4.0,0.15100000000000008)(159.5071279417149 202.0)
(0.01,4.0,0.15100000000000008)(158.4863374920799 203.0)
(0.01,4.0,0.15100000000000008)(158.57902552188105 204.0)
(0.01,4.0,0.15100000000000008)(158.4863374920799 205.0)
(0.01,4.0,0.15100000000000008)(158.13347940404674 207.0)
(0.01,4.0,0.15100000000000008)(158.13347940404674 208.0)
(0.01,4.0,0.15100000000000008)(158.95725855890925 205.0)
(0.01,4.0,0.15100000000000008)(158.04940993269688 208.0)
(0.01,4.0,0.15100000000000008)(159.1549246525855 203.0)
(0.01,4.0,0.15100000000000008)(158.4863374920799 206.0)
(0.01,4.0,0.15100000000000008)(159.4021059302765 204.0)
(0.01,4.0,0.15100000000000008)(159.3095772694232 205.0)
(0.01,4.0,0.15100000000000008)(158.35074846893843 207.0)
(0.01,4.0,0.15100000000000008)(158.20095313152294 202.0)
(0.01,4.0,0.15100000000000008)(159.5071279417149 200.0)
(0.01 4.0 0.15400000000000008)(129.09023637030904 259.0)
(0.01,4.0,0.15400000000000008)(165.85989181798615 1.0)
(0.01,4.0,0.15400000000000008)(165.85989181798615 12.0)
(0.01,4.0,0.15400000000000008)(165.85989181798615 24.0)
(0.01,4.0,0.15400000000000008)(165.85989181798615 27.0)
(0.01,4.0,0.15400000000000008)(165.85989181798615 37.0)
(0.01,4.0,0.15400000000000008)(165.81921881755773 42.0)
(0.01,4.0,0.15400000000000008)(165.81921881755773 49.0)
(0.01,4.0,0.15400000000000008)(165.81921881755773 51.0)
(0.01,4.0,0.15400000000000008)(165.81921881755773 56.0)
(0.01,4.0,0.15400000000000008)(165.81921881755773 61.0)
(0.01,4.0,0.15400000000000008)(165.81921881755773 75.0)
(0.01,4.0,0.15400000000000008)(165.81921881755773 88.0)
(0.01,4.0,0.15400000000000008)(165.78211557358935 110.0)
(0.01,4.0,0.15400000000000008)(165.18508116381085 120.0)
(0.01,4.0,0.15400000000000008)(164.22761671375602 137.0)
(0.01,4.0,0.15400000000000008)(164.22761671375602 153.0)
(0.01,4.0,0.15400000000000008)(162.83786752997085 168.0)
(0.01,4.0,0.15400000000000008)(161.46559076834774 179.0)
(0.01,4.0,0.15400000000000008)(160.81092295956532 188.0)
(0.01,4.0,0.15400000000000008)(160.04384872983647 188.0)
(0.01,4.0,0.15400000000000008)(160.04384872983647 189.0)
(0.01,4.0,0.15400000000000008)(160.04384872983647 191.0)
(0.01,4.0,0.15400000000000008)(159.33173127921202 193.0)
(0.01,4.0,0.15400000000000008)(159.7326410112134 195.0)
(0.01,4.0,0.15400000000000008)(159.33173127921202 196.0)
(0.01,4.0,0.15400000000000008)(159.024161805541 199.0)
(0.01,4.0,0.15400000000000008)(159.024161805541 201.0)
(0.01,4.0,0.15400000000000008)(160.04384872983647 198.0)
(0.01,4.0,0.15400000000000008)(159.024161805541 200.0)
(0.01,4.0,0.15400000000000008)(159.024161805541 203.0)
(0.01,4.0,0.15400000000000008)(159.0607163789 201.0)
(0.01,4.0,0.15400000000000008)(158.93592024518824 200.0)
(0.01,4.0,0.15400000000000008)(159.4021059302765 203.0)
(0.01,4.0,0.15400000000000008)(159.3182833684111 204.0)
(0.01,4.0,0.15400000000000008)(159.8464933567513 200.0)
(0.01,4.0,0.15400000000000008)(159.5158340407028 202.0)
(0.01,4.0,0.15400000000000008)(159.59962242149302 201.0)
(0.01,4.0,0.15400000000000008)(157.81921006937273 203.0)
(0.01,4.0,0.15400000000000008)(157.81921006937273 206.0)
(0.01,4.0,0.15400000000000008)(158.73900250180722 200.0)
(0.01 4.0 0.15700000000000008)(127.77779036886763 261.0)
(0.01,4.0,0.15700000000000008)(165.85989181798615 1.0)
(0.01,4.0,0.15700000000000008)(165.85989181798615 12.0)
(0.01,4.0,0.15700000000000008)(165.85989181798615 24.0)
(0.01,4.0,0.15700000000000008)(165.85989181798615 27.0)
(0.01,4.0,0.15700000000000008)(165.85989181798615 25.0)
(0.01,4.0,0.15700000000000008)(165.81921881755773 36.0)
(0.01,4.0,0.15700000000000008)(165.81921881755773 44.0)
(0.01,4.0,0.15700000000000008)(165.81921881755773 51.0)
(0.01,4.0,0.15700000000000008)(165.81921881755773 49.0)
(0.01,4.0,0.15700000000000008)(165.81921881755773 54.0)
(0.01,4.0,0.15700000000000008)(165.81921881755773 59.0)
(0.01,4.0,0.15700000000000008)(165.81921881755773 68.0)
(0.01,4.0,0.15700000000000008)(165.78211557358935 103.0)
(0.01,4.0,0.15700000000000008)(165.64326154322794 118.0)
(0.01,4.0,0.15700000000000008)(164.22761671375602 141.0)
(0.01,4.0,0.15700000000000008)(164.22761671375602 145.0)
(0.01,4.0,0.15700000000000008)(163.62044076096535 164.0)
(0.01,4.0,0.15700000000000008)(162.1427281887032 174.0)
(0.01,4.0,0.15700000000000008)(160.81092295956532 184.0)
(0.01,4.0,0.15700000000000008)(159.59962242149302 189.0)
(0.01,4.0,0.15700000000000008)(159.59962242149302 190.0)
(0.01,4.0,0.15700000000000008)(159.59962242149302 192.0)
(0.01,4.0,0.15700000000000008)(158.88683482237462 195.0)
(0.01,4.0,0.15700000000000008)(159.5956295313084 195.0)
(0.01,4.0,0.15700000000000008)(159.5956295313084 196.0)
(0.01,4.0,0.15700000000000008)(158.88683482237462 198.0)
(0.01,4.0,0.15700000000000008)(158.88683482237462 201.0)
(0.01,4.0,0.15700000000000008)(159.28820078427268 206.0)
(0.01,4.0,0.15700000000000008)(158.57902552188105 205.0)
(0.01,4.0,0.15700000000000008)(158.57902552188105 204.0)
(0.01,4.0,0.15700000000000008)(158.57902552188105 207.0)
(0.01,4.0,0.15700000000000008)(158.50130006015488 206.0)
(0.01,4.0,0.15700000000000008)(159.4021059302765 205.0)
(0.01,4.0,0.15700000000000008)(159.3182833684111 206.0)
(0.01,4.0,0.15700000000000008)(157.25860601840253 207.0)
(0.01,4.0,0.15700000000000008)(159.59962242149302 203.0)
(0.01,4.0,0.15700000000000008)(157.12219121986683 214.0)
(0.01,4.0,0.15700000000000008)(158.29368075061925 206.0)
(0.01,4.0,0.15700000000000008)(155.40133841211704 217.0)
(0.01,4.0,0.15700000000000008)(159.37163458381892 202.0)
(0.01,4.0,0.15700000000000008)(155.40133841211704 219.0)
(0.01,4.0,0.15700000000000008)(156.8935948457693 219.0)
(0.01,4.0,0.15700000000000008)(155.17239919827077 219.0)
(0.01 4.0 0.1600000000000001)(126.99824407735377 264.0)
(0.01,4.0,0.1600000000000001)(165.85989181798615 1.0)
(0.01,4.0,0.1600000000000001)(165.85989181798615 18.0)
(0.01,4.0,0.1600000000000001)(165.85989181798615 24.0)
(0.01,4.0,0.1600000000000001)(165.85989181798615 25.0)
(0.01,4.0,0.1600000000000001)(165.85989181798615 30.0)
(0.01,4.0,0.1600000000000001)(165.81921881755773 42.0)
(0.01,4.0,0.1600000000000001)(165.81921881755773 51.0)
(0.01,4.0,0.1600000000000001)(165.81921881755773 44.0)
(0.01,4.0,0.1600000000000001)(165.81921881755773 59.0)
(0.01,4.0,0.1600000000000001)(165.7098903697138 62.0)
(0.01,4.0,0.1600000000000001)(165.7098903697138 69.0)
(0.01,4.0,0.1600000000000001)(165.570581190903 93.0)
(0.01,4.0,0.1600000000000001)(165.2721421536896 117.0)
(0.01,4.0,0.1600000000000001)(164.04158784172836 139.0)
(0.01,4.0,0.1600000000000001)(163.45581539522865 155.0)
(0.01,4.0,0.1600000000000001)(161.86582431103778 172.0)
(0.01,4.0,0.1600000000000001)(160.3119783562476 185.0)
(0.01,4.0,0.1600000000000001)(157.88100253339837 194.0)
(0.01,4.0,0.1600000000000001)(157.88100253339837 195.0)
(0.01,4.0,0.1600000000000001)(158.25384895472664 194.0)
(0.01,4.0,0.1600000000000001)(157.40750963259015 196.0)
(0.01,4.0,0.1600000000000001)(157.3371322715198 201.0)
(0.01,4.0,0.1600000000000001)(157.40750963259015 199.0)
(0.01,4.0,0.1600000000000001)(156.6323466482143 207.0)
(0.01,4.0,0.1600000000000001)(155.60780527833833 209.0)
(0.01,4.0,0.1600000000000001)(155.60780527833833 210.0)
(0.01,4.0,0.1600000000000001)(155.70090670980568 211.0)
(0.01,4.0,0.1600000000000001)(154.24553637557423 213.0)
(0.01,4.0,0.1600000000000001)(155.75934015835855 209.0)
(0.01,4.0,0.1600000000000001)(154.24553637557423 214.0)
(0.01,4.0,0.1600000000000001)(154.08166677325931 214.0)
(0.01,4.0,0.1600000000000001)(154.24553637557423 215.0)
(0.01,4.0,0.1600000000000001)(154.24553637557423 217.0)
(0.01,4.0,0.1600000000000001)(154.24553637557423 216.0)
(0.01,4.0,0.1600000000000001)(154.67239907537035 213.0)
(0.01,4.0,0.1600000000000001)(155.8790100388913 213.0)
(0.01,4.0,0.1600000000000001)(156.96147111304398 207.0)
(0.01,4.0,0.1600000000000001)(153.03674176533886 215.0)
(0.01,4.0,0.1600000000000001)(154.32741650896313 217.0)
(0.01,4.0,0.1600000000000001)(153.6651200022346 215.0)
(0.01,4.0,0.1600000000000001)(156.03381244988583 211.0)
(0.01,4.0,0.1600000000000001)(155.083428398361 213.0)
(0.01,4.0,0.1600000000000001)(156.18519355948183 210.0)
(0.01,4.0,0.1600000000000001)(155.7258303647992 214.0)
(0.01,4.0,0.1600000000000001)(156.92573371488984 209.0)
(0.01,4.0,0.1600000000000001)(157.18985715789327 211.0)
(0.01,4.0,0.1600000000000001)(156.58088538230808 210.0)
(0.01,4.0,0.1600000000000001)(158.12891430697402 209.0)
(0.01 4.0 0.1630000000000001)(125.45014512159077 266.0)
(0.01,4.0,0.1630000000000001)(165.85989181798615 1.0)
(0.01,4.0,0.1630000000000001)(165.85989181798615 18.0)
(0.01,4.0,0.1630000000000001)(165.85989181798615 25.0)
(0.01,4.0,0.1630000000000001)(165.85989181798615 30.0)
(0.01,4.0,0.1630000000000001)(165.85989181798615 35.0)
(0.01,4.0,0.1630000000000001)(165.81921881755773 42.0)
(0.01,4.0,0.1630000000000001)(165.81921881755773 51.0)
(0.01,4.0,0.1630000000000001)(165.81921881755773 49.0)
(0.01,4.0,0.1630000000000001)(165.7098903697138 65.0)
(0.01,4.0,0.1630000000000001)(165.7098903697138 69.0)
(0.01,4.0,0.1630000000000001)(165.7098903697138 77.0)
(0.01,4.0,0.1630000000000001)(165.570581190903 109.0)
(0.01,4.0,0.1630000000000001)(164.04158784172836 138.0)
(0.01,4.0,0.1630000000000001)(163.45581539522865 151.0)
(0.01,4.0,0.1630000000000001)(161.86582431103778 167.0)
(0.01,4.0,0.1630000000000001)(160.47098138441442 183.0)
(0.01,4.0,0.1630000000000001)(159.08568669031376 195.0)
(0.01,4.0,0.1630000000000001)(158.99009096367354 192.0)
(0.01,4.0,0.1630000000000001)(158.16111161199652 194.0)
(0.01,4.0,0.1630000000000001)(158.16111161199652 196.0)
(0.01,4.0,0.1630000000000001)(158.25384895472664 196.0)
(0.01,4.0,0.1630000000000001)(157.09910975226714 198.0)
(0.01,4.0,0.1630000000000001)(157.0200046433199 203.0)
(0.01,4.0,0.1630000000000001)(156.39769741236435 206.0)
(0.01,4.0,0.1630000000000001)(155.77139360215924 209.0)
(0.01,4.0,0.1630000000000001)(155.70090670980568 209.0)
(0.01,4.0,0.1630000000000001)(155.70090670980568 210.0)
(0.01,4.0,0.1630000000000001)(155.70090670980568 211.0)
(0.01,4.0,0.1630000000000001)(154.8214696620769 205.0)
(0.01,4.0,0.1630000000000001)(153.96224715466334 216.0)
(0.01,4.0,0.1630000000000001)(154.3388053081529 213.0)
(0.01,4.0,0.1630000000000001)(152.75313056121718 217.0)
(0.01,4.0,0.1630000000000001)(153.38334905254013 213.0)
(0.01,4.0,0.1630000000000001)(152.58902337320077 218.0)
(0.01,4.0,0.1630000000000001)(154.08166677325931 216.0)
(0.01,4.0,0.1630000000000001)(152.9130300898478 217.0)
(0.01,4.0,0.1630000000000001)(152.87267806157845 216.0)
(0.01,4.0,0.1630000000000001)(153.03674176533886 215.0)
(0.01,4.0,0.1630000000000001)(154.40067051277308 215.0)
(0.01,4.0,0.1630000000000001)(154.67239907537035 215.0)
(0.01,4.0,0.1630000000000001)(154.24553637557423 214.0)
(0.01,4.0,0.1630000000000001)(155.8790100388913 212.0)
(0.01,4.0,0.1630000000000001)(155.083428398361 213.0)
(0.01,4.0,0.1630000000000001)(154.76560074865876 217.0)
(0.01,4.0,0.1630000000000001)(153.62158950729525 219.0)
(0.01,4.0,0.1630000000000001)(154.03548628871474 214.0)
(0.01,4.0,0.1630000000000001)(156.28949538510994 214.0)
(0.01,4.0,0.1630000000000001)(154.27426071522245 219.0)
(0.01,4.0,0.1630000000000001)(156.03381244988583 211.0)
(0.01,4.0,0.1630000000000001)(151.1904854530513 223.0)
(0.01,4.0,0.1630000000000001)(157.01862670476334 209.0)
(0.01,4.0,0.1630000000000001)(157.18985715789327 208.0)
(0.01,4.0,0.1630000000000001)(149.12854150854437 231.0)
(0.01,4.0,0.1630000000000001)(156.92573371488984 209.0)
(0.01 4.0 0.1660000000000001)(129.2254097416961 263.0)
(0.01,4.0,0.1660000000000001)(165.85989181798615 1.0)
(0.01,4.0,0.1660000000000001)(165.85989181798615 12.0)
(0.01,4.0,0.1660000000000001)(165.85989181798615 25.0)
(0.01,4.0,0.1660000000000001)(165.85989181798615 30.0)
(0.01,4.0,0.1660000000000001)(165.85989181798615 37.0)
(0.01,4.0,0.1660000000000001)(165.81921881755773 44.0)
(0.01,4.0,0.1660000000000001)(165.81921881755773 51.0)
(0.01,4.0,0.1660000000000001)(165.7098903697138 59.0)
(0.01,4.0,0.1660000000000001)(165.7098903697138 62.0)
(0.01,4.0,0.1660000000000001)(165.7098903697138 69.0)
(0.01,4.0,0.1660000000000001)(165.7098903697138 83.0)
(0.01,4.0,0.1660000000000001)(165.2721421536896 117.0)
(0.01,4.0,0.1660000000000001)(164.04158784172836 140.0)
(0.01,4.0,0.1660000000000001)(163.19500794358467 155.0)
(0.01,4.0,0.1660000000000001)(163.19500794358467 162.0)
(0.01,4.0,0.1660000000000001)(161.42427171719916 175.0)
(0.01,4.0,0.1660000000000001)(160.19807470211697 189.0)
(0.01,4.0,0.1660000000000001)(157.55560937287973 198.0)
(0.01,4.0,0.1660000000000001)(158.99009096367354 196.0)
(0.01,4.0,0.1660000000000001)(157.96455549945006 200.0)
(0.01,4.0,0.1660000000000001)(158.05730249822304 200.0)
(0.01,4.0,0.1660000000000001)(158.8060930917484 201.0)
(0.01,4.0,0.1660000000000001)(157.6525946252961 201.0)
(0.01,4.0,0.1660000000000001)(158.48530276564694 208.0)
(0.01,4.0,0.1660000000000001)(158.39264518503285 209.0)
(0.01,4.0,0.1660000000000001)(157.33131385982813 205.0)
(0.01,4.0,0.1660000000000001)(157.23846485891733 212.0)
(0.01,4.0,0.1660000000000001)(157.5112058550082 211.0)
(0.01,4.0,0.1660000000000001)(155.50316072825734 217.0)
(0.01,4.0,0.1660000000000001)(155.33953913588078 218.0)
(0.01,4.0,0.1660000000000001)(155.33953913588078 219.0)
(0.01,4.0,0.1660000000000001)(155.8790100388913 215.0)
(0.01,4.0,0.1660000000000001)(155.8790100388913 216.0)
(0.01,4.0,0.1660000000000001)(155.71546693896636 216.0)
(0.01,4.0,0.1660000000000001)(155.57014386276109 215.0)
(0.01,4.0,0.1660000000000001)(157.23846485891733 213.0)
(0.01,4.0,0.1660000000000001)(156.24274613625778 212.0)
(0.01,4.0,0.1660000000000001)(156.51994268939296 214.0)
(0.01,4.0,0.1660000000000001)(156.08976210905507 214.0)
(0.01,4.0,0.1660000000000001)(154.72826110762804 216.0)
(0.01,4.0,0.1660000000000001)(156.93082840436003 216.0)
(0.01,4.0,0.1660000000000001)(155.67293836974756 218.0)
(0.01,4.0,0.1660000000000001)(156.19310408614933 214.0)
(0.01,4.0,0.1660000000000001)(157.24588959437355 213.0)
(0.01,4.0,0.1660000000000001)(156.96147111304398 211.0)
(0.01,4.0,0.1660000000000001)(155.35968145718397 217.0)
(0.01,4.0,0.1660000000000001)(156.56518281255163 216.0)
(0.01,4.0,0.1660000000000001)(155.9441807147942 212.0)
(0.01,4.0,0.1660000000000001)(158.12891430697402 211.0)
(0.01,4.0,0.1660000000000001)(157.3682568824139 212.0)
(0.01,4.0,0.1660000000000001)(157.82157375146943 214.0)
(0.01,4.0,0.1660000000000001)(156.92573371488984 213.0)
(0.01,4.0,0.1660000000000001)(157.18985715789327 210.0)
(0.01,4.0,0.1660000000000001)(155.62422426182022 215.0)
(0.01 4.0 0.1690000000000001)(130.6925667328879 259.0)
(0.01,4.0,0.1690000000000001)(165.85989181798615 1.0)
(0.01,4.0,0.1690000000000001)(165.85989181798615 18.0)
(0.01,4.0,0.1690000000000001)(165.85989181798615 24.0)
(0.01,4.0,0.1690000000000001)(165.85989181798615 30.0)
(0.01,4.0,0.1690000000000001)(165.85989181798615 32.0)
(0.01,4.0,0.1690000000000001)(165.85989181798615 37.0)
(0.01,4.0,0.1690000000000001)(165.81921881755773 44.0)
(0.01,4.0,0.1690000000000001)(165.7098903697138 57.0)
(0.01,4.0,0.1690000000000001)(165.7098903697138 62.0)
(0.01,4.0,0.1690000000000001)(165.7098903697138 69.0)
(0.01,4.0,0.1690000000000001)(165.7098903697138 76.0)
(0.01,4.0,0.1690000000000001)(165.570581190903 109.0)
(0.01,4.0,0.1690000000000001)(165.2721421536896 134.0)
(0.01,4.0,0.1690000000000001)(164.04158784172836 152.0)
(0.01,4.0,0.1690000000000001)(163.19500794358467 162.0)
(0.01,4.0,0.1690000000000001)(161.1756277422005 173.0)
(0.01,4.0,0.1690000000000001)(160.028134409627 187.0)
(0.01,4.0,0.1690000000000001)(157.9012348876766 198.0)
(0.01,4.0,0.1690000000000001)(157.62561251269403 198.0)
(0.01,4.0,0.1690000000000001)(158.0390548639399 199.0)
(0.01,4.0,0.1690000000000001)(156.24001671815563 202.0)
(0.01,4.0,0.1690000000000001)(156.9974849285314 203.0)
(0.01,4.0,0.1690000000000001)(157.7476692607507 202.0)
(0.01,4.0,0.1690000000000001)(155.90060392413466 205.0)
(0.01,4.0,0.1690000000000001)(156.28790026258898 210.0)
(0.01,4.0,0.1690000000000001)(155.454256570828 209.0)
(0.01,4.0,0.1690000000000001)(156.08442246373625 211.0)
(0.01,4.0,0.1690000000000001)(156.08442246373625 208.0)
(0.01,4.0,0.1690000000000001)(155.01637996971692 216.0)
(0.01,4.0,0.1690000000000001)(153.95508561348225 216.0)
(0.01,4.0,0.1690000000000001)(153.5784154689727 217.0)
(0.01,4.0,0.1690000000000001)(151.7831130040879 218.0)
(0.01,4.0,0.1690000000000001)(152.47567272413195 219.0)
(0.01,4.0,0.1690000000000001)(153.23402624383087 217.0)
(0.01,4.0,0.1690000000000001)(152.47567272413195 221.0)
(0.01,4.0,0.1690000000000001)(153.08544835193135 219.0)
(0.01,4.0,0.1690000000000001)(153.19723995253602 218.0)
(0.01,4.0,0.1690000000000001)(152.1515635036294 222.0)
(0.01,4.0,0.1690000000000001)(156.81448548755952 210.0)
(0.01,4.0,0.1690000000000001)(152.93309161964356 220.0)
(0.01,4.0,0.1690000000000001)(152.1515635036294 224.0)
(0.01,4.0,0.1690000000000001)(152.94714220669235 222.0)
(0.01,4.0,0.1690000000000001)(152.2135407399779 221.0)
(0.01,4.0,0.1690000000000001)(151.280364052908 225.0)
(0.01,4.0,0.1690000000000001)(151.26075637437603 222.0)
(0.01,4.0,0.1690000000000001)(152.65367672982381 221.0)
(0.01,4.0,0.1690000000000001)(151.8329298803698 222.0)
(0.01,4.0,0.1690000000000001)(152.08191471172654 221.0)
(0.01,4.0,0.1690000000000001)(151.35103419764766 221.0)
(0.01,4.0,0.1690000000000001)(151.08555690418075 224.0)
(0.01,4.0,0.1690000000000001)(149.98328562319634 229.0)
(0.01,4.0,0.1690000000000001)(153.59147461745448 219.0)
(0.01,4.0,0.1690000000000001)(150.2136545219221 225.0)
(0.01,4.0,0.1690000000000001)(151.5589920293482 222.0)
(0.01,4.0,0.1690000000000001)(150.5294048601649 223.0)
(0.01,4.0,0.1690000000000001)(151.1421465476019 226.0)
(0.01 4.0 0.1720000000000001)(131.18845927412326 260.0)
(0.01,4.0,0.1720000000000001)(165.85989181798615 1.0)
(0.01,4.0,0.1720000000000001)(165.85989181798615 12.0)
(0.01,4.0,0.1720000000000001)(165.85989181798615 25.0)
(0.01,4.0,0.1720000000000001)(165.85989181798615 30.0)
(0.01,4.0,0.1720000000000001)(165.85989181798615 35.0)
(0.01,4.0,0.1720000000000001)(165.81921881755773 44.0)
(0.01,4.0,0.1720000000000001)(165.81921881755773 51.0)
(0.01,4.0,0.1720000000000001)(165.7098903697138 52.0)
(0.01,4.0,0.1720000000000001)(165.7098903697138 62.0)
(0.01,4.0,0.1720000000000001)(165.7098903697138 67.0)
(0.01,4.0,0.1720000000000001)(165.7098903697138 69.0)
(0.01,4.0,0.1720000000000001)(165.7098903697138 84.0)
(0.01,4.0,0.1720000000000001)(165.570581190903 109.0)
(0.01,4.0,0.1720000000000001)(165.2721421536896 134.0)
(0.01,4.0,0.1720000000000001)(164.04158784172836 152.0)
(0.01,4.0,0.1720000000000001)(163.19500794358467 162.0)
(0.01,4.0,0.1720000000000001)(161.86582431103778 177.0)
(0.01,4.0,0.1720000000000001)(158.2859258531324 191.0)
(0.01,4.0,0.1720000000000001)(158.31592407298692 198.0)
(0.01,4.0,0.1720000000000001)(158.02465316669833 200.0)
(0.01,4.0,0.1720000000000001)(157.27471931438114 202.0)
(0.01,4.0,0.1720000000000001)(156.9974849285314 204.0)
(0.01,4.0,0.1720000000000001)(156.59221841546037 205.0)
(0.01,4.0,0.1720000000000001)(156.14618039024992 209.0)
(0.01,4.0,0.1720000000000001)(156.08442246373625 209.0)
(0.01,4.0,0.1720000000000001)(154.7333417682854 216.0)
(0.01,4.0,0.1720000000000001)(154.80913124359807 217.0)
(0.01,4.0,0.1720000000000001)(155.19573311247146 212.0)
(0.01,4.0,0.1720000000000001)(153.29496893674596 218.0)
(0.01,4.0,0.1720000000000001)(154.12502590597222 214.0)
(0.01,4.0,0.1720000000000001)(153.95508561348225 217.0)
(0.01,4.0,0.1720000000000001)(152.4483625681751 216.0)
(0.01,4.0,0.1720000000000001)(155.30803620729702 216.0)
(0.01,4.0,0.1720000000000001)(154.0919045699095 213.0)
(0.01,4.0,0.1720000000000001)(155.05835247679371 211.0)
(0.01,4.0,0.1720000000000001)(154.410868958389 217.0)
(0.01,4.0,0.1720000000000001)(152.09393654450454 223.0)
(0.01,4.0,0.1720000000000001)(154.43097049700424 217.0)
(0.01,4.0,0.1720000000000001)(151.37172978467007 224.0)
(0.01,4.0,0.1720000000000001)(152.09393654450454 221.0)
(0.01,4.0,0.1720000000000001)(153.23402624383087 220.0)
(0.01,4.0,0.1720000000000001)(151.12475166480812 223.0)
(0.01,4.0,0.1720000000000001)(151.22269175376755 224.0)
(0.01,4.0,0.1720000000000001)(153.19937321010568 217.0)
(0.01,4.0,0.1720000000000001)(154.95890869063302 217.0)
(0.01,4.0,0.1720000000000001)(151.10985519137816 224.0)
(0.01,4.0,0.1720000000000001)(153.95508561348225 219.0)
(0.01,4.0,0.1720000000000001)(153.07773369151045 221.0)
(0.01,4.0,0.1720000000000001)(151.69410792588675 222.0)
(0.01,4.0,0.1720000000000001)(151.25023543090342 225.0)
(0.01,4.0,0.1720000000000001)(154.18209552637106 215.0)
(0.01,4.0,0.1720000000000001)(153.48942315503496 219.0)
(0.01,4.0,0.1720000000000001)(154.51642603438697 217.0)
(0.01,4.0,0.1720000000000001)(152.069026925471 225.0)
(0.01,4.0,0.1720000000000001)(153.3177105856782 219.0)
(0.01,4.0,0.1720000000000001)(152.7593274125096 222.0)
(0.01,4.0,0.1720000000000001)(155.61802740719438 215.0)
(0.01,4.0,0.1720000000000001)(151.85904817733336 225.0)
(0.01,4.0,0.1720000000000001)(153.53392085868722 218.0)
(0.01,4.0,0.1720000000000001)(150.9680418830264 223.0)
(0.01,4.0,0.1720000000000001)(151.45674577599056 223.0)
(0.01,4.0,0.1720000000000001)(154.28204430250523 219.0)
(0.01 4.0 0.1750000000000001)(133.45230905287215 254.0)
(0.01,4.0,0.1750000000000001)(165.85989181798615 1.0)
(0.01,4.0,0.1750000000000001)(165.85989181798615 12.0)
(0.01,4.0,0.1750000000000001)(165.85989181798615 25.0)
(0.01,4.0,0.1750000000000001)(165.85989181798615 27.0)
(0.01,4.0,0.1750000000000001)(165.81921881755773 41.0)
(0.01,4.0,0.1750000000000001)(165.81921881755773 44.0)
(0.01,4.0,0.1750000000000001)(165.81921881755773 51.0)
(0.01,4.0,0.1750000000000001)(165.7098903697138 59.0)
(0.01,4.0,0.1750000000000001)(165.7098903697138 69.0)
(0.01,4.0,0.1750000000000001)(165.7098903697138 76.0)
(0.01,4.0,0.1750000000000001)(165.570581190903 91.0)
(0.01,4.0,0.1750000000000001)(165.2721421536896 125.0)
(0.01,4.0,0.1750000000000001)(164.04158784172836 144.0)
(0.01,4.0,0.1750000000000001)(163.19500794358467 157.0)
(0.01,4.0,0.1750000000000001)(162.70742568990988 167.0)
(0.01,4.0,0.1750000000000001)(159.3720109619121 182.0)
(0.01,4.0,0.1750000000000001)(156.45909295314706 195.0)
(0.01,4.0,0.1750000000000001)(156.45909295314706 197.0)
(0.01,4.0,0.1750000000000001)(157.438533773412 195.0)
(0.01,4.0,0.1750000000000001)(158.31592407298692 193.0)
(0.01,4.0,0.1750000000000001)(158.02465316669833 195.0)
(0.01,4.0,0.1750000000000001)(156.9974849285314 197.0)
(0.01,4.0,0.1750000000000001)(156.9974849285314 200.0)
(0.01,4.0,0.1750000000000001)(156.71130550489985 200.0)
(0.01,4.0,0.1750000000000001)(157.48367059211594 199.0)
(0.01,4.0,0.1750000000000001)(157.24136518265328 202.0)
(0.01,4.0,0.1750000000000001)(157.184042585533 206.0)
(0.01,4.0,0.1750000000000001)(156.20438881718235 207.0)
(0.01,4.0,0.1750000000000001)(155.54584197242707 210.0)
(0.01,4.0,0.1750000000000001)(155.17919548722767 208.0)
(0.01,4.0,0.1750000000000001)(154.51986655796387 211.0)
(0.01,4.0,0.1750000000000001)(156.12006209328626 208.0)
(0.01,4.0,0.1750000000000001)(155.484899279512 208.0)
(0.01,4.0,0.1750000000000001)(154.46069069398314 212.0)
(0.01,4.0,0.1750000000000001)(155.3291089800525 213.0)
(0.01,4.0,0.1750000000000001)(155.7852870930958 209.0)
(0.01,4.0,0.1750000000000001)(153.76768685086606 215.0)
(0.01,4.0,0.1750000000000001)(154.6366757060289 214.0)
(0.01,4.0,0.1750000000000001)(153.9160795302632 215.0)
(0.01,4.0,0.1750000000000001)(154.35009762770028 215.0)
(0.01,4.0,0.1750000000000001)(155.5125410194182 211.0)
(0.01,4.0,0.1750000000000001)(155.25859275351485 214.0)
(0.01,4.0,0.1750000000000001)(155.17571345090357 210.0)
(0.01,4.0,0.1750000000000001)(154.85355036339053 212.0)
(0.01,4.0,0.1750000000000001)(155.02090438143733 214.0)
(0.01,4.0,0.1750000000000001)(154.95890869063302 210.0)
(0.01 4.0 0.1780000000000001)(132.85654823175886 260.0)
(0.01,4.0,0.1780000000000001)(165.85989181798615 1.0)
(0.01,4.0,0.1780000000000001)(165.85989181798615 13.0)
(0.01,4.0,0.1780000000000001)(165.85989181798615 25.0)
(0.01,4.0,0.1780000000000001)(165.85989181798615 24.0)
(0.01,4.0,0.1780000000000001)(165.85989181798615 30.0)
(0.01,4.0,0.1780000000000001)(165.81921881755773 36.0)
(0.01,4.0,0.1780000000000001)(165.81921881755773 44.0)
(0.01,4.0,0.1780000000000001)(165.81921881755773 51.0)
(0.01,4.0,0.1780000000000001)(165.81921881755773 56.0)
(0.01,4.0,0.1780000000000001)(165.7098903697138 62.0)
(0.01,4.0,0.1780000000000001)(165.7098903697138 69.0)
(0.01,4.0,0.1780000000000001)(165.7098903697138 83.0)
(0.01,4.0,0.1780000000000001)(165.570581190903 92.0)
(0.01,4.0,0.1780000000000001)(165.570581190903 109.0)
(0.01,4.0,0.1780000000000001)(164.15848711903945 141.0)
(0.01,4.0,0.1780000000000001)(162.67256942984008 154.0)
(0.01,4.0,0.1780000000000001)(161.9574013105787 169.0)
(0.01,4.0,0.1780000000000001)(161.9574013105787 173.0)
(0.01,4.0,0.1780000000000001)(160.78359267531098 179.0)
(0.01,4.0,0.1780000000000001)(159.5585190314558 191.0)
(0.01,4.0,0.1780000000000001)(157.2478906735288 200.0)
(0.01,4.0,0.1780000000000001)(158.00185507229892 199.0)
(0.01,4.0,0.1780000000000001)(157.7105551942506 202.0)
(0.01,4.0,0.1780000000000001)(157.43355262482294 202.0)
(0.01,4.0,0.1780000000000001)(156.88523147123428 208.0)
(0.01,4.0,0.1780000000000001)(156.88523147123428 209.0)
(0.01,4.0,0.1780000000000001)(156.60794624781192 211.0)
(0.01,4.0,0.1780000000000001)(156.5142062490223 213.0)
(0.01,4.0,0.1780000000000001)(157.32206387715223 212.0)
(0.01,4.0,0.1780000000000001)(157.65207353411046 211.0)
(0.01,4.0,0.1780000000000001)(157.06741456512208 212.0)
(0.01,4.0,0.1780000000000001)(157.10223896107357 213.0)
(0.01,4.0,0.1780000000000001)(156.4307148108638 215.0)
(0.01,4.0,0.1780000000000001)(156.77205218439187 214.0)
(0.01,4.0,0.1780000000000001)(154.6458318515223 218.0)
(0.01,4.0,0.1780000000000001)(154.91487320572017 217.0)
(0.01,4.0,0.1780000000000001)(156.08267479357843 214.0)
(0.01,4.0,0.1780000000000001)(154.923579304708 218.0)
(0.01,4.0,0.1780000000000001)(153.83541737421987 219.0)
(0.01,4.0,0.1780000000000001)(154.70677454443745 219.0)
(0.01,4.0,0.1780000000000001)(154.42897102816258 221.0)
(0.01,4.0,0.1780000000000001)(155.0123715661619 219.0)
(0.01,4.0,0.1780000000000001)(154.79559528348184 220.0)
(0.01,4.0,0.1780000000000001)(154.07528236276744 221.0)
(0.01,4.0,0.1780000000000001)(153.927002775819 221.0)
(0.01,4.0,0.1780000000000001)(155.68616888045563 216.0)
(0.01,4.0,0.1780000000000001)(153.2060187371668 223.0)
(0.01,4.0,0.1780000000000001)(153.2060187371668 222.0)
(0.01,4.0,0.1780000000000001)(153.4478102519905 222.0)
(0.01,4.0,0.1780000000000001)(154.02120405732174 220.0)
(0.01,4.0,0.1780000000000001)(152.7759015201554 225.0)
(0.01,4.0,0.1780000000000001)(152.50099641502158 226.0)
(0.01,4.0,0.1780000000000001)(154.75740873635007 217.0)
(0.01,4.0,0.1780000000000001)(152.7759015201554 224.0)
(0.01,4.0,0.1780000000000001)(153.22681063298472 221.0)
(0.01,4.0,0.1780000000000001)(152.9520093428655 222.0)
(0.01,4.0,0.1780000000000001)(152.69219622317803 227.0)
(0.01,4.0,0.1780000000000001)(153.08991026021914 224.0)
(0.01,4.0,0.1780000000000001)(153.098616359207 224.0)
(0.01,4.0,0.1780000000000001)(155.18821034914032 219.0)
(0.01,4.0,0.1780000000000001)(153.14312629113732 223.0)
(0.01,4.0,0.1780000000000001)(152.74107712420385 225.0)
(0.01,4.0,0.1780000000000001)(153.01492596046984 225.0)
(0.01,4.0,0.1780000000000001)(152.6834901241901 228.0)
(0.01 4.0 0.1810000000000001)(133.59827448081796 255.0)
(0.01,4.0,0.1810000000000001)(165.85989181798615 1.0)
(0.01,4.0,0.1810000000000001)(165.85989181798615 12.0)
(0.01,4.0,0.1810000000000001)(165.85989181798615 25.0)
(0.01,4.0,0.1810000000000001)(165.85989181798615 30.0)
(0.01,4.0,0.1810000000000001)(165.85989181798615 35.0)
(0.01,4.0,0.1810000000000001)(165.81921881755773 44.0)
(0.01,4.0,0.1810000000000001)(165.81921881755773 51.0)
(0.01,4.0,0.1810000000000001)(165.81921881755773 54.0)
(0.01,4.0,0.1810000000000001)(165.7098903697138 55.0)
(0.01,4.0,0.1810000000000001)(165.7098903697138 67.0)
(0.01,4.0,0.1810000000000001)(165.7098903697138 81.0)
(0.01,4.0,0.1810000000000001)(165.41295306406636 109.0)
(0.01,4.0,0.1810000000000001)(165.11347264887667 126.0)
(0.01,4.0,0.1810000000000001)(164.54394331944664 137.0)
(0.01,4.0,0.1810000000000001)(163.8162622194741 149.0)
(0.01,4.0,0.1810000000000001)(162.96880173924177 160.0)
(0.01,4.0,0.1810000000000001)(161.3654706299872 169.0)
(0.01,4.0,0.1810000000000001)(160.2337948275831 186.0)
(0.01,4.0,0.1810000000000001)(158.25498138007174 195.0)
(0.01,4.0,0.1810000000000001)(157.44520389377388 198.0)
(0.01,4.0,0.1810000000000001)(157.1680919104235 199.0)
(0.01,4.0,0.1810000000000001)(157.09189123563564 198.0)
(0.01,4.0,0.1810000000000001)(156.7442493674069 201.0)
(0.01,4.0,0.1810000000000001)(157.56048813251135 201.0)
(0.01,4.0,0.1810000000000001)(157.56048813251135 203.0)
(0.01,4.0,0.1810000000000001)(157.3182547113462 203.0)
(0.01,4.0,0.1810000000000001)(157.56048813251135 204.0)
(0.01,4.0,0.1810000000000001)(157.56048813251135 205.0)
(0.01,4.0,0.1810000000000001)(157.3182547113462 206.0)
(0.01,4.0,0.1810000000000001)(157.3182547113462 207.0)
(0.01,4.0,0.1810000000000001)(156.66077853919168 209.0)
(0.01,4.0,0.1810000000000001)(156.90322252503987 208.0)
(0.01,4.0,0.1810000000000001)(155.6449838046085 210.0)
(0.01,4.0,0.1810000000000001)(155.77018380154283 212.0)
(0.01,4.0,0.1810000000000001)(156.63977617955234 213.0)
(0.01,4.0,0.1810000000000001)(157.01296606699492 210.0)
(0.01,4.0,0.1810000000000001)(156.78569018870357 212.0)
(0.01,4.0,0.1810000000000001)(155.72517496367462 212.0)
(0.01,4.0,0.1810000000000001)(156.45230869610708 208.0)
(0.01,4.0,0.1810000000000001)(155.9191779451929 213.0)
(0.01,4.0,0.1810000000000001)(156.44438609489274 211.0)
(0.01,4.0,0.1810000000000001)(155.91128707980351 215.0)
(0.01,4.0,0.1810000000000001)(155.91128707980351 214.0)
(0.01,4.0,0.1810000000000001)(155.57399779901246 213.0)
(0.01,4.0,0.1810000000000001)(156.03107034244655 212.0)
(0.01,4.0,0.1810000000000001)(155.4639832828118 212.0)
(0.01,4.0,0.1810000000000001)(155.15097667525382 212.0)
(0.01,4.0,0.1810000000000001)(155.82358221855267 214.0)
(0.01 4.0 0.1840000000000001)(138.4563824900064 251.0)
(0.01,4.0,0.1840000000000001)(165.85989181798615 1.0)
(0.01,4.0,0.1840000000000001)(165.85989181798615 12.0)
(0.01,4.0,0.1840000000000001)(165.85989181798615 24.0)
(0.01,4.0,0.1840000000000001)(165.85989181798615 25.0)
(0.01,4.0,0.1840000000000001)(165.85989181798615 30.0)
(0.01,4.0,0.1840000000000001)(165.85989181798615 37.0)
(0.01,4.0,0.1840000000000001)(165.81921881755773 44.0)
(0.01,4.0,0.1840000000000001)(165.81921881755773 51.0)
(0.01,4.0,0.1840000000000001)(165.7098903697138 59.0)
(0.01,4.0,0.1840000000000001)(165.7098903697138 62.0)
(0.01,4.0,0.1840000000000001)(165.7098903697138 55.0)
(0.01,4.0,0.1840000000000001)(165.7098903697138 76.0)
(0.01,4.0,0.1840000000000001)(165.570581190903 109.0)
(0.01,4.0,0.1840000000000001)(165.2721421536896 126.0)
(0.01,4.0,0.1840000000000001)(163.52083345063247 144.0)
(0.01,4.0,0.1840000000000001)(163.52083345063247 157.0)
(0.01,4.0,0.1840000000000001)(162.41549462891163 167.0)
(0.01,4.0,0.1840000000000001)(161.00049051593197 176.0)
(0.01,4.0,0.1840000000000001)(159.7178469014962 185.0)
(0.01,4.0,0.1840000000000001)(157.77200493382347 195.0)
(0.01,4.0,0.1840000000000001)(155.90563145732295 202.0)
(0.01,4.0,0.1840000000000001)(157.5717646571024 203.0)
(0.01,4.0,0.1840000000000001)(155.50900083190663 204.0)
(0.01,4.0,0.1840000000000001)(157.2947807511548 207.0)
(0.01,4.0,0.1840000000000001)(156.69845783659846 209.0)
(0.01,4.0,0.1840000000000001)(156.42118945479882 211.0)
(0.01,4.0,0.1840000000000001)(157.2947807511548 210.0)
(0.01,4.0,0.1840000000000001)(157.05254732998966 212.0)
(0.01,4.0,0.1840000000000001)(156.74494617811789 212.0)
(0.01,4.0,0.1840000000000001)(156.74494617811789 214.0)
(0.01,4.0,0.1840000000000001)(156.74494617811789 213.0)
(0.01,4.0,0.1840000000000001)(155.11307366589756 216.0)
(0.01,4.0,0.1840000000000001)(154.39318361864756 218.0)
(0.01,4.0,0.1840000000000001)(154.757992061712 217.0)
(0.01,4.0,0.1840000000000001)(157.7898495730499 215.0)
(0.01,4.0,0.1840000000000001)(154.02544060518193 218.0)
(0.01,4.0,0.1840000000000001)(153.74754172645586 221.0)
(0.01,4.0,0.1840000000000001)(153.54359169589972 219.0)
(0.01,4.0,0.1840000000000001)(153.74754172645586 222.0)
(0.01,4.0,0.1840000000000001)(154.53424095161924 222.0)
(0.01,4.0,0.1840000000000001)(153.98716894392783 221.0)
(0.01,4.0,0.1840000000000001)(154.618694477906 222.0)
(0.01,4.0,0.1840000000000001)(154.13714534984237 222.0)
(0.01,4.0,0.1840000000000001)(156.6304679892783 217.0)
(0.01,4.0,0.1840000000000001)(154.618694477906 223.0)
(0.01,4.0,0.1840000000000001)(153.89846436847424 223.0)
(0.01,4.0,0.1840000000000001)(154.688343269809 223.0)
(0.01,4.0,0.1840000000000001)(153.89846436847424 224.0)
(0.01,4.0,0.1840000000000001)(153.75021781938082 223.0)
(0.01,4.0,0.1840000000000001)(152.88130615904947 229.0)
(0.01,4.0,0.1840000000000001)(153.08442944254432 227.0)
(0.01,4.0,0.1840000000000001)(155.55578444258552 221.0)
(0.01,4.0,0.1840000000000001)(154.6805046054557 224.0)
(0.01,4.0,0.1840000000000001)(152.88130615904947 231.0)
(0.01 4.0 0.1870000000000001)(135.34287805102716 260.0)
(0.01,4.0,0.1870000000000001)(165.85989181798615 1.0)
(0.01,4.0,0.1870000000000001)(165.85989181798615 12.0)
(0.01,4.0,0.1870000000000001)(165.85989181798615 24.0)
(0.01,4.0,0.1870000000000001)(165.85989181798615 25.0)
(0.01,4.0,0.1870000000000001)(165.85989181798615 30.0)
(0.01,4.0,0.1870000000000001)(165.81921881755773 43.0)
(0.01,4.0,0.1870000000000001)(165.81921881755773 44.0)
(0.01,4.0,0.1870000000000001)(165.81921881755773 51.0)
(0.01,4.0,0.1870000000000001)(165.7098903697138 59.0)
(0.01,4.0,0.1870000000000001)(165.7098903697138 62.0)
(0.01,4.0,0.1870000000000001)(165.7098903697138 60.0)
(0.01,4.0,0.1870000000000001)(165.7098903697138 69.0)
(0.01,4.0,0.1870000000000001)(165.570581190903 102.0)
(0.01,4.0,0.1870000000000001)(165.570581190903 109.0)
(0.01,4.0,0.1870000000000001)(164.63875381292794 132.0)
(0.01,4.0,0.1870000000000001)(163.52083345063247 150.0)
(0.01,4.0,0.1870000000000001)(162.67256942984008 166.0)
(0.01,4.0,0.1870000000000001)(161.0531881163664 181.0)
(0.01,4.0,0.1870000000000001)(158.4317308352698 189.0)
(0.01,4.0,0.1870000000000001)(158.0365081060241 193.0)
(0.01,4.0,0.1870000000000001)(155.76827643075555 204.0)
(0.01,4.0,0.1870000000000001)(155.3097989935753 206.0)
(0.01,4.0,0.1870000000000001)(155.95510214520507 204.0)
(0.01,4.0,0.1870000000000001)(155.35768253800865 206.0)
(0.01,4.0,0.1870000000000001)(156.2700927529089 208.0)
(0.01,4.0,0.1870000000000001)(156.02751684315325 210.0)
(0.01,4.0,0.1870000000000001)(155.75005288630146 211.0)
(0.01,4.0,0.1870000000000001)(155.08695536893407 212.0)
(0.01,4.0,0.1870000000000001)(156.62445599520152 210.0)
(0.01,4.0,0.1870000000000001)(156.0393811297302 213.0)
(0.01,4.0,0.1870000000000001)(155.71765077888307 215.0)
(0.01,4.0,0.1870000000000001)(155.26107734869143 217.0)
(0.01,4.0,0.1870000000000001)(156.1751050891244 213.0)
(0.01,4.0,0.1870000000000001)(155.9333368977354 214.0)
(0.01,4.0,0.1870000000000001)(155.56722480755607 215.0)
(0.01,4.0,0.1870000000000001)(155.21319380425808 216.0)
(0.01,4.0,0.1870000000000001)(154.25360735056236 216.0)
(0.01,4.0,0.1870000000000001)(154.6080714307898 217.0)
(0.01,4.0,0.1870000000000001)(152.84437290471715 220.0)
(0.01,4.0,0.1870000000000001)(152.78245686015026 223.0)
(0.01,4.0,0.1870000000000001)(153.9332887644257 219.0)
(0.01,4.0,0.1870000000000001)(153.2220573784675 222.0)
(0.01,4.0,0.1870000000000001)(152.9614148102791 222.0)
(0.01,4.0,0.1870000000000001)(154.22599397363683 222.0)
(0.01,4.0,0.1870000000000001)(153.9559631755053 222.0)
(0.01,4.0,0.1870000000000001)(154.59257618094233 222.0)
(0.01,4.0,0.1870000000000001)(154.67701539290238 221.0)
(0.01,4.0,0.1870000000000001)(154.61520886304666 223.0)
(0.01,4.0,0.1870000000000001)(155.17568880171802 221.0)
(0.01,4.0,0.1870000000000001)(153.80086888242295 222.0)
(0.01,4.0,0.1870000000000001)(153.73900698969442 222.0)
(0.01,4.0,0.1870000000000001)(152.9316052568223 222.0)
(0.01,4.0,0.1870000000000001)(153.73900698969442 224.0)
(0.01,4.0,0.1870000000000001)(154.29999581503375 222.0)
(0.01,4.0,0.1870000000000001)(154.30780982179218 222.0)
(0.01,4.0,0.1870000000000001)(153.77910363495337 221.0)
(0.01,4.0,0.1870000000000001)(154.93726429404543 220.0)
(0.01,4.0,0.1870000000000001)(154.95902954151512 220.0)
(0.01,4.0,0.1870000000000001)(154.08310739502082 222.0)
(0.01,4.0,0.1870000000000001)(153.38953190372314 227.0)
(0.01,4.0,0.1870000000000001)(153.73373142849547 224.0)
(0.01,4.0,0.1870000000000001)(151.8665885194336 233.0)
(0.01,4.0,0.1870000000000001)(153.64916859490475 225.0)
(0.01,4.0,0.1870000000000001)(154.02125891791437 223.0)
(0.01,4.0,0.1870000000000001)(153.73373142849547 226.0)
(0.01 4.0 0.1900000000000001)(134.07102261396247 261.0)
(0.01,4.0,0.1900000000000001)(165.85989181798615 1.0)
(0.01,4.0,0.1900000000000001)(165.85989181798615 12.0)
(0.01,4.0,0.1900000000000001)(165.85989181798615 25.0)
(0.01,4.0,0.1900000000000001)(165.85989181798615 30.0)
(0.01,4.0,0.1900000000000001)(165.81921881755773 36.0)
(0.01,4.0,0.1900000000000001)(165.81921881755773 44.0)
(0.01,4.0,0.1900000000000001)(165.81921881755773 51.0)
(0.01,4.0,0.1900000000000001)(165.7098903697138 59.0)
(0.01,4.0,0.1900000000000001)(165.7098903697138 62.0)
(0.01,4.0,0.1900000000000001)(165.7098903697138 81.0)
(0.01,4.0,0.1900000000000001)(165.570581190903 97.0)
(0.01,4.0,0.1900000000000001)(165.41295306406636 109.0)
(0.01,4.0,0.1900000000000001)(165.11347264887667 117.0)
(0.01,4.0,0.1900000000000001)(164.54394331944664 138.0)
(0.01,4.0,0.1900000000000001)(163.22983233953613 147.0)
(0.01,4.0,0.1900000000000001)(162.96880173924177 152.0)
(0.01,4.0,0.1900000000000001)(162.4808688043031 164.0)
(0.01,4.0,0.1900000000000001)(159.7102468434632 180.0)
(0.01,4.0,0.1900000000000001)(158.4153112492911 186.0)
(0.01,4.0,0.1900000000000001)(157.92068228005778 196.0)
(0.01,4.0,0.1900000000000001)(157.92938837904572 197.0)
(0.01,4.0,0.1900000000000001)(157.36232459116275 198.0)
(0.01,4.0,0.1900000000000001)(157.36232459116275 200.0)
(0.01,4.0,0.1900000000000001)(156.54588962413018 202.0)
(0.01,4.0,0.1900000000000001)(156.2685217087686 204.0)
(0.01,4.0,0.1900000000000001)(156.62730435932022 206.0)
(0.01,4.0,0.1900000000000001)(156.71151698508027 206.0)
(0.01,4.0,0.1900000000000001)(156.71151698508027 207.0)
(0.01,4.0,0.1900000000000001)(156.46907299923205 210.0)
(0.01,4.0,0.1900000000000001)(156.71151698508027 209.0)
(0.01,4.0,0.1900000000000001)(156.38482679285443 212.0)
(0.01,4.0,0.1900000000000001)(155.7266533066034 213.0)
(0.01,4.0,0.1900000000000001)(155.96932414450959 212.0)
(0.01,4.0,0.1900000000000001)(154.7098997300905 214.0)
(0.01,4.0,0.1900000000000001)(155.2844876405643 215.0)
(0.01,4.0,0.1900000000000001)(158.48156375262312 207.0)
(0.01,4.0,0.1900000000000001)(158.48156375262312 208.0)
(0.01,4.0,0.1900000000000001)(156.24397445594522 214.0)
(0.01,4.0,0.1900000000000001)(155.89096925361872 213.0)
(0.01,4.0,0.1900000000000001)(156.72341417263968 211.0)
(0.01,4.0,0.1900000000000001)(156.24397445594522 216.0)
(0.01,4.0,0.1900000000000001)(156.78150850143618 211.0)
(0.01,4.0,0.1900000000000001)(156.31004962343644 216.0)
(0.01,4.0,0.1900000000000001)(154.41138746796048 218.0)
(0.01,4.0,0.1900000000000001)(154.41138746796048 219.0)
(0.01,4.0,0.1900000000000001)(155.82486607417675 215.0)
(0.01,4.0,0.1900000000000001)(153.5346998796429 221.0)
(0.01,4.0,0.1900000000000001)(154.27028852326018 220.0)
(0.01,4.0,0.1900000000000001)(153.39349595661383 222.0)
(0.01 4.0 0.19300000000000012)(132.23797960629008 252.0)
(0.01,4.0,0.19300000000000012)(165.85989181798615 1.0)
(0.01,4.0,0.19300000000000012)(165.85989181798615 12.0)
(0.01,4.0,0.19300000000000012)(165.85989181798615 24.0)
(0.01,4.0,0.19300000000000012)(165.85989181798615 25.0)
(0.01,4.0,0.19300000000000012)(165.85989181798615 30.0)
(0.01,4.0,0.19300000000000012)(165.81921881755773 41.0)
(0.01,4.0,0.19300000000000012)(165.81921881755773 44.0)
(0.01,4.0,0.19300000000000012)(165.81921881755773 51.0)
(0.01,4.0,0.19300000000000012)(165.7098903697138 62.0)
(0.01,4.0,0.19300000000000012)(165.7098903697138 72.0)
(0.01,4.0,0.19300000000000012)(165.5997310482886 82.0)
(0.01,4.0,0.19300000000000012)(165.5997310482886 89.0)
(0.01,4.0,0.19300000000000012)(165.1431896093073 92.0)
(0.01,4.0,0.19300000000000012)(165.1431896093073 110.0)
(0.01,4.0,0.19300000000000012)(164.68294711551658 118.0)
(0.01,4.0,0.19300000000000012)(163.18217844847987 140.0)
(0.01,4.0,0.19300000000000012)(162.1233128656909 150.0)
(0.01,4.0,0.19300000000000012)(161.2323887478481 164.0)
(0.01,4.0,0.19300000000000012)(160.27396504696193 170.0)
(0.01,4.0,0.19300000000000012)(158.40006822368534 188.0)
(0.01,4.0,0.19300000000000012)(156.6293687708287 200.0)
(0.01,4.0,0.19300000000000012)(158.20466326540242 199.0)
(0.01,4.0,0.19300000000000012)(157.57193601932877 202.0)
(0.01,4.0,0.19300000000000012)(156.53589031994753 200.0)
(0.01,4.0,0.19300000000000012)(157.29495211338116 205.0)
(0.01,4.0,0.19300000000000012)(156.69862919882488 205.0)
(0.01,4.0,0.19300000000000012)(156.42136081702517 207.0)
(0.01,4.0,0.19300000000000012)(156.77123583730793 210.0)
(0.01,4.0,0.19300000000000012)(156.77123583730793 212.0)
(0.01,4.0,0.19300000000000012)(156.77123583730793 213.0)
(0.01,4.0,0.19300000000000012)(156.77123583730793 211.0)
(0.01,4.0,0.19300000000000012)(156.77123583730793 215.0)
(0.01,4.0,0.19300000000000012)(156.77123583730793 214.0)
(0.01,4.0,0.19300000000000012)(155.80471176876182 212.0)
(0.01,4.0,0.19300000000000012)(156.0518281426648 215.0)
(0.01,4.0,0.19300000000000012)(157.21972290114078 212.0)
(0.01,4.0,0.19300000000000012)(155.03568225462615 216.0)
(0.01,4.0,0.19300000000000012)(155.60493928299965 217.0)
(0.01,4.0,0.19300000000000012)(156.5288602685613 216.0)
(0.01,4.0,0.19300000000000012)(154.71777224087018 214.0)
(0.01,4.0,0.19300000000000012)(155.74394043807314 217.0)
(0.01,4.0,0.19300000000000012)(155.49158863393083 215.0)
(0.01,4.0,0.19300000000000012)(154.70575546778477 216.0)
(0.01,4.0,0.19300000000000012)(154.5542464499232 217.0)
(0.01,4.0,0.19300000000000012)(153.74679057697736 218.0)
(0.01,4.0,0.19300000000000012)(155.734259471837 214.0)
(0.01,4.0,0.19300000000000012)(155.49158863393086 214.0)
(0.01,4.0,0.19300000000000012)(154.5542464499232 219.0)
(0.01,4.0,0.19300000000000012)(154.3199734285877 218.0)
(0.01 4.0 0.19600000000000012)(128.84371322890146 260.0)
(0.01,4.0,0.19600000000000012)(165.85989181798615 1.0)
(0.01,4.0,0.19600000000000012)(165.85989181798615 12.0)
(0.01,4.0,0.19600000000000012)(165.85989181798615 24.0)
(0.01,4.0,0.19600000000000012)(165.85989181798615 25.0)
(0.01,4.0,0.19600000000000012)(165.85989181798615 30.0)
(0.01,4.0,0.19600000000000012)(165.81921881755773 43.0)
(0.01,4.0,0.19600000000000012)(165.81921881755773 44.0)
(0.01,4.0,0.19600000000000012)(165.7098903697138 59.0)
(0.01,4.0,0.19600000000000012)(165.7098903697138 62.0)
(0.01,4.0,0.19600000000000012)(165.5997310482886 75.0)
(0.01,4.0,0.19600000000000012)(165.5997310482886 82.0)
(0.01,4.0,0.19600000000000012)(165.1431896093073 92.0)
(0.01,4.0,0.19600000000000012)(165.1431896093073 107.0)
(0.01,4.0,0.19600000000000012)(165.1431896093073 117.0)
(0.01,4.0,0.19600000000000012)(164.2371687521851 127.0)
(0.01,4.0,0.19600000000000012)(162.6552847835104 145.0)
(0.01,4.0,0.19600000000000012)(162.45484343658347 157.0)
(0.01,4.0,0.19600000000000012)(159.498174569686 173.0)
(0.01,4.0,0.19600000000000012)(158.15385179884498 185.0)
(0.01,4.0,0.19600000000000012)(156.93501009162748 201.0)
(0.01,4.0,0.19600000000000012)(155.60846939068912 207.0)
(0.01,4.0,0.19600000000000012)(155.95368636398263 208.0)
(0.01,4.0,0.19600000000000012)(154.0123265961074 210.0)
(0.01,4.0,0.19600000000000012)(155.8693753683754 209.0)
(0.01,4.0,0.19600000000000012)(155.6762224071309 212.0)
(0.01,4.0,0.19600000000000012)(154.7433586895546 215.0)
(0.01,4.0,0.19600000000000012)(155.6762224071309 214.0)
(0.01,4.0,0.19600000000000012)(155.43352064758076 216.0)
(0.01,4.0,0.19600000000000012)(154.8948392298256 217.0)
(0.01,4.0,0.19600000000000012)(154.78863477039582 217.0)
(0.01,4.0,0.19600000000000012)(154.62841965354644 217.0)
(0.01,4.0,0.19600000000000012)(155.83535447744572 218.0)
(0.01,4.0,0.19600000000000012)(153.5888301389849 218.0)
(0.01,4.0,0.19600000000000012)(153.62800758443032 218.0)
(0.01,4.0,0.19600000000000012)(153.23469592117797 222.0)
(0.01,4.0,0.19600000000000012)(152.5873803108706 219.0)
(0.01,4.0,0.19600000000000012)(154.31036835620992 221.0)
(0.01,4.0,0.19600000000000012)(152.50148803981094 224.0)
(0.01,4.0,0.19600000000000012)(153.31322217429528 222.0)
(0.01,4.0,0.19600000000000012)(153.37173070914406 223.0)
(0.01,4.0,0.19600000000000012)(151.5026122055097 225.0)
(0.01,4.0,0.19600000000000012)(153.9436003159095 222.0)
(0.01,4.0,0.19600000000000012)(152.64513867311075 219.0)
(0.01,4.0,0.19600000000000012)(152.6253592685938 221.0)
(0.01,4.0,0.19600000000000012)(152.00690375295864 223.0)
(0.01,4.0,0.19600000000000012)(152.37357470032677 222.0)
(0.01,4.0,0.19600000000000012)(152.27780761146016 224.0)
(0.01 4.0 0.19900000000000012)(130.1319367207373 266.0)
(0.01,4.0,0.19900000000000012)(165.85989181798615 1.0)
(0.01,4.0,0.19900000000000012)(165.85989181798615 12.0)
(0.01,4.0,0.19900000000000012)(165.85989181798615 25.0)
(0.01,4.0,0.19900000000000012)(165.81921881755773 36.0)
(0.01,4.0,0.19900000000000012)(165.81921881755773 41.0)
(0.01,4.0,0.19900000000000012)(165.81921881755773 44.0)
(0.01,4.0,0.19900000000000012)(165.81921881755773 51.0)
(0.01,4.0,0.19900000000000012)(165.81921881755773 58.0)
(0.01,4.0,0.19900000000000012)(165.7098903697138 71.0)
(0.01,4.0,0.19900000000000012)(165.7098903697138 74.0)
(0.01,4.0,0.19900000000000012)(165.7098903697138 81.0)
(0.01,4.0,0.19900000000000012)(165.41295306406636 91.0)
(0.01,4.0,0.19900000000000012)(165.41295306406636 109.0)
(0.01,4.0,0.19900000000000012)(165.11347264887667 118.0)
(0.01,4.0,0.19900000000000012)(165.11347264887667 125.0)
(0.01,4.0,0.19900000000000012)(164.38826041259009 138.0)
(0.01,4.0,0.19900000000000012)(162.90351129819476 154.0)
(0.01,4.0,0.19900000000000012)(158.78131114259006 175.0)
(0.01,4.0,0.19900000000000012)(159.01470920886658 183.0)
(0.01,4.0,0.19900000000000012)(157.7076233807146 196.0)
(0.01,4.0,0.19900000000000012)(154.73261415712182 208.0)
(0.01,4.0,0.19900000000000012)(153.2856261252199 211.0)
(0.01,4.0,0.19900000000000012)(153.15306671638874 209.0)
(0.01,4.0,0.19900000000000012)(153.885779546032 207.0)
(0.01,4.0,0.19900000000000012)(154.70482941797 208.0)
(0.01,4.0,0.19900000000000012)(154.08104958092005 208.0)
(0.01,4.0,0.19900000000000012)(154.08104958092005 210.0)
(0.01,4.0,0.19900000000000012)(153.95294971055625 210.0)
(0.01,4.0,0.19900000000000012)(155.87064666435626 215.0)
(0.01,4.0,0.19900000000000012)(153.05926755153516 216.0)
(0.01,4.0,0.19900000000000012)(153.1330980307057 209.0)
(0.01,4.0,0.19900000000000012)(155.40953065223664 216.0)
(0.01,4.0,0.19900000000000012)(152.03540843517928 217.0)
(0.01,4.0,0.19900000000000012)(152.41693383303982 217.0)
(0.01,4.0,0.19900000000000012)(153.35143550439471 217.0)
(0.01,4.0,0.19900000000000012)(153.34272940540686 217.0)
(0.01,4.0,0.19900000000000012)(153.44042161683868 216.0)
(0.01,4.0,0.19900000000000012)(152.85208739693257 215.0)
(0.01,4.0,0.19900000000000012)(152.7191405145078 217.0)
(0.01,4.0,0.19900000000000012)(153.2938786522606 217.0)
(0.01,4.0,0.19900000000000012)(152.03889830346628 219.0)
(0.01,4.0,0.19900000000000012)(152.76067335755988 219.0)
(0.01,4.0,0.19900000000000012)(152.76067335755988 218.0)
(0.01,4.0,0.19900000000000012)(152.41507275566963 220.0)
(0.01,4.0,0.19900000000000012)(154.76086969361464 217.0)
(0.01,4.0,0.19900000000000012)(154.02353085138336 213.0)
(0.01,4.0,0.19900000000000012)(153.95294971055623 212.0)
(0.01 4.0 0.20200000000000012)(132.36917805066437 262.0)
(0.01,4.0,0.20200000000000012)(165.85989181798615 1.0)
(0.01,4.0,0.20200000000000012)(165.85989181798615 12.0)
(0.01,4.0,0.20200000000000012)(165.85989181798615 24.0)
(0.01,4.0,0.20200000000000012)(165.85989181798615 25.0)
(0.01,4.0,0.20200000000000012)(165.85989181798615 30.0)
(0.01,4.0,0.20200000000000012)(165.81921881755773 43.0)
(0.01,4.0,0.20200000000000012)(165.81921881755773 42.0)
(0.01,4.0,0.20200000000000012)(165.81921881755773 44.0)
(0.01,4.0,0.20200000000000012)(165.81921881755773 51.0)
(0.01,4.0,0.20200000000000012)(165.41295306406636 67.0)
(0.01,4.0,0.20200000000000012)(165.7098903697138 71.0)
(0.01,4.0,0.20200000000000012)(165.41295306406636 77.0)
(0.01,4.0,0.20200000000000012)(165.41295306406636 84.0)
(0.01,4.0,0.20200000000000012)(165.41295306406636 98.0)
(0.01,4.0,0.20200000000000012)(165.41295306406636 109.0)
(0.01,4.0,0.20200000000000012)(165.41295306406636 110.0)
(0.01,4.0,0.20200000000000012)(165.11347264887667 125.0)
(0.01,4.0,0.20200000000000012)(163.1645948882777 148.0)
(0.01,4.0,0.20200000000000012)(162.90351129819476 153.0)
(0.01,4.0,0.20200000000000012)(159.2422726685233 173.0)
(0.01,4.0,0.20200000000000012)(159.82868801356418 183.0)
(0.01,4.0,0.20200000000000012)(158.1714526403361 198.0)
(0.01,4.0,0.20200000000000012)(154.91121622863443 207.0)
(0.01,4.0,0.20200000000000012)(156.12661348183534 209.0)
(0.01,4.0,0.20200000000000012)(154.98172885747803 207.0)
(0.01,4.0,0.20200000000000012)(154.6334829764768 210.0)
(0.01,4.0,0.20200000000000012)(156.12661348183534 211.0)
(0.01,4.0,0.20200000000000012)(155.88403757207968 215.0)
(0.01,4.0,0.20200000000000012)(156.12661348183534 213.0)
(0.01,4.0,0.20200000000000012)(158.00267587164984 208.0)
(0.01,4.0,0.20200000000000012)(155.6892815556127 211.0)
(0.01,4.0,0.20200000000000012)(155.61881753011116 213.0)
(0.01,4.0,0.20200000000000012)(155.12726765622529 211.0)
(0.01,4.0,0.20200000000000012)(155.9101558690433 213.0)
(0.01,4.0,0.20200000000000012)(156.05618119215876 211.0)
(0.01,4.0,0.20200000000000012)(155.97703875490117 212.0)
(0.01,4.0,0.20200000000000012)(155.96318803529098 212.0)
(0.01,4.0,0.20200000000000012)(153.8817351112894 215.0)
(0.01,4.0,0.20200000000000012)(154.31997342858773 213.0)
(0.01,4.0,0.20200000000000012)(154.96362418478805 213.0)
(0.01,4.0,0.20200000000000012)(154.5629525489111 211.0)
(0.01,4.0,0.20200000000000012)(152.87981006393144 214.0)
(0.01,4.0,0.20200000000000012)(153.5994171058893 218.0)
(0.01,4.0,0.20200000000000012)(154.31997342858773 217.0)
(0.01,4.0,0.20200000000000012)(155.13065722609971 212.0)
(0.01,4.0,0.20200000000000012)(154.2267580283208 218.0)
(0.01,4.0,0.20200000000000012)(154.5629525489111 216.0)
(0.01,4.0,0.20200000000000012)(154.30166225722215 216.0)
(0.01,4.0,0.20200000000000012)(154.48371251863225 217.0)
(0.01,4.0,0.20200000000000012)(154.04737721487805 214.0)
(0.01,4.0,0.20200000000000012)(154.2267580283208 219.0)
(0.01,4.0,0.20200000000000012)(154.390517762177 213.0)
(0.01 4.0 0.20500000000000013)(135.8968568162046 258.0)
(0.01,4.0,0.20500000000000013)(165.85989181798615 1.0)
(0.01,4.0,0.20500000000000013)(165.85989181798615 12.0)
(0.01,4.0,0.20500000000000013)(165.85989181798615 25.0)
(0.01,4.0,0.20500000000000013)(165.85989181798615 30.0)
(0.01,4.0,0.20500000000000013)(165.85989181798615 35.0)
(0.01,4.0,0.20500000000000013)(165.81921881755773 44.0)
(0.01,4.0,0.20500000000000013)(165.7098903697138 64.0)
(0.01,4.0,0.20500000000000013)(165.7098903697138 67.0)
(0.01,4.0,0.20500000000000013)(165.7098903697138 74.0)
(0.01,4.0,0.20500000000000013)(165.41295306406636 91.0)
(0.01,4.0,0.20500000000000013)(165.41295306406636 109.0)
(0.01,4.0,0.20500000000000013)(165.41295306406636 116.0)
(0.01,4.0,0.20500000000000013)(164.54394331944664 130.0)
(0.01,4.0,0.20500000000000013)(163.22983233953613 151.0)
(0.01,4.0,0.20500000000000013)(162.07090490953726 164.0)
(0.01,4.0,0.20500000000000013)(158.95324085837865 182.0)
(0.01,4.0,0.20500000000000013)(157.3057566091367 199.0)
(0.01,4.0,0.20500000000000013)(156.78476860842076 204.0)
(0.01,4.0,0.20500000000000013)(156.37021289126938 206.0)
(0.01,4.0,0.20500000000000013)(155.49530018366872 209.0)
(0.01,4.0,0.20500000000000013)(155.14714473824762 209.0)
(0.01,4.0,0.20500000000000013)(156.02236424345867 208.0)
(0.01,4.0,0.20500000000000013)(156.02236424345867 210.0)
(0.01,4.0,0.20500000000000013)(157.6534537909749 209.0)
(0.01,4.0,0.20500000000000013)(154.7586684139118 211.0)
(0.01,4.0,0.20500000000000013)(155.7005350096398 210.0)
(0.01,4.0,0.20500000000000013)(155.7005350096398 212.0)
(0.01,4.0,0.20500000000000013)(158.0623147769933 209.0)
(0.01,4.0,0.20500000000000013)(154.98086502053738 213.0)
(0.01,4.0,0.20500000000000013)(154.8328416175352 211.0)
(0.01,4.0,0.20500000000000013)(156.8112296298373 215.0)
(0.01,4.0,0.20500000000000013)(156.8112296298373 216.0)
(0.01,4.0,0.20500000000000013)(154.2423552784953 218.0)
(0.01,4.0,0.20500000000000013)(154.0437204542701 224.0)
(0.01,4.0,0.20500000000000013)(155.39250693396008 215.0)
(0.01,4.0,0.20500000000000013)(153.59318318847897 221.0)
(0.01,4.0,0.20500000000000013)(154.0437204542701 220.0)
(0.01,4.0,0.20500000000000013)(154.10558234699863 217.0)
(0.01,4.0,0.20500000000000013)(154.0437204542701 222.0)
(0.01,4.0,0.20500000000000013)(154.2423552784953 219.0)
(0.01 4.0 0.20800000000000013)(129.59534640801596 258.0)
(0.01,4.0,0.20800000000000013)(165.85989181798615 1.0)
(0.01,4.0,0.20800000000000013)(165.85989181798615 12.0)
(0.01,4.0,0.20800000000000013)(165.85989181798615 25.0)
(0.01,4.0,0.20800000000000013)(165.85989181798615 30.0)
(0.01,4.0,0.20800000000000013)(165.81921881755773 42.0)
(0.01,4.0,0.20800000000000013)(165.81921881755773 44.0)
(0.01,4.0,0.20800000000000013)(165.5997310482886 60.0)
(0.01,4.0,0.20800000000000013)(165.5997310482886 68.0)
(0.01,4.0,0.20800000000000013)(165.1431896093073 78.0)
(0.01,4.0,0.20800000000000013)(165.1431896093073 99.0)
(0.01,4.0,0.20800000000000013)(165.1431896093073 110.0)
(0.01,4.0,0.20800000000000013)(165.1431896093073 117.0)
(0.01,4.0,0.20800000000000013)(163.91202930834072 139.0)
(0.01,4.0,0.20800000000000013)(162.98203224994998 152.0)
(0.01,4.0,0.20800000000000013)(160.27396504696193 170.0)
(0.01,4.0,0.20800000000000013)(160.27396504696193 171.0)
(0.01,4.0,0.20800000000000013)(158.40006822368534 184.0)
(0.01,4.0,0.20800000000000013)(156.13989657979502 197.0)
(0.01,4.0,0.20800000000000013)(155.51170417624527 201.0)
(0.01,4.0,0.20800000000000013)(155.61700412745068 207.0)
(0.01,4.0,0.20800000000000013)(155.6770337536093 208.0)
(0.01,4.0,0.20800000000000013)(154.7442332622866 210.0)
(0.01,4.0,0.20800000000000013)(154.33575562789568 214.0)
(0.01,4.0,0.20800000000000013)(154.63871413947376 213.0)
(0.01,4.0,0.20800000000000013)(154.0874604445148 215.0)
(0.01,4.0,0.20800000000000013)(154.0874604445148 216.0)
(0.01,4.0,0.20800000000000013)(154.3957629039004 215.0)
(0.01,4.0,0.20800000000000013)(154.0874604445148 218.0)
(0.01,4.0,0.20800000000000013)(154.33046716149136 217.0)
(0.01,4.0,0.20800000000000013)(155.8885619838001 215.0)
(0.01,4.0,0.20800000000000013)(153.89228292179567 218.0)
(0.01,4.0,0.20800000000000013)(152.16344217251395 222.0)
(0.01,4.0,0.20800000000000013)(153.4834117103302 219.0)
(0.01,4.0,0.20800000000000013)(155.48074499074653 216.0)
(0.01,4.0,0.20800000000000013)(153.67870759243817 219.0)
(0.01,4.0,0.20800000000000013)(153.24018134011754 221.0)
(0.01,4.0,0.20800000000000013)(153.67870759243817 220.0)
(0.01,4.0,0.20800000000000013)(153.6787075924382 221.0)
(0.01,4.0,0.20800000000000013)(153.98713081084887 217.0)
(0.01 4.0 0.21100000000000013)(134.42182596413704 253.0)
(0.01,4.0,0.21100000000000013)(165.85989181798615 1.0)
(0.01,4.0,0.21100000000000013)(165.85989181798615 12.0)
(0.01,4.0,0.21100000000000013)(165.85989181798615 24.0)
(0.01,4.0,0.21100000000000013)(165.85989181798615 25.0)
(0.01,4.0,0.21100000000000013)(165.85989181798615 30.0)
(0.01,4.0,0.21100000000000013)(165.81921881755773 41.0)
(0.01,4.0,0.21100000000000013)(165.81921881755773 44.0)
(0.01,4.0,0.21100000000000013)(165.7098903697138 52.0)
(0.01,4.0,0.21100000000000013)(165.5997310482886 65.0)
(0.01,4.0,0.21100000000000013)(165.5997310482886 68.0)
(0.01,4.0,0.21100000000000013)(165.1431896093073 78.0)
(0.01,4.0,0.21100000000000013)(165.1431896093073 99.0)
(0.01,4.0,0.21100000000000013)(165.1431896093073 103.0)
(0.01,4.0,0.21100000000000013)(165.1431896093073 117.0)
(0.01,4.0,0.21100000000000013)(163.18217844847987 140.0)
(0.01,4.0,0.21100000000000013)(162.98203224994998 149.0)
(0.01,4.0,0.21100000000000013)(160.83853061526236 162.0)
(0.01,4.0,0.21100000000000013)(160.27396504696193 171.0)
(0.01,4.0,0.21100000000000013)(158.40006822368534 181.0)
(0.01,4.0,0.21100000000000013)(157.7626204259515 194.0)
(0.01,4.0,0.21100000000000013)(155.91353800611026 197.0)
(0.01,4.0,0.21100000000000013)(155.38898822692096 206.0)
(0.01,4.0,0.21100000000000013)(154.91643311506894 208.0)
(0.01,4.0,0.21100000000000013)(154.63871413947376 207.0)
(0.01,4.0,0.21100000000000013)(154.91643311506894 210.0)
(0.01,4.0,0.21100000000000013)(153.7048258894018 211.0)
(0.01,4.0,0.21100000000000013)(153.7048258894018 212.0)
(0.01,4.0,0.21100000000000013)(154.63871413947376 213.0)
(0.01,4.0,0.21100000000000013)(154.0874604445148 213.0)
(0.01,4.0,0.21100000000000013)(154.33046716149136 212.0)
(0.01,4.0,0.21100000000000013)(154.3957629039004 213.0)
(0.01,4.0,0.21100000000000013)(154.0874604445148 217.0)
(0.01,4.0,0.21100000000000013)(153.67870759243817 218.0)
(0.01,4.0,0.21100000000000013)(153.6491685949047 218.0)
(0.01,4.0,0.21100000000000013)(156.5078261094513 211.0)
(0.01,4.0,0.21100000000000013)(152.57295131244013 219.0)
(0.01,4.0,0.21100000000000013)(152.16344217251395 220.0)
(0.01,4.0,0.21100000000000013)(155.7982791551876 213.0)
(0.01,4.0,0.21100000000000013)(153.70858606769062 217.0)
(0.01,4.0,0.21100000000000013)(151.70039498637263 221.0)
(0.01,4.0,0.21100000000000013)(153.43552816589684 222.0)
(0.01,4.0,0.21100000000000013)(153.0143131972072 219.0)
(0.01,4.0,0.21100000000000013)(152.86709363990252 221.0)
(0.01,4.0,0.21100000000000013)(152.770983826583 219.0)
(0.01,4.0,0.21100000000000013)(153.60223201191974 220.0)
(0.01 4.0 0.21400000000000013)(131.84770771800106 259.0)
(0.01,4.0,0.21400000000000013)(165.85989181798615 1.0)
(0.01,4.0,0.21400000000000013)(165.85989181798615 12.0)
(0.01,4.0,0.21400000000000013)(165.85989181798615 24.0)
(0.01,4.0,0.21400000000000013)(165.85989181798615 25.0)
(0.01,4.0,0.21400000000000013)(165.85989181798615 30.0)
(0.01,4.0,0.21400000000000013)(165.81921881755773 42.0)
(0.01,4.0,0.21400000000000013)(165.81921881755773 44.0)
(0.01,4.0,0.21400000000000013)(165.7098903697138 52.0)
(0.01,4.0,0.21400000000000013)(165.5997310482886 68.0)
(0.01,4.0,0.21400000000000013)(165.5997310482886 73.0)
(0.01,4.0,0.21400000000000013)(165.1431896093073 85.0)
(0.01,4.0,0.21400000000000013)(165.1431896093073 102.0)
(0.01,4.0,0.21400000000000013)(165.1431896093073 107.0)
(0.01,4.0,0.21400000000000013)(164.2371687521851 134.0)
(0.01,4.0,0.21400000000000013)(162.6552847835104 151.0)
(0.01,4.0,0.21400000000000013)(161.86999334496076 157.0)
(0.01,4.0,0.21400000000000013)(160.06341805343172 169.0)
(0.01,4.0,0.21400000000000013)(159.498174569686 176.0)
(0.01,4.0,0.21400000000000013)(158.15385179884498 185.0)
(0.01,4.0,0.21400000000000013)(157.04095354370563 203.0)
(0.01,4.0,0.21400000000000013)(156.44747911398872 206.0)
(0.01,4.0,0.21400000000000013)(155.97545161145234 209.0)
(0.01,4.0,0.21400000000000013)(155.97545161145234 211.0)
(0.01,4.0,0.21400000000000013)(155.0428429126195 213.0)
(0.01,4.0,0.21400000000000013)(154.7651239370243 215.0)
(0.01,4.0,0.21400000000000013)(154.6596012734404 215.0)
(0.01,4.0,0.21400000000000013)(154.74406190006022 216.0)
(0.01,4.0,0.21400000000000013)(154.62477687748896 215.0)
(0.01,4.0,0.21400000000000013)(155.48658400485897 215.0)
(0.01,4.0,0.21400000000000013)(155.53964354059056 217.0)
(0.01,4.0,0.21400000000000013)(154.10831990779315 219.0)
(0.01,4.0,0.21400000000000013)(155.66316325864912 216.0)
(0.01,4.0,0.21400000000000013)(153.9184012187593 222.0)
(0.01,4.0,0.21400000000000013)(155.71346909161548 216.0)
(0.01,4.0,0.21400000000000013)(155.2003060180027 220.0)
(0.01,4.0,0.21400000000000013)(153.8826576229944 221.0)
(0.01,4.0,0.21400000000000013)(153.9184012187593 223.0)
(0.01,4.0,0.21400000000000013)(153.5235343965759 218.0)
(0.01,4.0,0.21400000000000013)(154.4166360591406 217.0)
(0.01,4.0,0.21400000000000013)(153.4012441713932 218.0)
(0.01,4.0,0.21400000000000013)(152.84242315160284 224.0)
(0.01,4.0,0.21400000000000013)(155.69798765460058 215.0)
(0.01,4.0,0.21400000000000013)(152.01809611718093 224.0)
(0.01,4.0,0.21400000000000013)(152.01809611718093 225.0)
(0.01,4.0,0.21400000000000013)(152.1028422040517 226.0)
(0.01,4.0,0.21400000000000013)(151.24490265091842 230.0)
(0.01,4.0,0.21400000000000013)(150.31467958478905 231.0)
(0.01 4.0 0.21700000000000014)(131.4014329289197 258.0)
(0.01,4.0,0.21700000000000014)(165.85989181798615 1.0)
(0.01,4.0,0.21700000000000014)(165.85989181798615 12.0)
(0.01,4.0,0.21700000000000014)(165.85989181798615 24.0)
(0.01,4.0,0.21700000000000014)(165.85989181798615 25.0)
(0.01,4.0,0.21700000000000014)(165.85989181798615 30.0)
(0.01,4.0,0.21700000000000014)(165.81921881755773 42.0)
(0.01,4.0,0.21700000000000014)(165.81921881755773 44.0)
(0.01,4.0,0.21700000000000014)(165.7098903697138 59.0)
(0.01,4.0,0.21700000000000014)(165.5997310482886 63.0)
(0.01,4.0,0.21700000000000014)(165.5997310482886 68.0)
(0.01,4.0,0.21700000000000014)(165.5997310482886 73.0)
(0.01,4.0,0.21700000000000014)(165.1431896093073 85.0)
(0.01,4.0,0.21700000000000014)(165.1431896093073 106.0)
(0.01,4.0,0.21700000000000014)(165.1431896093073 114.0)
(0.01,4.0,0.21700000000000014)(164.69917762554064 130.0)
(0.01,4.0,0.21700000000000014)(163.23000370176248 136.0)
(0.01,4.0,0.21700000000000014)(162.45484343658347 149.0)
(0.01,4.0,0.21700000000000014)(161.2672131437996 161.0)
(0.01,4.0,0.21700000000000014)(159.498174569686 176.0)
(0.01,4.0,0.21700000000000014)(157.75585310283842 188.0)
(0.01,4.0,0.21700000000000014)(156.11946213595067 196.0)
(0.01,4.0,0.21700000000000014)(156.44747911398872 208.0)
(0.01,4.0,0.21700000000000014)(154.93733452559798 211.0)
(0.01,4.0,0.21700000000000014)(155.97545161145234 210.0)
(0.01,4.0,0.21700000000000014)(155.4552858950505 213.0)
(0.01,4.0,0.21700000000000014)(154.52217270145096 214.0)
(0.01,4.0,0.21700000000000014)(154.84957746331105 214.0)
(0.01,4.0,0.21700000000000014)(155.53964354059056 212.0)
(0.01,4.0,0.21700000000000014)(155.6057583816294 214.0)
(0.01,4.0,0.21700000000000014)(155.53964354059056 216.0)
(0.01,4.0,0.21700000000000014)(155.23161546491085 216.0)
(0.01,4.0,0.21700000000000014)(155.48658400485897 216.0)
(0.01,4.0,0.21700000000000014)(155.60575838162939 215.0)
(0.01,4.0,0.21700000000000014)(155.420461499099 214.0)
(0.01,4.0,0.21700000000000014)(154.647591600688 214.0)
(0.01,4.0,0.21700000000000014)(154.52563365871544 214.0)
(0.01,4.0,0.21700000000000014)(155.56739616978248 218.0)
(0.01,4.0,0.21700000000000014)(154.5195934161981 221.0)
(0.01,4.0,0.21700000000000014)(153.44423426488467 222.0)
(0.01,4.0,0.21700000000000014)(153.8826576229944 221.0)
(0.01,4.0,0.21700000000000014)(154.9574987259617 220.0)
(0.01,4.0,0.21700000000000014)(153.9184012187593 221.0)
(0.01,4.0,0.21700000000000014)(154.00310891855514 221.0)
(0.01,4.0,0.21700000000000014)(153.17166179464948 221.0)
(0.01,4.0,0.21700000000000014)(152.83192651949807 222.0)
(0.01,4.0,0.21700000000000014)(152.0844123563568 222.0)
(0.01,4.0,0.21700000000000014)(153.79391967654655 216.0)
(0.01,4.0,0.21700000000000014)(152.96304689072133 222.0)
(0.01,4.0,0.21700000000000014)(153.9184012187593 223.0)
(0.01,4.0,0.21700000000000014)(153.53864577520056 220.0)
(0.01,4.0,0.21700000000000014)(155.45528589505048 217.0)
(0.01,4.0,0.21700000000000014)(155.2003060180027 221.0)
(0.01 4.0 0.22000000000000014)(134.23029178640377 258.0)
(0.01,4.0,0.22000000000000014)(165.85989181798615 1.0)
(0.01,4.0,0.22000000000000014)(165.85989181798615 13.0)
(0.01,4.0,0.22000000000000014)(165.85989181798615 18.0)
(0.01,4.0,0.22000000000000014)(165.85989181798615 24.0)
(0.01,4.0,0.22000000000000014)(165.85989181798615 25.0)
(0.01,4.0,0.22000000000000014)(165.85989181798615 30.0)
(0.01,4.0,0.22000000000000014)(165.81921881755773 36.0)
(0.01,4.0,0.22000000000000014)(165.81921881755773 42.0)
(0.01,4.0,0.22000000000000014)(165.81921881755773 44.0)
(0.01,4.0,0.22000000000000014)(165.7098903697138 57.0)
(0.01,4.0,0.22000000000000014)(165.5997310482886 68.0)
(0.01,4.0,0.22000000000000014)(165.5997310482886 82.0)
(0.01,4.0,0.22000000000000014)(165.1431896093073 99.0)
(0.01,4.0,0.22000000000000014)(165.1431896093073 114.0)
(0.01,4.0,0.22000000000000014)(164.69917762554064 123.0)
(0.01,4.0,0.22000000000000014)(164.2371687521851 134.0)
(0.01,4.0,0.22000000000000014)(162.45484343658347 146.0)
(0.01,4.0,0.22000000000000014)(161.2672131437996 159.0)
(0.01,4.0,0.22000000000000014)(160.30878944291342 168.0)
(0.01,4.0,0.22000000000000014)(159.498174569686 179.0)
(0.01,4.0,0.22000000000000014)(157.50313225309267 194.0)
(0.01,4.0,0.22000000000000014)(156.82469627192262 203.0)
(0.01,4.0,0.22000000000000014)(155.56041448402945 205.0)
(0.01,4.0,0.22000000000000014)(155.56041448402945 207.0)
(0.01,4.0,0.22000000000000014)(156.2362191442659 211.0)
(0.01,4.0,0.22000000000000014)(155.3039373681619 212.0)
(0.01,4.0,0.22000000000000014)(154.4340482571164 212.0)
(0.01,4.0,0.22000000000000014)(155.47269809302628 211.0)
(0.01,4.0,0.22000000000000014)(155.3672229794513 211.0)
(0.01,4.0,0.22000000000000014)(154.79368389229808 213.0)
(0.01,4.0,0.22000000000000014)(156.22393532380516 212.0)
(0.01,4.0,0.22000000000000014)(155.83180097815242 214.0)
(0.01,4.0,0.22000000000000014)(156.4664128902709 211.0)
(0.01,4.0,0.22000000000000014)(155.10183092404534 213.0)
(0.01,4.0,0.22000000000000014)(156.16657035236292 212.0)
(0.01,4.0,0.22000000000000014)(155.78827048321304 216.0)
(0.01,4.0,0.22000000000000014)(153.6365423211918 216.0)
(0.01,4.0,0.22000000000000014)(154.5794796074988 215.0)
(0.01,4.0,0.22000000000000014)(155.64220935765778 218.0)
(0.01,4.0,0.22000000000000014)(154.09762075705183 214.0)
(0.01,4.0,0.22000000000000014)(153.50159778687984 221.0)
(0.01,4.0,0.22000000000000014)(153.50159778687984 222.0)
(0.01,4.0,0.22000000000000014)(154.51942205397174 221.0)
(0.01,4.0,0.22000000000000014)(154.45759422166861 221.0)
(0.01,4.0,0.22000000000000014)(153.50271119056552 222.0)
(0.01,4.0,0.22000000000000014)(153.43362814824835 222.0)
(0.01,4.0,0.22000000000000014)(153.50271119056552 223.0)
(0.01,4.0,0.22000000000000014)(153.76964969837843 216.0)
(0.01,4.0,0.22000000000000014)(153.37173070914415 222.0)
(0.01,4.0,0.22000000000000014)(155.0400353041201 214.0)
(0.01,4.0,0.22000000000000014)(154.21460126734337 222.0)
(0.01,4.0,0.22000000000000014)(155.0174134733293 214.0)
(0.01,4.0,0.22000000000000014)(153.5331825370231 219.0)
(0.01 4.0 0.22300000000000014)(130.16329176775307 261.0)
(0.01,4.0,0.22300000000000014)(165.85989181798615 1.0)
(0.01,4.0,0.22300000000000014)(165.85989181798615 12.0)
(0.01,4.0,0.22300000000000014)(165.85989181798615 24.0)
(0.01,4.0,0.22300000000000014)(165.85989181798615 25.0)
(0.01,4.0,0.22300000000000014)(165.85989181798615 30.0)
(0.01,4.0,0.22300000000000014)(165.81921881755773 43.0)
(0.01,4.0,0.22300000000000014)(165.81921881755773 44.0)
(0.01,4.0,0.22300000000000014)(165.81921881755773 56.0)
(0.01,4.0,0.22300000000000014)(165.5997310482886 63.0)
(0.01,4.0,0.22300000000000014)(165.5997310482886 68.0)
(0.01,4.0,0.22300000000000014)(165.5997310482886 75.0)
(0.01,4.0,0.22300000000000014)(165.1431896093073 85.0)
(0.01,4.0,0.22300000000000014)(165.1431896093073 99.0)
(0.01,4.0,0.22300000000000014)(164.69917762554064 123.0)
(0.01,4.0,0.22300000000000014)(163.23000370176248 136.0)
(0.01,4.0,0.22300000000000014)(161.2672131437996 156.0)
(0.01,4.0,0.22300000000000014)(160.30878944291342 166.0)
(0.01,4.0,0.22300000000000014)(159.498174569686 179.0)
(0.01,4.0,0.22300000000000014)(156.7208134992846 189.0)
(0.01,4.0,0.22300000000000014)(155.82212396673756 202.0)
(0.01,4.0,0.22300000000000014)(155.00085785867464 211.0)
(0.01,4.0,0.22300000000000014)(154.72316766576049 211.0)
(0.01,4.0,0.22300000000000014)(156.038768994183 211.0)
(0.01,4.0,0.22300000000000014)(155.76135263604883 212.0)
(0.01,4.0,0.22300000000000014)(154.91311164770124 212.0)
(0.01,4.0,0.22300000000000014)(154.91311164770124 214.0)
(0.01,4.0,0.22300000000000014)(154.80760687772053 212.0)
(0.01,4.0,0.22300000000000014)(154.80760687772053 215.0)
(0.01,4.0,0.22300000000000014)(154.80760687772053 216.0)
(0.01,4.0,0.22300000000000014)(154.75015339735876 216.0)
(0.01,4.0,0.22300000000000014)(155.29504982712572 216.0)
(0.01,4.0,0.22300000000000014)(155.29504982712572 217.0)
(0.01,4.0,0.22300000000000014)(155.5186973917506 215.0)
(0.01,4.0,0.22300000000000014)(153.5698813550897 223.0)
(0.01,4.0,0.22300000000000014)(154.64498413709597 222.0)
(0.01,4.0,0.22300000000000014)(153.3066063289615 223.0)
(0.01,4.0,0.22300000000000014)(155.56466190379982 221.0)
(0.01,4.0,0.22300000000000014)(155.0827736816664 221.0)
(0.01,4.0,0.22300000000000014)(153.62415074628305 222.0)
(0.01,4.0,0.22300000000000014)(153.88992963171276 222.0)
(0.01,4.0,0.22300000000000014)(152.42964340359305 223.0)
(0.01,4.0,0.22300000000000014)(153.74510704599774 222.0)
(0.01,4.0,0.22300000000000014)(151.75571845420131 226.0)
(0.01,4.0,0.22300000000000014)(153.88992963171276 224.0)
(0.01,4.0,0.22300000000000014)(155.0827736816664 225.0)
(0.01,4.0,0.22300000000000014)(150.1077266569989 230.0)
(0.01,4.0,0.22300000000000014)(150.67903672032625 229.0)
(0.01,4.0,0.22300000000000014)(152.95095495095245 225.0)
(0.01,4.0,0.22300000000000014)(149.74850493011877 230.0)
(0.01,4.0,0.22300000000000014)(151.39048120290903 225.0)
(0.01,4.0,0.22300000000000014)(149.74850493011877 231.0)
(0.01 4.0 0.22600000000000015)(132.640184119909 255.0)
(0.01,4.0,0.22600000000000015)(165.85989181798615 1.0)
(0.01,4.0,0.22600000000000015)(165.85989181798615 12.0)
(0.01,4.0,0.22600000000000015)(165.85989181798615 24.0)
(0.01,4.0,0.22600000000000015)(165.85989181798615 25.0)
(0.01,4.0,0.22600000000000015)(165.85989181798615 35.0)
(0.01,4.0,0.22600000000000015)(165.81921881755773 41.0)
(0.01,4.0,0.22600000000000015)(165.81921881755773 42.0)
(0.01,4.0,0.22600000000000015)(165.81921881755773 49.0)
(0.01,4.0,0.22600000000000015)(165.7098903697138 57.0)
(0.01,4.0,0.22600000000000015)(165.5997310482886 68.0)
(0.01,4.0,0.22600000000000015)(165.5997310482886 73.0)
(0.01,4.0,0.22600000000000015)(165.5997310482886 75.0)
(0.01,4.0,0.22600000000000015)(165.1431896093073 92.0)
(0.01,4.0,0.22600000000000015)(165.1431896093073 102.0)
(0.01,4.0,0.22600000000000015)(164.69917762554064 123.0)
(0.01,4.0,0.22600000000000015)(164.69917762554064 130.0)
(0.01,4.0,0.22600000000000015)(164.0377886100079 136.0)
(0.01,4.0,0.22600000000000015)(162.45484343658347 156.0)
(0.01,4.0,0.22600000000000015)(160.06341805343172 174.0)
(0.01,4.0,0.22600000000000015)(159.498174569686 179.0)
(0.01,4.0,0.22600000000000015)(156.50151813091023 190.0)
(0.01,4.0,0.22600000000000015)(156.1637638372038 200.0)
(0.01,4.0,0.22600000000000015)(155.41158403788467 206.0)
(0.01,4.0,0.22600000000000015)(154.93905858243843 209.0)
(0.01,4.0,0.22600000000000015)(155.97703875490112 209.0)
(0.01,4.0,0.22600000000000015)(154.7668695229262 210.0)
(0.01,4.0,0.22600000000000015)(155.78391743371913 209.0)
(0.01,4.0,0.22600000000000015)(154.7458003478648 210.0)
(0.01,4.0,0.22600000000000015)(155.4803351799038 213.0)
(0.01,4.0,0.22600000000000015)(155.2332803708597 212.0)
(0.01,4.0,0.22600000000000015)(155.54127787281882 213.0)
(0.01,4.0,0.22600000000000015)(155.48387299579915 212.0)
(0.01,4.0,0.22600000000000015)(155.54127787281882 211.0)
(0.01,4.0,0.22600000000000015)(153.98025978294189 214.0)
(0.01,4.0,0.22600000000000015)(155.01929434588686 214.0)
(0.01,4.0,0.22600000000000015)(153.98208147246896 219.0)
(0.01,4.0,0.22600000000000015)(155.56466190379982 216.0)
(0.01,4.0,0.22600000000000015)(155.02098915105597 219.0)
(0.01,4.0,0.22600000000000015)(153.82807441288054 220.0)
(0.01,4.0,0.22600000000000015)(152.64277146656954 220.0)
(0.01,4.0,0.22600000000000015)(154.19029004679442 215.0)
(0.01,4.0,0.22600000000000015)(153.6832320041585 220.0)
(0.01,4.0,0.22600000000000015)(153.30699532556477 218.0)
(0.01,4.0,0.22600000000000015)(152.78795462352244 221.0)
(0.01,4.0,0.22600000000000015)(154.77816711338917 220.0)
(0.01,4.0,0.22600000000000015)(154.41841677622313 215.0)
(0.01,4.0,0.22600000000000015)(155.45693560020572 214.0)
(0.01,4.0,0.22600000000000015)(153.73900698969447 220.0)
(0.01 4.0 0.22900000000000015)(110.87541259866545 277.0)
(0.01,4.0,0.22900000000000015)(165.85989181798615 1.0)
(0.01,4.0,0.22900000000000015)(165.85989181798615 18.0)
(0.01,4.0,0.22900000000000015)(165.85989181798615 24.0)
(0.01,4.0,0.22900000000000015)(165.85989181798615 25.0)
(0.01,4.0,0.22900000000000015)(165.85989181798615 37.0)
(0.01,4.0,0.22900000000000015)(165.81921881755773 44.0)
(0.01,4.0,0.22900000000000015)(165.81921881755773 49.0)
(0.01,4.0,0.22900000000000015)(165.7098903697138 52.0)
(0.01,4.0,0.22900000000000015)(165.7098903697138 62.0)
(0.01,4.0,0.22900000000000015)(165.48909792022542 78.0)
(0.01,4.0,0.22900000000000015)(165.48909792022542 79.0)
(0.01,4.0,0.22900000000000015)(165.14318960930729 105.0)
(0.01,4.0,0.22900000000000015)(165.14318960930729 123.0)
(0.01,4.0,0.22900000000000015)(161.14465523591113 146.0)
(0.01,4.0,0.22900000000000015)(159.79154458251818 155.0)
(0.01,4.0,0.22900000000000015)(153.49415182371757 173.0)
(0.01,4.0,0.22900000000000015)(151.8567241989639 175.0)
(0.01,4.0,0.22900000000000015)(151.21065596923563 184.0)
(0.01,4.0,0.22900000000000015)(151.36078576702653 194.0)
(0.01,4.0,0.22900000000000015)(150.55017132755376 195.0)
(0.01,4.0,0.22900000000000015)(150.55017132755376 198.0)
(0.01,4.0,0.22900000000000015)(148.38455672888674 208.0)
(0.01,4.0,0.22900000000000015)(148.40433939540358 211.0)
(0.01,4.0,0.22900000000000015)(146.7642925844592 213.0)
(0.01,4.0,0.22900000000000015)(146.2305049828893 216.0)
(0.01,4.0,0.22900000000000015)(145.99165752431958 220.0)
(0.01,4.0,0.22900000000000015)(144.88476905094961 227.0)
(0.01,4.0,0.22900000000000015)(145.10752762216762 225.0)
(0.01,4.0,0.22900000000000015)(144.88476905094961 231.0)
(0.01,4.0,0.22900000000000015)(144.88476905094961 233.0)
(0.01,4.0,0.22900000000000015)(144.88476905094961 234.0)
(0.01,4.0,0.22900000000000015)(143.8916931547117 235.0)
(0.01,4.0,0.22900000000000015)(143.27760373853818 236.0)
(0.01,4.0,0.22900000000000015)(139.63764920841254 237.0)
(0.01,4.0,0.22900000000000015)(139.3330780756293 239.0)
(0.01,4.0,0.22900000000000015)(138.4365032650987 239.0)
(0.01,4.0,0.22900000000000015)(135.56847100865483 239.0)
(0.01,4.0,0.22900000000000015)(133.87206140875563 242.0)
(0.01,4.0,0.22900000000000015)(135.80911016719332 242.0)
(0.01,4.0,0.22900000000000015)(136.26371035162876 243.0)
(0.01,4.0,0.22900000000000015)(132.14624502416117 244.0)
(0.01,4.0,0.22900000000000015)(132.78669617079694 243.0)
(0.01,4.0,0.22900000000000015)(131.60650230136636 245.0)
(0.01,4.0,0.22900000000000015)(130.93931469411504 245.0)
(0.01,4.0,0.22900000000000015)(131.08034910376614 247.0)
(0.01,4.0,0.22900000000000015)(129.7748509834965 251.0)
(0.01,4.0,0.22900000000000015)(127.62182867586269 247.0)
(0.01,4.0,0.22900000000000015)(130.69343999244398 248.0)
(0.01,4.0,0.22900000000000015)(130.66574965545212 249.0)
(0.01,4.0,0.22900000000000015)(127.27721206286205 250.0)
(0.01,4.0,0.22900000000000015)(130.54543630965014 248.0)
(0.01,4.0,0.22900000000000015)(129.03280624563357 248.0)
(0.01,4.0,0.22900000000000015)(127.27312947745985 248.0)
(0.01,4.0,0.22900000000000015)(127.07536028137073 251.0)
(0.01,4.0,0.22900000000000015)(128.26928205792822 248.0)
(0.01,4.0,0.22900000000000015)(125.42459401884723 248.0)
(0.01,4.0,0.22900000000000015)(124.15242684513898 250.0)
(0.01,4.0,0.22900000000000015)(124.06915560157861 252.0)
(0.01,4.0,0.22900000000000015)(123.82934117498039 252.0)
(0.01,4.0,0.22900000000000015)(128.51177980847842 248.0)
(0.01,4.0,0.22900000000000015)(129.85969248854542 246.0)
(0.01,4.0,0.22900000000000015)(129.76512239180641 247.0)
(0.01,4.0,0.22900000000000015)(128.81691648768023 249.0)
(0.01,4.0,0.22900000000000015)(125.25157281216455 251.0)
(0.01,4.0,0.22900000000000015)(122.45490409087628 256.0)
(0.01,4.0,0.22900000000000015)(126.42801758631914 251.0)
(0.01,4.0,0.22900000000000015)(127.66169497037399 249.0)
(0.01,4.0,0.22900000000000015)(129.63375010575933 247.0)
(0.01,4.0,0.22900000000000015)(127.85546263888726 248.0)
(0.01,4.0,0.22900000000000015)(130.90343870226954 244.0)
(0.01,4.0,0.22900000000000015)(130.1849710473743 248.0)
(0.01,4.0,0.22900000000000015)(132.81127359969256 244.0)
(0.01,4.0,0.22900000000000015)(131.46752256006408 243.0)
(0.01,4.0,0.22900000000000015)(131.18146127994277 241.0)
(0.01,4.0,0.22900000000000015)(126.94494015877925 246.0)
(0.01,4.0,0.22900000000000015)(129.5399576730503 247.0)
(0.01,4.0,0.22900000000000015)(129.26651009816723 243.0)
(0.01,4.0,0.22900000000000015)(130.2248818757582 242.0)
(0.01,4.0,0.22900000000000015)(128.82168611545882 244.0)
(0.01,4.0,0.22900000000000015)(129.32609531303967 245.0)
(0.01,4.0,0.22900000000000015)(129.02945546807567 245.0)
(0.01,4.0,0.22900000000000015)(129.1663899598067 245.0)
(0.01,4.0,0.22900000000000015)(128.43166000602827 248.0)
(0.01,4.0,0.22900000000000015)(130.39500654386904 245.0)
(0.01,4.0,0.22900000000000015)(127.46758392787669 247.0)
(0.01,4.0,0.22900000000000015)(128.5193177675756 247.0)
(0.01,4.0,0.22900000000000015)(128.7591542888061 247.0)
(0.01,4.0,0.22900000000000015)(126.0999203350241 250.0)
(0.01,4.0,0.22900000000000015)(130.214604548111 248.0)
(0.01,4.0,0.22900000000000015)(127.25817409488938 248.0)
(0.01,4.0,0.22900000000000015)(127.01828683929295 250.0)
(0.01,4.0,0.22900000000000015)(127.39936791278409 250.0)
(0.01,4.0,0.22900000000000015)(125.55314817051327 251.0)
(0.01 4.0 0.23200000000000015)(110.69184043442985 278.0)
(0.01,4.0,0.23200000000000015)(165.85989181798615 1.0)
(0.01,4.0,0.23200000000000015)(165.85989181798615 13.0)
(0.01,4.0,0.23200000000000015)(165.85989181798615 24.0)
(0.01,4.0,0.23200000000000015)(165.85989181798615 25.0)
(0.01,4.0,0.23200000000000015)(165.85989181798615 37.0)
(0.01,4.0,0.23200000000000015)(165.81921881755773 44.0)
(0.01,4.0,0.23200000000000015)(165.7098903697138 52.0)
(0.01,4.0,0.23200000000000015)(165.5997310482886 63.0)
(0.01,4.0,0.23200000000000015)(165.48909792022542 78.0)
(0.01,4.0,0.23200000000000015)(165.48909792022542 90.0)
(0.01,4.0,0.23200000000000015)(165.14318960930729 105.0)
(0.01,4.0,0.23200000000000015)(165.14318960930729 115.0)
(0.01,4.0,0.23200000000000015)(160.75097365598523 147.0)
(0.01,4.0,0.23200000000000015)(158.26023047123388 161.0)
(0.01,4.0,0.23200000000000015)(153.49415182371757 177.0)
(0.01,4.0,0.23200000000000015)(151.8567241989639 179.0)
(0.01,4.0,0.23200000000000015)(151.7566040606033 191.0)
(0.01,4.0,0.23200000000000015)(151.7566040606033 193.0)
(0.01,4.0,0.23200000000000015)(150.55017132755376 198.0)
(0.01,4.0,0.23200000000000015)(149.5625620171109 204.0)
(0.01,4.0,0.23200000000000015)(149.37309568924059 207.0)
(0.01,4.0,0.23200000000000015)(147.85697642685952 210.0)
(0.01,4.0,0.23200000000000015)(145.99165752431958 215.0)
(0.01,4.0,0.23200000000000015)(145.99165752431958 218.0)
(0.01,4.0,0.23200000000000015)(145.99165752431958 216.0)
(0.01,4.0,0.23200000000000015)(145.99165752431958 220.0)
(0.01,4.0,0.23200000000000015)(145.69812625950573 224.0)
(0.01,4.0,0.23200000000000015)(146.2305049828893 228.0)
(0.01,4.0,0.23200000000000015)(145.10752762216762 231.0)
(0.01,4.0,0.23200000000000015)(144.47641317762853 233.0)
(0.01,4.0,0.23200000000000015)(144.59834319191037 235.0)
(0.01,4.0,0.23200000000000015)(140.49758275006496 237.0)
(0.01,4.0,0.23200000000000015)(139.1024200330414 239.0)
(0.01,4.0,0.23200000000000015)(137.542534844205 240.0)
(0.01,4.0,0.23200000000000015)(135.16771174289156 240.0)
(0.01,4.0,0.23200000000000015)(136.201491476506 238.0)
(0.01,4.0,0.23200000000000015)(134.19875226095363 244.0)
(0.01,4.0,0.23200000000000015)(133.3011226490643 244.0)
(0.01,4.0,0.23200000000000015)(132.23301731043264 245.0)
(0.01,4.0,0.23200000000000015)(130.39234137157743 248.0)
(0.01,4.0,0.23200000000000015)(131.9015840419903 246.0)
(0.01,4.0,0.23200000000000015)(128.45794966521834 249.0)
(0.01,4.0,0.23200000000000015)(127.70178494396956 249.0)
(0.01,4.0,0.23200000000000015)(130.17153441706637 249.0)
(0.01,4.0,0.23200000000000015)(130.26593157402692 247.0)
(0.01,4.0,0.23200000000000015)(127.02068829935581 250.0)
(0.01,4.0,0.23200000000000015)(129.7425763431077 250.0)
(0.01,4.0,0.23200000000000015)(128.55587006350657 249.0)
(0.01,4.0,0.23200000000000015)(130.71417574742796 248.0)
(0.01,4.0,0.23200000000000015)(128.2117099830579 251.0)
(0.01,4.0,0.23200000000000015)(123.39065812805077 254.0)
(0.01,4.0,0.23200000000000015)(128.0534694248283 247.0)
(0.01,4.0,0.23200000000000015)(129.21287262940206 248.0)
(0.01,4.0,0.23200000000000015)(123.70524005893797 253.0)
(0.01,4.0,0.23200000000000015)(130.04451984176563 248.0)
(0.01,4.0,0.23200000000000015)(127.5890058564285 249.0)
(0.01,4.0,0.23200000000000015)(130.52293285639558 247.0)
(0.01,4.0,0.23200000000000015)(129.179046037714 245.0)
(0.01,4.0,0.23200000000000015)(128.85726353910266 250.0)
(0.01,4.0,0.23200000000000015)(127.96909300507298 248.0)
(0.01,4.0,0.23200000000000015)(127.35460630579314 250.0)
(0.01,4.0,0.23200000000000015)(128.88497392506616 251.0)
(0.01,4.0,0.23200000000000015)(124.49307674610714 253.0)
(0.01,4.0,0.23200000000000015)(126.90963039038026 250.0)
(0.01,4.0,0.23200000000000015)(125.41210586933407 250.0)
(0.01,4.0,0.23200000000000015)(127.53516240629193 249.0)
(0.01,4.0,0.23200000000000015)(128.52557007927547 246.0)
(0.01,4.0,0.23200000000000015)(127.46778559263551 250.0)
(0.01,4.0,0.23200000000000015)(128.51207039813954 248.0)
(0.01,4.0,0.23200000000000015)(128.41122989689273 246.0)
(0.01,4.0,0.23200000000000015)(129.8960937292687 243.0)
(0.01,4.0,0.23200000000000015)(129.41768071463878 245.0)
(0.01,4.0,0.23200000000000015)(128.46230271471225 246.0)
(0.01,4.0,0.23200000000000015)(128.78091953627575 244.0)
(0.01,4.0,0.23200000000000015)(130.6652439382234 244.0)
(0.01,4.0,0.23200000000000015)(129.20398279156717 244.0)
(0.01,4.0,0.23200000000000015)(130.83970674866 243.0)
(0.01,4.0,0.23200000000000015)(130.0357640262875 244.0)
(0.01,4.0,0.23200000000000015)(128.52207872806966 246.0)
(0.01,4.0,0.23200000000000015)(129.62582480800046 244.0)
(0.01,4.0,0.23200000000000015)(129.1663899598067 245.0)
(0.01,4.0,0.23200000000000015)(130.18570443031277 245.0)
(0.01,4.0,0.23200000000000015)(128.3099459824245 248.0)
(0.01,4.0,0.23200000000000015)(128.7591542888061 246.0)
(0.01,4.0,0.23200000000000015)(127.56220555906607 245.0)
(0.01,4.0,0.23200000000000015)(127.1823940350567 249.0)
(0.01,4.0,0.23200000000000015)(126.0999203350241 250.0)
(0.01,4.0,0.23200000000000015)(127.05454807116931 249.0)
(0.01,4.0,0.23200000000000015)(125.55314817051327 252.0)
(0.01,4.0,0.23200000000000015)(127.45870646666235 251.0)
(0.01 4.0 0.23500000000000015)(110.14282176758202 279.0)
(0.01,4.0,0.23500000000000015)(165.85989181798615 1.0)
(0.01,4.0,0.23500000000000015)(165.85989181798615 18.0)
(0.01,4.0,0.23500000000000015)(165.85989181798615 24.0)
(0.01,4.0,0.23500000000000015)(165.85989181798615 25.0)
(0.01,4.0,0.23500000000000015)(165.81921881755773 36.0)
(0.01,4.0,0.23500000000000015)(165.81921881755773 44.0)
(0.01,4.0,0.23500000000000015)(165.7098903697138 52.0)
(0.01,4.0,0.23500000000000015)(165.7098903697138 57.0)
(0.01,4.0,0.23500000000000015)(165.48909792022542 71.0)
(0.01,4.0,0.23500000000000015)(165.5997310482886 77.0)
(0.01,4.0,0.23500000000000015)(165.48909792022542 79.0)
(0.01,4.0,0.23500000000000015)(165.14318960930729 105.0)
(0.01,4.0,0.23500000000000015)(165.14318960930729 112.0)
(0.01,4.0,0.23500000000000015)(160.52773844308766 150.0)
(0.01,4.0,0.23500000000000015)(158.83551972495954 157.0)
(0.01,4.0,0.23500000000000015)(153.23061692425105 171.0)
(0.01,4.0,0.23500000000000015)(151.76396159409742 175.0)
(0.01,4.0,0.23500000000000015)(149.12391590741973 191.0)
(0.01,4.0,0.23500000000000015)(147.54644333172345 207.0)
(0.01,4.0,0.23500000000000015)(147.66448151595392 205.0)
(0.01,4.0,0.23500000000000015)(147.0297872376385 208.0)
(0.01,4.0,0.23500000000000015)(146.2244606434488 213.0)
(0.01,4.0,0.23500000000000015)(145.5450012297937 215.0)
(0.01,4.0,0.23500000000000015)(144.7750823027636 218.0)
(0.01,4.0,0.23500000000000015)(144.50865823417615 222.0)
(0.01,4.0,0.23500000000000015)(144.12770645707465 225.0)
(0.01,4.0,0.23500000000000015)(143.50329679465304 226.0)
(0.01,4.0,0.23500000000000015)(143.18484400612707 228.0)
(0.01,4.0,0.23500000000000015)(144.8821657371656 232.0)
(0.01,4.0,0.23500000000000015)(144.9805361398162 229.0)
(0.01,4.0,0.23500000000000015)(144.78378840175148 232.0)
(0.01,4.0,0.23500000000000015)(143.97004804560262 231.0)
(0.01,4.0,0.23500000000000015)(144.61706481300584 233.0)
(0.01,4.0,0.23500000000000015)(141.16468945719348 236.0)
(0.01,4.0,0.23500000000000015)(140.13522654535058 238.0)
(0.01,4.0,0.23500000000000015)(139.2489879833226 240.0)
(0.01,4.0,0.23500000000000015)(139.60004466040004 240.0)
(0.01,4.0,0.23500000000000015)(137.09839236663896 240.0)
(0.01,4.0,0.23500000000000015)(137.31892093496006 241.0)
(0.01,4.0,0.23500000000000015)(135.02168179141754 242.0)
(0.01,4.0,0.23500000000000015)(133.60123599307022 242.0)
(0.01,4.0,0.23500000000000015)(135.32979455097538 242.0)
(0.01,4.0,0.23500000000000015)(133.64630081097113 242.0)
(0.01,4.0,0.23500000000000015)(131.92830237430096 246.0)
(0.01,4.0,0.23500000000000015)(131.89470767293872 246.0)
(0.01,4.0,0.23500000000000015)(132.3231737035471 243.0)
(0.01,4.0,0.23500000000000015)(132.47804214519581 246.0)
(0.01,4.0,0.23500000000000015)(133.2263541696846 246.0)
(0.01,4.0,0.23500000000000015)(132.72520060685483 245.0)
(0.01,4.0,0.23500000000000015)(131.46933513648142 247.0)
(0.01,4.0,0.23500000000000015)(130.79495999723756 249.0)
(0.01,4.0,0.23500000000000015)(130.50136895991233 246.0)
(0.01,4.0,0.23500000000000015)(128.6662927364759 250.0)
(0.01,4.0,0.23500000000000015)(131.30357591743442 249.0)
(0.01,4.0,0.23500000000000015)(130.29935048743306 249.0)
(0.01,4.0,0.23500000000000015)(129.27833973403756 251.0)
(0.01,4.0,0.23500000000000015)(130.86859877107668 251.0)
(0.01,4.0,0.23500000000000015)(130.4246460996156 250.0)
(0.01,4.0,0.23500000000000015)(131.61577419152047 248.0)
(0.01,4.0,0.23500000000000015)(127.34072493827448 248.0)
(0.01,4.0,0.23500000000000015)(128.5586259629385 246.0)
(0.01,4.0,0.23500000000000015)(128.59460697629788 249.0)
(0.01,4.0,0.23500000000000015)(125.476326450633 253.0)
(0.01,4.0,0.23500000000000015)(128.8823487755518 251.0)
(0.01,4.0,0.23500000000000015)(130.0892364525213 253.0)
(0.01,4.0,0.23500000000000015)(132.6437521139869 250.0)
(0.01,4.0,0.23500000000000015)(130.2184704592967 252.0)
(0.01,4.0,0.23500000000000015)(127.4086169814192 256.0)
(0.01,4.0,0.23500000000000015)(131.47491114409567 252.0)
(0.01,4.0,0.23500000000000015)(130.62147614998426 255.0)
(0.01,4.0,0.23500000000000015)(130.99222836749735 253.0)
(0.01,4.0,0.23500000000000015)(132.38352556199305 250.0)
(0.01,4.0,0.23500000000000015)(129.70735115853103 253.0)
(0.01,4.0,0.23500000000000015)(132.31232417213974 251.0)
(0.01,4.0,0.23500000000000015)(130.50274366043166 251.0)
(0.01,4.0,0.23500000000000015)(130.80540787270314 253.0)
(0.01,4.0,0.23500000000000015)(130.55377691606597 251.0)
(0.01,4.0,0.23500000000000015)(131.74767295539567 251.0)
(0.01,4.0,0.23500000000000015)(132.7257534778818 252.0)
(0.01,4.0,0.23500000000000015)(131.0862667810149 255.0)
(0.01,4.0,0.23500000000000015)(130.03658988275436 253.0)
(0.01,4.0,0.23500000000000015)(132.91908879449124 249.0)
(0.01,4.0,0.23500000000000015)(130.09198095649586 250.0)
(0.01,4.0,0.23500000000000015)(130.36224273833287 255.0)
(0.01,4.0,0.23500000000000015)(130.8987423144983 249.0)
(0.01,4.0,0.23500000000000015)(134.01309087521133 246.0)
(0.01,4.0,0.23500000000000015)(130.05835513022413 254.0)
(0.01,4.0,0.23500000000000015)(132.79258916326742 248.0)
(0.01,4.0,0.23500000000000015)(132.5833732361352 249.0)
(0.01,4.0,0.23500000000000015)(130.78660963609707 251.0)
(0.01,4.0,0.23500000000000015)(132.0209719483325 251.0)
(0.01,4.0,0.23500000000000015)(130.23268322958128 251.0)
(0.01,4.0,0.23500000000000015)(131.4292620844268 250.0)
(0.01,4.0,0.23500000000000015)(131.1748915596933 251.0)
(0.01,4.0,0.23500000000000015)(133.93891767158814 248.0)
(0.01,4.0,0.23500000000000015)(133.25024616084747 249.0)
(0.01,4.0,0.23500000000000015)(129.61774962913358 251.0)
(0.01 4.0 0.23800000000000016)(113.04889593360922 276.0)
(0.01,4.0,0.23800000000000016)(165.85989181798615 1.0)
(0.01,4.0,0.23800000000000016)(165.85989181798615 18.0)
(0.01,4.0,0.23800000000000016)(165.85989181798615 25.0)
(0.01,4.0,0.23800000000000016)(165.85989181798615 39.0)
(0.01,4.0,0.23800000000000016)(165.81921881755773 44.0)
(0.01,4.0,0.23800000000000016)(165.7098903697138 52.0)
(0.01,4.0,0.23800000000000016)(165.7098903697138 59.0)
(0.01,4.0,0.23800000000000016)(165.5997310482886 75.0)
(0.01,4.0,0.23800000000000016)(165.48909792022542 79.0)
(0.01,4.0,0.23800000000000016)(165.48909792022542 100.0)
(0.01,4.0,0.23800000000000016)(162.85579179936545 147.0)
(0.01,4.0,0.23800000000000016)(161.4155595510462 148.0)
(0.01,4.0,0.23800000000000016)(159.1867048760558 160.0)
(0.01,4.0,0.23800000000000016)(155.56213892647577 172.0)
(0.01,4.0,0.23800000000000016)(151.33504865187209 180.0)
(0.01,4.0,0.23800000000000016)(151.37807982578641 192.0)
(0.01,4.0,0.23800000000000016)(149.46602348731747 198.0)
(0.01,4.0,0.23800000000000016)(148.26774779456824 199.0)
(0.01,4.0,0.23800000000000016)(147.29543304214155 204.0)
(0.01,4.0,0.23800000000000016)(147.07317873544105 202.0)
(0.01,4.0,0.23800000000000016)(146.45459827285694 204.0)
(0.01,4.0,0.23800000000000016)(146.05720411364294 213.0)
(0.01,4.0,0.23800000000000016)(146.05720411364294 214.0)
(0.01,4.0,0.23800000000000016)(145.9863000717297 217.0)
(0.01,4.0,0.23800000000000016)(145.63538025331516 222.0)
(0.01,4.0,0.23800000000000016)(145.63538025331516 224.0)
(0.01,4.0,0.23800000000000016)(145.63538025331516 226.0)
(0.01,4.0,0.23800000000000016)(145.42823719088156 226.0)
(0.01,4.0,0.23800000000000016)(144.82206964091188 228.0)
(0.01,4.0,0.23800000000000016)(144.82206964091188 229.0)
(0.01,4.0,0.23800000000000016)(145.9738168473485 229.0)
(0.01,4.0,0.23800000000000016)(144.82206964091188 231.0)
(0.01,4.0,0.23800000000000016)(141.06717102868862 232.0)
(0.01,4.0,0.23800000000000016)(139.81593421760414 236.0)
(0.01,4.0,0.23800000000000016)(139.44176198118538 237.0)
(0.01,4.0,0.23800000000000016)(137.60356685563644 238.0)
(0.01,4.0,0.23800000000000016)(137.89814347130508 240.0)
(0.01,4.0,0.23800000000000016)(134.43004614382482 240.0)
(0.01,4.0,0.23800000000000016)(139.0051674997163 237.0)
(0.01,4.0,0.23800000000000016)(135.58600795736464 239.0)
(0.01,4.0,0.23800000000000016)(138.23336011146233 240.0)
(0.01,4.0,0.23800000000000016)(134.72472067131804 242.0)
(0.01,4.0,0.23800000000000016)(134.33541670501737 242.0)
(0.01,4.0,0.23800000000000016)(135.23015458449964 241.0)
(0.01,4.0,0.23800000000000016)(135.65702568912724 242.0)
(0.01,4.0,0.23800000000000016)(131.8236592957761 243.0)
(0.01,4.0,0.23800000000000016)(133.71495925377656 243.0)
(0.01,4.0,0.23800000000000016)(134.59093761287406 241.0)
(0.01,4.0,0.23800000000000016)(131.5144673781978 243.0)
(0.01,4.0,0.23800000000000016)(133.1803531528933 243.0)
(0.01,4.0,0.23800000000000016)(132.06381763795804 242.0)
(0.01,4.0,0.23800000000000016)(130.57052511412792 246.0)
(0.01,4.0,0.23800000000000016)(135.79152660699097 244.0)
(0.01,4.0,0.23800000000000016)(132.80982999901653 245.0)
(0.01,4.0,0.23800000000000016)(129.18639923136493 249.0)
(0.01,4.0,0.23800000000000016)(129.33480141202753 248.0)
(0.01,4.0,0.23800000000000016)(128.51436794641305 249.0)
(0.01,4.0,0.23800000000000016)(129.06410850180072 248.0)
(0.01,4.0,0.23800000000000016)(129.30291834422007 248.0)
(0.01,4.0,0.23800000000000016)(129.154513872801 250.0)
(0.01,4.0,0.23800000000000016)(130.3470626696398 249.0)
(0.01,4.0,0.23800000000000016)(129.40026851666298 248.0)
(0.01,4.0,0.23800000000000016)(127.5730284773109 252.0)
(0.01,4.0,0.23800000000000016)(129.7404111549402 248.0)
(0.01,4.0,0.23800000000000016)(128.69326838510648 251.0)
(0.01,4.0,0.23800000000000016)(128.86939829766558 250.0)
(0.01,4.0,0.23800000000000016)(128.77756768000833 249.0)
(0.01,4.0,0.23800000000000016)(127.98473316107538 251.0)
(0.01,4.0,0.23800000000000016)(127.73019967432315 252.0)
(0.01,4.0,0.23800000000000016)(126.93719078097251 254.0)
(0.01,4.0,0.23800000000000016)(127.02908824170756 255.0)
(0.01,4.0,0.23800000000000016)(124.75497967676321 258.0)
(0.01,4.0,0.23800000000000016)(125.20768390534538 255.0)
(0.01,4.0,0.23800000000000016)(126.23597897316085 256.0)
(0.01,4.0,0.23800000000000016)(125.99494084993697 255.0)
(0.01,4.0,0.23800000000000016)(124.06423448542657 257.0)
(0.01,4.0,0.23800000000000016)(124.57487132135009 255.0)
(0.01,4.0,0.23800000000000016)(124.90515798834306 256.0)
(0.01,4.0,0.23800000000000016)(124.93743119703262 256.0)
(0.01,4.0,0.23800000000000016)(126.76485297166472 251.0)
(0.01,4.0,0.23800000000000016)(125.30415213054467 255.0)
(0.01,4.0,0.23800000000000016)(125.06420463427195 256.0)
(0.01,4.0,0.23800000000000016)(125.34257834416474 254.0)
(0.01,4.0,0.23800000000000016)(125.1806397220824 255.0)
(0.01,4.0,0.23800000000000016)(122.79475904712741 259.0)
(0.01,4.0,0.23800000000000016)(124.62292622800996 255.0)
(0.01,4.0,0.23800000000000016)(125.82858346609244 253.0)
(0.01,4.0,0.23800000000000016)(124.35938609217541 256.0)
(0.01,4.0,0.23800000000000016)(123.85602753860225 258.0)
(0.01,4.0,0.23800000000000016)(124.2968073115664 257.0)
(0.01,4.0,0.23800000000000016)(124.21029989122782 256.0)
(0.01,4.0,0.23800000000000016)(123.0042962849831 258.0)
(0.01,4.0,0.23800000000000016)(123.6700906030233 259.0)
(0.01,4.0,0.23800000000000016)(122.01646459077162 261.0)
(0.01 4.0 0.24100000000000016)(107.07383268390609 288.0)
(0.01,4.0,0.24100000000000016)(165.85989181798615 1.0)
(0.01,4.0,0.24100000000000016)(165.85989181798615 18.0)
(0.01,4.0,0.24100000000000016)(165.85989181798615 24.0)
(0.01,4.0,0.24100000000000016)(165.85989181798615 25.0)
(0.01,4.0,0.24100000000000016)(165.85989181798615 37.0)
(0.01,4.0,0.24100000000000016)(165.81921881755773 42.0)
(0.01,4.0,0.24100000000000016)(165.81921881755773 44.0)
(0.01,4.0,0.24100000000000016)(165.7098903697138 52.0)
(0.01,4.0,0.24100000000000016)(165.7098903697138 55.0)
(0.01,4.0,0.24100000000000016)(165.5997310482886 68.0)
(0.01,4.0,0.24100000000000016)(165.48909792022542 78.0)
(0.01,4.0,0.24100000000000016)(165.48909792022542 79.0)
(0.01,4.0,0.24100000000000016)(164.52670248369725 110.0)
(0.01,4.0,0.24100000000000016)(163.16501352992873 145.0)
(0.01,4.0,0.24100000000000016)(160.48873235986864 156.0)
(0.01,4.0,0.24100000000000016)(158.02278334970694 167.0)
(0.01,4.0,0.24100000000000016)(153.46385183948638 184.0)
(0.01,4.0,0.24100000000000016)(150.95491351422135 190.0)
(0.01,4.0,0.24100000000000016)(151.40509245658168 188.0)
(0.01,4.0,0.24100000000000016)(149.04725230647549 201.0)
(0.01,4.0,0.24100000000000016)(148.11741002399106 205.0)
(0.01,4.0,0.24100000000000016)(149.4070354867521 208.0)
(0.01,4.0,0.24100000000000016)(148.74117317535288 212.0)
(0.01,4.0,0.24100000000000016)(147.79473851510434 213.0)
(0.01,4.0,0.24100000000000016)(146.52063937126292 218.0)
(0.01,4.0,0.24100000000000016)(146.3918809609929 220.0)
(0.01,4.0,0.24100000000000016)(146.3918809609929 227.0)
(0.01,4.0,0.24100000000000016)(146.3918809609929 233.0)
(0.01,4.0,0.24100000000000016)(145.3359008434229 234.0)
(0.01,4.0,0.24100000000000016)(146.01118598308898 236.0)
(0.01,4.0,0.24100000000000016)(146.01118598308898 238.0)
(0.01,4.0,0.24100000000000016)(145.1978987924497 239.0)
(0.01,4.0,0.24100000000000016)(144.6320278177852 240.0)
(0.01,4.0,0.24100000000000016)(140.39635852723612 242.0)
(0.01,4.0,0.24100000000000016)(139.8351304819929 243.0)
(0.01,4.0,0.24100000000000016)(142.80717732204621 243.0)
(0.01,4.0,0.24100000000000016)(136.73836410869416 248.0)
(0.01,4.0,0.24100000000000016)(140.0572170338449 248.0)
(0.01,4.0,0.24100000000000016)(135.60437752991996 250.0)
(0.01,4.0,0.24100000000000016)(135.9310163317523 250.0)
(0.01,4.0,0.24100000000000016)(131.89520974250422 253.0)
(0.01,4.0,0.24100000000000016)(131.9244462766501 252.0)
(0.01,4.0,0.24100000000000016)(130.89941284198687 254.0)
(0.01,4.0,0.24100000000000016)(131.1585295202622 252.0)
(0.01,4.0,0.24100000000000016)(131.08852745203535 255.0)
(0.01,4.0,0.24100000000000016)(127.29092009243273 255.0)
(0.01,4.0,0.24100000000000016)(128.92432273273798 254.0)
(0.01,4.0,0.24100000000000016)(129.33424775183357 257.0)
(0.01,4.0,0.24100000000000016)(127.26110061397344 255.0)
(0.01,4.0,0.24100000000000016)(126.26773331397602 258.0)
(0.01,4.0,0.24100000000000016)(130.73242330754374 255.0)
(0.01,4.0,0.24100000000000016)(127.153886534488 257.0)
(0.01,4.0,0.24100000000000016)(129.36121903664863 256.0)
(0.01,4.0,0.24100000000000016)(126.92717110109828 258.0)
(0.01,4.0,0.24100000000000016)(126.91991217913383 256.0)
(0.01,4.0,0.24100000000000016)(127.63963559414638 253.0)
(0.01,4.0,0.24100000000000016)(125.29384109634044 257.0)
(0.01,4.0,0.24100000000000016)(124.96229272631047 258.0)
(0.01,4.0,0.24100000000000016)(123.3084188874118 258.0)
(0.01,4.0,0.24100000000000016)(124.39365364332177 256.0)
(0.01,4.0,0.24100000000000016)(123.99418429411173 259.0)
(0.01,4.0,0.24100000000000016)(127.90855601279694 257.0)
(0.01,4.0,0.24100000000000016)(127.85357187256001 258.0)
(0.01,4.0,0.24100000000000016)(128.03754131653037 259.0)
(0.01,4.0,0.24100000000000016)(124.8454629100287 259.0)
(0.01,4.0,0.24100000000000016)(126.80272256725041 260.0)
(0.01,4.0,0.24100000000000016)(126.62809615206798 260.0)
(0.01,4.0,0.24100000000000016)(127.15195842350332 258.0)
(0.01,4.0,0.24100000000000016)(125.88873054307884 260.0)
(0.01,4.0,0.24100000000000016)(124.3382465663592 263.0)
(0.01,4.0,0.24100000000000016)(125.67762097322814 263.0)
(0.01,4.0,0.24100000000000016)(126.95781380978232 259.0)
(0.01,4.0,0.24100000000000016)(126.44202665595994 260.0)
(0.01,4.0,0.24100000000000016)(124.60057036429168 261.0)
(0.01,4.0,0.24100000000000016)(126.34232703741648 259.0)
(0.01,4.0,0.24100000000000016)(124.69310617774094 259.0)
(0.01,4.0,0.24100000000000016)(126.19542650372678 262.0)
(0.01,4.0,0.24100000000000016)(124.24198045962524 266.0)
(0.01,4.0,0.24100000000000016)(125.07345757140739 260.0)
(0.01,4.0,0.24100000000000016)(126.40216418405716 261.0)
(0.01,4.0,0.24100000000000016)(122.32447987959463 264.0)
(0.01,4.0,0.24100000000000016)(125.19045598838339 264.0)
(0.01,4.0,0.24100000000000016)(125.4140942786899 261.0)
(0.01,4.0,0.24100000000000016)(123.60248241868946 263.0)
(0.01,4.0,0.24100000000000016)(122.2602240404084 266.0)
(0.01,4.0,0.24100000000000016)(124.17012009058743 259.0)
(0.01,4.0,0.24100000000000016)(123.88601558462592 261.0)
(0.01,4.0,0.24100000000000016)(129.03498554066158 256.0)
(0.01,4.0,0.24100000000000016)(130.40594459549854 255.0)
(0.01,4.0,0.24100000000000016)(128.72231900479065 259.0)
(0.01,4.0,0.24100000000000016)(130.07158564093223 257.0)
(0.01,4.0,0.24100000000000016)(126.66101539257342 259.0)
(0.01,4.0,0.24100000000000016)(125.98589427868544 260.0)
(0.01,4.0,0.24100000000000016)(127.45198292370848 261.0)
(0.01,4.0,0.24100000000000016)(125.01578608792347 263.0)
(0.01,4.0,0.24100000000000016)(126.67312297917026 265.0)
(0.01,4.0,0.24100000000000016)(124.89662325158166 266.0)
(0.01,4.0,0.24100000000000016)(125.42331090077542 262.0)
(0.01 4.0 0.24400000000000016)(117.41312276468464 277.0)
(0.01,4.0,0.24400000000000016)(165.85989181798615 1.0)
(0.01,4.0,0.24400000000000016)(165.85989181798615 13.0)
(0.01,4.0,0.24400000000000016)(165.85989181798615 24.0)
(0.01,4.0,0.24400000000000016)(165.85989181798615 25.0)
(0.01,4.0,0.24400000000000016)(165.85989181798615 37.0)
(0.01,4.0,0.24400000000000016)(165.81921881755773 44.0)
(0.01,4.0,0.24400000000000016)(165.81921881755773 51.0)
(0.01,4.0,0.24400000000000016)(165.7098903697138 55.0)
(0.01,4.0,0.24400000000000016)(165.7098903697138 62.0)
(0.01,4.0,0.24400000000000016)(165.48909792022542 78.0)
(0.01,4.0,0.24400000000000016)(165.48909792022542 79.0)
(0.01,4.0,0.24400000000000016)(165.14318960930729 105.0)
(0.01,4.0,0.24400000000000016)(163.91241351214802 136.0)
(0.01,4.0,0.24400000000000016)(162.12783727741123 151.0)
(0.01,4.0,0.24400000000000016)(157.43428904011708 171.0)
(0.01,4.0,0.24400000000000016)(152.75363171831748 182.0)
(0.01,4.0,0.24400000000000016)(149.55193800273443 200.0)
(0.01,4.0,0.24400000000000016)(147.142380092899 213.0)
(0.01,4.0,0.24400000000000016)(146.21506012376406 216.0)
(0.01,4.0,0.24400000000000016)(146.21506012376406 220.0)
(0.01,4.0,0.24400000000000016)(145.77699590789058 223.0)
(0.01,4.0,0.24400000000000016)(145.97364416256872 224.0)
(0.01,4.0,0.24400000000000016)(145.26478339884196 225.0)
(0.01,4.0,0.24400000000000016)(144.54124615899855 227.0)
(0.01,4.0,0.24400000000000016)(144.782900352294 227.0)
(0.01,4.0,0.24400000000000016)(142.47257394315605 232.0)
(0.01,4.0,0.24400000000000016)(142.31608808455323 234.0)
(0.01,4.0,0.24400000000000016)(142.18135419630178 239.0)
(0.01,4.0,0.24400000000000016)(142.11032167596903 243.0)
(0.01,4.0,0.24400000000000016)(141.94925884469333 242.0)
(0.01,4.0,0.24400000000000016)(140.89537729658053 244.0)
(0.01,4.0,0.24400000000000016)(140.26306432678254 245.0)
(0.01,4.0,0.24400000000000016)(140.47769877191234 244.0)
(0.01,4.0,0.24400000000000016)(139.6959150677679 247.0)
(0.01,4.0,0.24400000000000016)(138.75136254918246 247.0)
(0.01,4.0,0.24400000000000016)(139.47394391012696 247.0)
(0.01,4.0,0.24400000000000016)(138.23760624072756 249.0)
(0.01,4.0,0.24400000000000016)(137.20704590960534 250.0)
(0.01,4.0,0.24400000000000016)(137.81948862956025 249.0)
(0.01,4.0,0.24400000000000016)(139.81483470558842 246.0)
(0.01,4.0,0.24400000000000016)(136.49267991667602 251.0)
(0.01,4.0,0.24400000000000016)(132.84536828059308 253.0)
(0.01,4.0,0.24400000000000016)(136.32277000747777 252.0)
(0.01,4.0,0.24400000000000016)(135.30027695902933 253.0)
(0.01,4.0,0.24400000000000016)(133.28067322998672 251.0)
(0.01,4.0,0.24400000000000016)(134.849973839133 251.0)
(0.01,4.0,0.24400000000000016)(133.81665667056546 253.0)
(0.01,4.0,0.24400000000000016)(133.69902062402537 255.0)
(0.01,4.0,0.24400000000000016)(131.78031959711862 257.0)
(0.01,4.0,0.24400000000000016)(131.6720179983203 255.0)
(0.01,4.0,0.24400000000000016)(134.37044040160464 255.0)
(0.01,4.0,0.24400000000000016)(131.73888086682803 254.0)
(0.01,4.0,0.24400000000000016)(133.02062250309987 254.0)
(0.01,4.0,0.24400000000000016)(129.0602119099226 257.0)
(0.01,4.0,0.24400000000000016)(133.79070973582824 254.0)
(0.01,4.0,0.24400000000000016)(131.9741175155516 250.0)
(0.01,4.0,0.24400000000000016)(128.1552246882245 258.0)
(0.01,4.0,0.24400000000000016)(133.73367365775036 253.0)
(0.01,4.0,0.24400000000000016)(131.29677046984642 250.0)
(0.01,4.0,0.24400000000000016)(136.43880219512096 247.0)
(0.01,4.0,0.24400000000000016)(133.30117722220686 248.0)
(0.01,4.0,0.24400000000000016)(132.5946445364899 252.0)
(0.01,4.0,0.24400000000000016)(129.42647996229385 254.0)
(0.01,4.0,0.24400000000000016)(133.34614033462205 251.0)
(0.01,4.0,0.24400000000000016)(133.78073139839069 251.0)
(0.01,4.0,0.24400000000000016)(132.6907294678602 252.0)
(0.01,4.0,0.24400000000000016)(131.1893221421807 254.0)
(0.01,4.0,0.24400000000000016)(133.43783765438897 250.0)
(0.01,4.0,0.24400000000000016)(130.9610140105113 252.0)
(0.01,4.0,0.24400000000000016)(131.12485225623834 257.0)
(0.01,4.0,0.24400000000000016)(131.63647969259992 255.0)
(0.01,4.0,0.24400000000000016)(131.3456592107495 254.0)
(0.01,4.0,0.24400000000000016)(127.09737277620816 258.0)
(0.01,4.0,0.24400000000000016)(130.23207415149415 252.0)
(0.01,4.0,0.24400000000000016)(129.93212360016494 251.0)
(0.01,4.0,0.24400000000000016)(131.08370947710443 252.0)
(0.01,4.0,0.24400000000000016)(128.6179317180822 254.0)
(0.01,4.0,0.24400000000000016)(127.23461845263377 259.0)
(0.01,4.0,0.24400000000000016)(126.41364997739224 254.0)
(0.01,4.0,0.24400000000000016)(127.52789193126154 256.0)
(0.01,4.0,0.24400000000000016)(128.41012535457318 254.0)
(0.01,4.0,0.24400000000000016)(130.86724619611962 253.0)
(0.01,4.0,0.24400000000000016)(127.18076207557158 256.0)
(0.01,4.0,0.24400000000000016)(129.26194870477212 256.0)
(0.01,4.0,0.24400000000000016)(129.0138248836178 254.0)
(0.01,4.0,0.24400000000000016)(128.57761154883042 256.0)
(0.01,4.0,0.24400000000000016)(125.7187892260228 258.0)
(0.01,4.0,0.24400000000000016)(127.57304096545086 256.0)
(0.01,4.0,0.24400000000000016)(127.52191971923368 256.0)
(0.01,4.0,0.24400000000000016)(126.23300944622007 259.0)
(0.01,4.0,0.24400000000000016)(126.4288653338747 255.0)
(0.01,4.0,0.24400000000000016)(125.78735768841288 259.0)
(0.01,4.0,0.24400000000000016)(126.5094170662588 258.0)
(0.01,4.0,0.24400000000000016)(123.75200607923756 259.0)
(0.01,4.0,0.24400000000000016)(126.18729140370746 257.0)
(0.01,4.0,0.24400000000000016)(124.95588057663083 258.0)
(0.01,4.0,0.24400000000000016)(123.54246019497953 260.0)
(0.01 4.0 0.24700000000000016)(123.67147885781267 262.0)
(0.01,4.0,0.24700000000000016)(165.85989181798615 1.0)
(0.01,4.0,0.24700000000000016)(165.85989181798615 12.0)
(0.01,4.0,0.24700000000000016)(165.85989181798615 24.0)
(0.01,4.0,0.24700000000000016)(165.85989181798615 30.0)
(0.01,4.0,0.24700000000000016)(165.85989181798615 37.0)
(0.01,4.0,0.24700000000000016)(165.81921881755773 43.0)
(0.01,4.0,0.24700000000000016)(165.81921881755773 44.0)
(0.01,4.0,0.24700000000000016)(165.81921881755773 51.0)
(0.01,4.0,0.24700000000000016)(165.7098903697138 55.0)
(0.01,4.0,0.24700000000000016)(165.7098903697138 60.0)
(0.01,4.0,0.24700000000000016)(165.48909792022542 78.0)
(0.01,4.0,0.24700000000000016)(165.48909792022542 83.0)
(0.01,4.0,0.24700000000000016)(164.87234579187037 87.0)
(0.01,4.0,0.24700000000000016)(164.87234579187037 106.0)
(0.01,4.0,0.24700000000000016)(163.93417875961777 128.0)
(0.01,4.0,0.24700000000000016)(162.7296293493602 153.0)
(0.01,4.0,0.24700000000000016)(159.39212411198034 164.0)
(0.01,4.0,0.24700000000000016)(155.48541967081056 183.0)
(0.01,4.0,0.24700000000000016)(152.4405817094081 192.0)
(0.01,4.0,0.24700000000000016)(150.53093198521748 199.0)
(0.01,4.0,0.24700000000000016)(148.58230511648992 209.0)
(0.01,4.0,0.24700000000000016)(145.97236837762372 218.0)
(0.01,4.0,0.24700000000000016)(147.53773723273562 217.0)
(0.01,4.0,0.24700000000000016)(147.1224311846432 218.0)
(0.01,4.0,0.24700000000000016)(146.72511513901384 219.0)
(0.01,4.0,0.24700000000000016)(145.1590111690676 221.0)
(0.01,4.0,0.24700000000000016)(144.33835835609273 223.0)
(0.01,4.0,0.24700000000000016)(145.0880615898984 222.0)
(0.01,4.0,0.24700000000000016)(144.47291863078874 224.0)
(0.01,4.0,0.24700000000000016)(144.47291863078874 225.0)
(0.01,4.0,0.24700000000000016)(143.73736054670454 225.0)
(0.01,4.0,0.24700000000000016)(143.89808822641498 226.0)
(0.01,4.0,0.24700000000000016)(143.96907309050434 225.0)
(0.01,4.0,0.24700000000000016)(143.68378144473817 226.0)
(0.01,4.0,0.24700000000000016)(144.40194857519268 225.0)
(0.01,4.0,0.24700000000000016)(144.3252992076109 225.0)
(0.01,4.0,0.24700000000000016)(143.6141326528352 225.0)
(0.01,4.0,0.24700000000000016)(143.29562421985918 228.0)
(0.01,4.0,0.24700000000000016)(145.11807700649976 225.0)
(0.01,4.0,0.24700000000000016)(143.98213223898622 225.0)
(0.01,4.0,0.24700000000000016)(144.30788700963515 225.0)
(0.01,4.0,0.24700000000000016)(143.6519659950168 226.0)
(0.01,4.0,0.24700000000000016)(143.58097151007536 227.0)
(0.01,4.0,0.24700000000000016)(137.46683996098534 239.0)
(0.01 4.0 0.25000000000000017)(119.49757291582479 268.0)
(0.01,4.0,0.25000000000000017)(165.85989181798615 1.0)
(0.01,4.0,0.25000000000000017)(165.85989181798615 15.0)
(0.01,4.0,0.25000000000000017)(165.85989181798615 24.0)
(0.01,4.0,0.25000000000000017)(165.85989181798615 25.0)
(0.01,4.0,0.25000000000000017)(165.85989181798615 35.0)
(0.01,4.0,0.25000000000000017)(165.81921881755773 41.0)
(0.01,4.0,0.25000000000000017)(165.81921881755773 44.0)
(0.01,4.0,0.25000000000000017)(165.7098903697138 52.0)
(0.01,4.0,0.25000000000000017)(165.7098903697138 55.0)
(0.01,4.0,0.25000000000000017)(165.48909792022542 78.0)
(0.01,4.0,0.25000000000000017)(165.48909792022542 83.0)
(0.01,4.0,0.25000000000000017)(164.87234579187037 87.0)
(0.01,4.0,0.25000000000000017)(164.87234579187037 106.0)
(0.01,4.0,0.25000000000000017)(164.87234579187037 113.0)
(0.01,4.0,0.25000000000000017)(161.63825659130777 156.0)
(0.01,4.0,0.25000000000000017)(158.3854596983105 167.0)
(0.01,4.0,0.25000000000000017)(154.2306833879402 186.0)
(0.01,4.0,0.25000000000000017)(149.50064925064405 199.0)
(0.01,4.0,0.25000000000000017)(146.68051036202024 214.0)
(0.01,4.0,0.25000000000000017)(144.7465900612225 219.0)
(0.01,4.0,0.25000000000000017)(143.9327412601401 220.0)
(0.01,4.0,0.25000000000000017)(143.53457351919852 221.0)
(0.01,4.0,0.25000000000000017)(143.4012796064196 223.0)
(0.01,4.0,0.25000000000000017)(143.7994727847349 223.0)
(0.01,4.0,0.25000000000000017)(143.11154806216905 225.0)
(0.01,4.0,0.25000000000000017)(142.42474295967537 226.0)
(0.01,4.0,0.25000000000000017)(142.90423061301124 228.0)
(0.01,4.0,0.25000000000000017)(143.040537974423 226.0)
(0.01,4.0,0.25000000000000017)(142.35371483522013 228.0)
(0.01,4.0,0.25000000000000017)(142.12914374298296 228.0)
(0.01,4.0,0.25000000000000017)(141.55365530168274 233.0)
(0.01,4.0,0.25000000000000017)(142.42474295967537 227.0)
(0.01,4.0,0.25000000000000017)(141.06062181512388 229.0)
(0.01,4.0,0.25000000000000017)(141.92038185927473 228.0)
(0.01,4.0,0.25000000000000017)(141.55365530168274 234.0)
(0.01,4.0,0.25000000000000017)(141.77254978857158 228.0)
(0.01,4.0,0.25000000000000017)(141.9057501387807 231.0)
(0.01,4.0,0.25000000000000017)(139.82201650741564 235.0)
(0.01,4.0,0.25000000000000017)(140.89096608038025 228.0)
(0.01,4.0,0.25000000000000017)(141.0460293677559 232.0)
(0.01,4.0,0.25000000000000017)(141.1693225694964 232.0)
(0.01,4.0,0.25000000000000017)(136.17980067816112 241.0)
(0.01,4.0,0.25000000000000017)(141.8072025724324 232.0)
(0.01,4.0,0.25000000000000017)(142.3262157354591 229.0)
(0.01,4.0,0.25000000000000017)(141.31578469269877 233.0)
(0.01,4.0,0.25000000000000017)(141.07073847434359 234.0)
(0.01,4.0,0.25000000000000017)(141.04462017737998 233.0)
(0.01 4.0 0.25300000000000017)(124.0788520376473 260.0)
(0.01,4.0,0.25300000000000017)(165.85989181798615 1.0)
(0.01,4.0,0.25300000000000017)(165.85989181798615 12.0)
(0.01,4.0,0.25300000000000017)(165.85989181798615 25.0)
(0.01,4.0,0.25300000000000017)(165.85989181798615 37.0)
(0.01,4.0,0.25300000000000017)(165.81921881755773 43.0)
(0.01,4.0,0.25300000000000017)(165.81921881755773 42.0)
(0.01,4.0,0.25300000000000017)(165.81921881755773 44.0)
(0.01,4.0,0.25300000000000017)(165.7098903697138 55.0)
(0.01,4.0,0.25300000000000017)(165.48909792022542 71.0)
(0.01,4.0,0.25300000000000017)(165.48909792022542 83.0)
(0.01,4.0,0.25300000000000017)(164.87234579187037 87.0)
(0.01,4.0,0.25300000000000017)(164.87234579187037 99.0)
(0.01,4.0,0.25300000000000017)(164.35800991895812 126.0)
(0.01,4.0,0.25300000000000017)(162.5246635907129 139.0)
(0.01,4.0,0.25300000000000017)(160.96509099324186 164.0)
(0.01,4.0,0.25300000000000017)(157.66691914255367 177.0)
(0.01,4.0,0.25300000000000017)(157.10751532899283 190.0)
(0.01,4.0,0.25300000000000017)(154.9157055040266 198.0)
(0.01,4.0,0.25300000000000017)(153.77383138564605 208.0)
(0.01,4.0,0.25300000000000017)(153.77383138564605 209.0)
(0.01,4.0,0.25300000000000017)(153.37647275524142 213.0)
(0.01,4.0,0.25300000000000017)(152.38395570347475 216.0)
(0.01,4.0,0.25300000000000017)(152.30895650548524 215.0)
(0.01,4.0,0.25300000000000017)(153.30152887238518 214.0)
(0.01,4.0,0.25300000000000017)(153.05831114558072 216.0)
(0.01,4.0,0.25300000000000017)(153.05831114558072 217.0)
(0.01,4.0,0.25300000000000017)(152.70427333148592 218.0)
(0.01,4.0,0.25300000000000017)(151.99033498263398 219.0)
(0.01,4.0,0.25300000000000017)(151.48920538930005 220.0)
(0.01,4.0,0.25300000000000017)(150.66584414299638 221.0)
(0.01,4.0,0.25300000000000017)(151.16738893712022 220.0)
(0.01,4.0,0.25300000000000017)(153.30605328410553 222.0)
(0.01,4.0,0.25300000000000017)(151.38072681967952 220.0)
(0.01,4.0,0.25300000000000017)(152.46963794584065 220.0)
(0.01,4.0,0.25300000000000017)(149.83470776467823 226.0)
(0.01,4.0,0.25300000000000017)(151.4327871081054 223.0)
(0.01,4.0,0.25300000000000017)(148.78276799708144 231.0)
(0.01,4.0,0.25300000000000017)(152.22624856510032 221.0)
(0.01,4.0,0.25300000000000017)(148.78276799708144 232.0)
(0.01,4.0,0.25300000000000017)(149.51880075056658 224.0)
(0.01 4.0 0.25600000000000017)(124.38973440966019 261.0)
(0.01,4.0,0.25600000000000017)(165.85989181798615 1.0)
(0.01,4.0,0.25600000000000017)(165.85989181798615 12.0)
(0.01,4.0,0.25600000000000017)(165.85989181798615 25.0)
(0.01,4.0,0.25600000000000017)(165.85989181798615 32.0)
(0.01,4.0,0.25600000000000017)(165.85989181798615 37.0)
(0.01,4.0,0.25600000000000017)(165.81921881755773 44.0)
(0.01,4.0,0.25600000000000017)(165.7098903697138 52.0)
(0.01,4.0,0.25600000000000017)(165.7098903697138 55.0)
(0.01,4.0,0.25600000000000017)(165.5997310482886 70.0)
(0.01,4.0,0.25600000000000017)(164.87234579187037 79.0)
(0.01,4.0,0.25600000000000017)(164.87234579187037 87.0)
(0.01,4.0,0.25600000000000017)(164.62290947253237 114.0)
(0.01,4.0,0.25600000000000017)(163.6211002145236 131.0)
(0.01,4.0,0.25600000000000017)(161.8610648681186 142.0)
(0.01,4.0,0.25600000000000017)(160.86850599232162 158.0)
(0.01,4.0,0.25600000000000017)(158.1347397710375 176.0)
(0.01,4.0,0.25600000000000017)(157.05390780953223 184.0)
(0.01,4.0,0.25600000000000017)(156.05473584051998 189.0)
(0.01,4.0,0.25600000000000017)(154.8225541916498 201.0)
(0.01,4.0,0.25600000000000017)(153.25610471203092 209.0)
(0.01,4.0,0.25600000000000017)(153.25610471203092 210.0)
(0.01,4.0,0.25600000000000017)(152.97803736326216 212.0)
(0.01,4.0,0.25600000000000017)(152.65541338559 217.0)
(0.01,4.0,0.25600000000000017)(152.26007266575715 218.0)
(0.01,4.0,0.25600000000000017)(152.13617792672446 220.0)
(0.01,4.0,0.25600000000000017)(151.97207935700717 221.0)
(0.01,4.0,0.25600000000000017)(151.12284590286174 221.0)
(0.01,4.0,0.25600000000000017)(152.36753790988448 219.0)
(0.01,4.0,0.25600000000000017)(151.24803064078642 221.0)
(0.01,4.0,0.25600000000000017)(153.20213314110708 220.0)
(0.01,4.0,0.25600000000000017)(152.4164128928848 218.0)
(0.01,4.0,0.25600000000000017)(151.29696788261927 220.0)
(0.01,4.0,0.25600000000000017)(152.8935694610448 224.0)
(0.01,4.0,0.25600000000000017)(151.63177795340042 221.0)
(0.01,4.0,0.25600000000000017)(150.9171390009687 222.0)
(0.01,4.0,0.25600000000000017)(151.70228434518245 221.0)
(0.01,4.0,0.25600000000000017)(149.5602110392959 228.0)
(0.01,4.0,0.25600000000000017)(151.41972795962351 221.0)
(0.01,4.0,0.25600000000000017)(152.1077159334693 225.0)
(0.01,4.0,0.25600000000000017)(149.14525382611728 225.0)
(0.01,4.0,0.25600000000000017)(151.54924137524213 228.0)
(0.01,4.0,0.25600000000000017)(152.1077159334693 223.0)
(0.01,4.0,0.25600000000000017)(151.86426790953624 223.0)
(0.01,4.0,0.25600000000000017)(151.42408100911743 224.0)
(0.01 4.0 0.2590000000000002)(122.14752248841897 262.0)
(0.01,4.0,0.2590000000000002)(165.85989181798615 1.0)
(0.01,4.0,0.2590000000000002)(165.85989181798615 12.0)
(0.01,4.0,0.2590000000000002)(165.85989181798615 25.0)
(0.01,4.0,0.2590000000000002)(165.85989181798615 37.0)
(0.01,4.0,0.2590000000000002)(165.81921881755773 36.0)
(0.01,4.0,0.2590000000000002)(165.81921881755773 44.0)
(0.01,4.0,0.2590000000000002)(165.5226976464697 56.0)
(0.01,4.0,0.2590000000000002)(165.17202201532902 72.0)
(0.01,4.0,0.2590000000000002)(165.17202201532902 84.0)
(0.01,4.0,0.2590000000000002)(164.55282078066094 88.0)
(0.01,4.0,0.2590000000000002)(164.55282078066094 100.0)
(0.01,4.0,0.2590000000000002)(163.92982571012382 125.0)
(0.01,4.0,0.2590000000000002)(162.7252762998663 136.0)
(0.01,4.0,0.2590000000000002)(162.5248349529393 152.0)
(0.01,4.0,0.2590000000000002)(157.14182796508985 183.0)
(0.01,4.0,0.2590000000000002)(156.89963125298894 186.0)
(0.01,4.0,0.2590000000000002)(156.28769325722283 197.0)
(0.01,4.0,0.2590000000000002)(154.67212151071246 205.0)
(0.01,4.0,0.2590000000000002)(154.67212151071246 207.0)
(0.01,4.0,0.2590000000000002)(154.67212151071246 208.0)
(0.01,4.0,0.2590000000000002)(154.2775223988997 210.0)
(0.01,4.0,0.2590000000000002)(154.20260803158564 211.0)
(0.01,4.0,0.2590000000000002)(153.83917755250877 211.0)
(0.01,4.0,0.2590000000000002)(154.5972345299275 211.0)
(0.01,4.0,0.2590000000000002)(153.83917755250877 212.0)
(0.01,4.0,0.2590000000000002)(154.3542415756022 212.0)
(0.01,4.0,0.2590000000000002)(154.3542415756022 213.0)
(0.01,4.0,0.2590000000000002)(153.99182658479572 215.0)
(0.01,4.0,0.2590000000000002)(154.3542415756022 214.0)
(0.01,4.0,0.2590000000000002)(153.20812759554755 216.0)
(0.01,4.0,0.2590000000000002)(152.49430548005864 217.0)
(0.01,4.0,0.2590000000000002)(153.27856914057026 216.0)
(0.01,4.0,0.2590000000000002)(153.06333839130835 216.0)
(0.01,4.0,0.2590000000000002)(152.27899089083076 217.0)
(0.01,4.0,0.2590000000000002)(153.30242464169402 216.0)
(0.01,4.0,0.2590000000000002)(154.08598822116642 215.0)
(0.01,4.0,0.2590000000000002)(154.06674762600608 214.0)
(0.01,4.0,0.2590000000000002)(153.85688205048365 219.0)
(0.01,4.0,0.2590000000000002)(154.11119399221303 215.0)
(0.01,4.0,0.2590000000000002)(154.21929704129022 216.0)
(0.01,4.0,0.2590000000000002)(153.7626906062 219.0)
(0.01 4.0 0.2620000000000002)(118.92436285388891 266.0)
(0.01,4.0,0.2620000000000002)(165.85989181798615 1.0)
(0.01,4.0,0.2620000000000002)(165.85989181798615 12.0)
(0.01,4.0,0.2620000000000002)(165.85989181798615 25.0)
(0.01,4.0,0.2620000000000002)(165.85989181798615 32.0)
(0.01,4.0,0.2620000000000002)(165.81921881755773 42.0)
(0.01,4.0,0.2620000000000002)(165.81921881755773 44.0)
(0.01,4.0,0.2620000000000002)(165.69683122123195 45.0)
(0.01,4.0,0.2620000000000002)(165.81921881755773 49.0)
(0.01,4.0,0.2620000000000002)(165.5226976464697 61.0)
(0.01,4.0,0.2620000000000002)(165.3476573216573 64.0)
(0.01,4.0,0.2620000000000002)(165.17202201532902 77.0)
(0.01,4.0,0.2620000000000002)(164.55282078066094 87.0)
(0.01,4.0,0.2620000000000002)(164.55282078066094 88.0)
(0.01,4.0,0.2620000000000002)(164.55282078066094 111.0)
(0.01,4.0,0.2620000000000002)(162.7252762998663 126.0)
(0.01,4.0,0.2620000000000002)(162.7252762998663 145.0)
(0.01,4.0,0.2620000000000002)(160.49707072551922 164.0)
(0.01,4.0,0.2620000000000002)(157.14182796508985 187.0)
(0.01,4.0,0.2620000000000002)(156.78431975430348 192.0)
(0.01,4.0,0.2620000000000002)(156.28769325722283 199.0)
(0.01,4.0,0.2620000000000002)(154.7661698719828 208.0)
(0.01,4.0,0.2620000000000002)(154.7661698719828 209.0)
(0.01,4.0,0.2620000000000002)(154.7661698719828 211.0)
(0.01,4.0,0.2620000000000002)(154.7661698719828 212.0)
(0.01,4.0,0.2620000000000002)(154.64253179991758 214.0)
(0.01,4.0,0.2620000000000002)(154.6912934578539 213.0)
(0.01,4.0,0.2620000000000002)(154.46228999561544 214.0)
(0.01,4.0,0.2620000000000002)(154.44834222228053 215.0)
(0.01,4.0,0.2620000000000002)(154.44834222228053 216.0)
(0.01,4.0,0.2620000000000002)(154.32902225202852 214.0)
(0.01,4.0,0.2620000000000002)(154.08598822116642 217.0)
(0.01,4.0,0.2620000000000002)(153.66940862224516 222.0)
(0.01,4.0,0.2620000000000002)(152.9889790257327 223.0)
(0.01,4.0,0.2620000000000002)(152.4333627871435 220.0)
(0.01,4.0,0.2620000000000002)(152.58872039191607 219.0)
(0.01,4.0,0.2620000000000002)(153.30242464169402 219.0)
(0.01,4.0,0.2620000000000002)(153.37285681755966 219.0)
(0.01,4.0,0.2620000000000002)(153.37285681755966 218.0)
(0.01,4.0,0.2620000000000002)(153.20812759554755 219.0)
(0.01,4.0,0.2620000000000002)(153.99182658479572 218.0)
(0.01,4.0,0.2620000000000002)(153.27856914057026 219.0)
(0.01,4.0,0.2620000000000002)(153.15927684240137 219.0)
(0.01,4.0,0.2620000000000002)(148.73799703359913 233.0)
(0.01,4.0,0.2620000000000002)(147.38308559850128 235.0)
(0.01,4.0,0.2620000000000002)(153.85688205048365 224.0)
(0.01,4.0,0.2620000000000002)(147.38308559850128 236.0)
(0.01,4.0,0.2620000000000002)(153.7626906062 223.0)
(0.01 4.0 0.2650000000000002)(118.30778855826594 268.0)
(0.01,4.0,0.2650000000000002)(165.85989181798615 1.0)
(0.01,4.0,0.2650000000000002)(165.85989181798615 12.0)
(0.01,4.0,0.2650000000000002)(165.85989181798615 25.0)
(0.01,4.0,0.2650000000000002)(165.81921881755773 36.0)
(0.01,4.0,0.2650000000000002)(165.81921881755773 44.0)
(0.01,4.0,0.2650000000000002)(165.7098903697138 52.0)
(0.01,4.0,0.2650000000000002)(165.5997310482886 63.0)
(0.01,4.0,0.2650000000000002)(165.48909792022542 76.0)
(0.01,4.0,0.2650000000000002)(164.87234579187037 87.0)
(0.01,4.0,0.2650000000000002)(164.87234579187037 99.0)
(0.01,4.0,0.2650000000000002)(164.87234579187037 106.0)
(0.01,4.0,0.2650000000000002)(163.1214830349895 134.0)
(0.01,4.0,0.2650000000000002)(163.1214830349895 142.0)
(0.01,4.0,0.2650000000000002)(161.95322656155298 160.0)
(0.01,4.0,0.2650000000000002)(157.7659366527122 186.0)
(0.01,4.0,0.2650000000000002)(157.00410444084343 194.0)
(0.01,4.0,0.2650000000000002)(155.5617515125132 201.0)
(0.01,4.0,0.2650000000000002)(154.54410931114722 210.0)
(0.01,4.0,0.2650000000000002)(154.54410931114722 211.0)
(0.01,4.0,0.2650000000000002)(153.6186989690952 214.0)
(0.01,4.0,0.2650000000000002)(153.5437487030837 215.0)
(0.01,4.0,0.2650000000000002)(154.4692153775208 214.0)
(0.01,4.0,0.2650000000000002)(153.7110582492682 217.0)
(0.01,4.0,0.2650000000000002)(153.7110582492682 216.0)
(0.01,4.0,0.2650000000000002)(153.4818544171346 217.0)
(0.01,4.0,0.2650000000000002)(153.46784052246372 217.0)
(0.01,4.0,0.2650000000000002)(153.41029299483404 219.0)
(0.01,4.0,0.2650000000000002)(153.5630545664743 223.0)
(0.01,4.0,0.2650000000000002)(153.1017169115388 221.0)
(0.01,4.0,0.2650000000000002)(153.1592768424014 220.0)
(0.01,4.0,0.2650000000000002)(152.4454158030204 221.0)
(0.01,4.0,0.2650000000000002)(153.22972148079094 220.0)
(0.01,4.0,0.2650000000000002)(153.71387471284262 224.0)
(0.01,4.0,0.2650000000000002)(149.47434168923286 230.0)
(0.01,4.0,0.2650000000000002)(153.71387471284262 225.0)
(0.01,4.0,0.2650000000000002)(152.8061509469874 224.0)
(0.01,4.0,0.2650000000000002)(153.94302052865746 221.0)
(0.01,4.0,0.2650000000000002)(146.62841750869524 238.0)
(0.01,4.0,0.2650000000000002)(146.62841750869524 239.0)
(0.01 4.0 0.2680000000000002)(117.9528010005664 269.0)
(0.01,4.0,0.2680000000000002)(165.85989181798615 1.0)
(0.01,4.0,0.2680000000000002)(165.85989181798615 18.0)
(0.01,4.0,0.2680000000000002)(165.85989181798615 25.0)
(0.01,4.0,0.2680000000000002)(165.85989181798615 30.0)
(0.01,4.0,0.2680000000000002)(165.81921881755773 36.0)
(0.01,4.0,0.2680000000000002)(165.81921881755773 41.0)
(0.01,4.0,0.2680000000000002)(165.81921881755773 44.0)
(0.01,4.0,0.2680000000000002)(165.7098903697138 52.0)
(0.01,4.0,0.2680000000000002)(165.5997310482886 63.0)
(0.01,4.0,0.2680000000000002)(165.48909792022542 76.0)
(0.01,4.0,0.2680000000000002)(164.87234579187037 87.0)
(0.01,4.0,0.2680000000000002)(164.87234579187037 106.0)
(0.01,4.0,0.2680000000000002)(164.87234579187037 115.0)
(0.01,4.0,0.2680000000000002)(163.1214830349895 142.0)
(0.01,4.0,0.2680000000000002)(163.1214830349895 147.0)
(0.01,4.0,0.2680000000000002)(159.23910044199954 177.0)
(0.01,4.0,0.2680000000000002)(157.07950501531025 189.0)
(0.01,4.0,0.2680000000000002)(156.0938579256664 197.0)
(0.01,4.0,0.2680000000000002)(154.6381787504237 207.0)
(0.01,4.0,0.2680000000000002)(154.6381787504237 208.0)
(0.01,4.0,0.2680000000000002)(154.54410931114722 211.0)
(0.01,4.0,0.2680000000000002)(154.54410931114722 209.0)
(0.01,4.0,0.2680000000000002)(154.4692153775208 213.0)
(0.01,4.0,0.2680000000000002)(154.4692153775208 214.0)
(0.01,4.0,0.2680000000000002)(154.56329527336405 212.0)
(0.01,4.0,0.2680000000000002)(153.94302052865746 216.0)
(0.01,4.0,0.2680000000000002)(154.4117301924134 216.0)
(0.01,4.0,0.2680000000000002)(153.84632763270037 221.0)
(0.01,4.0,0.2680000000000002)(153.35013682390095 215.0)
(0.01,4.0,0.2680000000000002)(154.0633104477797 214.0)
(0.01,4.0,0.2680000000000002)(153.8505093199679 214.0)
(0.01,4.0,0.2680000000000002)(154.33427084320874 218.0)
(0.01,4.0,0.2680000000000002)(154.051163825215 219.0)
(0.01,4.0,0.2680000000000002)(154.24015990125557 218.0)
(0.01,4.0,0.2680000000000002)(154.24015990125557 220.0)
(0.01,4.0,0.2680000000000002)(152.83226924395106 221.0)
(0.01,4.0,0.2680000000000002)(153.41655867472554 222.0)
(0.01,4.0,0.2680000000000002)(153.97624945790096 221.0)
(0.01,4.0,0.2680000000000002)(154.2261949685825 217.0)
(0.01,4.0,0.2680000000000002)(153.733148345858 222.0)
(0.01,4.0,0.2680000000000002)(153.44987527963193 226.0)
(0.01,4.0,0.2680000000000002)(153.71387471284262 224.0)
(0.01,4.0,0.2680000000000002)(153.71387471284262 225.0)
(0.01 4.0 0.2710000000000002)(121.79263005672568 263.0)
(0.01,4.0,0.2710000000000002)(165.85989181798615 1.0)
(0.01,4.0,0.2710000000000002)(165.85989181798615 18.0)
(0.01,4.0,0.2710000000000002)(165.85989181798615 25.0)
(0.01,4.0,0.2710000000000002)(165.85989181798615 30.0)
(0.01,4.0,0.2710000000000002)(165.85989181798615 37.0)
(0.01,4.0,0.2710000000000002)(165.81921881755773 36.0)
(0.01,4.0,0.2710000000000002)(165.81921881755773 44.0)
(0.01,4.0,0.2710000000000002)(165.7098903697138 52.0)
(0.01,4.0,0.2710000000000002)(165.5997310482886 63.0)
(0.01,4.0,0.2710000000000002)(165.5997310482886 68.0)
(0.01,4.0,0.2710000000000002)(165.48909792022542 76.0)
(0.01,4.0,0.2710000000000002)(164.87234579187037 87.0)
(0.01,4.0,0.2710000000000002)(164.87234579187037 106.0)
(0.01,4.0,0.2710000000000002)(164.87234579187037 116.0)
(0.01,4.0,0.2710000000000002)(163.1214830349895 143.0)
(0.01,4.0,0.2710000000000002)(161.9095135148591 156.0)
(0.01,4.0,0.2710000000000002)(157.32166452530635 186.0)
(0.01,4.0,0.2710000000000002)(157.00410444084343 191.0)
(0.01,4.0,0.2710000000000002)(155.4007176569504 201.0)
(0.01,4.0,0.2710000000000002)(154.756589200263 205.0)
(0.01,4.0,0.2710000000000002)(154.756589200263 207.0)
(0.01,4.0,0.2710000000000002)(154.36204528708578 209.0)
(0.01,4.0,0.2710000000000002)(154.681709245363 209.0)
(0.01,4.0,0.2710000000000002)(154.681709245363 212.0)
(0.01,4.0,0.2710000000000002)(154.681709245363 210.0)
(0.01,4.0,0.2710000000000002)(154.43874403106318 211.0)
(0.01,4.0,0.2710000000000002)(154.20968855479796 212.0)
(0.01,4.0,0.2710000000000002)(154.43874403106318 213.0)
(0.01,4.0,0.2710000000000002)(153.6805869028106 214.0)
(0.01,4.0,0.2710000000000002)(153.77574975468184 220.0)
(0.01,4.0,0.2710000000000002)(153.37207343359702 215.0)
(0.01,4.0,0.2710000000000002)(152.50301157904653 216.0)
(0.01,4.0,0.2710000000000002)(152.3486396827338 216.0)
(0.01,4.0,0.2710000000000002)(153.13298718321138 215.0)
(0.01,4.0,0.2710000000000002)(153.46634223680726 213.0)
(0.01,4.0,0.2710000000000002)(154.24976838774774 212.0)
(0.01,4.0,0.2710000000000002)(152.75275752517294 214.0)
(0.01,4.0,0.2710000000000002)(154.15563701306942 214.0)
(0.01,4.0,0.2710000000000002)(153.53676490728424 213.0)
(0.01,4.0,0.2710000000000002)(154.1696053251612 216.0)
(0.01,4.0,0.2710000000000002)(153.92653084238665 219.0)
(0.01,4.0,0.2710000000000002)(154.09813484373115 215.0)
(0.01,4.0,0.2710000000000002)(154.53282392690647 210.0)
(0.01,4.0,0.2710000000000002)(154.18882569483267 216.0)
(0.01,4.0,0.2710000000000002)(154.51194031509948 210.0)
(0.01,4.0,0.2710000000000002)(154.4753491440973 211.0)
(0.01,4.0,0.2710000000000002)(153.9858680828059 215.0)
(0.01,4.0,0.2710000000000002)(154.3037994967512 216.0)
(0.01,4.0,0.2710000000000002)(154.02069247875738 219.0)
(0.01,4.0,0.2710000000000002)(153.75676191212315 220.0)
(0.01,4.0,0.2710000000000002)(153.7776046478878 220.0)
(0.01 4.0 0.2740000000000002)(114.293131233597 271.0)
(0.01,4.0,0.2740000000000002)(165.85989181798615 1.0)
(0.01,4.0,0.2740000000000002)(165.85989181798615 18.0)
(0.01,4.0,0.2740000000000002)(165.85989181798615 25.0)
(0.01,4.0,0.2740000000000002)(165.85989181798615 30.0)
(0.01,4.0,0.2740000000000002)(165.85989181798615 37.0)
(0.01,4.0,0.2740000000000002)(165.81921881755773 36.0)
(0.01,4.0,0.2740000000000002)(165.81921881755773 44.0)
(0.01,4.0,0.2740000000000002)(165.7098903697138 52.0)
(0.01,4.0,0.2740000000000002)(165.5997310482886 60.0)
(0.01,4.0,0.2740000000000002)(165.48909792022542 71.0)
(0.01,4.0,0.2740000000000002)(164.87234579187037 79.0)
(0.01,4.0,0.2740000000000002)(164.87234579187037 87.0)
(0.01,4.0,0.2740000000000002)(164.87234579187037 106.0)
(0.01,4.0,0.2740000000000002)(164.13721997605106 117.0)
(0.01,4.0,0.2740000000000002)(163.1214830349895 145.0)
(0.01,4.0,0.2740000000000002)(159.51528758968064 166.0)
(0.01,4.0,0.2740000000000002)(157.7659366527122 186.0)
(0.01,4.0,0.2740000000000002)(157.00410444084343 194.0)
(0.01,4.0,0.2740000000000002)(155.6556112305926 201.0)
(0.01,4.0,0.2740000000000002)(154.51452658954273 210.0)
(0.01,4.0,0.2740000000000002)(154.51452658954273 211.0)
(0.01,4.0,0.2740000000000002)(154.51452658954273 213.0)
(0.01,4.0,0.2740000000000002)(154.1199000912009 215.0)
(0.01,4.0,0.2740000000000002)(154.51452658954273 214.0)
(0.01,4.0,0.2740000000000002)(154.51452658954273 216.0)
(0.01,4.0,0.2740000000000002)(154.27153363521748 216.0)
(0.01,4.0,0.2740000000000002)(154.45704832126847 216.0)
(0.01,4.0,0.2740000000000002)(153.51327735662613 218.0)
(0.01,4.0,0.2740000000000002)(154.23145380226768 217.0)
(0.01,4.0,0.2740000000000002)(153.98839273511524 218.0)
(0.01,4.0,0.2740000000000002)(153.20473866139977 219.0)
(0.01,4.0,0.2740000000000002)(153.27517709829553 219.0)
(0.01,4.0,0.2740000000000002)(152.49095565116224 220.0)
(0.01,4.0,0.2740000000000002)(152.1811970949426 221.0)
(0.01,4.0,0.2740000000000002)(153.75926664282161 224.0)
(0.01,4.0,0.2740000000000002)(151.02630796277 224.0)
(0.01,4.0,0.2740000000000002)(153.75926664282161 223.0)
(0.01,4.0,0.2740000000000002)(154.02160164236741 220.0)
(0.01,4.0,0.2740000000000002)(154.2715336352175 217.0)
(0.01,4.0,0.2740000000000002)(147.65463821213982 236.0)
(0.01,4.0,0.2740000000000002)(153.4952866424877 225.0)
(0.01,4.0,0.2740000000000002)(153.53539968359124 223.0)
(0.01,4.0,0.2740000000000002)(153.86901868726054 220.0)
(0.01,4.0,0.2740000000000002)(153.62058625135475 224.0)
(0.01 4.0 0.2770000000000002)(108.11562833752771 292.0)
(0.01,4.0,0.2770000000000002)(165.85989181798615 1.0)
(0.01,4.0,0.2770000000000002)(165.85989181798615 13.0)
(0.01,4.0,0.2770000000000002)(165.85989181798615 25.0)
(0.01,4.0,0.2770000000000002)(165.81921881755773 36.0)
(0.01,4.0,0.2770000000000002)(165.81921881755773 43.0)
(0.01,4.0,0.2770000000000002)(165.81921881755773 44.0)
(0.01,4.0,0.2770000000000002)(165.81921881755773 51.0)
(0.01,4.0,0.2770000000000002)(165.7098903697138 59.0)
(0.01,4.0,0.2770000000000002)(165.7098903697138 76.0)
(0.01,4.0,0.2770000000000002)(165.5997310482886 72.0)
(0.01,4.0,0.2770000000000002)(165.153364865012 100.0)
(0.01,4.0,0.2770000000000002)(164.35981833308747 128.0)
(0.01,4.0,0.2770000000000002)(164.01742381739416 135.0)
(0.01,4.0,0.2770000000000002)(162.05251071129527 138.0)
(0.01,4.0,0.2770000000000002)(159.628820341071 158.0)
(0.01,4.0,0.2770000000000002)(155.15891643376133 176.0)
(0.01,4.0,0.2770000000000002)(148.52457624038186 199.0)
(0.01,4.0,0.2770000000000002)(147.81475562801927 205.0)
(0.01,4.0,0.2770000000000002)(144.963999349401 220.0)
(0.01,4.0,0.2770000000000002)(145.18682075597772 212.0)
(0.01,4.0,0.2770000000000002)(143.84017289563275 227.0)
(0.01,4.0,0.2770000000000002)(144.05444727593394 231.0)
(0.01,4.0,0.2770000000000002)(144.92303447255753 228.0)
(0.01,4.0,0.2770000000000002)(143.3171267808917 231.0)
(0.01,4.0,0.2770000000000002)(143.53144636828375 230.0)
(0.01,4.0,0.2770000000000002)(141.97824151397276 233.0)
(0.01,4.0,0.2770000000000002)(140.68235723583032 234.0)
(0.01,4.0,0.2770000000000002)(141.0622210894197 235.0)
(0.01,4.0,0.2770000000000002)(141.69570144576218 238.0)
(0.01,4.0,0.2770000000000002)(141.3014883789605 240.0)
(0.01,4.0,0.2770000000000002)(139.30444340131976 244.0)
(0.01,4.0,0.2770000000000002)(137.76610022915784 247.0)
(0.01,4.0,0.2770000000000002)(136.8660042902109 249.0)
(0.01,4.0,0.2770000000000002)(136.42158007488155 250.0)
(0.01,4.0,0.2770000000000002)(134.41233891295596 253.0)
(0.01,4.0,0.2770000000000002)(134.24076512365042 253.0)
(0.01,4.0,0.2770000000000002)(133.83955485515722 254.0)
(0.01,4.0,0.2770000000000002)(133.78886461109548 254.0)
(0.01,4.0,0.2770000000000002)(132.77119054894013 255.0)
(0.01,4.0,0.2770000000000002)(128.776352378723 258.0)
(0.01,4.0,0.2770000000000002)(130.12697241175388 258.0)
(0.01,4.0,0.2770000000000002)(130.10129677373868 259.0)
(0.01,4.0,0.2770000000000002)(129.90726887825159 259.0)
(0.01,4.0,0.2770000000000002)(129.29531432956256 260.0)
(0.01,4.0,0.2770000000000002)(130.50423617553093 259.0)
(0.01,4.0,0.2770000000000002)(126.22470280571885 262.0)
(0.01,4.0,0.2770000000000002)(127.51044708763794 264.0)
(0.01,4.0,0.2770000000000002)(124.53900485743814 267.0)
(0.01,4.0,0.2770000000000002)(126.47984143591452 265.0)
(0.01,4.0,0.2770000000000002)(126.09834965417491 263.0)
(0.01,4.0,0.2770000000000002)(125.40759468179162 265.0)
(0.01,4.0,0.2770000000000002)(123.9098584363839 267.0)
(0.01,4.0,0.2770000000000002)(122.96453464877052 269.0)
(0.01,4.0,0.2770000000000002)(124.18097548816293 266.0)
(0.01,4.0,0.2770000000000002)(124.32653992235264 267.0)
(0.01,4.0,0.2770000000000002)(123.8742427150524 268.0)
(0.01,4.0,0.2770000000000002)(123.51580547938758 266.0)
(0.01,4.0,0.2770000000000002)(120.48283507593392 271.0)
(0.01,4.0,0.2770000000000002)(124.57875709588747 268.0)
(0.01,4.0,0.2770000000000002)(120.17308465427442 268.0)
(0.01,4.0,0.2770000000000002)(122.38326156109251 267.0)
(0.01,4.0,0.2770000000000002)(123.50790291956316 267.0)
(0.01,4.0,0.2770000000000002)(120.32177224465828 268.0)
(0.01,4.0,0.2770000000000002)(119.71731042979384 269.0)
(0.01,4.0,0.2770000000000002)(122.9270238916872 270.0)
(0.01,4.0,0.2770000000000002)(118.98854956715991 271.0)
(0.01,4.0,0.2770000000000002)(120.61359792297844 270.0)
(0.01,4.0,0.2770000000000002)(120.85152730521517 269.0)
(0.01,4.0,0.2770000000000002)(121.05210883798526 269.0)
(0.01,4.0,0.2770000000000002)(119.32019222149609 270.0)
(0.01,4.0,0.2770000000000002)(121.65649046355283 268.0)
(0.01,4.0,0.2770000000000002)(120.47113548653098 272.0)
(0.01,4.0,0.2770000000000002)(119.68080443904684 271.0)
(0.01,4.0,0.2770000000000002)(123.01979347178361 270.0)
(0.01,4.0,0.2770000000000002)(121.91832942764279 271.0)
(0.01,4.0,0.2770000000000002)(119.02883604174323 274.0)
(0.01,4.0,0.2770000000000002)(117.42616210563664 275.0)
(0.01,4.0,0.2770000000000002)(118.59649167057995 275.0)
(0.01,4.0,0.2770000000000002)(117.40680341905971 273.0)
(0.01,4.0,0.2770000000000002)(117.35528131930425 275.0)
(0.01,4.0,0.2770000000000002)(117.16303264739932 277.0)
(0.01,4.0,0.2770000000000002)(115.6382754975215 276.0)
(0.01,4.0,0.2770000000000002)(118.99836469528569 275.0)
(0.01,4.0,0.2770000000000002)(115.70696008686399 278.0)
(0.01,4.0,0.2770000000000002)(121.86338448903098 274.0)
(0.01,4.0,0.2770000000000002)(119.63364924147915 274.0)
(0.01,4.0,0.2770000000000002)(116.26439751103646 276.0)
(0.01,4.0,0.2770000000000002)(117.7558401049324 274.0)
(0.01,4.0,0.2770000000000002)(118.91559176028835 274.0)
(0.01,4.0,0.2770000000000002)(117.4008432958957 275.0)
(0.01,4.0,0.2770000000000002)(117.06743692075919 276.0)
(0.01,4.0,0.2770000000000002)(118.5931787833823 276.0)
(0.01,4.0,0.2770000000000002)(118.95151644331392 274.0)
(0.01,4.0,0.2770000000000002)(118.58911304824315 277.0)
(0.01,4.0,0.2770000000000002)(116.25869492399437 279.0)
(0.01 4.0 0.2800000000000002)(110.19366554767905 289.0)
(0.01,4.0,0.2800000000000002)(165.85989181798615 1.0)
(0.01,4.0,0.2800000000000002)(165.85989181798615 13.0)
(0.01,4.0,0.2800000000000002)(165.85989181798615 25.0)
(0.01,4.0,0.2800000000000002)(165.85989181798615 24.0)
(0.01,4.0,0.2800000000000002)(165.81921881755773 41.0)
(0.01,4.0,0.2800000000000002)(165.81921881755773 44.0)
(0.01,4.0,0.2800000000000002)(165.81921881755773 49.0)
(0.01,4.0,0.2800000000000002)(165.7098903697138 59.0)
(0.01,4.0,0.2800000000000002)(165.7098903697138 63.0)
(0.01,4.0,0.2800000000000002)(165.7098903697138 76.0)
(0.01,4.0,0.2800000000000002)(165.5997310482886 84.0)
(0.01,4.0,0.2800000000000002)(164.90829536347604 111.0)
(0.01,4.0,0.2800000000000002)(164.35981833308747 135.0)
(0.01,4.0,0.2800000000000002)(162.05251071129527 137.0)
(0.01,4.0,0.2800000000000002)(159.74004385825504 161.0)
(0.01,4.0,0.2800000000000002)(156.9847000971633 168.0)
(0.01,4.0,0.2800000000000002)(150.06719879499207 188.0)
(0.01,4.0,0.2800000000000002)(147.78331730991547 195.0)
(0.01,4.0,0.2800000000000002)(145.89327718566554 206.0)
(0.01,4.0,0.2800000000000002)(144.98917681162803 209.0)
(0.01,4.0,0.2800000000000002)(142.9564225308108 212.0)
(0.01,4.0,0.2800000000000002)(141.48541988419814 226.0)
(0.01,4.0,0.2800000000000002)(141.54619096502256 222.0)
(0.01,4.0,0.2800000000000002)(141.37097407335503 224.0)
(0.01,4.0,0.2800000000000002)(140.6111262811158 228.0)
(0.01,4.0,0.2800000000000002)(140.51252316786395 229.0)
(0.01,4.0,0.2800000000000002)(146.70835935102463 225.0)
(0.01,4.0,0.2800000000000002)(146.18189636835552 225.0)
(0.01,4.0,0.2800000000000002)(139.7350925132134 236.0)
(0.01,4.0,0.2800000000000002)(139.57550487897376 239.0)
(0.01,4.0,0.2800000000000002)(137.3244766844493 246.0)
(0.01,4.0,0.2800000000000002)(137.60474410334155 247.0)
(0.01,4.0,0.2800000000000002)(136.4153788035473 250.0)
(0.01,4.0,0.2800000000000002)(135.6093434730988 253.0)
(0.01,4.0,0.2800000000000002)(134.97010766359222 253.0)
(0.01,4.0,0.2800000000000002)(133.83321911506357 254.0)
(0.01,4.0,0.2800000000000002)(134.18231282805607 254.0)
(0.01,4.0,0.2800000000000002)(133.7665447954009 254.0)
(0.01,4.0,0.2800000000000002)(132.4198572392823 255.0)
(0.01,4.0,0.2800000000000002)(133.62957332885676 254.0)
(0.01,4.0,0.2800000000000002)(131.79347209375436 257.0)
(0.01,4.0,0.2800000000000002)(132.56108505333108 255.0)
(0.01,4.0,0.2800000000000002)(132.22517655951128 257.0)
(0.01,4.0,0.2800000000000002)(129.70876959774938 259.0)
(0.01,4.0,0.2800000000000002)(129.84463489538987 259.0)
(0.01,4.0,0.2800000000000002)(128.19758389386908 260.0)
(0.01,4.0,0.2800000000000002)(129.87395664144407 258.0)
(0.01,4.0,0.2800000000000002)(128.83350690447398 260.0)
(0.01,4.0,0.2800000000000002)(127.97779673863592 261.0)
(0.01,4.0,0.2800000000000002)(127.08532255990865 262.0)
(0.01,4.0,0.2800000000000002)(130.2583465182877 258.0)
(0.01,4.0,0.2800000000000002)(127.71046590663977 260.0)
(0.01,4.0,0.2800000000000002)(127.91360654250127 262.0)
(0.01,4.0,0.2800000000000002)(128.8655917067867 260.0)
(0.01,4.0,0.2800000000000002)(124.64691253342717 264.0)
(0.01,4.0,0.2800000000000002)(125.59371326153733 262.0)
(0.01,4.0,0.2800000000000002)(126.95418031524949 263.0)
(0.01,4.0,0.2800000000000002)(126.23550576562182 264.0)
(0.01,4.0,0.2800000000000002)(128.00553788164567 261.0)
(0.01,4.0,0.2800000000000002)(125.3778766447837 263.0)
(0.01,4.0,0.2800000000000002)(125.70040833350853 262.0)
(0.01,4.0,0.2800000000000002)(125.0856403814668 263.0)
(0.01,4.0,0.2800000000000002)(122.85208381708826 267.0)
(0.01,4.0,0.2800000000000002)(123.34524004653973 266.0)
(0.01,4.0,0.2800000000000002)(126.24408516082336 267.0)
(0.01,4.0,0.2800000000000002)(122.25916926852622 267.0)
(0.01,4.0,0.2800000000000002)(123.11556056065025 266.0)
(0.01,4.0,0.2800000000000002)(120.9975277214056 268.0)
(0.01,4.0,0.2800000000000002)(121.36602362786915 268.0)
(0.01,4.0,0.2800000000000002)(122.12959631145095 268.0)
(0.01,4.0,0.2800000000000002)(122.00872794238747 268.0)
(0.01,4.0,0.2800000000000002)(119.79566532068462 273.0)
(0.01,4.0,0.2800000000000002)(122.3371476303105 273.0)
(0.01,4.0,0.2800000000000002)(120.2226849114849 270.0)
(0.01,4.0,0.2800000000000002)(122.3400863015404 268.0)
(0.01,4.0,0.2800000000000002)(121.98863089897516 271.0)
(0.01,4.0,0.2800000000000002)(120.94896572241277 270.0)
(0.01,4.0,0.2800000000000002)(119.78702833306298 273.0)
(0.01,4.0,0.2800000000000002)(120.18850609210516 273.0)
(0.01,4.0,0.2800000000000002)(119.39152175921018 272.0)
(0.01,4.0,0.2800000000000002)(119.4792702027187 276.0)
(0.01,4.0,0.2800000000000002)(120.03247656227826 272.0)
(0.01,4.0,0.2800000000000002)(119.93503201585688 272.0)
(0.01,4.0,0.2800000000000002)(117.11345950510528 275.0)
(0.01,4.0,0.2800000000000002)(118.184217637674 276.0)
(0.01,4.0,0.2800000000000002)(115.99741145568932 274.0)
(0.01,4.0,0.2800000000000002)(117.2256647313318 275.0)
(0.01,4.0,0.2800000000000002)(120.53109055335615 273.0)
(0.01,4.0,0.2800000000000002)(118.37946536246181 274.0)
(0.01,4.0,0.2800000000000002)(119.37445228568743 274.0)
(0.01,4.0,0.2800000000000002)(118.5472668310248 275.0)
(0.01,4.0,0.2800000000000002)(119.4638803112156 275.0)
(0.01,4.0,0.2800000000000002)(117.94275112596657 276.0)
(0.01,4.0,0.2800000000000002)(117.77129545990003 276.0)
(0.01,4.0,0.2800000000000002)(117.58775883112155 277.0)
(0.01 4.0 0.2830000000000002)(119.61046225054584 268.0)
(0.01,4.0,0.2830000000000002)(165.85989181798615 1.0)
(0.01,4.0,0.2830000000000002)(165.85989181798615 15.0)
(0.01,4.0,0.2830000000000002)(165.85989181798615 25.0)
(0.01,4.0,0.2830000000000002)(165.85989181798615 35.0)
(0.01,4.0,0.2830000000000002)(165.81921881755773 41.0)
(0.01,4.0,0.2830000000000002)(165.81921881755773 44.0)
(0.01,4.0,0.2830000000000002)(165.81921881755773 51.0)
(0.01,4.0,0.2830000000000002)(165.7098903697138 59.0)
(0.01,4.0,0.2830000000000002)(165.5997310482886 74.0)
(0.01,4.0,0.2830000000000002)(165.7098903697138 81.0)
(0.01,4.0,0.2830000000000002)(165.1431896093073 92.0)
(0.01,4.0,0.2830000000000002)(164.69255826443535 112.0)
(0.01,4.0,0.2830000000000002)(164.69255826443535 113.0)
(0.01,4.0,0.2830000000000002)(164.14312513532676 136.0)
(0.01,4.0,0.2830000000000002)(163.80026587505225 136.0)
(0.01,4.0,0.2830000000000002)(161.76832792228163 146.0)
(0.01,4.0,0.2830000000000002)(159.77453791996385 167.0)
(0.01,4.0,0.2830000000000002)(157.39622161975063 173.0)
(0.01,4.0,0.2830000000000002)(154.15749966524254 192.0)
(0.01,4.0,0.2830000000000002)(149.40203113778261 202.0)
(0.01,4.0,0.2830000000000002)(146.54387348690497 216.0)
(0.01,4.0,0.2830000000000002)(143.95432816286572 221.0)
(0.01,4.0,0.2830000000000002)(143.7212892560704 224.0)
(0.01,4.0,0.2830000000000002)(142.58849853788576 227.0)
(0.01,4.0,0.2830000000000002)(143.58801435587156 228.0)
(0.01,4.0,0.2830000000000002)(143.1911510320046 230.0)
(0.01,4.0,0.2830000000000002)(143.38809005495702 229.0)
(0.01,4.0,0.2830000000000002)(143.2779149612826 229.0)
(0.01,4.0,0.2830000000000002)(143.07797174516227 230.0)
(0.01,4.0,0.2830000000000002)(142.9014117528433 232.0)
(0.01,4.0,0.2830000000000002)(142.21320781084307 232.0)
(0.01,4.0,0.2830000000000002)(140.70388598337064 234.0)
(0.01,4.0,0.2830000000000002)(141.21007781398654 233.0)
(0.01,4.0,0.2830000000000002)(141.49411348262672 233.0)
(0.01,4.0,0.2830000000000002)(141.5174495637106 232.0)
(0.01,4.0,0.2830000000000002)(141.7029007468042 236.0)
(0.01,4.0,0.2830000000000002)(141.79709526365858 235.0)
(0.01,4.0,0.2830000000000002)(141.58832505757732 232.0)
(0.01,4.0,0.2830000000000002)(141.0519615953864 237.0)
(0.01,4.0,0.2830000000000002)(141.42323517909094 233.0)
(0.01,4.0,0.2830000000000002)(141.5275537268887 236.0)
(0.01,4.0,0.2830000000000002)(141.4072238549744 233.0)
(0.01,4.0,0.2830000000000002)(140.67348496790967 236.0)
(0.01,4.0,0.2830000000000002)(140.42119811732115 237.0)
(0.01,4.0,0.2830000000000002)(141.1967219653494 240.0)
(0.01,4.0,0.2830000000000002)(141.5825822086113 236.0)
(0.01,4.0,0.2830000000000002)(140.45886655244345 237.0)
(0.01,4.0,0.2830000000000002)(141.74346914895062 235.0)
(0.01,4.0,0.2830000000000002)(140.70395631436725 237.0)
(0.01,4.0,0.2830000000000002)(140.7750197485718 237.0)
(0.01,4.0,0.2830000000000002)(141.47391906877135 237.0)
(0.01 4.0 0.2860000000000002)(127.33742003294239 259.0)
(0.01,4.0,0.2860000000000002)(165.85989181798615 1.0)
(0.01,4.0,0.2860000000000002)(165.85989181798615 12.0)
(0.01,4.0,0.2860000000000002)(165.85989181798615 25.0)
(0.01,4.0,0.2860000000000002)(165.85989181798615 35.0)
(0.01,4.0,0.2860000000000002)(165.81921881755773 41.0)
(0.01,4.0,0.2860000000000002)(165.81921881755773 44.0)
(0.01,4.0,0.2860000000000002)(165.7098903697138 59.0)
(0.01,4.0,0.2860000000000002)(165.7098903697138 63.0)
(0.01,4.0,0.2860000000000002)(165.5997310482886 81.0)
(0.01,4.0,0.2860000000000002)(165.5997310482886 77.0)
(0.01,4.0,0.2860000000000002)(165.5997310482886 84.0)
(0.01,4.0,0.2860000000000002)(165.5997310482886 98.0)
(0.01,4.0,0.2860000000000002)(165.35736693738616 109.0)
(0.01,4.0,0.2860000000000002)(165.35736693738616 110.0)
(0.01,4.0,0.2860000000000002)(163.460627024412 127.0)
(0.01,4.0,0.2860000000000002)(162.24115935502024 150.0)
(0.01,4.0,0.2860000000000002)(161.96628571003473 156.0)
(0.01,4.0,0.2860000000000002)(159.67338972775005 169.0)
(0.01,4.0,0.2860000000000002)(156.63250690570362 185.0)
(0.01,4.0,0.2860000000000002)(153.48637882885498 200.0)
(0.01,4.0,0.2860000000000002)(151.64538320436068 212.0)
(0.01,4.0,0.2860000000000002)(151.28207085465039 210.0)
(0.01,4.0,0.2860000000000002)(151.21135240230015 213.0)
(0.01,4.0,0.2860000000000002)(150.2165776698564 215.0)
(0.01,4.0,0.2860000000000002)(151.12214423947574 214.0)
(0.01,4.0,0.2860000000000002)(151.14063132891008 214.0)
(0.01,4.0,0.2860000000000002)(150.64332310697964 214.0)
(0.01,4.0,0.2860000000000002)(150.64332310697964 216.0)
(0.01,4.0,0.2860000000000002)(150.3592135314652 217.0)
(0.01,4.0,0.2860000000000002)(150.2252837688442 218.0)
(0.01,4.0,0.2860000000000002)(150.14145819042602 219.0)
(0.01,4.0,0.2860000000000002)(149.35507144445543 220.0)
(0.01,4.0,0.2860000000000002)(148.2039767315867 222.0)
(0.01,4.0,0.2860000000000002)(148.99099804925095 221.0)
(0.01,4.0,0.2860000000000002)(149.42569956741028 220.0)
(0.01,4.0,0.2860000000000002)(149.76147159360633 223.0)
(0.01,4.0,0.2860000000000002)(149.7069685730617 220.0)
(0.01,4.0,0.2860000000000002)(149.4499306524113 220.0)
(0.01,4.0,0.2860000000000002)(149.31063306860534 224.0)
(0.01,4.0,0.2860000000000002)(149.6634380781223 223.0)
(0.01,4.0,0.2860000000000002)(146.79510665536964 229.0)
(0.01,4.0,0.2860000000000002)(149.1438168159642 224.0)
(0.01,4.0,0.2860000000000002)(148.0731089738362 228.0)
(0.01,4.0,0.2860000000000002)(148.69130271606468 227.0)
(0.01,4.0,0.2860000000000002)(149.40868535710297 225.0)
(0.01 4.0 0.2890000000000002)(128.1888777948812 257.0)
(0.01,4.0,0.2890000000000002)(165.85989181798615 1.0)
(0.01,4.0,0.2890000000000002)(165.85989181798615 12.0)
(0.01,4.0,0.2890000000000002)(165.85989181798615 25.0)
(0.01,4.0,0.2890000000000002)(165.85989181798615 30.0)
(0.01,4.0,0.2890000000000002)(165.85989181798615 37.0)
(0.01,4.0,0.2890000000000002)(165.81921881755773 44.0)
(0.01,4.0,0.2890000000000002)(165.81921881755773 49.0)
(0.01,4.0,0.2890000000000002)(165.81921881755773 60.0)
(0.01,4.0,0.2890000000000002)(165.7098903697138 66.0)
(0.01,4.0,0.2890000000000002)(165.5997310482886 77.0)
(0.01,4.0,0.2890000000000002)(165.5997310482886 92.0)
(0.01,4.0,0.2890000000000002)(165.5997310482886 95.0)
(0.01,4.0,0.2890000000000002)(165.35736693738616 109.0)
(0.01,4.0,0.2890000000000002)(165.35736693738616 110.0)
(0.01,4.0,0.2890000000000002)(163.460627024412 136.0)
(0.01,4.0,0.2890000000000002)(163.28676470741016 140.0)
(0.01,4.0,0.2890000000000002)(160.99604771010277 157.0)
(0.01,4.0,0.2890000000000002)(159.39727836963925 171.0)
(0.01,4.0,0.2890000000000002)(157.51216585610996 184.0)
(0.01,4.0,0.2890000000000002)(155.61013817841453 200.0)
(0.01,4.0,0.2890000000000002)(151.64538320436068 213.0)
(0.01,4.0,0.2890000000000002)(151.19722097233125 213.0)
(0.01,4.0,0.2890000000000002)(151.0993015015683 212.0)
(0.01,4.0,0.2890000000000002)(151.0285726311654 214.0)
(0.01,4.0,0.2890000000000002)(150.966547282531 215.0)
(0.01,4.0,0.2890000000000002)(149.97154762518431 217.0)
(0.01,4.0,0.2890000000000002)(150.34939712250855 217.0)
(0.01,4.0,0.2890000000000002)(150.26010816479572 218.0)
(0.01,4.0,0.2890000000000002)(150.966547282531 216.0)
(0.01,4.0,0.2890000000000002)(150.41145012539246 215.0)
(0.01,4.0,0.2890000000000002)(149.996687496131 218.0)
(0.01,4.0,0.2890000000000002)(150.3896848779228 219.0)
(0.01,4.0,0.2890000000000002)(150.32763187503886 219.0)
(0.01,4.0,0.2890000000000002)(150.3134599639735 218.0)
(0.01,4.0,0.2890000000000002)(149.35737053028126 221.0)
(0.01,4.0,0.2890000000000002)(149.07301048240595 222.0)
(0.01,4.0,0.2890000000000002)(150.68250055242507 217.0)
(0.01,4.0,0.2890000000000002)(149.25281441553904 227.0)
(0.01,4.0,0.2890000000000002)(149.07301048240595 224.0)
(0.01,4.0,0.2890000000000002)(149.34653670769404 226.0)
(0.01,4.0,0.2890000000000002)(149.07301048240595 225.0)
(0.01,4.0,0.2890000000000002)(145.57402655319984 232.0)
(0.01,4.0,0.2890000000000002)(149.17109038070626 221.0)
(0.01,4.0,0.2890000000000002)(148.80483500311294 226.0)
(0.01,4.0,0.2890000000000002)(143.20560470066462 237.0)
(0.01,4.0,0.2890000000000002)(148.4309203455999 227.0)
(0.01,4.0,0.2890000000000002)(148.45505606161078 223.0)
(0.01,4.0,0.2890000000000002)(149.79724586054076 222.0)
(0.01 4.0 0.2920000000000002)(127.69049547203603 261.0)
(0.01,4.0,0.2920000000000002)(165.85989181798615 1.0)
(0.01,4.0,0.2920000000000002)(165.85989181798615 12.0)
(0.01,4.0,0.2920000000000002)(165.85989181798615 25.0)
(0.01,4.0,0.2920000000000002)(165.85989181798615 30.0)
(0.01,4.0,0.2920000000000002)(165.85989181798615 35.0)
(0.01,4.0,0.2920000000000002)(165.81921881755773 44.0)
(0.01,4.0,0.2920000000000002)(165.81921881755773 55.0)
(0.01,4.0,0.2920000000000002)(165.7098903697138 63.0)
(0.01,4.0,0.2920000000000002)(165.5997310482886 81.0)
(0.01,4.0,0.2920000000000002)(165.5997310482886 77.0)
(0.01,4.0,0.2920000000000002)(165.5997310482886 84.0)
(0.01,4.0,0.2920000000000002)(165.5997310482886 99.0)
(0.01,4.0,0.2920000000000002)(165.35736693738616 109.0)
(0.01,4.0,0.2920000000000002)(165.35736693738616 110.0)
(0.01,4.0,0.2920000000000002)(165.35736693738616 117.0)
(0.01,4.0,0.2920000000000002)(163.28676470741016 140.0)
(0.01,4.0,0.2920000000000002)(161.96628571003473 156.0)
(0.01,4.0,0.2920000000000002)(159.39727836963925 171.0)
(0.01,4.0,0.2920000000000002)(159.12106640919407 174.0)
(0.01,4.0,0.2920000000000002)(155.40377043475073 198.0)
(0.01,4.0,0.2920000000000002)(153.98643452196296 210.0)
(0.01,4.0,0.2920000000000002)(152.93885991781679 216.0)
(0.01,4.0,0.2920000000000002)(153.02348674962926 216.0)
(0.01,4.0,0.2920000000000002)(152.03069570745004 217.0)
(0.01,4.0,0.2920000000000002)(152.78021881197603 217.0)
(0.01,4.0,0.2920000000000002)(152.42807537491433 220.0)
(0.01,4.0,0.2920000000000002)(152.11941408873014 219.0)
(0.01,4.0,0.2920000000000002)(152.0457700199568 224.0)
(0.01,4.0,0.2920000000000002)(152.1144126792548 225.0)
(0.01,4.0,0.2920000000000002)(152.60121489631945 222.0)
(0.01,4.0,0.2920000000000002)(151.76211533157908 226.0)
(0.01,4.0,0.2920000000000002)(152.60121489631945 221.0)
(0.01,4.0,0.2920000000000002)(151.54471696352175 227.0)
(0.01,4.0,0.2920000000000002)(151.68376044068825 227.0)
(0.01,4.0,0.2920000000000002)(151.9011132540519 226.0)
(0.01,4.0,0.2920000000000002)(153.44398564421851 226.0)
(0.01,4.0,0.2920000000000002)(151.03910111614002 229.0)
(0.01,4.0,0.2920000000000002)(152.59349125568392 221.0)
(0.01,4.0,0.2920000000000002)(151.3674913656963 230.0)
(0.01,4.0,0.2920000000000002)(147.03708319427915 235.0)
(0.01,4.0,0.2920000000000002)(151.54471696352175 228.0)
(0.01,4.0,0.2920000000000002)(152.55669893571942 222.0)
(0.01,4.0,0.2920000000000002)(146.05552691499543 239.0)
(0.01,4.0,0.2920000000000002)(151.6066886185423 225.0)
(0.01,4.0,0.2920000000000002)(151.30115554745566 228.0)
(0.01 4.0 0.2950000000000002)(111.73366610856966 270.0)
(0.01,4.0,0.2950000000000002)(165.85989181798615 1.0)
(0.01,4.0,0.2950000000000002)(165.85989181798615 18.0)
(0.01,4.0,0.2950000000000002)(165.85989181798615 24.0)
(0.01,4.0,0.2950000000000002)(165.85989181798615 37.0)
(0.01,4.0,0.2950000000000002)(165.81921881755773 44.0)
(0.01,4.0,0.2950000000000002)(165.81921881755773 51.0)
(0.01,4.0,0.2950000000000002)(165.5997310482886 67.0)
(0.01,4.0,0.2950000000000002)(165.1431896093073 85.0)
(0.01,4.0,0.2950000000000002)(165.1431896093073 92.0)
(0.01,4.0,0.2950000000000002)(165.1431896093073 103.0)
(0.01,4.0,0.2950000000000002)(165.1431896093073 120.0)
(0.01,4.0,0.2950000000000002)(165.1431896093073 128.0)
(0.01,4.0,0.2950000000000002)(162.5030697054696 161.0)
(0.01,4.0,0.2950000000000002)(158.8922807306072 172.0)
(0.01,4.0,0.2950000000000002)(156.26323010721774 191.0)
(0.01,4.0,0.2950000000000002)(152.82984858607796 206.0)
(0.01,4.0,0.2950000000000002)(151.39671328072794 213.0)
(0.01,4.0,0.2950000000000002)(150.77684490894384 213.0)
(0.01,4.0,0.2950000000000002)(150.5331749794667 215.0)
(0.01,4.0,0.2950000000000002)(151.63271285870655 216.0)
(0.01,4.0,0.2950000000000002)(150.63888655780968 217.0)
(0.01,4.0,0.2950000000000002)(149.53844579182626 218.0)
(0.01,4.0,0.2950000000000002)(150.23179321154842 218.0)
(0.01,4.0,0.2950000000000002)(149.77254184596578 221.0)
(0.01,4.0,0.2950000000000002)(149.4634218208296 224.0)
(0.01,4.0,0.2950000000000002)(149.78995404394155 222.0)
(0.01,4.0,0.2950000000000002)(150.42655984967791 219.0)
(0.01,4.0,0.2950000000000002)(150.07400077404748 221.0)
(0.01,4.0,0.2950000000000002)(149.0038696194348 223.0)
(0.01,4.0,0.2950000000000002)(152.18801791884843 224.0)
(0.01,4.0,0.2950000000000002)(147.85317885637855 225.0)
(0.01,4.0,0.2950000000000002)(148.2879590423573 224.0)
(0.01,4.0,0.2950000000000002)(146.1689971437471 226.0)
(0.01,4.0,0.2950000000000002)(146.36425070461215 226.0)
(0.01,4.0,0.2950000000000002)(144.2490524626083 229.0)
(0.01,4.0,0.2950000000000002)(144.8539780529496 227.0)
(0.01,4.0,0.2950000000000002)(148.1342940188202 224.0)
(0.01,4.0,0.2950000000000002)(144.68470760937657 228.0)
(0.01,4.0,0.2950000000000002)(147.06811373528444 225.0)
(0.01,4.0,0.2950000000000002)(146.97234664641786 226.0)
(0.01,4.0,0.2950000000000002)(147.60802262901933 229.0)
(0.01,4.0,0.2950000000000002)(148.11688182084447 225.0)
(0.01,4.0,0.2950000000000002)(147.90993986202625 228.0)
(0.01,4.0,0.2950000000000002)(148.7678170079425 228.0)
(0.01,4.0,0.2950000000000002)(147.34642598128116 229.0)
(0.01,4.0,0.2950000000000002)(147.665798588124 228.0)
(0.01,4.0,0.2950000000000002)(144.26328692028946 235.0)
(0.01,4.0,0.2950000000000002)(145.41788744300942 235.0)
(0.01,4.0,0.2950000000000002)(143.0409782446731 234.0)
(0.01,4.0,0.2950000000000002)(142.4423158052764 239.0)
(0.01,4.0,0.2950000000000002)(144.83622245970625 234.0)
(0.01,4.0,0.2950000000000002)(144.1049406450188 233.0)
(0.01,4.0,0.2950000000000002)(147.319110676654 230.0)
(0.01,4.0,0.2950000000000002)(144.16653895736056 237.0)
(0.01,4.0,0.2950000000000002)(143.33143442694833 240.0)
(0.01,4.0,0.2950000000000002)(139.66905653729606 243.0)
(0.01,4.0,0.2950000000000002)(145.28344328421167 232.0)
(0.01,4.0,0.2950000000000002)(142.29030391148777 242.0)
(0.01,4.0,0.2950000000000002)(140.7838539465219 240.0)
(0.01 4.0 0.2980000000000002)(100.02530127642467 291.0)
(0.01,4.0,0.2980000000000002)(165.85989181798615 1.0)
(0.01,4.0,0.2980000000000002)(165.85989181798615 20.0)
(0.01,4.0,0.2980000000000002)(165.85989181798615 24.0)
(0.01,4.0,0.2980000000000002)(165.85989181798615 30.0)
(0.01,4.0,0.2980000000000002)(165.81921881755773 43.0)
(0.01,4.0,0.2980000000000002)(165.81921881755773 44.0)
(0.01,4.0,0.2980000000000002)(165.81921881755773 51.0)
(0.01,4.0,0.2980000000000002)(165.7098903697138 59.0)
(0.01,4.0,0.2980000000000002)(165.5997310482886 75.0)
(0.01,4.0,0.2980000000000002)(165.1431896093073 92.0)
(0.01,4.0,0.2980000000000002)(164.41514056644817 129.0)
(0.01,4.0,0.2980000000000002)(163.82572707427852 128.0)
(0.01,4.0,0.2980000000000002)(163.42167208784468 139.0)
(0.01,4.0,0.2980000000000002)(160.85700155558334 146.0)
(0.01,4.0,0.2980000000000002)(158.21481483726694 155.0)
(0.01,4.0,0.2980000000000002)(154.16728629006684 178.0)
(0.01,4.0,0.2980000000000002)(151.69687004561845 195.0)
(0.01,4.0,0.2980000000000002)(147.33865381356307 204.0)
(0.01,4.0,0.2980000000000002)(144.4267868302487 215.0)
(0.01,4.0,0.2980000000000002)(141.59808483449686 230.0)
(0.01,4.0,0.2980000000000002)(137.2469854505791 237.0)
(0.01,4.0,0.2980000000000002)(137.3995486297615 239.0)
(0.01,4.0,0.2980000000000002)(136.09977022472282 242.0)
(0.01,4.0,0.2980000000000002)(135.19182597451106 242.0)
(0.01,4.0,0.2980000000000002)(136.19420033679108 242.0)
(0.01,4.0,0.2980000000000002)(135.4068651950929 243.0)
(0.01,4.0,0.2980000000000002)(135.31240670456938 244.0)
(0.01,4.0,0.2980000000000002)(134.95806204248626 245.0)
(0.01,4.0,0.2980000000000002)(135.05252839070508 244.0)
(0.01,4.0,0.2980000000000002)(135.40969651355374 243.0)
(0.01,4.0,0.2980000000000002)(134.26775885503253 249.0)
(0.01,4.0,0.2980000000000002)(134.56445152973882 256.0)
(0.01,4.0,0.2980000000000002)(131.04678945279568 249.0)
(0.01,4.0,0.2980000000000002)(133.01917061044875 250.0)
(0.01,4.0,0.2980000000000002)(130.69774622441864 250.0)
(0.01,4.0,0.2980000000000002)(130.42468263023045 251.0)
(0.01,4.0,0.2980000000000002)(129.8657952367287 253.0)
(0.01,4.0,0.2980000000000002)(134.09772037334574 249.0)
(0.01,4.0,0.2980000000000002)(131.9500990792532 251.0)
(0.01,4.0,0.2980000000000002)(133.5340650224405 253.0)
(0.01,4.0,0.2980000000000002)(133.7709638430992 253.0)
(0.01,4.0,0.2980000000000002)(133.42183770641446 249.0)
(0.01,4.0,0.2980000000000002)(131.63086954589846 255.0)
(0.01,4.0,0.2980000000000002)(131.7064482320672 255.0)
(0.01,4.0,0.2980000000000002)(131.46942450012827 256.0)
(0.01,4.0,0.2980000000000002)(132.92496221135008 253.0)
(0.01,4.0,0.2980000000000002)(132.53252891512233 254.0)
(0.01,4.0,0.2980000000000002)(131.90621530798998 255.0)
(0.01,4.0,0.2980000000000002)(133.6096150149616 252.0)
(0.01,4.0,0.2980000000000002)(132.7635737904576 255.0)
(0.01,4.0,0.2980000000000002)(134.5558182845754 253.0)
(0.01,4.0,0.2980000000000002)(134.17378917165013 253.0)
(0.01,4.0,0.2980000000000002)(134.33510191897392 252.0)
(0.01,4.0,0.2980000000000002)(133.0751463448498 254.0)
(0.01 9.0 0.001)(165.85989181798615 13.0)
(0.01,9.0,0.001)(165.85989181798615 1.0)
(0.01,9.0,0.001)(165.85989181798615 6.0)
(0.01,9.0,0.001)(165.85989181798615 12.0)
(0.01,9.0,0.001)(165.85989181798615 13.0)
(0.01 9.0 0.004)(164.5400983107542 82.0)
(0.01,9.0,0.004)(165.85989181798615 1.0)
(0.01,9.0,0.004)(165.85989181798615 6.0)
(0.01,9.0,0.004)(165.85989181798615 8.0)
(0.01,9.0,0.004)(165.85989181798615 3.0)
(0.01,9.0,0.004)(165.85989181798615 12.0)
(0.01,9.0,0.004)(165.85989181798615 13.0)
(0.01,9.0,0.004)(165.85989181798615 15.0)
(0.01,9.0,0.004)(165.85989181798615 18.0)
(0.01,9.0,0.004)(165.85989181798615 20.0)
(0.01,9.0,0.004)(165.85989181798615 24.0)
(0.01,9.0,0.004)(165.85989181798615 25.0)
(0.01,9.0,0.004)(165.85989181798615 30.0)
(0.01,9.0,0.004)(165.85989181798615 32.0)
(0.01,9.0,0.004)(165.81921881755773 41.0)
(0.01,9.0,0.004)(165.81921881755773 43.0)
(0.01,9.0,0.004)(165.81921881755773 45.0)
(0.01,9.0,0.004)(165.81921881755773 47.0)
(0.01,9.0,0.004)(165.81921881755773 49.0)
(0.01,9.0,0.004)(165.81921881755773 50.0)
(0.01,9.0,0.004)(165.81921881755773 53.0)
(0.01,9.0,0.004)(165.81921881755773 54.0)
(0.01,9.0,0.004)(165.81921881755773 57.0)
(0.01,9.0,0.004)(165.613645065603 59.0)
(0.01,9.0,0.004)(165.3747526893711 68.0)
(0.01,9.0,0.004)(165.46181367924987 68.0)
(0.01,9.0,0.004)(165.613645065603 62.0)
(0.01,9.0,0.004)(165.41828318431047 74.0)
(0.01,9.0,0.004)(165.22165718518477 70.0)
(0.01,9.0,0.004)(165.46181367924987 64.0)
(0.01,9.0,0.004)(165.22165718518477 73.0)
(0.01,9.0,0.004)(165.28769169949234 61.0)
(0.01,9.0,0.004)(165.17744914757625 68.0)
(0.01,9.0,0.004)(164.93656133330782 69.0)
(0.01,9.0,0.004)(165.3087181750635 73.0)
(0.01,9.0,0.004)(165.06767169842828 74.0)
(0.01,9.0,0.004)(164.73887289779873 75.0)
(0.01,9.0,0.004)(164.93656133330782 71.0)
(0.01,9.0,0.004)(165.06767169842828 76.0)
(0.01,9.0,0.004)(164.98061070854953 74.0)
(0.01,9.0,0.004)(164.73887289779873 77.0)
(0.01,9.0,0.004)(164.8935497186708 71.0)
(0.01,9.0,0.004)(165.0241412034889 80.0)
(0.01,9.0,0.004)(164.98061070854953 79.0)
(0.01,9.0,0.004)(164.73887289779873 81.0)
(0.01,9.0,0.004)(164.5400983107542 82.0)
(0.01 9.0 0.007)(163.78438627315217 118.0)
(0.01,9.0,0.007)(165.85989181798615 1.0)
(0.01,9.0,0.007)(165.85989181798615 6.0)
(0.01,9.0,0.007)(165.85989181798615 8.0)
(0.01,9.0,0.007)(165.85989181798615 12.0)
(0.01,9.0,0.007)(165.85989181798615 15.0)
(0.01,9.0,0.007)(165.85989181798615 20.0)
(0.01,9.0,0.007)(165.85989181798615 24.0)
(0.01,9.0,0.007)(165.85989181798615 25.0)
(0.01,9.0,0.007)(165.85989181798615 30.0)
(0.01,9.0,0.007)(165.81921881755773 43.0)
(0.01,9.0,0.007)(165.81921881755773 50.0)
(0.01,9.0,0.007)(165.613645065603 66.0)
(0.01,9.0,0.007)(165.613645065603 67.0)
(0.01,9.0,0.007)(165.0250924152884 75.0)
(0.01,9.0,0.007)(164.87126559089873 84.0)
(0.01,9.0,0.007)(165.30945694696206 76.0)
(0.01,9.0,0.007)(165.46181367924987 75.0)
(0.01,9.0,0.007)(165.0475352054273 76.0)
(0.01,9.0,0.007)(165.1563614427757 85.0)
(0.01,9.0,0.007)(165.06930045289695 86.0)
(0.01,9.0,0.007)(165.30945694696206 79.0)
(0.01,9.0,0.007)(164.78420460102 84.0)
(0.01,9.0,0.007)(165.28769169949234 68.0)
(0.01,9.0,0.007)(164.8935497186708 78.0)
(0.01,9.0,0.007)(164.8935497186708 77.0)
(0.01,9.0,0.007)(164.62965444539836 88.0)
(0.01,9.0,0.007)(164.91531496614047 86.0)
(0.01,9.0,0.007)(164.58651616551091 87.0)
(0.01,9.0,0.007)(164.58651616551091 91.0)
(0.01,9.0,0.007)(164.58651616551091 93.0)
(0.01,9.0,0.007)(164.58651616551091 95.0)
(0.01,9.0,0.007)(164.58651616551091 96.0)
(0.01,9.0,0.007)(164.43127207340575 93.0)
(0.01,9.0,0.007)(164.58651616551091 89.0)
(0.01,9.0,0.007)(164.39236192965853 96.0)
(0.01 9.0 0.01)(161.7590003691248 171.0)
(0.01,9.0,0.01)(165.85989181798615 1.0)
(0.01,9.0,0.01)(165.85989181798615 8.0)
(0.01,9.0,0.01)(165.85989181798615 13.0)
(0.01,9.0,0.01)(165.85989181798615 21.0)
(0.01,9.0,0.01)(165.85989181798615 30.0)
(0.01,9.0,0.01)(165.81921881755773 41.0)
(0.01,9.0,0.01)(165.81921881755773 43.0)
(0.01,9.0,0.01)(165.81921881755773 50.0)
(0.01,9.0,0.01)(165.613645065603 66.0)
(0.01,9.0,0.01)(165.46181367924987 75.0)
(0.01,9.0,0.01)(165.28769169949234 67.0)
(0.01,9.0,0.01)(165.30945694696206 76.0)
(0.01,9.0,0.01)(164.82825397626175 86.0)
(0.01,9.0,0.01)(165.06930045289695 84.0)
(0.01,9.0,0.01)(164.91531496614047 89.0)
(0.01,9.0,0.01)(165.06767169842828 81.0)
(0.01,9.0,0.01)(165.0023759560192 89.0)
(0.01,9.0,0.01)(164.58651616551091 90.0)
(0.01,9.0,0.01)(164.43127207340575 91.0)
(0.01,9.0,0.01)(164.43127207340575 95.0)
(0.01,9.0,0.01)(164.43127207340575 100.0)
(0.01,9.0,0.01)(164.43127207340575 105.0)
(0.01,9.0,0.01)(164.43127207340575 108.0)
(0.01,9.0,0.01)(164.43127207340575 104.0)
(0.01,9.0,0.01)(164.43127207340575 99.0)
(0.01,9.0,0.01)(164.43127207340575 101.0)
(0.01,9.0,0.01)(164.43127207340575 97.0)
(0.01,9.0,0.01)(164.39236192965853 100.0)
(0.01,9.0,0.01)(164.39236192965853 102.0)
(0.01,9.0,0.01)(164.39236192965853 103.0)
(0.01,9.0,0.01)(164.39236192965853 109.0)
(0.01,9.0,0.01)(164.39236192965853 110.0)
(0.01,9.0,0.01)(164.39236192965853 112.0)
(0.01 9.0 0.013000000000000001)(158.4823970270022 187.0)
(0.01,9.0,0.013000000000000001)(165.85989181798615 1.0)
(0.01,9.0,0.013000000000000001)(165.85989181798615 12.0)
(0.01,9.0,0.013000000000000001)(165.85989181798615 20.0)
(0.01,9.0,0.013000000000000001)(165.85989181798615 30.0)
(0.01,9.0,0.013000000000000001)(165.81921881755773 43.0)
(0.01,9.0,0.013000000000000001)(165.81921881755773 48.0)
(0.01,9.0,0.013000000000000001)(165.81921881755773 50.0)
(0.01,9.0,0.013000000000000001)(165.613645065603 66.0)
(0.01,9.0,0.013000000000000001)(165.30945694696206 75.0)
(0.01,9.0,0.013000000000000001)(165.3747526893711 75.0)
(0.01,9.0,0.013000000000000001)(165.13459619530602 77.0)
(0.01,9.0,0.013000000000000001)(165.06930045289695 84.0)
(0.01,9.0,0.013000000000000001)(164.76063814526842 90.0)
(0.01,9.0,0.013000000000000001)(165.22165718518477 80.0)
(0.01,9.0,0.013000000000000001)(164.73887289779873 82.0)
(0.01,9.0,0.013000000000000001)(164.62965444539836 85.0)
(0.01,9.0,0.013000000000000001)(164.43127207340575 91.0)
(0.01,9.0,0.013000000000000001)(164.62965444539836 87.0)
(0.01,9.0,0.013000000000000001)(164.43127207340575 96.0)
(0.01,9.0,0.013000000000000001)(164.43127207340575 94.0)
(0.01,9.0,0.013000000000000001)(164.43127207340575 105.0)
(0.01,9.0,0.013000000000000001)(164.43127207340575 106.0)
(0.01,9.0,0.013000000000000001)(164.43127207340575 107.0)
(0.01,9.0,0.013000000000000001)(164.43127207340575 112.0)
(0.01,9.0,0.013000000000000001)(164.43127207340575 116.0)
(0.01,9.0,0.013000000000000001)(164.43127207340575 109.0)
(0.01,9.0,0.013000000000000001)(164.43127207340575 114.0)
(0.01,9.0,0.013000000000000001)(164.43127207340575 108.0)
(0.01,9.0,0.013000000000000001)(164.43127207340575 110.0)
(0.01,9.0,0.013000000000000001)(164.39236192965853 115.0)
(0.01,9.0,0.013000000000000001)(164.39236192965853 111.0)
(0.01,9.0,0.013000000000000001)(164.4010680286464 115.0)
(0.01,9.0,0.013000000000000001)(164.3621392218496 116.0)
(0.01,9.0,0.013000000000000001)(164.39236192965853 117.0)
(0.01,9.0,0.013000000000000001)(164.39236192965853 113.0)
(0.01,9.0,0.013000000000000001)(164.39236192965853 119.0)
(0.01,9.0,0.013000000000000001)(164.39236192965853 118.0)
(0.01 9.0 0.016)(157.9999747691727 187.0)
(0.01,9.0,0.016)(165.85989181798615 1.0)
(0.01,9.0,0.016)(165.85989181798615 13.0)
(0.01,9.0,0.016)(165.85989181798615 25.0)
(0.01,9.0,0.016)(165.81921881755773 43.0)
(0.01,9.0,0.016)(165.81921881755773 50.0)
(0.01,9.0,0.016)(165.613645065603 66.0)
(0.01,9.0,0.016)(165.30945694696206 75.0)
(0.01,9.0,0.016)(164.9822394630182 76.0)
(0.01,9.0,0.016)(165.30945694696206 79.0)
(0.01,9.0,0.016)(164.91531496614047 86.0)
(0.01,9.0,0.016)(164.91531496614047 85.0)
(0.01,9.0,0.016)(164.58651616551091 86.0)
(0.01,9.0,0.016)(164.67357715538967 90.0)
(0.01,9.0,0.016)(164.43127207340575 91.0)
(0.01,9.0,0.016)(164.43127207340575 94.0)
(0.01,9.0,0.016)(164.43127207340575 97.0)
(0.01,9.0,0.016)(164.43127207340575 106.0)
(0.01,9.0,0.016)(164.43127207340575 114.0)
(0.01,9.0,0.016)(164.43127207340575 111.0)
(0.01,9.0,0.016)(164.43127207340575 109.0)
(0.01,9.0,0.016)(164.43127207340575 115.0)
(0.01,9.0,0.016)(164.39236192965856 110.0)
(0.01,9.0,0.016)(164.43127207340575 117.0)
(0.01,9.0,0.016)(164.39236192965856 112.0)
(0.01,9.0,0.016)(164.35343312286173 115.0)
(0.01,9.0,0.016)(164.39236192965856 118.0)
(0.01,9.0,0.016)(164.39236192965856 113.0)
(0.01,9.0,0.016)(164.35343312286173 120.0)
(0.01,9.0,0.016)(164.39236192965856 116.0)
(0.01,9.0,0.016)(164.35343312286173 121.0)
(0.01,9.0,0.016)(164.35343312286173 125.0)
(0.01,9.0,0.016)(164.35343312286173 123.0)
(0.01,9.0,0.016)(164.35343312286173 119.0)
(0.01,9.0,0.016)(164.39236192965853 116.0)
(0.01,9.0,0.016)(164.3621392218496 122.0)
(0.01,9.0,0.016)(163.77585153639072 122.0)
(0.01,9.0,0.016)(163.8149131265996 117.0)
(0.01,9.0,0.016)(163.8149131265996 124.0)
(0.01 9.0 0.019)(156.98784877684102 193.0)
(0.01,9.0,0.019)(165.85989181798615 1.0)
(0.01,9.0,0.019)(165.85989181798615 15.0)
(0.01,9.0,0.019)(165.85989181798615 30.0)
(0.01,9.0,0.019)(165.81921881755773 43.0)
(0.01,9.0,0.019)(165.81921881755773 48.0)
(0.01,9.0,0.019)(165.81921881755773 50.0)
(0.01,9.0,0.019)(165.613645065603 66.0)
(0.01,9.0,0.019)(164.9822394630182 77.0)
(0.01,9.0,0.019)(165.22165718518477 76.0)
(0.01,9.0,0.019)(165.3087181750635 80.0)
(0.01,9.0,0.019)(164.58651616551091 88.0)
(0.01,9.0,0.019)(164.58651616551091 87.0)
(0.01,9.0,0.019)(164.76063814526842 92.0)
(0.01,9.0,0.019)(164.43127207340575 91.0)
(0.01,9.0,0.019)(164.43127207340575 95.0)
(0.01,9.0,0.019)(164.43127207340575 100.0)
(0.01,9.0,0.019)(164.43127207340575 108.0)
(0.01,9.0,0.019)(164.43127207340575 116.0)
(0.01,9.0,0.019)(164.43127207340575 121.0)
(0.01,9.0,0.019)(164.43127207340575 123.0)
(0.01,9.0,0.019)(164.43127207340575 133.0)
(0.01,9.0,0.019)(164.43127207340575 131.0)
(0.01,9.0,0.019)(164.43127207340575 137.0)
(0.01,9.0,0.019)(164.43127207340575 134.0)
(0.01,9.0,0.019)(164.43127207340575 141.0)
(0.01,9.0,0.019)(164.43127207340575 136.0)
(0.01,9.0,0.019)(164.33166787539207 138.0)
(0.01,9.0,0.019)(164.43127207340575 119.0)
(0.01,9.0,0.019)(164.39236192965856 128.0)
(0.01,9.0,0.019)(164.39236192965853 128.0)
(0.01,9.0,0.019)(164.39236192965856 122.0)
(0.01,9.0,0.019)(164.39236192965856 118.0)
(0.01,9.0,0.019)(164.39236192965856 124.0)
(0.01,9.0,0.019)(164.35343312286173 128.0)
(0.01,9.0,0.019)(164.39236192965856 120.0)
(0.01,9.0,0.019)(164.35343312286173 127.0)
(0.01,9.0,0.019)(164.35343312286173 125.0)
(0.01,9.0,0.019)(164.35343312286173 126.0)
(0.01,9.0,0.019)(164.35343312286173 129.0)
(0.01,9.0,0.019)(163.77585153639072 126.0)
(0.01,9.0,0.019)(163.8149131265996 126.0)
(0.01 9.0 0.022)(149.72550459108223 202.0)
(0.01,9.0,0.022)(165.85989181798615 1.0)
(0.01,9.0,0.022)(165.85989181798615 20.0)
(0.01,9.0,0.022)(165.85989181798615 32.0)
(0.01,9.0,0.022)(165.81921881755773 43.0)
(0.01,9.0,0.022)(165.81921881755773 50.0)
(0.01,9.0,0.022)(165.613645065603 66.0)
(0.01,9.0,0.022)(165.46181367924987 75.0)
(0.01,9.0,0.022)(164.741192986383 88.0)
(0.01,9.0,0.022)(164.8935497186708 77.0)
(0.01,9.0,0.022)(164.76063814526842 92.0)
(0.01,9.0,0.022)(164.43127207340575 91.0)
(0.01,9.0,0.022)(164.43127207340575 95.0)
(0.01,9.0,0.022)(164.43127207340575 105.0)
(0.01,9.0,0.022)(164.43127207340575 116.0)
(0.01,9.0,0.022)(164.43127207340575 124.0)
(0.01,9.0,0.022)(164.43127207340575 122.0)
(0.01,9.0,0.022)(164.43127207340575 136.0)
(0.01,9.0,0.022)(164.43127207340575 132.0)
(0.01,9.0,0.022)(164.43127207340575 140.0)
(0.01,9.0,0.022)(164.43127207340575 138.0)
(0.01,9.0,0.022)(164.43127207340575 144.0)
(0.01,9.0,0.022)(164.43127207340575 146.0)
(0.01,9.0,0.022)(164.43127207340575 133.0)
(0.01,9.0,0.022)(164.43127207340575 141.0)
(0.01,9.0,0.022)(164.43127207340575 143.0)
(0.01,9.0,0.022)(164.39236192965853 140.0)
(0.01,9.0,0.022)(164.39236192965856 135.0)
(0.01,9.0,0.022)(164.35343312286173 137.0)
(0.01,9.0,0.022)(164.39236192965856 131.0)
(0.01,9.0,0.022)(164.39236192965856 128.0)
(0.01,9.0,0.022)(164.35343312286173 134.0)
(0.01,9.0,0.022)(164.35343312286173 129.0)
(0.01,9.0,0.022)(164.35343312286173 139.0)
(0.01,9.0,0.022)(164.35343312286173 142.0)
(0.01,9.0,0.022)(163.77585153639072 142.0)
(0.01,9.0,0.022)(163.8149131265996 135.0)
(0.01,9.0,0.022)(163.8149131265996 130.0)
(0.01 9.0 0.024999999999999998)(150.40592226193544 198.0)
(0.01,9.0,0.024999999999999998)(165.85989181798615 1.0)
(0.01,9.0,0.024999999999999998)(165.85989181798615 15.0)
(0.01,9.0,0.024999999999999998)(165.81921881755773 43.0)
(0.01,9.0,0.024999999999999998)(165.81921881755773 50.0)
(0.01,9.0,0.024999999999999998)(165.613645065603 67.0)
(0.01,9.0,0.024999999999999998)(165.28769169949234 68.0)
(0.01,9.0,0.024999999999999998)(165.22165718518477 77.0)
(0.01,9.0,0.024999999999999998)(165.1563614427757 85.0)
(0.01,9.0,0.024999999999999998)(165.06767169842828 82.0)
(0.01,9.0,0.024999999999999998)(164.76063814526842 91.0)
(0.01,9.0,0.024999999999999998)(164.43127207340575 92.0)
(0.01,9.0,0.024999999999999998)(164.43127207340575 106.0)
(0.01,9.0,0.024999999999999998)(164.43127207340575 114.0)
(0.01,9.0,0.024999999999999998)(164.43127207340575 126.0)
(0.01,9.0,0.024999999999999998)(164.1797544796935 131.0)
(0.01,9.0,0.024999999999999998)(164.1797544796935 136.0)
(0.01,9.0,0.024999999999999998)(164.0538905963785 134.0)
(0.01,9.0,0.024999999999999998)(164.1797544796935 140.0)
(0.01,9.0,0.024999999999999998)(164.0538905963785 146.0)
(0.01,9.0,0.024999999999999998)(164.0538905963785 150.0)
(0.01,9.0,0.024999999999999998)(164.0538905963785 152.0)
(0.01,9.0,0.024999999999999998)(164.0538905963785 135.0)
(0.01,9.0,0.024999999999999998)(164.3749497316828 154.0)
(0.01,9.0,0.024999999999999998)(164.0538905963785 139.0)
(0.01,9.0,0.024999999999999998)(164.0538905963785 155.0)
(0.01,9.0,0.024999999999999998)(163.9279613519672 138.0)
(0.01,9.0,0.024999999999999998)(164.43127207340575 147.0)
(0.01,9.0,0.024999999999999998)(164.3142556774163 151.0)
(0.01,9.0,0.024999999999999998)(164.43127207340575 145.0)
(0.01,9.0,0.024999999999999998)(164.3142556774163 141.0)
(0.01,9.0,0.024999999999999998)(164.3142556774163 144.0)
(0.01,9.0,0.024999999999999998)(164.39236192965853 144.0)
(0.01,9.0,0.024999999999999998)(163.8843905562762 141.0)
(0.01,9.0,0.024999999999999998)(164.3142556774163 137.0)
(0.01,9.0,0.024999999999999998)(164.3142556774163 133.0)
(0.01,9.0,0.024999999999999998)(164.27530872697918 139.0)
(0.01,9.0,0.024999999999999998)(163.72798407040375 142.0)
(0.01,9.0,0.024999999999999998)(163.8453289660673 143.0)
(0.01,9.0,0.024999999999999998)(163.72798407040375 149.0)
(0.01,9.0,0.024999999999999998)(163.1492313616656 146.0)
(0.01,9.0,0.024999999999999998)(164.35343312286173 148.0)
(0.01,9.0,0.024999999999999998)(163.77585153639072 145.0)
(0.01,9.0,0.024999999999999998)(163.8149131265996 153.0)
(0.01,9.0,0.024999999999999998)(163.26679071683324 157.0)
(0.01,9.0,0.024999999999999998)(163.98424180447552 134.0)
(0.01,9.0,0.024999999999999998)(163.30613422314303 140.0)
(0.01,9.0,0.024999999999999998)(163.0971661299648 137.0)
(0.01 9.0 0.027999999999999997)(149.67902750044232 199.0)
(0.01,9.0,0.027999999999999997)(165.85989181798615 1.0)
(0.01,9.0,0.027999999999999997)(165.85989181798615 24.0)
(0.01,9.0,0.027999999999999997)(165.81921881755773 48.0)
(0.01,9.0,0.027999999999999997)(165.81921881755773 51.0)
(0.01,9.0,0.027999999999999997)(165.613645065603 67.0)
(0.01,9.0,0.027999999999999997)(165.46181367924987 76.0)
(0.01,9.0,0.027999999999999997)(165.06930045289695 85.0)
(0.01,9.0,0.027999999999999997)(164.91531496614047 90.0)
(0.01,9.0,0.027999999999999997)(164.76063814526842 93.0)
(0.01,9.0,0.027999999999999997)(164.43127207340575 92.0)
(0.01,9.0,0.027999999999999997)(164.43127207340575 108.0)
(0.01,9.0,0.027999999999999997)(164.43127207340575 120.0)
(0.01,9.0,0.027999999999999997)(164.43127207340575 133.0)
(0.01,9.0,0.027999999999999997)(164.1797544796935 135.0)
(0.01,9.0,0.027999999999999997)(164.1797544796935 136.0)
(0.01,9.0,0.027999999999999997)(163.9279613519672 137.0)
(0.01,9.0,0.027999999999999997)(163.9279613519672 143.0)
(0.01,9.0,0.027999999999999997)(163.8019698333543 146.0)
(0.01,9.0,0.027999999999999997)(163.8019698333543 150.0)
(0.01,9.0,0.027999999999999997)(163.61075360952736 150.0)
(0.01,9.0,0.027999999999999997)(163.9106802154662 150.0)
(0.01,9.0,0.027999999999999997)(163.9106802154662 151.0)
(0.01,9.0,0.027999999999999997)(163.9106802154662 153.0)
(0.01,9.0,0.027999999999999997)(163.1232844269284 156.0)
(0.01,9.0,0.027999999999999997)(163.9106802154662 154.0)
(0.01,9.0,0.027999999999999997)(164.39236192965853 154.0)
(0.01,9.0,0.027999999999999997)(164.39236192965853 155.0)
(0.01,9.0,0.027999999999999997)(164.39236192965853 149.0)
(0.01,9.0,0.027999999999999997)(163.8453289660673 145.0)
(0.01,9.0,0.027999999999999997)(164.336020924886 148.0)
(0.01,9.0,0.027999999999999997)(164.336020924886 142.0)
(0.01,9.0,0.027999999999999997)(164.336020924886 144.0)
(0.01,9.0,0.027999999999999997)(164.21893192513895 144.0)
(0.01,9.0,0.027999999999999997)(164.27530872697918 140.0)
(0.01,9.0,0.027999999999999997)(163.72798407040375 141.0)
(0.01,9.0,0.027999999999999997)(164.27530872697918 147.0)
(0.01,9.0,0.027999999999999997)(164.35343312286173 148.0)
(0.01,9.0,0.027999999999999997)(163.72798407040375 152.0)
(0.01,9.0,0.027999999999999997)(163.80625251073508 155.0)
(0.01,9.0,0.027999999999999997)(163.77585153639072 141.0)
(0.01,9.0,0.027999999999999997)(163.26679071683324 156.0)
(0.01,9.0,0.027999999999999997)(163.30613422314303 142.0)
(0.01,9.0,0.027999999999999997)(163.8149131265996 142.0)
(0.01,9.0,0.027999999999999997)(163.0971661299648 145.0)
(0.01 9.0 0.030999999999999996)(150.2820332898134 200.0)
(0.01,9.0,0.030999999999999996)(165.85989181798615 1.0)
(0.01,9.0,0.030999999999999996)(165.85989181798615 25.0)
(0.01,9.0,0.030999999999999996)(165.81921881755773 50.0)
(0.01,9.0,0.030999999999999996)(165.613645065603 67.0)
(0.01,9.0,0.030999999999999996)(165.613645065603 69.0)
(0.01,9.0,0.030999999999999996)(165.1563614427757 88.0)
(0.01,9.0,0.030999999999999996)(164.58651616551091 90.0)
(0.01,9.0,0.030999999999999996)(164.43127207340575 95.0)
(0.01,9.0,0.030999999999999996)(164.43127207340575 102.0)
(0.01,9.0,0.030999999999999996)(164.43127207340575 116.0)
(0.01,9.0,0.030999999999999996)(164.43127207340575 118.0)
(0.01,9.0,0.030999999999999996)(164.43127207340575 129.0)
(0.01,9.0,0.030999999999999996)(164.43127207340575 133.0)
(0.01,9.0,0.030999999999999996)(164.43127207340575 140.0)
(0.01,9.0,0.030999999999999996)(164.39236192965853 143.0)
(0.01,9.0,0.030999999999999996)(164.1797544796935 147.0)
(0.01,9.0,0.030999999999999996)(164.06275926074878 152.0)
(0.01,9.0,0.030999999999999996)(163.37143526691415 154.0)
(0.01,9.0,0.030999999999999996)(163.37143526691415 156.0)
(0.01,9.0,0.030999999999999996)(163.70203713566647 151.0)
(0.01,9.0,0.030999999999999996)(163.70203713566647 150.0)
(0.01,9.0,0.030999999999999996)(163.4410787574551 154.0)
(0.01,9.0,0.030999999999999996)(163.4410787574551 155.0)
(0.01,9.0,0.030999999999999996)(163.70203713566647 153.0)
(0.01,9.0,0.030999999999999996)(163.70203713566647 142.0)
(0.01,9.0,0.030999999999999996)(163.64551971432826 157.0)
(0.01,9.0,0.030999999999999996)(163.38449441539595 149.0)
(0.01,9.0,0.030999999999999996)(163.26693506022835 151.0)
(0.01,9.0,0.030999999999999996)(163.12315320285742 152.0)
(0.01,9.0,0.030999999999999996)(163.24078489914646 152.0)
(0.01,9.0,0.030999999999999996)(163.079555620067 153.0)
(0.01,9.0,0.030999999999999996)(163.27999420871018 147.0)
(0.01,9.0,0.030999999999999996)(162.9009125664642 147.0)
(0.01,9.0,0.030999999999999996)(163.27999420871018 146.0)
(0.01,9.0,0.030999999999999996)(163.24081676326472 154.0)
(0.01,9.0,0.030999999999999996)(163.0271476639133 153.0)
(0.01,9.0,0.030999999999999996)(163.5759738586814 152.0)
(0.01,9.0,0.030999999999999996)(163.5759738586814 148.0)
(0.01,9.0,0.030999999999999996)(163.1972544042071 156.0)
(0.01,9.0,0.030999999999999996)(162.6477979063717 157.0)
(0.01,9.0,0.030999999999999996)(162.350976462162 153.0)
(0.01,9.0,0.030999999999999996)(163.0271476639133 158.0)
(0.01,9.0,0.030999999999999996)(162.6477979063717 159.0)
(0.01,9.0,0.030999999999999996)(162.23283945817641 161.0)
(0.01,9.0,0.030999999999999996)(162.6477979063717 162.0)
(0.01,9.0,0.030999999999999996)(163.65428410446674 160.0)
(0.01,9.0,0.030999999999999996)(163.24074108856612 162.0)
(0.01,9.0,0.030999999999999996)(162.6477979063717 163.0)
(0.01,9.0,0.030999999999999996)(162.6171837691475 166.0)
(0.01,9.0,0.030999999999999996)(162.6477979063717 168.0)
(0.01,9.0,0.030999999999999996)(163.65428410446674 164.0)
(0.01,9.0,0.030999999999999996)(163.80207082346752 158.0)
(0.01,9.0,0.030999999999999996)(163.01438251488142 164.0)
(0.01,9.0,0.030999999999999996)(163.0971661299648 157.0)
(0.01,9.0,0.030999999999999996)(163.88456191850258 147.0)
(0.01,9.0,0.030999999999999996)(162.20297277936814 165.0)
(0.01,9.0,0.030999999999999996)(163.2540195583565 150.0)
(0.01 9.0 0.033999999999999996)(146.36798471742344 211.0)
(0.01,9.0,0.033999999999999996)(165.85989181798615 3.0)
(0.01,9.0,0.033999999999999996)(165.85989181798615 27.0)
(0.01,9.0,0.033999999999999996)(165.81921881755773 50.0)
(0.01,9.0,0.033999999999999996)(165.613645065603 67.0)
(0.01,9.0,0.033999999999999996)(165.613645065603 76.0)
(0.01,9.0,0.033999999999999996)(165.06930045289695 94.0)
(0.01,9.0,0.033999999999999996)(164.91531496614047 90.0)
(0.01,9.0,0.033999999999999996)(164.76063814526842 98.0)
(0.01,9.0,0.033999999999999996)(164.43127207340575 100.0)
(0.01,9.0,0.033999999999999996)(164.43127207340575 117.0)
(0.01,9.0,0.033999999999999996)(164.1797544796935 131.0)
(0.01,9.0,0.033999999999999996)(164.43127207340575 133.0)
(0.01,9.0,0.033999999999999996)(164.43127207340575 139.0)
(0.01,9.0,0.033999999999999996)(164.39236192965853 143.0)
(0.01,9.0,0.033999999999999996)(164.43127207340575 141.0)
(0.01,9.0,0.033999999999999996)(164.39236192965853 155.0)
(0.01,9.0,0.033999999999999996)(163.91068021546621 158.0)
(0.01,9.0,0.033999999999999996)(163.21905151579503 161.0)
(0.01,9.0,0.033999999999999996)(163.6716380112919 162.0)
(0.01,9.0,0.033999999999999996)(163.54114946272992 157.0)
(0.01,9.0,0.033999999999999996)(163.54114946272992 160.0)
(0.01,9.0,0.033999999999999996)(163.54114946272992 149.0)
(0.01,9.0,0.033999999999999996)(163.54114946272992 156.0)
(0.01,9.0,0.033999999999999996)(163.70203713566647 149.0)
(0.01,9.0,0.033999999999999996)(163.27999420871018 153.0)
(0.01,9.0,0.033999999999999996)(163.4410787574551 147.0)
(0.01,9.0,0.033999999999999996)(163.70203713566647 148.0)
(0.01,9.0,0.033999999999999996)(163.38449441539595 153.0)
(0.01,9.0,0.033999999999999996)(163.64551971432826 154.0)
(0.01,9.0,0.033999999999999996)(163.64551971432826 150.0)
(0.01,9.0,0.033999999999999996)(163.27999420871018 152.0)
(0.01,9.0,0.033999999999999996)(163.27999420871018 151.0)
(0.01,9.0,0.033999999999999996)(162.9009125664642 153.0)
(0.01,9.0,0.033999999999999996)(163.3235444058586 150.0)
(0.01,9.0,0.033999999999999996)(162.7306383249021 155.0)
(0.01,9.0,0.033999999999999996)(162.6477979063717 150.0)
(0.01,9.0,0.033999999999999996)(163.1972544042071 152.0)
(0.01,9.0,0.033999999999999996)(163.0271476639133 151.0)
(0.01,9.0,0.033999999999999996)(165.85989181798615 1.0)
(0.01,9.0,0.033999999999999996)(165.71273897290453 40.0)
(0.01,9.0,0.033999999999999996)(163.65428410446674 147.0)
(0.01,9.0,0.033999999999999996)(162.6477979063717 159.0)
(0.01,9.0,0.033999999999999996)(162.6477979063717 164.0)
(0.01,9.0,0.033999999999999996)(162.23283945817641 161.0)
(0.01,9.0,0.033999999999999996)(162.6477979063717 167.0)
(0.01,9.0,0.033999999999999996)(162.6477979063717 168.0)
(0.01,9.0,0.033999999999999996)(162.6477979063717 166.0)
(0.01,9.0,0.033999999999999996)(165.85989181798615 16.0)
(0.01,9.0,0.033999999999999996)(165.71273897290453 43.0)
(0.01,9.0,0.033999999999999996)(162.72233696793754 165.0)
(0.01,9.0,0.033999999999999996)(162.36455394860937 161.0)
(0.01,9.0,0.033999999999999996)(162.20297277936814 168.0)
(0.01,9.0,0.033999999999999996)(162.18120753189845 163.0)
(0.01,9.0,0.033999999999999996)(163.0971661299648 165.0)
(0.01,9.0,0.033999999999999996)(162.79643937860968 167.0)
(0.01,9.0,0.033999999999999996)(162.9142068271484 167.0)
(0.01 9.0 0.037)(146.20930479955442 212.0)
(0.01,9.0,0.037)(165.85989181798615 3.0)
(0.01,9.0,0.037)(165.85989181798615 30.0)
(0.01,9.0,0.037)(165.81921881755773 48.0)
(0.01,9.0,0.037)(165.81921881755773 58.0)
(0.01,9.0,0.037)(165.613645065603 76.0)
(0.01,9.0,0.037)(165.613645065603 87.0)
(0.01,9.0,0.037)(165.3747526893711 99.0)
(0.01,9.0,0.037)(165.06767169842828 99.0)
(0.01,9.0,0.037)(164.76063814526842 112.0)
(0.01,9.0,0.037)(164.43127207340575 114.0)
(0.01,9.0,0.037)(164.43127207340575 131.0)
(0.01,9.0,0.037)(164.39236192965853 135.0)
(0.01,9.0,0.037)(164.39236192965853 140.0)
(0.01,9.0,0.037)(164.39236192965853 143.0)
(0.01,9.0,0.037)(164.3490800733678 144.0)
(0.01,9.0,0.037)(164.39236192965853 150.0)
(0.01,9.0,0.037)(163.91068021546621 151.0)
(0.01,9.0,0.037)(163.8803247242452 151.0)
(0.01,9.0,0.037)(163.8803247242452 161.0)
(0.01,9.0,0.037)(164.17142293271482 162.0)
(0.01,9.0,0.037)(164.17142293271482 164.0)
(0.01,9.0,0.037)(164.13240805265178 167.0)
(0.01,9.0,0.037)(164.13240805265178 165.0)
(0.01,9.0,0.037)(163.22332889059038 164.0)
(0.01,9.0,0.037)(163.22332889059038 158.0)
(0.01,9.0,0.037)(163.7760389770634 168.0)
(0.01,9.0,0.037)(163.21021419273617 174.0)
(0.01,9.0,0.037)(163.01834433352528 173.0)
(0.01,9.0,0.037)(163.42367186084138 156.0)
(0.01,9.0,0.037)(163.61510665902134 158.0)
(0.01,9.0,0.037)(163.515080598852 165.0)
(0.01,9.0,0.037)(163.35401575231614 163.0)
(0.01,9.0,0.037)(163.52812158634092 151.0)
(0.01,9.0,0.037)(163.52812158634092 152.0)
(0.01,9.0,0.037)(163.6716380112919 151.0)
(0.01,9.0,0.037)(163.6716380112919 147.0)
(0.01,9.0,0.037)(163.6716380112919 145.0)
(0.01,9.0,0.037)(163.6716380112919 146.0)
(0.01,9.0,0.037)(163.5890330071632 149.0)
(0.01,9.0,0.037)(163.38013404927975 151.0)
(0.01,9.0,0.037)(163.5020214503702 148.0)
(0.01,9.0,0.037)(163.18409589577251 148.0)
(0.01,9.0,0.037)(163.2930214930737 149.0)
(0.01,9.0,0.037)(163.58038164262308 173.0)
(0.01,9.0,0.037)(163.47155540527467 155.0)
(0.01,9.0,0.037)(163.77168592756945 153.0)
(0.01,9.0,0.037)(163.26250633603578 155.0)
(0.01,9.0,0.037)(163.26250633603578 157.0)
(0.01,9.0,0.037)(163.61950435362073 153.0)
(0.01,9.0,0.037)(163.1753227089336 167.0)
(0.01,9.0,0.037)(163.38446739656462 155.0)
(0.01,9.0,0.037)(163.1753227089336 160.0)
(0.01,9.0,0.037)(163.29302149307367 161.0)
(0.01,9.0,0.037)(163.41493874302213 160.0)
(0.01,9.0,0.037)(163.1753227089336 170.0)
(0.01,9.0,0.037)(165.85989181798615 1.0)
(0.01,9.0,0.037)(163.1753227089336 172.0)
(0.01,9.0,0.037)(165.71273897290453 43.0)
(0.01,9.0,0.037)(163.49332065274433 171.0)
(0.01,9.0,0.037)(162.50837594413568 173.0)
(0.01,9.0,0.037)(162.7179839184436 168.0)
(0.01,9.0,0.037)(162.7179839184436 169.0)
(0.01,9.0,0.037)(162.36003647513076 173.0)
(0.01,9.0,0.037)(162.54784913023752 170.0)
(0.01,9.0,0.037)(162.4780575475679 171.0)
(0.01,9.0,0.037)(165.85989181798615 19.0)
(0.01 9.0 0.04)(149.30021970947547 210.0)
(0.01,9.0,0.04)(165.85989181798615 3.0)
(0.01,9.0,0.04)(165.85989181798615 32.0)
(0.01,9.0,0.04)(165.81921881755773 43.0)
(0.01,9.0,0.04)(165.81921881755773 61.0)
(0.01,9.0,0.04)(165.613645065603 77.0)
(0.01,9.0,0.04)(165.613645065603 93.0)
(0.01,9.0,0.04)(165.3087181750635 99.0)
(0.01,9.0,0.04)(164.91531496614047 108.0)
(0.01,9.0,0.04)(164.76063814526842 119.0)
(0.01,9.0,0.04)(164.43127207340575 122.0)
(0.01,9.0,0.04)(164.43127207340575 131.0)
(0.01,9.0,0.04)(164.03647839840275 133.0)
(0.01,9.0,0.04)(164.03647839840275 136.0)
(0.01,9.0,0.04)(163.84114727879975 138.0)
(0.01,9.0,0.04)(163.88456191850258 137.0)
(0.01,9.0,0.04)(163.3670822174202 146.0)
(0.01,9.0,0.04)(163.24949099813432 150.0)
(0.01,9.0,0.04)(163.06649647158514 151.0)
(0.01,9.0,0.04)(162.8833997992132 155.0)
(0.01,9.0,0.04)(162.8833997992132 159.0)
(0.01,9.0,0.04)(163.18854830521923 158.0)
(0.01,9.0,0.04)(163.18854830521923 157.0)
(0.01,9.0,0.04)(163.11885570273589 163.0)
(0.01,9.0,0.04)(163.53682768532875 159.0)
(0.01,9.0,0.04)(163.0838302365785 167.0)
(0.01,9.0,0.04)(163.0838302365785 168.0)
(0.01,9.0,0.04)(163.4280249103353 166.0)
(0.01,9.0,0.04)(163.23203498957824 158.0)
(0.01,9.0,0.04)(163.0358571007762 158.0)
(0.01,9.0,0.04)(163.35401575231612 159.0)
(0.01,9.0,0.04)(163.60204751053953 160.0)
(0.01,9.0,0.04)(163.41931881134747 161.0)
(0.01,9.0,0.04)(163.8410314235632 155.0)
(0.01,9.0,0.04)(163.6716380112919 158.0)
(0.01,9.0,0.04)(163.3366035543404 157.0)
(0.01,9.0,0.04)(164.24524587369274 153.0)
(0.01,9.0,0.04)(163.6716380112919 156.0)
(0.01,9.0,0.04)(163.91054915399144 148.0)
(0.01,9.0,0.04)(163.40623264403428 160.0)
(0.01,9.0,0.04)(163.6716380112919 149.0)
(0.01,9.0,0.04)(163.98479791209965 158.0)
(0.01,9.0,0.04)(163.6716380112919 152.0)
(0.01,9.0,0.04)(163.70203713566647 149.0)
(0.01,9.0,0.04)(163.71965576407408 161.0)
(0.01,9.0,0.04)(165.85989181798615 1.0)
(0.01,9.0,0.04)(163.46720235578073 162.0)
(0.01,9.0,0.04)(163.58467995766924 153.0)
(0.01,9.0,0.04)(163.85420642728155 165.0)
(0.01,9.0,0.04)(163.58467995766927 156.0)
(0.01,9.0,0.04)(164.27552156856012 162.0)
(0.01,9.0,0.04)(163.0971661299648 164.0)
(0.01,9.0,0.04)(165.85989181798615 11.0)
(0.01,9.0,0.04)(163.06666291938896 169.0)
(0.01,9.0,0.04)(162.8836683928398 170.0)
(0.01,9.0,0.04)(163.67156578920893 166.0)
(0.01 9.0 0.043000000000000003)(142.0900636347666 219.0)
(0.01,9.0,0.043000000000000003)(165.85989181798615 3.0)
(0.01,9.0,0.043000000000000003)(165.85989181798615 37.0)
(0.01,9.0,0.043000000000000003)(165.81921881755773 61.0)
(0.01,9.0,0.043000000000000003)(165.81921881755773 65.0)
(0.01,9.0,0.043000000000000003)(165.613645065603 82.0)
(0.01,9.0,0.043000000000000003)(165.613645065603 101.0)
(0.01,9.0,0.043000000000000003)(165.18841377392076 107.0)
(0.01,9.0,0.043000000000000003)(164.72862528332408 114.0)
(0.01,9.0,0.043000000000000003)(164.63912240128062 126.0)
(0.01,9.0,0.043000000000000003)(163.7582679761886 123.0)
(0.01,9.0,0.043000000000000003)(162.81350551425757 128.0)
(0.01,9.0,0.043000000000000003)(162.81350551425757 134.0)
(0.01,9.0,0.043000000000000003)(162.41674355874017 137.0)
(0.01,9.0,0.043000000000000003)(162.41674355874017 143.0)
(0.01,9.0,0.043000000000000003)(162.14584827013783 156.0)
(0.01,9.0,0.043000000000000003)(161.84849382875277 158.0)
(0.01,9.0,0.043000000000000003)(161.6474604867026 168.0)
(0.01,9.0,0.043000000000000003)(161.4637635739176 171.0)
(0.01,9.0,0.043000000000000003)(160.78881498764275 174.0)
(0.01,9.0,0.043000000000000003)(161.2799935625653 173.0)
(0.01,9.0,0.043000000000000003)(161.33190036915283 169.0)
(0.01,9.0,0.043000000000000003)(161.2180383225507 174.0)
(0.01,9.0,0.043000000000000003)(161.2180383225507 175.0)
(0.01,9.0,0.043000000000000003)(161.2180383225507 176.0)
(0.01,9.0,0.043000000000000003)(161.2180383225507 180.0)
(0.01,9.0,0.043000000000000003)(161.2180383225507 179.0)
(0.01,9.0,0.043000000000000003)(161.76553012513546 178.0)
(0.01,9.0,0.043000000000000003)(161.5467693755422 178.0)
(0.01,9.0,0.043000000000000003)(160.68788044170643 176.0)
(0.01,9.0,0.043000000000000003)(161.99328993912556 178.0)
(0.01,9.0,0.043000000000000003)(161.40220089105082 179.0)
(0.01,9.0,0.043000000000000003)(160.46851677580287 176.0)
(0.01,9.0,0.043000000000000003)(160.91980313811902 176.0)
(0.01,9.0,0.043000000000000003)(161.35058428707524 174.0)
(0.01,9.0,0.043000000000000003)(160.27516505247496 174.0)
(0.01,9.0,0.043000000000000003)(160.62258469929742 176.0)
(0.01,9.0,0.043000000000000003)(161.35058428707524 172.0)
(0.01,9.0,0.043000000000000003)(160.75834364118523 174.0)
(0.01,9.0,0.043000000000000003)(160.32877461868773 176.0)
(0.01,9.0,0.043000000000000003)(160.51248519842827 178.0)
(0.01,9.0,0.043000000000000003)(160.56557745381147 176.0)
(0.01,9.0,0.043000000000000003)(160.34573566045805 181.0)
(0.01,9.0,0.043000000000000003)(160.53468166401348 181.0)
(0.01,9.0,0.043000000000000003)(160.5436408441154 179.0)
(0.01,9.0,0.043000000000000003)(159.91562806197499 177.0)
(0.01,9.0,0.043000000000000003)(159.84162622057806 180.0)
(0.01,9.0,0.043000000000000003)(160.4383119948049 177.0)
(0.01,9.0,0.043000000000000003)(160.23238501138925 176.0)
(0.01,9.0,0.043000000000000003)(160.3370295614702 180.0)
(0.01,9.0,0.043000000000000003)(160.0085102472057 179.0)
(0.01,9.0,0.043000000000000003)(159.52999106444653 182.0)
(0.01,9.0,0.043000000000000003)(159.5952868068556 173.0)
(0.01,9.0,0.043000000000000003)(159.4940978103006 174.0)
(0.01,9.0,0.043000000000000003)(159.29108527762577 175.0)
(0.01,9.0,0.043000000000000003)(160.61847098052903 173.0)
(0.01,9.0,0.043000000000000003)(161.3804356435811 171.0)
(0.01,9.0,0.043000000000000003)(161.76553012513546 170.0)
(0.01,9.0,0.043000000000000003)(159.82568216846036 175.0)
(0.01,9.0,0.043000000000000003)(165.85989181798615 1.0)
(0.01 9.0 0.046000000000000006)(135.2024721267114 225.0)
(0.01,9.0,0.046000000000000006)(165.85989181798615 3.0)
(0.01,9.0,0.046000000000000006)(165.81921881755773 43.0)
(0.01,9.0,0.046000000000000006)(165.81921881755773 65.0)
(0.01,9.0,0.046000000000000006)(165.613645065603 82.0)
(0.01,9.0,0.046000000000000006)(165.613645065603 86.0)
(0.01,9.0,0.046000000000000006)(165.613645065603 107.0)
(0.01,9.0,0.046000000000000006)(165.18841377392076 115.0)
(0.01,9.0,0.046000000000000006)(164.72862528332408 117.0)
(0.01,9.0,0.046000000000000006)(163.9144141121536 119.0)
(0.01,9.0,0.046000000000000006)(163.14472665215433 133.0)
(0.01,9.0,0.046000000000000006)(162.81350551425757 126.0)
(0.01,9.0,0.046000000000000006)(162.41674355874017 137.0)
(0.01,9.0,0.046000000000000006)(162.41674355874017 138.0)
(0.01,9.0,0.046000000000000006)(162.14584827013783 155.0)
(0.01,9.0,0.046000000000000006)(162.14584827013783 164.0)
(0.01,9.0,0.046000000000000006)(161.84438780583156 167.0)
(0.01,9.0,0.046000000000000006)(161.6607925466692 170.0)
(0.01,9.0,0.046000000000000006)(161.2799935625653 175.0)
(0.01,9.0,0.046000000000000006)(161.76553012513546 173.0)
(0.01,9.0,0.046000000000000006)(161.33190036915283 174.0)
(0.01,9.0,0.046000000000000006)(161.33190036915283 177.0)
(0.01,9.0,0.046000000000000006)(161.33190036915283 178.0)
(0.01,9.0,0.046000000000000006)(161.2180383225507 180.0)
(0.01,9.0,0.046000000000000006)(160.99892992349277 181.0)
(0.01,9.0,0.046000000000000006)(161.13897032065415 181.0)
(0.01,9.0,0.046000000000000006)(161.13897032065415 182.0)
(0.01,9.0,0.046000000000000006)(161.5467693755422 180.0)
(0.01,9.0,0.046000000000000006)(161.62106086121992 174.0)
(0.01,9.0,0.046000000000000006)(160.29693029994462 183.0)
(0.01,9.0,0.046000000000000006)(161.10450623288463 181.0)
(0.01,9.0,0.046000000000000006)(161.40220089105082 183.0)
(0.01,9.0,0.046000000000000006)(160.51204727074224 180.0)
(0.01,9.0,0.046000000000000006)(161.25756098347085 180.0)
(0.01,9.0,0.046000000000000006)(161.58679070527225 182.0)
(0.01,9.0,0.046000000000000006)(160.13008382519396 182.0)
(0.01,9.0,0.046000000000000006)(160.61346099824482 181.0)
(0.01,9.0,0.046000000000000006)(160.85015434621607 180.0)
(0.01,9.0,0.046000000000000006)(165.85989181798615 1.0)
(0.01,9.0,0.046000000000000006)(160.78446193814884 180.0)
(0.01,9.0,0.046000000000000006)(160.9731867065472 182.0)
(0.01,9.0,0.046000000000000006)(160.771402789667 184.0)
(0.01,9.0,0.046000000000000006)(160.99495195401687 178.0)
(0.01,9.0,0.046000000000000006)(160.1840437893967 181.0)
(0.01,9.0,0.046000000000000006)(159.76712268271203 173.0)
(0.01,9.0,0.046000000000000006)(159.97320268118585 182.0)
(0.01,9.0,0.046000000000000006)(160.56557745381153 182.0)
(0.01,9.0,0.046000000000000006)(159.80211844088993 186.0)
(0.01,9.0,0.046000000000000006)(159.54305021292834 181.0)
(0.01,9.0,0.046000000000000006)(165.85989181798615 6.0)
(0.01,9.0,0.046000000000000006)(159.54305021292834 188.0)
(0.01,9.0,0.046000000000000006)(159.54305021292834 189.0)
(0.01 9.0 0.04900000000000001)(133.0054618350095 228.0)
(0.01,9.0,0.04900000000000001)(165.85989181798615 3.0)
(0.01,9.0,0.04900000000000001)(165.81921881755773 41.0)
(0.01,9.0,0.04900000000000001)(165.81921881755773 62.0)
(0.01,9.0,0.04900000000000001)(165.613645065603 82.0)
(0.01,9.0,0.04900000000000001)(165.613645065603 88.0)
(0.01,9.0,0.04900000000000001)(165.18841377392076 109.0)
(0.01,9.0,0.04900000000000001)(165.03511847976046 116.0)
(0.01,9.0,0.04900000000000001)(164.4867656689928 130.0)
(0.01,9.0,0.04900000000000001)(163.9144141121536 128.0)
(0.01,9.0,0.04900000000000001)(163.14472665215433 129.0)
(0.01,9.0,0.04900000000000001)(162.56064867733278 135.0)
(0.01,9.0,0.04900000000000001)(162.56064867733278 137.0)
(0.01,9.0,0.04900000000000001)(162.41674355874017 144.0)
(0.01,9.0,0.04900000000000001)(162.29875252157922 160.0)
(0.01,9.0,0.04900000000000001)(162.14584827013783 165.0)
(0.01,9.0,0.04900000000000001)(161.6607925466692 167.0)
(0.01,9.0,0.04900000000000001)(161.3061118595289 173.0)
(0.01,9.0,0.04900000000000001)(160.78881498764275 177.0)
(0.01,9.0,0.04900000000000001)(161.33190036915283 179.0)
(0.01,9.0,0.04900000000000001)(160.87230913827307 183.0)
(0.01,9.0,0.04900000000000001)(161.1346172711602 181.0)
(0.01,9.0,0.04900000000000001)(161.1346172711602 182.0)
(0.01,9.0,0.04900000000000001)(161.02069517096248 183.0)
(0.01,9.0,0.04900000000000001)(161.2180383225507 184.0)
(0.01,9.0,0.04900000000000001)(160.99892992349277 186.0)
(0.01,9.0,0.04900000000000001)(161.2180383225507 185.0)
(0.01,9.0,0.04900000000000001)(161.0250482204564 186.0)
(0.01,9.0,0.04900000000000001)(161.13897032065415 185.0)
(0.01,9.0,0.04900000000000001)(161.4329862456853 184.0)
(0.01,9.0,0.04900000000000001)(160.80582347099477 187.0)
(0.01,9.0,0.04900000000000001)(160.276086868555 187.0)
(0.01,9.0,0.04900000000000001)(161.71838754825285 181.0)
(0.01,9.0,0.04900000000000001)(160.64434994676705 182.0)
(0.01,9.0,0.04900000000000001)(161.35117179259578 186.0)
(0.01,9.0,0.04900000000000001)(161.3642309410776 184.0)
(0.01,9.0,0.04900000000000001)(161.07540023635022 184.0)
(0.01,9.0,0.04900000000000001)(160.8563824117302 184.0)
(0.01,9.0,0.04900000000000001)(160.1184552706932 186.0)
(0.01,9.0,0.04900000000000001)(165.85989181798615 1.0)
(0.01,9.0,0.04900000000000001)(164.44145153600897 151.0)
(0.01,9.0,0.04900000000000001)(159.90758890068017 189.0)
(0.01,9.0,0.04900000000000001)(159.5822276583737 187.0)
(0.01,9.0,0.04900000000000001)(160.25867467057927 185.0)
(0.01,9.0,0.04900000000000001)(165.85989181798615 8.0)
(0.01,9.0,0.04900000000000001)(161.40220089105082 185.0)
(0.01,9.0,0.04900000000000001)(160.28914601703684 187.0)
(0.01,9.0,0.04900000000000001)(164.2156053430199 151.0)
(0.01,9.0,0.04900000000000001)(160.9731867065472 184.0)
(0.01,9.0,0.04900000000000001)(160.0529881660578 187.0)
(0.01 9.0 0.05200000000000001)(138.78815861706246 225.0)
(0.01,9.0,0.05200000000000001)(165.85989181798615 6.0)
(0.01,9.0,0.05200000000000001)(165.81921881755773 43.0)
(0.01,9.0,0.05200000000000001)(165.7098903697138 70.0)
(0.01,9.0,0.05200000000000001)(165.7098903697138 74.0)
(0.01,9.0,0.05200000000000001)(165.50267581349246 100.0)
(0.01,9.0,0.05200000000000001)(165.50267581349246 112.0)
(0.01,9.0,0.05200000000000001)(164.50725627132218 122.0)
(0.01,9.0,0.05200000000000001)(164.39197947411142 132.0)
(0.01,9.0,0.05200000000000001)(163.45391711062476 134.0)
(0.01,9.0,0.05200000000000001)(163.04890799696037 135.0)
(0.01,9.0,0.05200000000000001)(162.4341557567159 137.0)
(0.01,9.0,0.05200000000000001)(162.2902093827596 146.0)
(0.01,9.0,0.05200000000000001)(162.2902093827596 156.0)
(0.01,9.0,0.05200000000000001)(161.9623875336586 166.0)
(0.01,9.0,0.05200000000000001)(161.6607925466692 168.0)
(0.01,9.0,0.05200000000000001)(161.47712058363925 171.0)
(0.01,9.0,0.05200000000000001)(160.87230913827304 178.0)
(0.01,9.0,0.05200000000000001)(161.6344013382208 177.0)
(0.01,9.0,0.05200000000000001)(161.28401682471954 180.0)
(0.01,9.0,0.05200000000000001)(160.95066402916387 184.0)
(0.01,9.0,0.05200000000000001)(160.70052198812354 184.0)
(0.01,9.0,0.05200000000000001)(160.5028965984452 186.0)
(0.01,9.0,0.05200000000000001)(160.53816556770587 186.0)
(0.01,9.0,0.05200000000000001)(160.40232530387922 187.0)
(0.01,9.0,0.05200000000000001)(160.6217426538922 186.0)
(0.01,9.0,0.05200000000000001)(160.18715663868358 189.0)
(0.01,9.0,0.05200000000000001)(159.35655238226127 189.0)
(0.01,9.0,0.05200000000000001)(160.6482853941963 188.0)
(0.01,9.0,0.05200000000000001)(160.5207533697301 187.0)
(0.01,9.0,0.05200000000000001)(161.6741160857628 185.0)
(0.01,9.0,0.05200000000000001)(159.41917540379936 189.0)
(0.01,9.0,0.05200000000000001)(159.87074568871682 190.0)
(0.01,9.0,0.05200000000000001)(160.04253343499218 187.0)
(0.01,9.0,0.05200000000000001)(161.11022463230168 187.0)
(0.01,9.0,0.05200000000000001)(161.14504902825317 184.0)
(0.01,9.0,0.05200000000000001)(159.74398750944863 187.0)
(0.01,9.0,0.05200000000000001)(159.24280184998398 190.0)
(0.01,9.0,0.05200000000000001)(159.24449892710686 191.0)
(0.01,9.0,0.05200000000000001)(160.14797919323806 187.0)
(0.01,9.0,0.05200000000000001)(159.68791760997144 186.0)
(0.01,9.0,0.05200000000000001)(160.25041972779684 186.0)
(0.01,9.0,0.05200000000000001)(159.37564490885998 189.0)
(0.01,9.0,0.05200000000000001)(165.85989181798615 1.0)
(0.01,9.0,0.05200000000000001)(158.68938200518272 188.0)
(0.01,9.0,0.05200000000000001)(161.5834704468305 182.0)
(0.01,9.0,0.05200000000000001)(159.23634732505406 191.0)
(0.01,9.0,0.05200000000000001)(159.40285513315433 188.0)
(0.01,9.0,0.05200000000000001)(160.32921919199688 187.0)
(0.01,9.0,0.05200000000000001)(165.85989181798615 16.0)
(0.01 9.0 0.055000000000000014)(137.33064932839343 230.0)
(0.01,9.0,0.055000000000000014)(165.85989181798615 6.0)
(0.01,9.0,0.055000000000000014)(165.81921881755773 43.0)
(0.01,9.0,0.055000000000000014)(165.65488320443228 71.0)
(0.01,9.0,0.055000000000000014)(165.44708968681226 97.0)
(0.01,9.0,0.055000000000000014)(165.02091072802094 117.0)
(0.01,9.0,0.055000000000000014)(164.86708390363123 126.0)
(0.01,9.0,0.055000000000000014)(164.33567634676555 133.0)
(0.01,9.0,0.055000000000000014)(163.3364342073742 135.0)
(0.01,9.0,0.055000000000000014)(162.93127630067133 141.0)
(0.01,9.0,0.055000000000000014)(162.3163276797232 142.0)
(0.01,9.0,0.055000000000000014)(162.17234126021222 148.0)
(0.01,9.0,0.055000000000000014)(162.17234126021222 155.0)
(0.01,9.0,0.055000000000000014)(162.17234126021222 159.0)
(0.01,9.0,0.055000000000000014)(161.7919041853316 172.0)
(0.01,9.0,0.055000000000000014)(161.7919041853316 173.0)
(0.01,9.0,0.055000000000000014)(161.49423492037516 175.0)
(0.01,9.0,0.055000000000000014)(161.49423492037516 178.0)
(0.01,9.0,0.055000000000000014)(160.95142145907752 182.0)
(0.01,9.0,0.055000000000000014)(160.32921919199694 184.0)
(0.01,9.0,0.055000000000000014)(159.10630466381997 185.0)
(0.01,9.0,0.055000000000000014)(158.4588417442306 190.0)
(0.01,9.0,0.055000000000000014)(157.74017205640098 192.0)
(0.01,9.0,0.055000000000000014)(158.6876250618075 191.0)
(0.01,9.0,0.055000000000000014)(157.4892692453122 194.0)
(0.01,9.0,0.055000000000000014)(158.65220236988088 191.0)
(0.01,9.0,0.055000000000000014)(157.3579715416689 193.0)
(0.01,9.0,0.055000000000000014)(157.13309615224574 194.0)
(0.01,9.0,0.055000000000000014)(157.6400519180404 194.0)
(0.01,9.0,0.055000000000000014)(157.63936411458786 194.0)
(0.01,9.0,0.055000000000000014)(156.72666580720477 197.0)
(0.01,9.0,0.055000000000000014)(156.2483275054393 198.0)
(0.01,9.0,0.055000000000000014)(156.06073818388242 198.0)
(0.01,9.0,0.055000000000000014)(157.13236758307835 193.0)
(0.01,9.0,0.055000000000000014)(158.81069101811173 195.0)
(0.01,9.0,0.055000000000000014)(165.85989181798615 1.0)
(0.01,9.0,0.055000000000000014)(158.58194999557267 195.0)
(0.01,9.0,0.055000000000000014)(159.6231356473639 192.0)
(0.01,9.0,0.055000000000000014)(156.5336016819621 196.0)
(0.01,9.0,0.055000000000000014)(157.51608920298148 197.0)
(0.01,9.0,0.055000000000000014)(158.1155124340394 194.0)
(0.01,9.0,0.055000000000000014)(157.67418851053935 195.0)
(0.01,9.0,0.055000000000000014)(157.30067115114412 195.0)
(0.01,9.0,0.055000000000000014)(157.14615530072754 198.0)
(0.01,9.0,0.055000000000000014)(156.8080300163272 199.0)
(0.01,9.0,0.055000000000000014)(157.8895372701599 195.0)
(0.01,9.0,0.055000000000000014)(158.46816187968855 192.0)
(0.01,9.0,0.055000000000000014)(165.85989181798615 5.0)
(0.01,9.0,0.055000000000000014)(165.85989181798615 11.0)
(0.01 9.0 0.05800000000000002)(131.99118714273342 234.0)
(0.01,9.0,0.05800000000000002)(165.85989181798615 6.0)
(0.01,9.0,0.05800000000000002)(165.81921881755773 45.0)
(0.01,9.0,0.05800000000000002)(165.7098903697138 70.0)
(0.01,9.0,0.05800000000000002)(165.50267581349246 96.0)
(0.01,9.0,0.05800000000000002)(165.07678560075223 114.0)
(0.01,9.0,0.05800000000000002)(164.54711786723996 127.0)
(0.01,9.0,0.05800000000000002)(163.8191351146188 133.0)
(0.01,9.0,0.05800000000000002)(163.45391711062476 135.0)
(0.01,9.0,0.05800000000000002)(162.4341557567159 132.0)
(0.01,9.0,0.05800000000000002)(162.4341557567159 143.0)
(0.01,9.0,0.05800000000000002)(162.2902093827596 151.0)
(0.01,9.0,0.05800000000000002)(162.2902093827596 155.0)
(0.01,9.0,0.05800000000000002)(162.2902093827596 160.0)
(0.01,9.0,0.05800000000000002)(161.9623875336586 171.0)
(0.01,9.0,0.05800000000000002)(161.46781064163685 177.0)
(0.01,9.0,0.05800000000000002)(161.05626238026935 178.0)
(0.01,9.0,0.05800000000000002)(160.87230913827304 182.0)
(0.01,9.0,0.05800000000000002)(160.87230913827304 184.0)
(0.01,9.0,0.05800000000000002)(158.65339363500786 190.0)
(0.01,9.0,0.05800000000000002)(158.31830061918313 192.0)
(0.01,9.0,0.05800000000000002)(157.5994942157305 193.0)
(0.01,9.0,0.05800000000000002)(157.47185704733644 194.0)
(0.01,9.0,0.05800000000000002)(157.47185704733644 195.0)
(0.01,9.0,0.05800000000000002)(158.076334988594 194.0)
(0.01,9.0,0.05800000000000002)(156.8646196597483 197.0)
(0.01,9.0,0.05800000000000002)(156.97927789709152 195.0)
(0.01,9.0,0.05800000000000002)(157.25207236079643 195.0)
(0.01,9.0,0.05800000000000002)(156.617076682026 197.0)
(0.01,9.0,0.05800000000000002)(157.7090129064909 195.0)
(0.01,9.0,0.05800000000000002)(156.4980060796969 199.0)
(0.01,9.0,0.05800000000000002)(157.27747094213632 199.0)
(0.01,9.0,0.05800000000000002)(157.43407833496084 195.0)
(0.01,9.0,0.05800000000000002)(157.30286508250924 199.0)
(0.01,9.0,0.05800000000000002)(157.04965964269363 196.0)
(0.01,9.0,0.05800000000000002)(159.63184174635177 186.0)
(0.01,9.0,0.05800000000000002)(159.4686882122221 194.0)
(0.01,9.0,0.05800000000000002)(158.97783707628878 192.0)
(0.01,9.0,0.05800000000000002)(165.85989181798615 1.0)
(0.01,9.0,0.05800000000000002)(159.87860421129326 190.0)
(0.01,9.0,0.05800000000000002)(165.71273897290453 38.0)
(0.01,9.0,0.05800000000000002)(158.99146193191302 196.0)
(0.01 9.0 0.06100000000000002)(142.07549656064197 229.0)
(0.01,9.0,0.06100000000000002)(165.85989181798615 6.0)
(0.01,9.0,0.06100000000000002)(165.81921881755773 48.0)
(0.01,9.0,0.06100000000000002)(165.7098903697138 77.0)
(0.01,9.0,0.06100000000000002)(165.7098903697138 87.0)
(0.01,9.0,0.06100000000000002)(165.50267581349246 103.0)
(0.01,9.0,0.06100000000000002)(165.50267581349246 113.0)
(0.01,9.0,0.06100000000000002)(164.50725627132218 125.0)
(0.01,9.0,0.06100000000000002)(163.98839166418674 129.0)
(0.01,9.0,0.06100000000000002)(163.45391711062476 135.0)
(0.01,9.0,0.06100000000000002)(162.4341557567159 137.0)
(0.01,9.0,0.06100000000000002)(162.4341557567159 146.0)
(0.01,9.0,0.06100000000000002)(162.2902093827596 154.0)
(0.01,9.0,0.06100000000000002)(162.2902093827596 158.0)
(0.01,9.0,0.06100000000000002)(162.2902093827596 169.0)
(0.01,9.0,0.06100000000000002)(161.81802248229522 177.0)
(0.01,9.0,0.06100000000000002)(161.46781064163685 180.0)
(0.01,9.0,0.06100000000000002)(161.46781064163685 182.0)
(0.01,9.0,0.06100000000000002)(161.28401682471954 185.0)
(0.01,9.0,0.06100000000000002)(159.08399059276627 190.0)
(0.01,9.0,0.06100000000000002)(158.13919616076706 192.0)
(0.01,9.0,0.06100000000000002)(158.51290478607498 193.0)
(0.01,9.0,0.06100000000000002)(159.5578399049549 192.0)
(0.01,9.0,0.06100000000000002)(158.84057476324716 194.0)
(0.01,9.0,0.06100000000000002)(156.79061781835145 199.0)
(0.01,9.0,0.06100000000000002)(157.3013818982478 196.0)
(0.01,9.0,0.06100000000000002)(158.9827558329251 193.0)
(0.01,9.0,0.06100000000000002)(158.33135976766494 196.0)
(0.01,9.0,0.06100000000000002)(157.95248658591572 197.0)
(0.01,9.0,0.06100000000000002)(158.33135976766494 195.0)
(0.01,9.0,0.06100000000000002)(157.75091334979427 195.0)
(0.01,9.0,0.06100000000000002)(157.43981164131932 198.0)
(0.01,9.0,0.06100000000000002)(159.30708804428775 196.0)
(0.01,9.0,0.06100000000000002)(157.33691251302434 198.0)
(0.01,9.0,0.06100000000000002)(157.55435245912676 194.0)
(0.01,9.0,0.06100000000000002)(159.28203860551858 194.0)
(0.01,9.0,0.06100000000000002)(157.41161601512695 199.0)
(0.01,9.0,0.06100000000000002)(157.1425264078243 200.0)
(0.01,9.0,0.06100000000000002)(165.85989181798615 1.0)
(0.01,9.0,0.06100000000000002)(157.49571348128794 199.0)
(0.01,9.0,0.06100000000000002)(157.1258339254723 206.0)
(0.01,9.0,0.06100000000000002)(158.49428017665218 197.0)
(0.01 9.0 0.06400000000000002)(132.5143365803212 239.0)
(0.01,9.0,0.06400000000000002)(165.85989181798615 6.0)
(0.01,9.0,0.06400000000000002)(165.81921881755773 44.0)
(0.01,9.0,0.06400000000000002)(165.81921881755773 76.0)
(0.01,9.0,0.06400000000000002)(165.81921881755773 83.0)
(0.01,9.0,0.06400000000000002)(165.613645065603 106.0)
(0.01,9.0,0.06400000000000002)(165.613645065603 112.0)
(0.01,9.0,0.06400000000000002)(164.9480574898817 126.0)
(0.01,9.0,0.06400000000000002)(164.30955804980198 132.0)
(0.01,9.0,0.06400000000000002)(163.7582679761886 134.0)
(0.01,9.0,0.06400000000000002)(163.14472665215433 139.0)
(0.01,9.0,0.06400000000000002)(162.81350551425757 145.0)
(0.01,9.0,0.06400000000000002)(162.81350551425757 150.0)
(0.01,9.0,0.06400000000000002)(162.81350551425757 160.0)
(0.01,9.0,0.06400000000000002)(162.81350551425757 165.0)
(0.01,9.0,0.06400000000000002)(162.36450696481296 168.0)
(0.01,9.0,0.06400000000000002)(162.36450696481296 177.0)
(0.01,9.0,0.06400000000000002)(161.9232100882132 181.0)
(0.01,9.0,0.06400000000000002)(161.2809354951723 182.0)
(0.01,9.0,0.06400000000000002)(159.64976170860214 185.0)
(0.01,9.0,0.06400000000000002)(158.90818828438583 187.0)
(0.01,9.0,0.06400000000000002)(160.32051309300908 187.0)
(0.01,9.0,0.06400000000000002)(160.172064836906 189.0)
(0.01,9.0,0.06400000000000002)(158.7982140614876 192.0)
(0.01,9.0,0.06400000000000002)(158.7982140614876 195.0)
(0.01,9.0,0.06400000000000002)(157.6916007085152 197.0)
(0.01,9.0,0.06400000000000002)(157.17007476430027 198.0)
(0.01,9.0,0.06400000000000002)(158.3046120415367 197.0)
(0.01,9.0,0.06400000000000002)(157.04234874661964 200.0)
(0.01,9.0,0.06400000000000002)(156.82167000824114 200.0)
(0.01,9.0,0.06400000000000002)(156.8173169587472 203.0)
(0.01,9.0,0.06400000000000002)(155.94348283949614 204.0)
(0.01,9.0,0.06400000000000002)(156.54433487102702 202.0)
(0.01,9.0,0.06400000000000002)(153.38770210203418 207.0)
(0.01,9.0,0.06400000000000002)(158.384097715092 200.0)
(0.01,9.0,0.06400000000000002)(153.7538411804023 207.0)
(0.01,9.0,0.06400000000000002)(158.4587539069361 198.0)
(0.01,9.0,0.06400000000000002)(154.0835411953745 206.0)
(0.01,9.0,0.06400000000000002)(165.85989181798615 1.0)
(0.01,9.0,0.06400000000000002)(165.71273897290453 36.0)
(0.01,9.0,0.06400000000000002)(155.2524781460022 202.0)
(0.01,9.0,0.06400000000000002)(157.16065832142385 200.0)
(0.01,9.0,0.06400000000000002)(155.51003927029663 204.0)
(0.01 9.0 0.06700000000000002)(130.44792581852914 244.0)
(0.01,9.0,0.06700000000000002)(165.85989181798615 6.0)
(0.01,9.0,0.06700000000000002)(165.81921881755773 44.0)
(0.01,9.0,0.06700000000000002)(165.81921881755773 65.0)
(0.01,9.0,0.06700000000000002)(165.81921881755773 97.0)
(0.01,9.0,0.06700000000000002)(165.613645065603 113.0)
(0.01,9.0,0.06700000000000002)(165.18841377392076 120.0)
(0.01,9.0,0.06700000000000002)(164.46480214190717 133.0)
(0.01,9.0,0.06700000000000002)(163.9144141121536 130.0)
(0.01,9.0,0.06700000000000002)(163.14472665215433 138.0)
(0.01,9.0,0.06700000000000002)(162.81350551425757 139.0)
(0.01,9.0,0.06700000000000002)(162.81350551425757 150.0)
(0.01,9.0,0.06700000000000002)(162.81350551425757 153.0)
(0.01,9.0,0.06700000000000002)(162.81350551425757 164.0)
(0.01,9.0,0.06700000000000002)(162.42080086757773 167.0)
(0.01,9.0,0.06700000000000002)(162.23745445086678 167.0)
(0.01,9.0,0.06700000000000002)(161.33752513859343 172.0)
(0.01,9.0,0.06700000000000002)(161.98850583062224 173.0)
(0.01,9.0,0.06700000000000002)(160.82480794373532 179.0)
(0.01,9.0,0.06700000000000002)(160.89368484115545 179.0)
(0.01,9.0,0.06700000000000002)(160.43714969983066 180.0)
(0.01,9.0,0.06700000000000002)(160.48157592428467 180.0)
(0.01,9.0,0.06700000000000002)(159.52419741523784 185.0)
(0.01,9.0,0.06700000000000002)(159.37888333687337 188.0)
(0.01,9.0,0.06700000000000002)(159.2074007139176 193.0)
(0.01,9.0,0.06700000000000002)(157.7575699857811 195.0)
(0.01,9.0,0.06700000000000002)(158.93181744039333 193.0)
(0.01,9.0,0.06700000000000002)(158.90569914342973 192.0)
(0.01,9.0,0.06700000000000002)(158.5873888964161 192.0)
(0.01,9.0,0.06700000000000002)(158.16428168949193 195.0)
(0.01,9.0,0.06700000000000002)(158.16428168949193 196.0)
(0.01,9.0,0.06700000000000002)(158.16428168949193 197.0)
(0.01,9.0,0.06700000000000002)(157.12053227528406 198.0)
(0.01,9.0,0.06700000000000002)(158.30491223269817 198.0)
(0.01,9.0,0.06700000000000002)(156.9026683204066 200.0)
(0.01,9.0,0.06700000000000002)(157.33187490610038 201.0)
(0.01,9.0,0.06700000000000002)(155.08593877729433 208.0)
(0.01,9.0,0.06700000000000002)(155.27809832840342 206.0)
(0.01,9.0,0.06700000000000002)(151.35345146953276 212.0)
(0.01,9.0,0.06700000000000002)(158.36039583737607 200.0)
(0.01,9.0,0.06700000000000002)(152.08677008216617 211.0)
(0.01,9.0,0.06700000000000002)(152.36085260379141 209.0)
(0.01,9.0,0.06700000000000002)(165.85989181798615 1.0)
(0.01,9.0,0.06700000000000002)(153.47639976422656 209.0)
(0.01,9.0,0.06700000000000002)(155.38550754103883 206.0)
(0.01,9.0,0.06700000000000002)(152.70577805724568 211.0)
(0.01,9.0,0.06700000000000002)(153.72173914937824 210.0)
(0.01 9.0 0.07000000000000002)(133.2706513026068 242.0)
(0.01,9.0,0.07000000000000002)(165.85989181798615 6.0)
(0.01,9.0,0.07000000000000002)(165.81921881755773 44.0)
(0.01,9.0,0.07000000000000002)(165.81921881755773 70.0)
(0.01,9.0,0.07000000000000002)(165.81921881755773 97.0)
(0.01,9.0,0.07000000000000002)(165.613645065603 113.0)
(0.01,9.0,0.07000000000000002)(165.18841377392076 120.0)
(0.01,9.0,0.07000000000000002)(164.7939210257331 130.0)
(0.01,9.0,0.07000000000000002)(164.0667708444414 136.0)
(0.01,9.0,0.07000000000000002)(163.42762745143474 137.0)
(0.01,9.0,0.07000000000000002)(162.81350551425757 139.0)
(0.01,9.0,0.07000000000000002)(162.81350551425757 151.0)
(0.01,9.0,0.07000000000000002)(162.81350551425757 153.0)
(0.01,9.0,0.07000000000000002)(162.65641576619942 167.0)
(0.01,9.0,0.07000000000000002)(162.07619947823488 168.0)
(0.01,9.0,0.07000000000000002)(161.38135349477264 173.0)
(0.01,9.0,0.07000000000000002)(161.38135349477264 177.0)
(0.01,9.0,0.07000000000000002)(160.94814925392666 184.0)
(0.01,9.0,0.07000000000000002)(160.61864234275546 185.0)
(0.01,9.0,0.07000000000000002)(160.2006926708704 186.0)
(0.01,9.0,0.07000000000000002)(159.1078573156719 189.0)
(0.01,9.0,0.07000000000000002)(159.1078573156719 190.0)
(0.01,9.0,0.07000000000000002)(158.90903229002313 195.0)
(0.01,9.0,0.07000000000000002)(158.68520031791525 196.0)
(0.01,9.0,0.07000000000000002)(159.10464121875535 196.0)
(0.01,9.0,0.07000000000000002)(157.86256920208567 197.0)
(0.01,9.0,0.07000000000000002)(157.9633677493304 197.0)
(0.01,9.0,0.07000000000000002)(158.24093007001275 196.0)
(0.01,9.0,0.07000000000000002)(157.7081490908524 200.0)
(0.01,9.0,0.07000000000000002)(156.48441567779022 205.0)
(0.01,9.0,0.07000000000000002)(157.28455295313975 204.0)
(0.01,9.0,0.07000000000000002)(157.08570787933255 206.0)
(0.01,9.0,0.07000000000000002)(156.8832042267601 209.0)
(0.01,9.0,0.07000000000000002)(155.8848931447771 209.0)
(0.01,9.0,0.07000000000000002)(159.23780522681702 195.0)
(0.01,9.0,0.07000000000000002)(153.89035562065902 205.0)
(0.01,9.0,0.07000000000000002)(158.9695253222168 199.0)
(0.01,9.0,0.07000000000000002)(154.30799123724253 209.0)
(0.01,9.0,0.07000000000000002)(156.17419446267462 201.0)
(0.01,9.0,0.07000000000000002)(157.84148236350015 202.0)
(0.01,9.0,0.07000000000000002)(158.33909371303528 199.0)
(0.01,9.0,0.07000000000000002)(149.52956659259021 216.0)
(0.01,9.0,0.07000000000000002)(165.85989181798615 1.0)
(0.01,9.0,0.07000000000000002)(158.09357582434325 196.0)
(0.01,9.0,0.07000000000000002)(157.33316506674032 201.0)
(0.01,9.0,0.07000000000000002)(152.56005556480872 209.0)
(0.01 9.0 0.07300000000000002)(131.20954459341846 246.0)
(0.01,9.0,0.07300000000000002)(165.85989181798615 6.0)
(0.01,9.0,0.07300000000000002)(165.81921881755773 48.0)
(0.01,9.0,0.07300000000000002)(165.81921881755773 72.0)
(0.01,9.0,0.07300000000000002)(165.81921881755773 97.0)
(0.01,9.0,0.07300000000000002)(165.613645065603 121.0)
(0.01,9.0,0.07300000000000002)(165.18841377392076 126.0)
(0.01,9.0,0.07300000000000002)(164.22249705992323 137.0)
(0.01,9.0,0.07300000000000002)(163.7582679761886 143.0)
(0.01,9.0,0.07300000000000002)(163.14472665215433 144.0)
(0.01,9.0,0.07300000000000002)(162.81350551425757 145.0)
(0.01,9.0,0.07300000000000002)(162.81350551425757 156.0)
(0.01,9.0,0.07300000000000002)(162.81350551425757 162.0)
(0.01,9.0,0.07300000000000002)(162.36450696481296 167.0)
(0.01,9.0,0.07300000000000002)(162.07619947823488 170.0)
(0.01,9.0,0.07300000000000002)(161.38135349477264 175.0)
(0.01,9.0,0.07300000000000002)(161.22807891129335 184.0)
(0.01,9.0,0.07300000000000002)(161.43387973298064 183.0)
(0.01,9.0,0.07300000000000002)(160.19756061543777 187.0)
(0.01,9.0,0.07300000000000002)(159.22086524028788 189.0)
(0.01,9.0,0.07300000000000002)(158.8075283779892 190.0)
(0.01,9.0,0.07300000000000002)(158.5272469948921 193.0)
(0.01,9.0,0.07300000000000002)(156.4529208316543 200.0)
(0.01,9.0,0.07300000000000002)(157.25278760671085 198.0)
(0.01,9.0,0.07300000000000002)(159.10520134330088 199.0)
(0.01,9.0,0.07300000000000002)(158.56871948486443 196.0)
(0.01,9.0,0.07300000000000002)(158.3516897383882 197.0)
(0.01,9.0,0.07300000000000002)(158.33491202576778 198.0)
(0.01,9.0,0.07300000000000002)(158.30879372880415 199.0)
(0.01,9.0,0.07300000000000002)(158.0966250862657 198.0)
(0.01,9.0,0.07300000000000002)(159.27644533560377 198.0)
(0.01,9.0,0.07300000000000002)(158.0319836943038 199.0)
(0.01,9.0,0.07300000000000002)(157.40203689320697 205.0)
(0.01,9.0,0.07300000000000002)(158.84551541406316 202.0)
(0.01,9.0,0.07300000000000002)(158.83186866425922 200.0)
(0.01,9.0,0.07300000000000002)(158.16561464889222 200.0)
(0.01,9.0,0.07300000000000002)(157.6566049503372 199.0)
(0.01,9.0,0.07300000000000002)(158.32928498584536 197.0)
(0.01,9.0,0.07300000000000002)(159.1133473177432 199.0)
(0.01,9.0,0.07300000000000002)(158.07855365901344 197.0)
(0.01,9.0,0.07300000000000002)(165.85989181798615 1.0)
(0.01,9.0,0.07300000000000002)(156.75371794736537 206.0)
(0.01 9.0 0.07600000000000003)(128.24981601688174 253.0)
(0.01,9.0,0.07600000000000003)(165.85989181798615 6.0)
(0.01,9.0,0.07600000000000003)(165.81921881755773 43.0)
(0.01,9.0,0.07600000000000003)(165.81921881755773 72.0)
(0.01,9.0,0.07600000000000003)(165.81921881755773 93.0)
(0.01,9.0,0.07600000000000003)(165.613645065603 113.0)
(0.01,9.0,0.07600000000000003)(165.613645065603 123.0)
(0.01,9.0,0.07600000000000003)(164.9480574898817 139.0)
(0.01,9.0,0.07600000000000003)(164.63912240128062 139.0)
(0.01,9.0,0.07600000000000003)(163.7582679761886 147.0)
(0.01,9.0,0.07600000000000003)(162.81350551425757 149.0)
(0.01,9.0,0.07600000000000003)(162.81350551425757 150.0)
(0.01,9.0,0.07600000000000003)(162.81350551425757 156.0)
(0.01,9.0,0.07600000000000003)(162.36450696481296 162.0)
(0.01,9.0,0.07600000000000003)(162.07619947823488 173.0)
(0.01,9.0,0.07600000000000003)(161.85333208256495 174.0)
(0.01,9.0,0.07600000000000003)(161.1668142757229 176.0)
(0.01,9.0,0.07600000000000003)(161.14002864713456 182.0)
(0.01,9.0,0.07600000000000003)(158.8553804450236 191.0)
(0.01,9.0,0.07600000000000003)(160.16539139121383 184.0)
(0.01,9.0,0.07600000000000003)(158.34750805112066 194.0)
(0.01,9.0,0.07600000000000003)(155.91546876707105 197.0)
(0.01,9.0,0.07600000000000003)(156.2336973128171 203.0)
(0.01,9.0,0.07600000000000003)(156.42118945479885 203.0)
(0.01,9.0,0.07600000000000003)(156.265739703415 204.0)
(0.01,9.0,0.07600000000000003)(157.4766712316763 203.0)
(0.01,9.0,0.07600000000000003)(157.82172373887119 203.0)
(0.01,9.0,0.07600000000000003)(157.05456989912847 205.0)
(0.01,9.0,0.07600000000000003)(156.7177883459905 207.0)
(0.01,9.0,0.07600000000000003)(156.87389603648606 206.0)
(0.01,9.0,0.07600000000000003)(156.99651873284083 204.0)
(0.01,9.0,0.07600000000000003)(157.7892457695729 202.0)
(0.01,9.0,0.07600000000000003)(157.9653743721711 202.0)
(0.01,9.0,0.07600000000000003)(157.8153640665365 205.0)
(0.01,9.0,0.07600000000000003)(157.42380214067663 204.0)
(0.01,9.0,0.07600000000000003)(157.23739797787374 203.0)
(0.01,9.0,0.07600000000000003)(156.66990480155712 208.0)
(0.01,9.0,0.07600000000000003)(158.03585375557697 201.0)
(0.01,9.0,0.07600000000000003)(157.83712931400626 203.0)
(0.01,9.0,0.07600000000000003)(154.28622598977284 210.0)
(0.01,9.0,0.07600000000000003)(157.16555035257983 205.0)
(0.01,9.0,0.07600000000000003)(156.92046336078926 206.0)
(0.01,9.0,0.07600000000000003)(165.85989181798615 1.0)
(0.01,9.0,0.07600000000000003)(158.45884174423048 207.0)
(0.01,9.0,0.07600000000000003)(155.00349410494783 213.0)
(0.01 9.0 0.07900000000000003)(126.08320333077044 255.0)
(0.01,9.0,0.07900000000000003)(165.85989181798615 6.0)
(0.01,9.0,0.07900000000000003)(165.81921881755773 51.0)
(0.01,9.0,0.07900000000000003)(165.81921881755773 73.0)
(0.01,9.0,0.07900000000000003)(165.81921881755773 93.0)
(0.01,9.0,0.07900000000000003)(165.70711979835954 103.0)
(0.01,9.0,0.07900000000000003)(165.4993262807395 126.0)
(0.01,9.0,0.07900000000000003)(165.07314732194817 133.0)
(0.01,9.0,0.07900000000000003)(164.26125303474942 143.0)
(0.01,9.0,0.07900000000000003)(163.8844308570279 148.0)
(0.01,9.0,0.07900000000000003)(163.0270989389104 150.0)
(0.01,9.0,0.07900000000000003)(162.6957045842947 152.0)
(0.01,9.0,0.07900000000000003)(162.246515927652 159.0)
(0.01,9.0,0.07900000000000003)(162.07619947823488 167.0)
(0.01,9.0,0.07900000000000003)(162.07619947823488 175.0)
(0.01,9.0,0.07900000000000003)(161.78755113583767 178.0)
(0.01,9.0,0.07900000000000003)(161.10085120168912 180.0)
(0.01,9.0,0.07900000000000003)(160.79433659727775 182.0)
(0.01,9.0,0.07900000000000003)(160.3679520641331 182.0)
(0.01,9.0,0.07900000000000003)(159.2028763021972 184.0)
(0.01,9.0,0.07900000000000003)(157.52392227903718 188.0)
(0.01,9.0,0.07900000000000003)(158.03150070608302 190.0)
(0.01,9.0,0.07900000000000003)(157.95683963540964 194.0)
(0.01,9.0,0.07900000000000003)(158.21691656630256 193.0)
(0.01,9.0,0.07900000000000003)(156.75048295034523 196.0)
(0.01,9.0,0.07900000000000003)(154.63287448257978 200.0)
(0.01,9.0,0.07900000000000003)(155.1529058280376 198.0)
(0.01,9.0,0.07900000000000003)(154.50044792668078 200.0)
(0.01,9.0,0.07900000000000003)(154.27815010249077 203.0)
(0.01,9.0,0.07900000000000003)(153.81783319113933 205.0)
(0.01,9.0,0.07900000000000003)(153.7288408772016 206.0)
(0.01,9.0,0.07900000000000003)(153.31715141367707 208.0)
(0.01,9.0,0.07900000000000003)(152.44528412208763 209.0)
(0.01,9.0,0.07900000000000003)(152.41727088498607 210.0)
(0.01,9.0,0.07900000000000003)(151.73729569637328 212.0)
(0.01,9.0,0.07900000000000003)(152.20085124434215 210.0)
(0.01,9.0,0.07900000000000003)(152.360681241565 211.0)
(0.01,9.0,0.07900000000000003)(150.34669442878445 214.0)
(0.01,9.0,0.07900000000000003)(150.11111672709234 215.0)
(0.01,9.0,0.07900000000000003)(149.21115893626066 216.0)
(0.01,9.0,0.07900000000000003)(150.81437535208553 215.0)
(0.01,9.0,0.07900000000000003)(149.0313349300939 217.0)
(0.01,9.0,0.07900000000000003)(149.37070142839454 219.0)
(0.01,9.0,0.07900000000000003)(147.2121425956556 221.0)
(0.01,9.0,0.07900000000000003)(145.32000538967222 223.0)
(0.01,9.0,0.07900000000000003)(149.3710456271763 218.0)
(0.01,9.0,0.07900000000000003)(147.01327702784616 220.0)
(0.01,9.0,0.07900000000000003)(147.9191825122727 221.0)
(0.01,9.0,0.07900000000000003)(146.78661360840437 224.0)
(0.01,9.0,0.07900000000000003)(149.23056676663364 221.0)
(0.01,9.0,0.07900000000000003)(145.6963471402877 224.0)
(0.01,9.0,0.07900000000000003)(144.72774183833243 226.0)
(0.01,9.0,0.07900000000000003)(144.58181302803936 226.0)
(0.01,9.0,0.07900000000000003)(144.96848082419206 225.0)
(0.01,9.0,0.07900000000000003)(144.40369259099253 227.0)
(0.01,9.0,0.07900000000000003)(146.2490004842153 225.0)
(0.01,9.0,0.07900000000000003)(147.4482244477829 224.0)
(0.01,9.0,0.07900000000000003)(146.24336800190784 225.0)
(0.01,9.0,0.07900000000000003)(148.0033339275755 224.0)
(0.01,9.0,0.07900000000000003)(147.09194567346506 220.0)
(0.01,9.0,0.07900000000000003)(148.52028910353553 218.0)
(0.01,9.0,0.07900000000000003)(151.6461915726253 215.0)
(0.01,9.0,0.07900000000000003)(153.47442036746003 215.0)
(0.01,9.0,0.07900000000000003)(152.3422317278855 216.0)
(0.01,9.0,0.07900000000000003)(152.79213664443623 215.0)
(0.01,9.0,0.07900000000000003)(153.5658344068327 213.0)
(0.01,9.0,0.07900000000000003)(153.2160398367495 213.0)
(0.01,9.0,0.07900000000000003)(153.960956005596 212.0)
(0.01,9.0,0.07900000000000003)(152.11169146693322 213.0)
(0.01,9.0,0.07900000000000003)(152.20832450927716 217.0)
(0.01,9.0,0.07900000000000003)(152.98568598619443 213.0)
(0.01,9.0,0.07900000000000003)(153.8990617196469 212.0)
(0.01,9.0,0.07900000000000003)(153.9257244557083 210.0)
(0.01,9.0,0.07900000000000003)(152.66606957133848 208.0)
(0.01,9.0,0.07900000000000003)(150.54263537087326 215.0)
(0.01,9.0,0.07900000000000003)(153.38076827991299 211.0)
(0.01,9.0,0.07900000000000003)(153.5335769243826 210.0)
(0.01,9.0,0.07900000000000003)(152.5245739182845 210.0)
(0.01,9.0,0.07900000000000003)(152.53881921887023 210.0)
(0.01,9.0,0.07900000000000003)(153.0604928557612 207.0)
(0.01,9.0,0.07900000000000003)(155.00419893473818 205.0)
(0.01,9.0,0.07900000000000003)(154.1906302631326 206.0)
(0.01,9.0,0.07900000000000003)(153.88125513431174 208.0)
(0.01,9.0,0.07900000000000003)(154.2916729131982 206.0)
(0.01,9.0,0.07900000000000003)(155.595248959803 205.0)
(0.01,9.0,0.07900000000000003)(155.595248959803 204.0)
(0.01 9.0 0.08200000000000003)(111.225241349873 267.0)
(0.01,9.0,0.08200000000000003)(165.85989181798615 6.0)
(0.01,9.0,0.08200000000000003)(165.81921881755773 51.0)
(0.01,9.0,0.08200000000000003)(165.81921881755773 73.0)
(0.01,9.0,0.08200000000000003)(165.81921881755773 93.0)
(0.01,9.0,0.08200000000000003)(165.70711979835954 103.0)
(0.01,9.0,0.08200000000000003)(165.4993262807395 124.0)
(0.01,9.0,0.08200000000000003)(165.4993262807395 131.0)
(0.01,9.0,0.08200000000000003)(164.91932049755846 144.0)
(0.01,9.0,0.08200000000000003)(164.37021422664176 150.0)
(0.01,9.0,0.08200000000000003)(163.46687332285052 148.0)
(0.01,9.0,0.08200000000000003)(162.6957045842947 154.0)
(0.01,9.0,0.08200000000000003)(162.07619947823488 161.0)
(0.01,9.0,0.08200000000000003)(162.07619947823488 170.0)
(0.01,9.0,0.08200000000000003)(162.07619947823488 174.0)
(0.01,9.0,0.08200000000000003)(161.78755113583767 176.0)
(0.01,9.0,0.08200000000000003)(161.24952221610772 178.0)
(0.01,9.0,0.08200000000000003)(160.8813975871565 181.0)
(0.01,9.0,0.08200000000000003)(158.7148810968836 185.0)
(0.01,9.0,0.08200000000000003)(157.7089711954334 187.0)
(0.01,9.0,0.08200000000000003)(157.69944299186452 187.0)
(0.01,9.0,0.08200000000000003)(156.08924802237576 190.0)
(0.01,9.0,0.08200000000000003)(155.82395045186195 197.0)
(0.01,9.0,0.08200000000000003)(153.8994347965182 200.0)
(0.01,9.0,0.08200000000000003)(154.81613969299582 201.0)
(0.01,9.0,0.08200000000000003)(154.5017311717169 202.0)
(0.01,9.0,0.08200000000000003)(154.45729828927313 203.0)
(0.01,9.0,0.08200000000000003)(154.2538997501093 204.0)
(0.01,9.0,0.08200000000000003)(154.71921228418734 204.0)
(0.01,9.0,0.08200000000000003)(153.82896101556213 206.0)
(0.01,9.0,0.08200000000000003)(153.82896101556213 207.0)
(0.01,9.0,0.08200000000000003)(153.69207284215693 207.0)
(0.01,9.0,0.08200000000000003)(154.266026549667 206.0)
(0.01,9.0,0.08200000000000003)(156.48298398479423 204.0)
(0.01,9.0,0.08200000000000003)(157.4378096168213 203.0)
(0.01,9.0,0.08200000000000003)(156.65790946957358 205.0)
(0.01,9.0,0.08200000000000003)(154.50764843132592 208.0)
(0.01,9.0,0.08200000000000003)(155.20543010977283 208.0)
(0.01,9.0,0.08200000000000003)(155.7582884706199 204.0)
(0.01,9.0,0.08200000000000003)(154.82222002479895 214.0)
(0.01,9.0,0.08200000000000003)(157.5843301153536 205.0)
(0.01,9.0,0.08200000000000003)(157.7351312034545 202.0)
(0.01,9.0,0.08200000000000003)(157.85266353979083 201.0)
(0.01,9.0,0.08200000000000003)(165.85989181798615 1.0)
(0.01 9.0 0.08500000000000003)(107.53282421544428 273.0)
(0.01,9.0,0.08500000000000003)(165.85989181798615 6.0)
(0.01,9.0,0.08500000000000003)(165.81921881755773 44.0)
(0.01,9.0,0.08500000000000003)(165.81921881755773 71.0)
(0.01,9.0,0.08500000000000003)(165.81921881755773 93.0)
(0.01,9.0,0.08500000000000003)(165.70711979835954 105.0)
(0.01,9.0,0.08500000000000003)(165.25961367949756 128.0)
(0.01,9.0,0.08500000000000003)(164.83225950767974 139.0)
(0.01,9.0,0.08500000000000003)(164.79360094253667 145.0)
(0.01,9.0,0.08500000000000003)(164.33132329727164 147.0)
(0.01,9.0,0.08500000000000003)(163.5801109008435 153.0)
(0.01,9.0,0.08500000000000003)(162.65641576619942 155.0)
(0.01,9.0,0.08500000000000003)(162.07619947823488 163.0)
(0.01,9.0,0.08500000000000003)(161.90579789023747 173.0)
(0.01,9.0,0.08500000000000003)(161.90579789023747 181.0)
(0.01,9.0,0.08500000000000003)(160.63210520586102 185.0)
(0.01,9.0,0.08500000000000003)(161.1182633996649 184.0)
(0.01,9.0,0.08500000000000003)(161.061328540769 186.0)
(0.01,9.0,0.08500000000000003)(158.68128994266507 190.0)
(0.01,9.0,0.08500000000000003)(158.23592267007166 191.0)
(0.01,9.0,0.08500000000000003)(157.25916322534357 192.0)
(0.01,9.0,0.08500000000000003)(156.84478547179074 193.0)
(0.01,9.0,0.08500000000000003)(157.31791198689353 199.0)
(0.01,9.0,0.08500000000000003)(156.17729172095946 204.0)
(0.01,9.0,0.08500000000000003)(154.9319426792432 207.0)
(0.01,9.0,0.08500000000000003)(154.9319426792432 208.0)
(0.01,9.0,0.08500000000000003)(153.19679855149994 209.0)
(0.01,9.0,0.08500000000000003)(151.2370049201953 213.0)
(0.01,9.0,0.08500000000000003)(151.10315777956507 215.0)
(0.01,9.0,0.08500000000000003)(150.94752248487617 217.0)
(0.01,9.0,0.08500000000000003)(149.26239075205442 220.0)
(0.01,9.0,0.08500000000000003)(149.26239075205442 219.0)
(0.01,9.0,0.08500000000000003)(148.84931396379582 220.0)
(0.01,9.0,0.08500000000000003)(151.79431831003498 216.0)
(0.01,9.0,0.08500000000000003)(150.24492450951078 221.0)
(0.01,9.0,0.08500000000000003)(146.93398638426478 224.0)
(0.01,9.0,0.08500000000000003)(149.11438559493155 220.0)
(0.01,9.0,0.08500000000000003)(143.88032573109902 224.0)
(0.01,9.0,0.08500000000000003)(149.26791994190825 220.0)
(0.01,9.0,0.08500000000000003)(144.59428992993992 225.0)
(0.01,9.0,0.08500000000000003)(145.0448820708038 225.0)
(0.01,9.0,0.08500000000000003)(146.63914797101538 228.0)
(0.01,9.0,0.08500000000000003)(145.0335486033697 231.0)
(0.01,9.0,0.08500000000000003)(150.40311270997935 223.0)
(0.01,9.0,0.08500000000000003)(148.73647740140618 225.0)
(0.01,9.0,0.08500000000000003)(145.1605105508425 228.0)
(0.01,9.0,0.08500000000000003)(141.73456702212812 234.0)
(0.01,9.0,0.08500000000000003)(150.1555184646608 223.0)
(0.01,9.0,0.08500000000000003)(148.4991937375629 226.0)
(0.01,9.0,0.08500000000000003)(145.7363232400423 229.0)
(0.01,9.0,0.08500000000000003)(147.49401653070734 229.0)
(0.01,9.0,0.08500000000000003)(145.19781962201264 230.0)
(0.01,9.0,0.08500000000000003)(140.82515625129216 234.0)
(0.01,9.0,0.08500000000000003)(141.62419088076606 231.0)
(0.01,9.0,0.08500000000000003)(140.7078139350158 233.0)
(0.01,9.0,0.08500000000000003)(142.58071473159927 230.0)
(0.01,9.0,0.08500000000000003)(141.2326964093163 235.0)
(0.01,9.0,0.08500000000000003)(140.6193289363802 231.0)
(0.01,9.0,0.08500000000000003)(143.14528759767612 229.0)
(0.01,9.0,0.08500000000000003)(144.17490455260253 228.0)
(0.01,9.0,0.08500000000000003)(142.80931226456534 231.0)
(0.01,9.0,0.08500000000000003)(144.31947712413756 228.0)
(0.01,9.0,0.08500000000000003)(145.0459790180661 227.0)
(0.01,9.0,0.08500000000000003)(145.55737492936996 223.0)
(0.01,9.0,0.08500000000000003)(143.449038679634 229.0)
(0.01,9.0,0.08500000000000003)(143.9907535419791 228.0)
(0.01,9.0,0.08500000000000003)(145.94503342954803 220.0)
(0.01,9.0,0.08500000000000003)(144.0844124514649 228.0)
(0.01,9.0,0.08500000000000003)(140.98864565465115 233.0)
(0.01,9.0,0.08500000000000003)(141.22596717979454 228.0)
(0.01,9.0,0.08500000000000003)(144.08045872742892 227.0)
(0.01,9.0,0.08500000000000003)(144.4422573843428 226.0)
(0.01,9.0,0.08500000000000003)(144.00622892280052 223.0)
(0.01,9.0,0.08500000000000003)(146.12181440714647 222.0)
(0.01,9.0,0.08500000000000003)(141.3903625819727 230.0)
(0.01,9.0,0.08500000000000003)(144.0097374919972 225.0)
(0.01,9.0,0.08500000000000003)(145.73514596938756 221.0)
(0.01,9.0,0.08500000000000003)(147.1360367979897 218.0)
(0.01,9.0,0.08500000000000003)(147.31257999546634 221.0)
(0.01,9.0,0.08500000000000003)(146.27063826068462 220.0)
(0.01,9.0,0.08500000000000003)(147.69970378901377 218.0)
(0.01,9.0,0.08500000000000003)(147.2032561335801 219.0)
(0.01,9.0,0.08500000000000003)(147.3889947543825 220.0)
(0.01,9.0,0.08500000000000003)(147.38149198214452 223.0)
(0.01,9.0,0.08500000000000003)(147.40761027910818 217.0)
(0.01,9.0,0.08500000000000003)(147.31063986349164 220.0)
(0.01,9.0,0.08500000000000003)(148.8134548732979 213.0)
(0.01,9.0,0.08500000000000003)(147.0968593525443 219.0)
(0.01,9.0,0.08500000000000003)(150.06798161380775 217.0)
(0.01,9.0,0.08500000000000003)(148.0661355571289 218.0)
(0.01,9.0,0.08500000000000003)(146.17736051828228 214.0)
(0.01,9.0,0.08500000000000003)(150.87548214236136 210.0)
(0.01 9.0 0.08800000000000004)(115.5009621000735 266.0)
(0.01,9.0,0.08800000000000004)(165.85989181798615 6.0)
(0.01,9.0,0.08800000000000004)(165.81921881755773 56.0)
(0.01,9.0,0.08800000000000004)(165.81921881755773 73.0)
(0.01,9.0,0.08800000000000004)(165.81921881755773 93.0)
(0.01,9.0,0.08800000000000004)(165.70711979835954 101.0)
(0.01,9.0,0.08800000000000004)(165.46937134526112 119.0)
(0.01,9.0,0.08800000000000004)(165.25961367949756 137.0)
(0.01,9.0,0.08800000000000004)(164.79360094253667 143.0)
(0.01,9.0,0.08800000000000004)(163.91438982278981 146.0)
(0.01,9.0,0.08800000000000004)(163.27096508747852 152.0)
(0.01,9.0,0.08800000000000004)(162.65641576619942 154.0)
(0.01,9.0,0.08800000000000004)(162.07619947823488 161.0)
(0.01,9.0,0.08800000000000004)(161.76143283887404 169.0)
(0.01,9.0,0.08800000000000004)(161.59522389277538 176.0)
(0.01,9.0,0.08800000000000004)(160.99096663786034 178.0)
(0.01,9.0,0.08800000000000004)(160.93836231059575 179.0)
(0.01,9.0,0.08800000000000004)(159.8799655675062 183.0)
(0.01,9.0,0.08800000000000004)(158.90720584210598 186.0)
(0.01,9.0,0.08800000000000004)(157.98308366238248 187.0)
(0.01,9.0,0.08800000000000004)(154.9377637322741 191.0)
(0.01,9.0,0.08800000000000004)(156.22820996774203 192.0)
(0.01,9.0,0.08800000000000004)(155.8614264786892 199.0)
(0.01,9.0,0.08800000000000004)(153.503105577925 205.0)
(0.01,9.0,0.08800000000000004)(152.57114015166553 204.0)
(0.01,9.0,0.08800000000000004)(154.56536047193765 206.0)
(0.01,9.0,0.08800000000000004)(154.10013873546498 208.0)
(0.01,9.0,0.08800000000000004)(155.4090165655574 208.0)
(0.01,9.0,0.08800000000000004)(155.02579281998146 208.0)
(0.01,9.0,0.08800000000000004)(154.93002573111485 209.0)
(0.01,9.0,0.08800000000000004)(154.06485067728786 211.0)
(0.01,9.0,0.08800000000000004)(154.97710811705363 209.0)
(0.01,9.0,0.08800000000000004)(153.01816084854428 211.0)
(0.01,9.0,0.08800000000000004)(153.42795157571487 212.0)
(0.01,9.0,0.08800000000000004)(155.9428187271451 208.0)
(0.01,9.0,0.08800000000000004)(154.505429916791 210.0)
(0.01,9.0,0.08800000000000004)(154.85246514843752 209.0)
(0.01,9.0,0.08800000000000004)(156.97837979002279 206.0)
(0.01,9.0,0.08800000000000004)(156.06454146197544 208.0)
(0.01,9.0,0.08800000000000004)(155.15140588192983 209.0)
(0.01,9.0,0.08800000000000004)(155.55111450424326 211.0)
(0.01,9.0,0.08800000000000004)(153.95101776361878 208.0)
(0.01,9.0,0.08800000000000004)(165.85989181798615 1.0)
(0.01 9.0 0.09100000000000004)(123.91178395305884 262.0)
(0.01,9.0,0.09100000000000004)(165.85989181798615 6.0)
(0.01,9.0,0.09100000000000004)(165.81921881755773 52.0)
(0.01,9.0,0.09100000000000004)(165.81921881755773 63.0)
(0.01,9.0,0.09100000000000004)(165.81921881755773 93.0)
(0.01,9.0,0.09100000000000004)(165.46937134526112 115.0)
(0.01,9.0,0.09100000000000004)(165.46937134526112 120.0)
(0.01,9.0,0.09100000000000004)(165.25961367949756 139.0)
(0.01,9.0,0.09100000000000004)(164.79360094253667 143.0)
(0.01,9.0,0.09100000000000004)(163.91068021546627 150.0)
(0.01,9.0,0.09100000000000004)(162.98786594409253 152.0)
(0.01,9.0,0.09100000000000004)(162.65641576619942 155.0)
(0.01,9.0,0.09100000000000004)(162.07619947823488 161.0)
(0.01,9.0,0.09100000000000004)(161.76143283887404 165.0)
(0.01,9.0,0.09100000000000004)(161.59522389277538 179.0)
(0.01,9.0,0.09100000000000004)(161.42428014669747 181.0)
(0.01,9.0,0.09100000000000004)(160.56993050330541 187.0)
(0.01,9.0,0.09100000000000004)(159.19869461492974 190.0)
(0.01,9.0,0.09100000000000004)(157.98308366238248 192.0)
(0.01,9.0,0.09100000000000004)(157.49858094751 194.0)
(0.01,9.0,0.09100000000000004)(156.29401271081736 197.0)
(0.01,9.0,0.09100000000000004)(153.1354831561868 204.0)
(0.01,9.0,0.09100000000000004)(152.65867216510392 207.0)
(0.01,9.0,0.09100000000000004)(155.04275100680795 204.0)
(0.01,9.0,0.09100000000000004)(151.0530910544512 210.0)
(0.01,9.0,0.09100000000000004)(151.73311400910586 211.0)
(0.01,9.0,0.09100000000000004)(152.9297300087168 208.0)
(0.01,9.0,0.09100000000000004)(150.7112964537951 212.0)
(0.01,9.0,0.09100000000000004)(149.429146774453 213.0)
(0.01,9.0,0.09100000000000004)(149.3626822526413 216.0)
(0.01,9.0,0.09100000000000004)(149.22857113423652 216.0)
(0.01,9.0,0.09100000000000004)(148.35627366103722 218.0)
(0.01,9.0,0.09100000000000004)(147.59910756530982 223.0)
(0.01,9.0,0.09100000000000004)(148.22204107738787 220.0)
(0.01,9.0,0.09100000000000004)(147.10904411671282 224.0)
(0.01,9.0,0.09100000000000004)(146.9634419122687 223.0)
(0.01,9.0,0.09100000000000004)(146.9790285559954 222.0)
(0.01,9.0,0.09100000000000004)(149.56610457787284 222.0)
(0.01,9.0,0.09100000000000004)(140.6864159621556 232.0)
(0.01,9.0,0.09100000000000004)(144.25518009495656 223.0)
(0.01,9.0,0.09100000000000004)(144.85261080203603 227.0)
(0.01,9.0,0.09100000000000004)(147.21027500136643 223.0)
(0.01,9.0,0.09100000000000004)(149.78986230717024 223.0)
(0.01,9.0,0.09100000000000004)(143.26817969288652 225.0)
(0.01,9.0,0.09100000000000004)(145.91981955953784 227.0)
(0.01,9.0,0.09100000000000004)(143.53533549766857 226.0)
(0.01,9.0,0.09100000000000004)(143.04480829464313 227.0)
(0.01,9.0,0.09100000000000004)(146.59578751574927 225.0)
(0.01,9.0,0.09100000000000004)(147.28738813923633 224.0)
(0.01,9.0,0.09100000000000004)(141.90575494618238 228.0)
(0.01,9.0,0.09100000000000004)(144.15339670340444 227.0)
(0.01,9.0,0.09100000000000004)(145.83920965231758 227.0)
(0.01,9.0,0.09100000000000004)(142.87121363831972 231.0)
(0.01,9.0,0.09100000000000004)(145.64945343228416 229.0)
(0.01,9.0,0.09100000000000004)(146.91799505593414 226.0)
(0.01,9.0,0.09100000000000004)(142.74082840368473 232.0)
(0.01,9.0,0.09100000000000004)(142.85099908562867 233.0)
(0.01,9.0,0.09100000000000004)(146.1167807091897 231.0)
(0.01,9.0,0.09100000000000004)(146.34822402045273 229.0)
(0.01,9.0,0.09100000000000004)(146.53593571404565 228.0)
(0.01,9.0,0.09100000000000004)(145.87591583985161 230.0)
(0.01,9.0,0.09100000000000004)(145.0107675133764 231.0)
(0.01,9.0,0.09100000000000004)(145.4503302336305 231.0)
(0.01,9.0,0.09100000000000004)(143.95497390091248 231.0)
(0.01,9.0,0.09100000000000004)(146.5809504190348 227.0)
(0.01,9.0,0.09100000000000004)(147.8181695220582 221.0)
(0.01,9.0,0.09100000000000004)(147.4799277080108 222.0)
(0.01,9.0,0.09100000000000004)(147.45137995473456 224.0)
(0.01,9.0,0.09100000000000004)(147.93160816731194 225.0)
(0.01,9.0,0.09100000000000004)(145.22542967367238 229.0)
(0.01,9.0,0.09100000000000004)(147.12141310623403 224.0)
(0.01,9.0,0.09100000000000004)(146.60101943444164 224.0)
(0.01,9.0,0.09100000000000004)(147.95038234428262 222.0)
(0.01,9.0,0.09100000000000004)(146.3939406530219 226.0)
(0.01,9.0,0.09100000000000004)(147.99945435902097 224.0)
(0.01,9.0,0.09100000000000004)(146.03424545358453 227.0)
(0.01,9.0,0.09100000000000004)(146.42937508479503 227.0)
(0.01,9.0,0.09100000000000004)(147.3115417824923 225.0)
(0.01,9.0,0.09100000000000004)(149.79593313273074 219.0)
(0.01,9.0,0.09100000000000004)(147.48928625496953 223.0)
(0.01,9.0,0.09100000000000004)(148.11065106491057 222.0)
(0.01,9.0,0.09100000000000004)(147.6875780372401 225.0)
(0.01,9.0,0.09100000000000004)(148.03229617401973 223.0)
(0.01,9.0,0.09100000000000004)(145.46144125026555 227.0)
(0.01,9.0,0.09100000000000004)(147.13377870390357 223.0)
(0.01,9.0,0.09100000000000004)(147.02808771749224 225.0)
(0.01,9.0,0.09100000000000004)(145.51239841137925 223.0)
(0.01,9.0,0.09100000000000004)(149.56619993556902 220.0)
(0.01,9.0,0.09100000000000004)(147.5369984371764 222.0)
(0.01,9.0,0.09100000000000004)(148.3112531095935 222.0)
(0.01,9.0,0.09100000000000004)(149.3407983288919 219.0)
(0.01 9.0 0.09400000000000004)(132.55855179112206 262.0)
(0.01,9.0,0.09400000000000004)(165.85989181798615 6.0)
(0.01,9.0,0.09400000000000004)(165.85989181798615 46.0)
(0.01,9.0,0.09400000000000004)(165.81921881755773 63.0)
(0.01,9.0,0.09400000000000004)(165.81921881755773 93.0)
(0.01,9.0,0.09400000000000004)(165.70711979835954 102.0)
(0.01,9.0,0.09400000000000004)(165.46937134526112 119.0)
(0.01,9.0,0.09400000000000004)(165.25961367949756 144.0)
(0.01,9.0,0.09400000000000004)(164.7549149425141 154.0)
(0.01,9.0,0.09400000000000004)(163.87540802893457 156.0)
(0.01,9.0,0.09400000000000004)(163.5627433479732 162.0)
(0.01,9.0,0.09400000000000004)(162.77449943103855 159.0)
(0.01,9.0,0.09400000000000004)(161.90579789023747 171.0)
(0.01,9.0,0.09400000000000004)(161.90579789023747 179.0)
(0.01,9.0,0.09400000000000004)(161.90579789023747 185.0)
(0.01,9.0,0.09400000000000004)(161.59114375476625 187.0)
(0.01,9.0,0.09400000000000004)(160.3723051136271 194.0)
(0.01,9.0,0.09400000000000004)(159.11975753218127 196.0)
(0.01,9.0,0.09400000000000004)(157.83316015533325 197.0)
(0.01,9.0,0.09400000000000004)(157.46392791378506 201.0)
(0.01,9.0,0.09400000000000004)(155.58586866864232 207.0)
(0.01,9.0,0.09400000000000004)(155.4031108214495 210.0)
(0.01,9.0,0.09400000000000004)(156.37378244298992 210.0)
(0.01,9.0,0.09400000000000004)(154.2383765550411 212.0)
(0.01,9.0,0.09400000000000004)(154.77433648036578 212.0)
(0.01,9.0,0.09400000000000004)(154.58189313902258 213.0)
(0.01,9.0,0.09400000000000004)(153.43166188400093 214.0)
(0.01,9.0,0.09400000000000004)(153.476177844601 213.0)
(0.01,9.0,0.09400000000000004)(153.40989663653124 214.0)
(0.01,9.0,0.09400000000000004)(153.27633084973195 215.0)
(0.01,9.0,0.09400000000000004)(152.4731659371565 217.0)
(0.01,9.0,0.09400000000000004)(152.27310196593686 219.0)
(0.01,9.0,0.09400000000000004)(151.2656378223864 223.0)
(0.01,9.0,0.09400000000000004)(149.5537057443934 224.0)
(0.01,9.0,0.09400000000000004)(149.11101102011125 228.0)
(0.01,9.0,0.09400000000000004)(146.7822212422697 228.0)
(0.01,9.0,0.09400000000000004)(148.83755654873008 226.0)
(0.01,9.0,0.09400000000000004)(149.99684315454957 228.0)
(0.01,9.0,0.09400000000000004)(147.8636775065991 230.0)
(0.01,9.0,0.09400000000000004)(149.94664226177397 230.0)
(0.01,9.0,0.09400000000000004)(150.37523143987718 225.0)
(0.01,9.0,0.09400000000000004)(153.1112610133666 225.0)
(0.01,9.0,0.09400000000000004)(150.0561755663201 227.0)
(0.01,9.0,0.09400000000000004)(147.27235373096943 232.0)
(0.01,9.0,0.09400000000000004)(150.3771668329017 233.0)
(0.01,9.0,0.09400000000000004)(141.53663204778468 239.0)
(0.01,9.0,0.09400000000000004)(143.3672766816472 231.0)
(0.01,9.0,0.09400000000000004)(142.47303465300416 237.0)
(0.01,9.0,0.09400000000000004)(146.88888714534284 233.0)
(0.01,9.0,0.09400000000000004)(144.68775554768823 235.0)
(0.01,9.0,0.09400000000000004)(147.63969420633592 233.0)
(0.01,9.0,0.09400000000000004)(148.16055779603644 233.0)
(0.01,9.0,0.09400000000000004)(146.52068125163356 235.0)
(0.01,9.0,0.09400000000000004)(146.15910294752754 236.0)
(0.01,9.0,0.09400000000000004)(146.97175475011858 233.0)
(0.01,9.0,0.09400000000000004)(149.33152885797617 232.0)
(0.01,9.0,0.09400000000000004)(149.40768120675995 232.0)
(0.01,9.0,0.09400000000000004)(148.35644502326366 232.0)
(0.01,9.0,0.09400000000000004)(151.12399699557926 231.0)
(0.01,9.0,0.09400000000000004)(149.19960170050726 233.0)
(0.01,9.0,0.09400000000000004)(146.9267919620681 237.0)
(0.01,9.0,0.09400000000000004)(148.98460122256063 234.0)
(0.01,9.0,0.09400000000000004)(149.5057611050603 235.0)
(0.01,9.0,0.09400000000000004)(149.34993175665176 235.0)
(0.01,9.0,0.09400000000000004)(150.0145640334445 229.0)
(0.01,9.0,0.09400000000000004)(151.96037205034915 227.0)
(0.01,9.0,0.09400000000000004)(151.08791858168203 232.0)
(0.01,9.0,0.09400000000000004)(150.52311187381892 228.0)
(0.01,9.0,0.09400000000000004)(153.22308821068987 227.0)
(0.01,9.0,0.09400000000000004)(152.9710527410778 228.0)
(0.01,9.0,0.09400000000000004)(153.20355489737327 223.0)
(0.01,9.0,0.09400000000000004)(152.71677330796663 225.0)
(0.01,9.0,0.09400000000000004)(153.52922387488863 223.0)
(0.01,9.0,0.09400000000000004)(153.59406770511595 217.0)
(0.01,9.0,0.09400000000000004)(152.25426403103359 227.0)
(0.01,9.0,0.09400000000000004)(153.04325202001186 216.0)
(0.01,9.0,0.09400000000000004)(153.32531720743114 220.0)
(0.01,9.0,0.09400000000000004)(153.38190685085232 216.0)
(0.01,9.0,0.09400000000000004)(155.0862020453326 212.0)
(0.01,9.0,0.09400000000000004)(152.98666237659066 217.0)
(0.01,9.0,0.09400000000000004)(154.7483599129094 212.0)
(0.01,9.0,0.09400000000000004)(154.26756104954188 217.0)
(0.01,9.0,0.09400000000000004)(154.00269469002924 219.0)
(0.01,9.0,0.09400000000000004)(154.18301803807614 217.0)
(0.01,9.0,0.09400000000000004)(152.81391024678194 218.0)
(0.01,9.0,0.09400000000000004)(155.22635984903846 215.0)
(0.01,9.0,0.09400000000000004)(154.82760342865333 215.0)
(0.01,9.0,0.09400000000000004)(155.21330070055663 216.0)
(0.01,9.0,0.09400000000000004)(155.76853409638767 217.0)
(0.01,9.0,0.09400000000000004)(153.70200942582738 218.0)
(0.01,9.0,0.09400000000000004)(155.82159745366585 216.0)
(0.01,9.0,0.09400000000000004)(156.47468607912396 215.0)
(0.01 9.0 0.09700000000000004)(135.16119145172925 255.0)
(0.01,9.0,0.09700000000000004)(165.85989181798615 3.0)
(0.01,9.0,0.09700000000000004)(165.85989181798615 25.0)
(0.01,9.0,0.09700000000000004)(165.81921881755773 44.0)
(0.01,9.0,0.09700000000000004)(165.81921881755773 58.0)
(0.01,9.0,0.09700000000000004)(165.81921881755773 76.0)
(0.01,9.0,0.09700000000000004)(165.45959670817402 108.0)
(0.01,9.0,0.09700000000000004)(165.42148780082778 115.0)
(0.01,9.0,0.09700000000000004)(165.3833138721233 131.0)
(0.01,9.0,0.09700000000000004)(165.17326746030867 147.0)
(0.01,9.0,0.09700000000000004)(164.55575107795025 149.0)
(0.01,9.0,0.09700000000000004)(164.40072198078173 154.0)
(0.01,9.0,0.09700000000000004)(163.28016912741293 160.0)
(0.01,9.0,0.09700000000000004)(162.81843973828182 161.0)
(0.01,9.0,0.09700000000000004)(162.04569789527923 163.0)
(0.01,9.0,0.09700000000000004)(161.5519663093208 164.0)
(0.01,9.0,0.09700000000000004)(161.5519663093208 175.0)
(0.01,9.0,0.09700000000000004)(161.39876569274836 182.0)
(0.01,9.0,0.09700000000000004)(160.6811573104354 184.0)
(0.01,9.0,0.09700000000000004)(160.1986277071788 189.0)
(0.01,9.0,0.09700000000000004)(159.5176289357639 190.0)
(0.01,9.0,0.09700000000000004)(158.47501040096486 194.0)
(0.01,9.0,0.09700000000000004)(158.3475080511207 199.0)
(0.01,9.0,0.09700000000000004)(158.40908522939114 199.0)
(0.01,9.0,0.09700000000000004)(158.3475080511207 202.0)
(0.01,9.0,0.09700000000000004)(157.04159852856318 204.0)
(0.01,9.0,0.09700000000000004)(159.7237635499991 198.0)
(0.01,9.0,0.09700000000000004)(157.56691791737785 203.0)
(0.01,9.0,0.09700000000000004)(157.04159852856318 205.0)
(0.01,9.0,0.09700000000000004)(157.62856682911817 203.0)
(0.01,9.0,0.09700000000000004)(157.10329143953467 204.0)
(0.01,9.0,0.09700000000000004)(156.86955355267438 207.0)
(0.01,9.0,0.09700000000000004)(156.53841077739273 210.0)
(0.01,9.0,0.09700000000000004)(156.8920816879744 207.0)
(0.01,9.0,0.09700000000000004)(156.2643527108381 208.0)
(0.01,9.0,0.09700000000000004)(157.3413139587873 206.0)
(0.01,9.0,0.09700000000000004)(156.86861513076886 204.0)
(0.01,9.0,0.09700000000000004)(156.56096357122914 208.0)
(0.01,9.0,0.09700000000000004)(156.97026521663884 205.0)
(0.01,9.0,0.09700000000000004)(156.47232346385536 210.0)
(0.01,9.0,0.09700000000000004)(155.87903901460427 209.0)
(0.01,9.0,0.09700000000000004)(157.844473882029 203.0)
(0.01,9.0,0.09700000000000004)(160.79471167729582 202.0)
(0.01,9.0,0.09700000000000004)(157.34711973403938 205.0)
(0.01,9.0,0.09700000000000004)(157.87494522848658 206.0)
(0.01,9.0,0.09700000000000004)(156.1366590576635 212.0)
(0.01,9.0,0.09700000000000004)(157.11826889943273 207.0)
(0.01,9.0,0.09700000000000004)(156.02519265430362 208.0)
(0.01,9.0,0.09700000000000004)(157.5740266611214 206.0)
(0.01,9.0,0.09700000000000004)(157.24751665298837 207.0)
(0.01,9.0,0.09700000000000004)(157.78439902984832 206.0)
(0.01,9.0,0.09700000000000004)(157.87861047452802 206.0)
(0.01,9.0,0.09700000000000004)(158.31863061045652 206.0)
(0.01,9.0,0.09700000000000004)(157.65309679792665 207.0)
(0.01,9.0,0.09700000000000004)(158.20479209433762 206.0)
(0.01,9.0,0.09700000000000004)(157.7858069093791 207.0)
(0.01,9.0,0.09700000000000004)(158.4163459757241 204.0)
(0.01,9.0,0.09700000000000004)(159.20532148166146 201.0)
(0.01,9.0,0.09700000000000004)(158.66961456785663 202.0)
(0.01,9.0,0.09700000000000004)(156.88471738455502 208.0)
(0.01,9.0,0.09700000000000004)(159.08231026414325 202.0)
(0.01,9.0,0.09700000000000004)(157.97642689781216 203.0)
(0.01,9.0,0.09700000000000004)(159.08231026414325 200.0)
(0.01,9.0,0.09700000000000004)(159.41591428163616 197.0)
(0.01,9.0,0.09700000000000004)(159.7595852178863 200.0)
(0.01,9.0,0.09700000000000004)(159.54810028222147 198.0)
(0.01,9.0,0.09700000000000004)(159.96998104769173 196.0)
(0.01,9.0,0.09700000000000004)(158.76597995269827 198.0)
(0.01,9.0,0.09700000000000004)(157.89589694249452 204.0)
(0.01,9.0,0.09700000000000004)(160.31224492170713 196.0)
(0.01,9.0,0.09700000000000004)(159.11010888972987 198.0)
(0.01,9.0,0.09700000000000004)(159.8790375485267 197.0)
(0.01,9.0,0.09700000000000004)(159.32068452942826 196.0)
(0.01,9.0,0.09700000000000004)(159.6279964611324 193.0)
(0.01,9.0,0.09700000000000004)(158.97783707628875 198.0)
(0.01,9.0,0.09700000000000004)(159.28532279681804 196.0)
(0.01,9.0,0.09700000000000004)(159.6279964611324 195.0)
(0.01,9.0,0.09700000000000004)(159.5312078281897 196.0)
(0.01 9.0 0.10000000000000005)(136.25727251955055 258.0)
(0.01,9.0,0.10000000000000005)(165.85989181798615 3.0)
(0.01,9.0,0.10000000000000005)(165.85989181798615 30.0)
(0.01,9.0,0.10000000000000005)(165.81921881755773 44.0)
(0.01,9.0,0.10000000000000005)(165.81921881755773 63.0)
(0.01,9.0,0.10000000000000005)(165.81921881755773 76.0)
(0.01,9.0,0.10000000000000005)(165.54551620142016 113.0)
(0.01,9.0,0.10000000000000005)(165.5074802526073 121.0)
(0.01,9.0,0.10000000000000005)(164.9660123745463 131.0)
(0.01,9.0,0.10000000000000005)(164.75459485931765 140.0)
(0.01,9.0,0.10000000000000005)(164.75459485931765 148.0)
(0.01,9.0,0.10000000000000005)(164.1833758228553 149.0)
(0.01,9.0,0.10000000000000005)(163.24962186375708 155.0)
(0.01,9.0,0.10000000000000005)(162.93573362454066 161.0)
(0.01,9.0,0.10000000000000005)(161.90579789023747 163.0)
(0.01,9.0,0.10000000000000005)(161.90579789023747 174.0)
(0.01,9.0,0.10000000000000005)(161.90579789023747 176.0)
(0.01,9.0,0.10000000000000005)(161.56910559581178 182.0)
(0.01,9.0,0.10000000000000005)(161.11424789445599 183.0)
(0.01,9.0,0.10000000000000005)(160.29395022273624 189.0)
(0.01,9.0,0.10000000000000005)(159.95160879594258 188.0)
(0.01,9.0,0.10000000000000005)(158.71193265134903 191.0)
(0.01,9.0,0.10000000000000005)(158.6460228724698 196.0)
(0.01,9.0,0.10000000000000005)(158.71193265134903 197.0)
(0.01,9.0,0.10000000000000005)(158.6093255061122 197.0)
(0.01,9.0,0.10000000000000005)(157.82880710583925 198.0)
(0.01,9.0,0.10000000000000005)(157.7359761005379 199.0)
(0.01,9.0,0.10000000000000005)(157.2955715596481 198.0)
(0.01,9.0,0.10000000000000005)(156.82370946372117 204.0)
(0.01,9.0,0.10000000000000005)(158.04053247148263 200.0)
(0.01,9.0,0.10000000000000005)(158.2709184282496 198.0)
(0.01,9.0,0.10000000000000005)(157.24258902334068 200.0)
(0.01,9.0,0.10000000000000005)(156.75171020259563 202.0)
(0.01,9.0,0.10000000000000005)(158.43698865946635 199.0)
(0.01,9.0,0.10000000000000005)(156.72977359289953 202.0)
(0.01,9.0,0.10000000000000005)(157.24694207283463 201.0)
(0.01,9.0,0.10000000000000005)(156.77409163420563 203.0)
(0.01,9.0,0.10000000000000005)(156.34978712063992 203.0)
(0.01,9.0,0.10000000000000005)(160.3331276681817 198.0)
(0.01,9.0,0.10000000000000005)(156.28802532909503 205.0)
(0.01,9.0,0.10000000000000005)(157.29975324691566 203.0)
(0.01,9.0,0.10000000000000005)(158.1463671903022 204.0)
(0.01,9.0,0.10000000000000005)(157.6206376955667 203.0)
(0.01,9.0,0.10000000000000005)(158.1724854872658 198.0)
(0.01,9.0,0.10000000000000005)(157.21343389701318 205.0)
(0.01,9.0,0.10000000000000005)(157.77866169839396 204.0)
(0.01,9.0,0.10000000000000005)(156.2183765371921 207.0)
(0.01,9.0,0.10000000000000005)(158.36716850533696 202.0)
(0.01,9.0,0.10000000000000005)(157.71910328743925 205.0)
(0.01,9.0,0.10000000000000005)(158.17666717453335 204.0)
(0.01,9.0,0.10000000000000005)(157.71910328743925 206.0)
(0.01,9.0,0.10000000000000005)(158.8510588729286 202.0)
(0.01,9.0,0.10000000000000005)(157.96933206048874 206.0)
(0.01,9.0,0.10000000000000005)(159.3079262301667 205.0)
(0.01,9.0,0.10000000000000005)(160.0957425993109 200.0)
(0.01,9.0,0.10000000000000005)(158.70990371141107 206.0)
(0.01,9.0,0.10000000000000005)(159.65080759208237 201.0)
(0.01,9.0,0.10000000000000005)(159.86238200730403 202.0)
(0.01,9.0,0.10000000000000005)(159.49862222202103 200.0)
(0.01,9.0,0.10000000000000005)(160.64828539419634 198.0)
(0.01,9.0,0.10000000000000005)(159.60781443380174 200.0)
(0.01,9.0,0.10000000000000005)(160.64911368921307 198.0)
(0.01,9.0,0.10000000000000005)(159.2638189951124 201.0)
(0.01,9.0,0.10000000000000005)(160.3109112645066 197.0)
(0.01,9.0,0.10000000000000005)(160.26302772007327 198.0)
(0.01,9.0,0.10000000000000005)(159.3756449088601 202.0)
(0.01,9.0,0.10000000000000005)(159.4779258327457 197.0)
(0.01,9.0,0.10000000000000005)(159.82052791080145 195.0)
(0.01 9.0 0.10300000000000005)(131.40335333134223 261.0)
(0.01,9.0,0.10300000000000005)(165.85989181798615 3.0)
(0.01,9.0,0.10300000000000005)(165.85989181798615 30.0)
(0.01,9.0,0.10300000000000005)(165.81921881755773 44.0)
(0.01,9.0,0.10300000000000005)(165.81921881755773 51.0)
(0.01,9.0,0.10300000000000005)(165.81921881755773 66.0)
(0.01,9.0,0.10300000000000005)(165.81921881755773 90.0)
(0.01,9.0,0.10300000000000005)(165.5074802526073 124.0)
(0.01,9.0,0.10300000000000005)(165.18122760265302 134.0)
(0.01,9.0,0.10300000000000005)(165.18122760265302 139.0)
(0.01,9.0,0.10300000000000005)(164.5558745103167 143.0)
(0.01,9.0,0.10300000000000005)(164.34345776014575 144.0)
(0.01,9.0,0.10300000000000005)(164.18811132789637 157.0)
(0.01,9.0,0.10300000000000005)(163.2538794682229 163.0)
(0.01,9.0,0.10300000000000005)(163.09696290362012 164.0)
(0.01,9.0,0.10300000000000005)(161.90579789023747 173.0)
(0.01,9.0,0.10300000000000005)(161.90579789023747 177.0)
(0.01,9.0,0.10300000000000005)(161.90579789023747 179.0)
(0.01,9.0,0.10300000000000005)(161.7222553934286 182.0)
(0.01,9.0,0.10300000000000005)(161.26757036491574 183.0)
(0.01,9.0,0.10300000000000005)(160.492807622055 188.0)
(0.01,9.0,0.10300000000000005)(160.0096290333448 190.0)
(0.01,9.0,0.10300000000000005)(159.9873932456675 192.0)
(0.01,9.0,0.10300000000000005)(159.9873932456675 197.0)
(0.01,9.0,0.10300000000000005)(159.90856147107158 200.0)
(0.01,9.0,0.10300000000000005)(159.54810028222147 201.0)
(0.01,9.0,0.10300000000000005)(159.04198483314798 202.0)
(0.01,9.0,0.10300000000000005)(159.21346745610376 201.0)
(0.01,9.0,0.10300000000000005)(158.02312027350686 204.0)
(0.01,9.0,0.10300000000000005)(158.02312027350686 205.0)
(0.01,9.0,0.10300000000000005)(157.31372539760008 205.0)
(0.01,9.0,0.10300000000000005)(157.46755239411152 204.0)
(0.01,9.0,0.10300000000000005)(157.32316880711247 205.0)
(0.01,9.0,0.10300000000000005)(157.23388292435277 208.0)
(0.01,9.0,0.10300000000000005)(157.80774351907522 203.0)
(0.01,9.0,0.10300000000000005)(157.8077435190752 204.0)
(0.01,9.0,0.10300000000000005)(156.68206141069263 210.0)
(0.01,9.0,0.10300000000000005)(158.2715727786967 203.0)
(0.01,9.0,0.10300000000000005)(157.72068252919647 207.0)
(0.01,9.0,0.10300000000000005)(157.38049140423274 207.0)
(0.01,9.0,0.10300000000000005)(156.91231698793467 211.0)
(0.01,9.0,0.10300000000000005)(156.83241556270903 211.0)
(0.01,9.0,0.10300000000000005)(157.48641731784534 207.0)
(0.01,9.0,0.10300000000000005)(157.46392791378494 209.0)
(0.01,9.0,0.10300000000000005)(157.72068252919647 206.0)
(0.01,9.0,0.10300000000000005)(157.48713703346905 209.0)
(0.01,9.0,0.10300000000000005)(158.06064874918314 205.0)
(0.01,9.0,0.10300000000000005)(158.32945634807183 201.0)
(0.01,9.0,0.10300000000000005)(159.03385547427504 205.0)
(0.01,9.0,0.10300000000000005)(158.91081115647225 203.0)
(0.01,9.0,0.10300000000000005)(159.5693398721184 201.0)
(0.01,9.0,0.10300000000000005)(157.85973958714277 204.0)
(0.01,9.0,0.10300000000000005)(158.49801918967597 205.0)
(0.01,9.0,0.10300000000000005)(157.4464404110784 204.0)
(0.01,9.0,0.10300000000000005)(157.79009079523976 206.0)
(0.01,9.0,0.10300000000000005)(159.6797252907851 198.0)
(0.01,9.0,0.10300000000000005)(159.91194195017414 200.0)
(0.01,9.0,0.10300000000000005)(160.14114233424297 198.0)
(0.01,9.0,0.10300000000000005)(159.46815087556342 199.0)
(0.01,9.0,0.10300000000000005)(160.02221764161902 201.0)
(0.01,9.0,0.10300000000000005)(158.40971465855577 201.0)
(0.01,9.0,0.10300000000000005)(158.53719663512138 202.0)
(0.01,9.0,0.10300000000000005)(159.09214219481908 199.0)
(0.01,9.0,0.10300000000000005)(159.34680282639187 198.0)
(0.01,9.0,0.10300000000000005)(159.39957094185482 195.0)
(0.01,9.0,0.10300000000000005)(159.30273499479378 197.0)
(0.01,9.0,0.10300000000000005)(160.23255637361567 196.0)
(0.01 9.0 0.10600000000000005)(129.09980612587663 263.0)
(0.01,9.0,0.10600000000000005)(165.85989181798615 3.0)
(0.01,9.0,0.10600000000000005)(165.85989181798615 30.0)
(0.01,9.0,0.10600000000000005)(165.85989181798615 37.0)
(0.01,9.0,0.10600000000000005)(165.81921881755773 51.0)
(0.01,9.0,0.10600000000000005)(165.81921881755773 59.0)
(0.01,9.0,0.10600000000000005)(165.81921881755773 76.0)
(0.01,9.0,0.10600000000000005)(165.51834459697577 101.0)
(0.01,9.0,0.10600000000000005)(164.79817258824698 131.0)
(0.01,9.0,0.10600000000000005)(164.3875020754069 139.0)
(0.01,9.0,0.10600000000000005)(164.3875020754069 151.0)
(0.01,9.0,0.10600000000000005)(164.17466972386745 152.0)
(0.01,9.0,0.10600000000000005)(164.17466972386745 153.0)
(0.01,9.0,0.10600000000000005)(163.2147974678056 158.0)
(0.01,9.0,0.10600000000000005)(163.08412668369203 164.0)
(0.01,9.0,0.10600000000000005)(162.35116047773292 166.0)
(0.01,9.0,0.10600000000000005)(161.7353145419104 167.0)
(0.01,9.0,0.10600000000000005)(161.7353145419104 179.0)
(0.01,9.0,0.10600000000000005)(161.551693397836 180.0)
(0.01,9.0,0.10600000000000005)(161.1976075648358 182.0)
(0.01,9.0,0.10600000000000005)(160.66374511245965 185.0)
(0.01,9.0,0.10600000000000005)(160.66374511245965 190.0)
(0.01,9.0,0.10600000000000005)(160.08019964132782 191.0)
(0.01,9.0,0.10600000000000005)(159.8384295091002 192.0)
(0.01,9.0,0.10600000000000005)(160.08019964132785 194.0)
(0.01,9.0,0.10600000000000005)(160.08019964132785 198.0)
(0.01,9.0,0.10600000000000005)(159.97915768688725 200.0)
(0.01,9.0,0.10600000000000005)(159.80795816264265 201.0)
(0.01,9.0,0.10600000000000005)(159.15252476318864 202.0)
(0.01,9.0,0.10600000000000005)(157.7736161954879 205.0)
(0.01,9.0,0.10600000000000005)(157.8657226882726 205.0)
(0.01,9.0,0.10600000000000005)(158.1339817052608 204.0)
(0.01,9.0,0.10600000000000005)(157.42475046833948 204.0)
(0.01,9.0,0.10600000000000005)(157.22666440772136 206.0)
(0.01,9.0,0.10600000000000005)(159.6062312136627 199.0)
(0.01,9.0,0.10600000000000005)(156.70539770230266 208.0)
(0.01,9.0,0.10600000000000005)(156.99296051681102 209.0)
(0.01,9.0,0.10600000000000005)(156.04007287016702 209.0)
(0.01,9.0,0.10600000000000005)(156.59578796718063 210.0)
(0.01,9.0,0.10600000000000005)(156.8826127011562 210.0)
(0.01,9.0,0.10600000000000005)(156.70539770230266 207.0)
(0.01,9.0,0.10600000000000005)(156.5688821238503 210.0)
(0.01,9.0,0.10600000000000005)(157.17516512431868 208.0)
(0.01,9.0,0.10600000000000005)(156.5950004208139 209.0)
(0.01,9.0,0.10600000000000005)(156.80937374758958 209.0)
(0.01,9.0,0.10600000000000005)(159.4822788822396 200.0)
(0.01,9.0,0.10600000000000005)(155.827811883354 211.0)
(0.01,9.0,0.10600000000000005)(156.85930918769367 209.0)
(0.01,9.0,0.10600000000000005)(157.7474978985243 206.0)
(0.01,9.0,0.10600000000000005)(157.04670179611352 207.0)
(0.01,9.0,0.10600000000000005)(157.3870168951085 206.0)
(0.01,9.0,0.10600000000000005)(157.3870168951085 203.0)
(0.01,9.0,0.10600000000000005)(158.02147130373777 202.0)
(0.01,9.0,0.10600000000000005)(158.45822253896782 203.0)
(0.01,9.0,0.10600000000000005)(157.69664156146158 203.0)
(0.01,9.0,0.10600000000000005)(158.80139731780167 202.0)
(0.01,9.0,0.10600000000000005)(157.90762313157606 201.0)
(0.01,9.0,0.10600000000000005)(159.306544940541 199.0)
(0.01,9.0,0.10600000000000005)(158.9636299422571 202.0)
(0.01,9.0,0.10600000000000005)(158.70621783025723 201.0)
(0.01,9.0,0.10600000000000005)(159.66615236250178 195.0)
(0.01,9.0,0.10600000000000005)(158.34814253647596 199.0)
(0.01,9.0,0.10600000000000005)(159.86067792663826 199.0)
(0.01,9.0,0.10600000000000005)(159.11390744228876 198.0)
(0.01,9.0,0.10600000000000005)(158.77092597134407 198.0)
(0.01,9.0,0.10600000000000005)(158.55896188259106 198.0)
(0.01,9.0,0.10600000000000005)(160.21994838133926 196.0)
(0.01,9.0,0.10600000000000005)(159.11390744228876 197.0)
(0.01 9.0 0.10900000000000006)(128.76917602909637 265.0)
(0.01,9.0,0.10900000000000006)(165.85989181798615 3.0)
(0.01,9.0,0.10900000000000006)(165.85989181798615 25.0)
(0.01,9.0,0.10900000000000006)(165.81921881755773 42.0)
(0.01,9.0,0.10900000000000006)(165.81921881755773 51.0)
(0.01,9.0,0.10900000000000006)(165.81921881755773 65.0)
(0.01,9.0,0.10900000000000006)(165.81921881755773 83.0)
(0.01,9.0,0.10900000000000006)(165.18508116381085 110.0)
(0.01,9.0,0.10900000000000006)(164.21891061476813 141.0)
(0.01,9.0,0.10900000000000006)(164.21891061476813 151.0)
(0.01,9.0,0.10900000000000006)(164.21891061476813 150.0)
(0.01,9.0,0.10900000000000006)(164.00570325002604 153.0)
(0.01,9.0,0.10900000000000006)(163.32379506738044 159.0)
(0.01,9.0,0.10900000000000006)(163.0451226157333 160.0)
(0.01,9.0,0.10900000000000006)(163.3061395245051 172.0)
(0.01,9.0,0.10900000000000006)(162.04526683626986 167.0)
(0.01,9.0,0.10900000000000006)(161.42893917796613 168.0)
(0.01,9.0,0.10900000000000006)(161.42893917796613 180.0)
(0.01,9.0,0.10900000000000006)(161.07473290472547 181.0)
(0.01,9.0,0.10900000000000006)(160.52722830338277 186.0)
(0.01,9.0,0.10900000000000006)(159.99268097388986 188.0)
(0.01,9.0,0.10900000000000006)(159.31144109378164 194.0)
(0.01,9.0,0.10900000000000006)(159.31144109378167 196.0)
(0.01,9.0,0.10900000000000006)(159.31144109378167 198.0)
(0.01,9.0,0.10900000000000006)(159.06925111566144 203.0)
(0.01,9.0,0.10900000000000006)(158.2461039188575 205.0)
(0.01,9.0,0.10900000000000006)(159.6845861045536 201.0)
(0.01,9.0,0.10900000000000006)(159.7634426919136 201.0)
(0.01,9.0,0.10900000000000006)(158.01711825424377 206.0)
(0.01,9.0,0.10900000000000006)(157.46101873650542 207.0)
(0.01,9.0,0.10900000000000006)(157.1345087283724 208.0)
(0.01,9.0,0.10900000000000006)(157.95918606206288 207.0)
(0.01,9.0,0.10900000000000006)(157.875116590713 208.0)
(0.01,9.0,0.10900000000000006)(157.2498999194147 207.0)
(0.01,9.0,0.10900000000000006)(158.03821461639419 204.0)
(0.01,9.0,0.10900000000000006)(157.40370937746053 206.0)
(0.01,9.0,0.10900000000000006)(157.51032827395667 207.0)
(0.01,9.0,0.10900000000000006)(157.68220215611524 205.0)
(0.01,9.0,0.10900000000000006)(157.38337909152895 205.0)
(0.01,9.0,0.10900000000000006)(157.73008570054853 204.0)
(0.01,9.0,0.10900000000000006)(159.0561919671796 202.0)
(0.01,9.0,0.10900000000000006)(155.98348322674585 211.0)
(0.01,9.0,0.10900000000000006)(157.04309468899976 208.0)
(0.01,9.0,0.10900000000000006)(157.08375108494602 209.0)
(0.01,9.0,0.10900000000000006)(156.93201782389588 207.0)
(0.01,9.0,0.10900000000000006)(157.36960469713276 205.0)
(0.01,9.0,0.10900000000000006)(156.07136331525442 213.0)
(0.01,9.0,0.10900000000000006)(157.2723937360517 206.0)
(0.01,9.0,0.10900000000000006)(159.2749702735644 202.0)
(0.01,9.0,0.10900000000000006)(157.2324877214389 204.0)
(0.01,9.0,0.10900000000000006)(158.34378948698208 202.0)
(0.01,9.0,0.10900000000000006)(158.30397755618134 203.0)
(0.01,9.0,0.10900000000000006)(160.6008194518277 201.0)
(0.01,9.0,0.10900000000000006)(157.89891703258817 202.0)
(0.01,9.0,0.10900000000000006)(158.11115938454546 201.0)
(0.01,9.0,0.10900000000000006)(159.0071604371965 200.0)
(0.01,9.0,0.10900000000000006)(158.40473217989714 201.0)
(0.01,9.0,0.10900000000000006)(158.0613128232641 199.0)
(0.01,9.0,0.10900000000000006)(158.3518611006146 202.0)
(0.01,9.0,0.10900000000000006)(159.51221870716145 197.0)
(0.01,9.0,0.10900000000000006)(158.95985363287807 198.0)
(0.01,9.0,0.10900000000000006)(158.95985363287807 195.0)
(0.01,9.0,0.10900000000000006)(158.9996023237584 197.0)
(0.01 9.0 0.11200000000000006)(134.14508873914724 261.0)
(0.01,9.0,0.11200000000000006)(165.85989181798615 3.0)
(0.01,9.0,0.11200000000000006)(165.85989181798615 25.0)
(0.01,9.0,0.11200000000000006)(165.81921881755773 43.0)
(0.01,9.0,0.11200000000000006)(165.81921881755773 51.0)
(0.01,9.0,0.11200000000000006)(165.81921881755773 72.0)
(0.01,9.0,0.11200000000000006)(165.81921881755773 75.0)
(0.01,9.0,0.11200000000000006)(165.6810015013959 102.0)
(0.01,9.0,0.11200000000000006)(164.798172588247 129.0)
(0.01,9.0,0.11200000000000006)(164.3875020754069 139.0)
(0.01,9.0,0.11200000000000006)(164.3875020754069 150.0)
(0.01,9.0,0.11200000000000006)(164.17466972386745 152.0)
(0.01,9.0,0.11200000000000006)(164.17466972386745 160.0)
(0.01,9.0,0.11200000000000006)(163.10606530864837 166.0)
(0.01,9.0,0.11200000000000006)(163.05800838672843 167.0)
(0.01,9.0,0.11200000000000006)(162.60426741143235 172.0)
(0.01,9.0,0.11200000000000006)(162.21566842426728 178.0)
(0.01,9.0,0.11200000000000006)(161.59957694226932 178.0)
(0.01,9.0,0.11200000000000006)(161.59957694226932 180.0)
(0.01,9.0,0.11200000000000006)(160.74210000335052 183.0)
(0.01,9.0,0.11200000000000006)(160.74210000335052 189.0)
(0.01,9.0,0.11200000000000006)(160.4001615730419 190.0)
(0.01,9.0,0.11200000000000006)(159.72325578572446 192.0)
(0.01,9.0,0.11200000000000006)(158.8207588886974 195.0)
(0.01,9.0,0.11200000000000006)(159.15022887863876 198.0)
(0.01,9.0,0.11200000000000006)(158.9525627849625 200.0)
(0.01,9.0,0.11200000000000006)(158.12895499232638 202.0)
(0.01,9.0,0.11200000000000006)(157.8998546308121 203.0)
(0.01,9.0,0.11200000000000006)(159.79776539139598 198.0)
(0.01,9.0,0.11200000000000006)(159.00599064401672 200.0)
(0.01,9.0,0.11200000000000006)(157.60322549759093 203.0)
(0.01,9.0,0.11200000000000006)(158.57948358881936 201.0)
(0.01,9.0,0.11200000000000006)(157.93972452966958 203.0)
(0.01,9.0,0.11200000000000006)(158.02380339558778 202.0)
(0.01,9.0,0.11200000000000006)(157.38919750322066 203.0)
(0.01,9.0,0.11200000000000006)(157.02853938008138 204.0)
(0.01,9.0,0.11200000000000006)(157.27454795215465 204.0)
(0.01,9.0,0.11200000000000006)(156.8687864929953 205.0)
(0.01,9.0,0.11200000000000006)(157.30501929861222 205.0)
(0.01,9.0,0.11200000000000006)(156.9340822354044 206.0)
(0.01,9.0,0.11200000000000006)(157.13811583548616 205.0)
(0.01,9.0,0.11200000000000006)(157.27019490266073 205.0)
(0.01,9.0,0.11200000000000006)(156.70026115503515 207.0)
(0.01,9.0,0.11200000000000006)(156.27403760908533 208.0)
(0.01,9.0,0.11200000000000006)(157.01983328109355 206.0)
(0.01,9.0,0.11200000000000006)(156.27160359197552 207.0)
(0.01,9.0,0.11200000000000006)(157.25352001520957 204.0)
(0.01,9.0,0.11200000000000006)(156.83241556270903 206.0)
(0.01,9.0,0.11200000000000006)(157.80774351907527 204.0)
(0.01,9.0,0.11200000000000006)(157.15913086489954 202.0)
(0.01,9.0,0.11200000000000006)(157.59374243316665 202.0)
(0.01,9.0,0.11200000000000006)(158.14770973906195 201.0)
(0.01,9.0,0.11200000000000006)(158.567667981579 199.0)
(0.01,9.0,0.11200000000000006)(159.379997958354 201.0)
(0.01,9.0,0.11200000000000006)(158.92763575312588 198.0)
(0.01,9.0,0.11200000000000006)(159.77549237965172 196.0)
(0.01,9.0,0.11200000000000006)(159.62748869685788 198.0)
(0.01,9.0,0.11200000000000006)(159.4159142816362 198.0)
(0.01,9.0,0.11200000000000006)(159.4327833758652 197.0)
(0.01,9.0,0.11200000000000006)(160.32921919199694 195.0)
(0.01,9.0,0.11200000000000006)(160.32921919199694 194.0)
(0.01,9.0,0.11200000000000006)(160.32921919199694 193.0)
(0.01,9.0,0.11200000000000006)(160.55728895688833 192.0)
(0.01 9.0 0.11500000000000006)(126.25612706238505 264.0)
(0.01,9.0,0.11500000000000006)(165.85989181798615 3.0)
(0.01,9.0,0.11500000000000006)(165.85989181798615 25.0)
(0.01,9.0,0.11500000000000006)(165.85989181798615 35.0)
(0.01,9.0,0.11500000000000006)(165.81921881755773 51.0)
(0.01,9.0,0.11500000000000006)(165.81921881755773 63.0)
(0.01,9.0,0.11500000000000006)(165.81921881755773 82.0)
(0.01,9.0,0.11500000000000006)(165.35201037115124 107.0)
(0.01,9.0,0.11500000000000006)(164.798172588247 131.0)
(0.01,9.0,0.11500000000000006)(164.3875020754069 146.0)
(0.01,9.0,0.11500000000000006)(164.3875020754069 150.0)
(0.01,9.0,0.11500000000000006)(164.17466972386745 151.0)
(0.01,9.0,0.11500000000000006)(164.17466972386745 160.0)
(0.01,9.0,0.11500000000000006)(163.63237226531723 170.0)
(0.01,9.0,0.11500000000000006)(162.7617045740272 171.0)
(0.01,9.0,0.11500000000000006)(162.37341299748704 176.0)
(0.01,9.0,0.11500000000000006)(161.59957694226932 167.0)
(0.01,9.0,0.11500000000000006)(161.59957694226932 179.0)
(0.01,9.0,0.11500000000000006)(161.59957694226932 181.0)
(0.01,9.0,0.11500000000000006)(160.93909035211507 183.0)
(0.01,9.0,0.11500000000000006)(160.93909035211507 188.0)
(0.01,9.0,0.11500000000000006)(160.2591258267847 190.0)
(0.01,9.0,0.11500000000000006)(159.50188334418417 192.0)
(0.01,9.0,0.11500000000000006)(159.2433730954189 195.0)
(0.01,9.0,0.11500000000000006)(159.15022887863876 200.0)
(0.01,9.0,0.11500000000000006)(158.32684884239424 202.0)
(0.01,9.0,0.11500000000000006)(158.08406296642195 203.0)
(0.01,9.0,0.11500000000000006)(158.6789742980152 202.0)
(0.01,9.0,0.11500000000000006)(157.85492540280285 204.0)
(0.01,9.0,0.11500000000000006)(158.4413417089603 202.0)
(0.01,9.0,0.11500000000000006)(158.60497245661827 203.0)
(0.01,9.0,0.11500000000000006)(158.68395677667382 202.0)
(0.01,9.0,0.11500000000000006)(158.68395677667382 201.0)
(0.01,9.0,0.11500000000000006)(158.04992169255135 202.0)
(0.01,9.0,0.11500000000000006)(157.83891193789697 203.0)
(0.01,9.0,0.11500000000000006)(157.89114853182423 203.0)
(0.01,9.0,0.11500000000000006)(157.96584282663315 204.0)
(0.01,9.0,0.11500000000000006)(157.9477381752454 202.0)
(0.01,9.0,0.11500000000000006)(157.37902114000912 206.0)
(0.01,9.0,0.11500000000000006)(156.17957079191223 209.0)
(0.01,9.0,0.11500000000000006)(156.69273386552499 207.0)
(0.01,9.0,0.11500000000000006)(158.28767139694884 203.0)
(0.01,9.0,0.11500000000000006)(158.85798696122285 200.0)
(0.01,9.0,0.11500000000000006)(156.48136520128293 210.0)
(0.01,9.0,0.11500000000000006)(157.73668684764138 203.0)
(0.01,9.0,0.11500000000000006)(157.50310535923037 207.0)
(0.01,9.0,0.11500000000000006)(157.50310535923037 208.0)
(0.01,9.0,0.11500000000000006)(157.73668684764138 205.0)
(0.01,9.0,0.11500000000000006)(156.85340138509656 206.0)
(0.01,9.0,0.11500000000000006)(157.27454795215468 205.0)
(0.01,9.0,0.11500000000000006)(157.43708104765398 205.0)
(0.01,9.0,0.11500000000000006)(157.85770439273722 201.0)
(0.01,9.0,0.11500000000000006)(159.46921973375785 199.0)
(0.01,9.0,0.11500000000000006)(158.16578601111863 200.0)
(0.01,9.0,0.11500000000000006)(159.77650184039544 198.0)
(0.01,9.0,0.11500000000000006)(159.8118218118136 199.0)
(0.01,9.0,0.11500000000000006)(159.0698168228039 200.0)
(0.01,9.0,0.11500000000000006)(160.32921919199694 195.0)
(0.01,9.0,0.11500000000000006)(160.02221764161902 195.0)
(0.01,9.0,0.11500000000000006)(159.4126300903367 199.0)
(0.01,9.0,0.11500000000000006)(159.8118218118136 197.0)
(0.01,9.0,0.11500000000000006)(159.71991219697432 198.0)
(0.01,9.0,0.11500000000000006)(159.64105560961428 197.0)
(0.01,9.0,0.11500000000000006)(160.34706931765865 196.0)
(0.01,9.0,0.11500000000000006)(160.32921919199694 194.0)
(0.01,9.0,0.11500000000000006)(160.32921919199694 193.0)
(0.01,9.0,0.11500000000000006)(160.55728895688833 192.0)
(0.01 9.0 0.11800000000000006)(123.27229918248378 270.0)
(0.01,9.0,0.11800000000000006)(165.85989181798615 3.0)
(0.01,9.0,0.11800000000000006)(165.85989181798615 25.0)
(0.01,9.0,0.11800000000000006)(165.85989181798615 37.0)
(0.01,9.0,0.11800000000000006)(165.81921881755773 44.0)
(0.01,9.0,0.11800000000000006)(165.81921881755773 65.0)
(0.01,9.0,0.11800000000000006)(165.81921881755773 82.0)
(0.01,9.0,0.11800000000000006)(165.01770556001006 110.0)
(0.01,9.0,0.11800000000000006)(164.21891061476813 140.0)
(0.01,9.0,0.11800000000000006)(164.21891061476813 150.0)
(0.01,9.0,0.11800000000000006)(164.21891061476813 152.0)
(0.01,9.0,0.11800000000000006)(164.00570325002604 153.0)
(0.01,9.0,0.11800000000000006)(163.84980255999878 155.0)
(0.01,9.0,0.11800000000000006)(163.16700598630325 167.0)
(0.01,9.0,0.11800000000000006)(162.20315533112267 169.0)
(0.01,9.0,0.11800000000000006)(162.04526683626986 174.0)
(0.01,9.0,0.11800000000000006)(161.42893917796613 175.0)
(0.01,9.0,0.11800000000000006)(161.42893917796613 181.0)
(0.01,9.0,0.11800000000000006)(161.42893917796613 183.0)
(0.01,9.0,0.11800000000000006)(160.11502403727937 186.0)
(0.01,9.0,0.11800000000000006)(159.69662370895932 191.0)
(0.01,9.0,0.11800000000000006)(158.51663747631108 194.0)
(0.01,9.0,0.11800000000000006)(158.1768385367597 196.0)
(0.01,9.0,0.11800000000000006)(157.39133864851468 200.0)
(0.01,9.0,0.11800000000000006)(157.23161954850147 204.0)
(0.01,9.0,0.11800000000000006)(157.05877413639368 205.0)
(0.01,9.0,0.11800000000000006)(156.8945692647672 206.0)
(0.01,9.0,0.11800000000000006)(156.60760363660714 207.0)
(0.01,9.0,0.11800000000000006)(157.8542191839777 204.0)
(0.01,9.0,0.11800000000000006)(158.09712211490378 203.0)
(0.01,9.0,0.11800000000000006)(157.67649876982048 204.0)
(0.01,9.0,0.11800000000000006)(157.47765369601325 206.0)
(0.01,9.0,0.11800000000000006)(156.92661972871983 206.0)
(0.01,9.0,0.11800000000000006)(157.10897127484088 207.0)
(0.01,9.0,0.11800000000000006)(157.3616089420334 204.0)
(0.01,9.0,0.11800000000000006)(156.4884369680425 207.0)
(0.01,9.0,0.11800000000000006)(156.70223951471354 205.0)
(0.01,9.0,0.11800000000000006)(157.34270916170118 206.0)
(0.01,9.0,0.11800000000000006)(155.97158789582272 207.0)
(0.01,9.0,0.11800000000000006)(156.63179117261 206.0)
(0.01,9.0,0.11800000000000006)(155.55456269414086 208.0)
(0.01,9.0,0.11800000000000006)(157.66416819050608 206.0)
(0.01,9.0,0.11800000000000006)(156.39784202729965 209.0)
(0.01,9.0,0.11800000000000006)(158.39280381407983 201.0)
(0.01,9.0,0.11800000000000006)(158.81266161875135 201.0)
(0.01,9.0,0.11800000000000006)(159.3941490341665 199.0)
(0.01,9.0,0.11800000000000006)(159.1966153826736 199.0)
(0.01,9.0,0.11800000000000006)(159.7368226984809 197.0)
(0.01,9.0,0.11800000000000006)(159.1966153826736 198.0)
(0.01,9.0,0.11800000000000006)(159.7014905382548 197.0)
(0.01,9.0,0.11800000000000006)(159.98691636196244 197.0)
(0.01,9.0,0.11800000000000006)(160.0439828890887 198.0)
(0.01,9.0,0.11800000000000006)(160.3292191919969 197.0)
(0.01 9.0 0.12100000000000007)(123.4219718130522 270.0)
(0.01,9.0,0.12100000000000007)(165.85989181798615 3.0)
(0.01,9.0,0.12100000000000007)(165.85989181798615 30.0)
(0.01,9.0,0.12100000000000007)(165.85989181798615 37.0)
(0.01,9.0,0.12100000000000007)(165.81921881755773 44.0)
(0.01,9.0,0.12100000000000007)(165.81921881755773 65.0)
(0.01,9.0,0.12100000000000007)(165.81921881755773 83.0)
(0.01,9.0,0.12100000000000007)(165.01770556001006 110.0)
(0.01,9.0,0.12100000000000007)(164.21891061476813 140.0)
(0.01,9.0,0.12100000000000007)(164.21891061476813 150.0)
(0.01,9.0,0.12100000000000007)(164.21891061476813 153.0)
(0.01,9.0,0.12100000000000007)(164.00570325002604 154.0)
(0.01,9.0,0.12100000000000007)(163.32379506738044 167.0)
(0.01,9.0,0.12100000000000007)(162.74896230860526 168.0)
(0.01,9.0,0.12100000000000007)(162.20315533112267 174.0)
(0.01,9.0,0.12100000000000007)(162.04526683626986 175.0)
(0.01,9.0,0.12100000000000007)(161.42893917796613 176.0)
(0.01,9.0,0.12100000000000007)(161.42893917796613 182.0)
(0.01,9.0,0.12100000000000007)(161.1226164491588 184.0)
(0.01,9.0,0.12100000000000007)(160.11502403727937 186.0)
(0.01,9.0,0.12100000000000007)(159.69662370895932 191.0)
(0.01,9.0,0.12100000000000007)(159.35387966139035 193.0)
(0.01,9.0,0.12100000000000007)(158.1768385367597 196.0)
(0.01,9.0,0.12100000000000007)(158.21601598220514 198.0)
(0.01,9.0,0.12100000000000007)(157.8839797833317 204.0)
(0.01,9.0,0.12100000000000007)(156.8945692647672 207.0)
(0.01,9.0,0.12100000000000007)(156.8945692647672 206.0)
(0.01,9.0,0.12100000000000007)(156.60760363660714 207.0)
(0.01,9.0,0.12100000000000007)(156.49632012522602 208.0)
(0.01,9.0,0.12100000000000007)(156.2935881792052 208.0)
(0.01,9.0,0.12100000000000007)(157.11971682930889 206.0)
(0.01,9.0,0.12100000000000007)(157.36296972379566 205.0)
(0.01,9.0,0.12100000000000007)(157.27874020510444 206.0)
(0.01,9.0,0.12100000000000007)(157.5799987272548 205.0)
(0.01,9.0,0.12100000000000007)(156.86053643994407 208.0)
(0.01,9.0,0.12100000000000007)(156.9448154244692 207.0)
(0.01,9.0,0.12100000000000007)(156.71094561370143 210.0)
(0.01,9.0,0.12100000000000007)(157.3928175990155 207.0)
(0.01,9.0,0.12100000000000007)(155.6242489110056 211.0)
(0.01,9.0,0.12100000000000007)(157.16632380609244 207.0)
(0.01,9.0,0.12100000000000007)(156.7457700096529 209.0)
(0.01,9.0,0.12100000000000007)(156.67967471704327 208.0)
(0.01,9.0,0.12100000000000007)(157.25849653594113 206.0)
(0.01,9.0,0.12100000000000007)(156.60922242011844 207.0)
(0.01,9.0,0.12100000000000007)(157.0472615222467 207.0)
(0.01,9.0,0.12100000000000007)(156.82056742337028 208.0)
(0.01,9.0,0.12100000000000007)(157.2687073203043 208.0)
(0.01,9.0,0.12100000000000007)(156.37525768120017 212.0)
(0.01,9.0,0.12100000000000007)(157.47987858889425 207.0)
(0.01,9.0,0.12100000000000007)(156.33608023575476 208.0)
(0.01,9.0,0.12100000000000007)(156.7524977489624 209.0)
(0.01,9.0,0.12100000000000007)(157.36882745866487 209.0)
(0.01,9.0,0.12100000000000007)(156.84189698971795 206.0)
(0.01,9.0,0.12100000000000007)(156.92025188060882 206.0)
(0.01,9.0,0.12100000000000007)(157.42547462493025 206.0)
(0.01,9.0,0.12100000000000007)(159.1835562341918 203.0)
(0.01,9.0,0.12100000000000007)(159.46921973375785 199.0)
(0.01,9.0,0.12100000000000007)(159.1835562341918 200.0)
(0.01,9.0,0.12100000000000007)(159.49098498122754 199.0)
(0.01,9.0,0.12100000000000007)(159.52633503475184 199.0)
(0.01,9.0,0.12100000000000007)(159.7368226984809 197.0)
(0.01,9.0,0.12100000000000007)(159.7014905382548 197.0)
(0.01,9.0,0.12100000000000007)(160.0439828890887 198.0)
(0.01,9.0,0.12100000000000007)(160.0439828890887 195.0)
(0.01,9.0,0.12100000000000007)(159.98691636196244 198.0)
(0.01,9.0,0.12100000000000007)(160.3292191919969 197.0)
(0.01,9.0,0.12100000000000007)(160.3292191919969 194.0)
(0.01 9.0 0.12400000000000007)(122.03975280464064 271.0)
(0.01,9.0,0.12400000000000007)(165.85989181798615 3.0)
(0.01,9.0,0.12400000000000007)(165.85989181798615 30.0)
(0.01,9.0,0.12400000000000007)(165.81921881755773 43.0)
(0.01,9.0,0.12400000000000007)(165.81921881755773 51.0)
(0.01,9.0,0.12400000000000007)(165.81921881755773 68.0)
(0.01,9.0,0.12400000000000007)(165.81921881755773 83.0)
(0.01,9.0,0.12400000000000007)(164.63004771394006 127.0)
(0.01,9.0,0.12400000000000007)(164.21891061476813 135.0)
(0.01,9.0,0.12400000000000007)(164.21891061476813 150.0)
(0.01,9.0,0.12400000000000007)(164.21891061476813 159.0)
(0.01,9.0,0.12400000000000007)(164.00570325002604 161.0)
(0.01,9.0,0.12400000000000007)(163.32379506738044 167.0)
(0.01,9.0,0.12400000000000007)(162.5916341104696 170.0)
(0.01,9.0,0.12400000000000007)(162.43403978034414 175.0)
(0.01,9.0,0.12400000000000007)(161.81819384452163 176.0)
(0.01,9.0,0.12400000000000007)(161.42893917796613 178.0)
(0.01,9.0,0.12400000000000007)(160.77654204940643 184.0)
(0.01,9.0,0.12400000000000007)(160.11502403727937 186.0)
(0.01,9.0,0.12400000000000007)(159.60363274653417 192.0)
(0.01,9.0,0.12400000000000007)(159.10611078237724 194.0)
(0.01,9.0,0.12400000000000007)(158.28131172461417 197.0)
(0.01,9.0,0.12400000000000007)(158.12255260841488 197.0)
(0.01,9.0,0.12400000000000007)(157.65400056865175 205.0)
(0.01,9.0,0.12400000000000007)(157.5749083672363 207.0)
(0.01,9.0,0.12400000000000007)(156.43019761946607 208.0)
(0.01,9.0,0.12400000000000007)(156.14305900386614 209.0)
(0.01,9.0,0.12400000000000007)(158.24782987742248 205.0)
(0.01,9.0,0.12400000000000007)(156.22745433634557 209.0)
(0.01,9.0,0.12400000000000007)(157.05364166181766 207.0)
(0.01,9.0,0.12400000000000007)(156.57114490842736 209.0)
(0.01,9.0,0.12400000000000007)(157.35501809212667 206.0)
(0.01,9.0,0.12400000000000007)(157.27079699394696 207.0)
(0.01,9.0,0.12400000000000007)(156.9693626772925 208.0)
(0.01,9.0,0.12400000000000007)(157.18655910605275 208.0)
(0.01,9.0,0.12400000000000007)(156.87280401729757 209.0)
(0.01,9.0,0.12400000000000007)(158.47181305541787 204.0)
(0.01,9.0,0.12400000000000007)(157.58435177674875 205.0)
(0.01,9.0,0.12400000000000007)(157.27079699394696 210.0)
(0.01,9.0,0.12400000000000007)(157.03700888892408 213.0)
(0.01,9.0,0.12400000000000007)(157.71856390256212 209.0)
(0.01,9.0,0.12400000000000007)(158.24280794260923 206.0)
(0.01,9.0,0.12400000000000007)(158.97551929755917 202.0)
(0.01,9.0,0.12400000000000007)(157.92962890490548 209.0)
(0.01,9.0,0.12400000000000007)(157.5139656743212 211.0)
(0.01,9.0,0.12400000000000007)(158.03182637249475 207.0)
(0.01,9.0,0.12400000000000007)(157.13944262129849 212.0)
(0.01,9.0,0.12400000000000007)(157.48496459208732 212.0)
(0.01,9.0,0.12400000000000007)(156.83797962134605 213.0)
(0.01,9.0,0.12400000000000007)(157.63442100063924 209.0)
(0.01,9.0,0.12400000000000007)(158.1390036400741 206.0)
(0.01,9.0,0.12400000000000007)(158.09780523698473 208.0)
(0.01,9.0,0.12400000000000007)(158.6802280631586 203.0)
(0.01,9.0,0.12400000000000007)(158.21735853096493 205.0)
(0.01,9.0,0.12400000000000007)(159.1835562341918 201.0)
(0.01,9.0,0.12400000000000007)(158.8910165096422 206.0)
(0.01,9.0,0.12400000000000007)(159.1835562341918 200.0)
(0.01,9.0,0.12400000000000007)(159.49098498122754 199.0)
(0.01,9.0,0.12400000000000007)(158.85304094257705 201.0)
(0.01,9.0,0.12400000000000007)(159.43439533780636 199.0)
(0.01,9.0,0.12400000000000007)(159.83358705928325 199.0)
(0.01,9.0,0.12400000000000007)(159.7368226984809 198.0)
(0.01,9.0,0.12400000000000007)(159.52633503475184 201.0)
(0.01,9.0,0.12400000000000007)(160.0439828890887 199.0)
(0.01,9.0,0.12400000000000007)(160.0439828890887 196.0)
(0.01,9.0,0.12400000000000007)(160.0439828890887 193.0)
(0.01,9.0,0.12400000000000007)(159.7014905382548 194.0)
(0.01,9.0,0.12400000000000007)(160.3292191919969 192.0)
(0.01 9.0 0.12700000000000006)(122.08592402971759 270.0)
(0.01,9.0,0.12700000000000006)(165.85989181798615 3.0)
(0.01,9.0,0.12700000000000006)(165.85989181798615 30.0)
(0.01,9.0,0.12700000000000006)(165.85989181798615 37.0)
(0.01,9.0,0.12700000000000006)(165.81921881755773 58.0)
(0.01,9.0,0.12700000000000006)(165.81921881755773 61.0)
(0.01,9.0,0.12700000000000006)(165.81921881755773 75.0)
(0.01,9.0,0.12700000000000006)(165.6810015013959 106.0)
(0.01,9.0,0.12700000000000006)(164.3875020754069 134.0)
(0.01,9.0,0.12700000000000006)(164.3875020754069 146.0)
(0.01,9.0,0.12700000000000006)(164.17466972386745 156.0)
(0.01,9.0,0.12700000000000006)(164.17466972386745 158.0)
(0.01,9.0,0.12700000000000006)(163.10606530864837 164.0)
(0.01,9.0,0.12700000000000006)(162.94908677247236 169.0)
(0.01,9.0,0.12700000000000006)(162.33423555204158 166.0)
(0.01,9.0,0.12700000000000006)(161.59957694226932 171.0)
(0.01,9.0,0.12700000000000006)(161.59957694226932 176.0)
(0.01,9.0,0.12700000000000006)(161.00438609452414 179.0)
(0.01,9.0,0.12700000000000006)(160.64991406949497 180.0)
(0.01,9.0,0.12700000000000006)(159.932709925708 187.0)
(0.01,9.0,0.12700000000000006)(159.5007687227036 190.0)
(0.01,9.0,0.12700000000000006)(158.99923391794886 191.0)
(0.01,9.0,0.12700000000000006)(158.31981076117546 193.0)
(0.01,9.0,0.12700000000000006)(157.46024149803748 199.0)
(0.01,9.0,0.12700000000000006)(157.3665640828135 201.0)
(0.01,9.0,0.12700000000000006)(156.96857110616415 202.0)
(0.01,9.0,0.12700000000000006)(156.73900646790364 203.0)
(0.01,9.0,0.12700000000000006)(156.4250140064781 204.0)
(0.01,9.0,0.12700000000000006)(157.25108364214805 202.0)
(0.01,9.0,0.12700000000000006)(156.73465341840966 206.0)
(0.01,9.0,0.12700000000000006)(157.3309767990317 205.0)
(0.01,9.0,0.12700000000000006)(155.88194626578252 206.0)
(0.01,9.0,0.12700000000000006)(157.64455715913934 206.0)
(0.01,9.0,0.12700000000000006)(156.69708691501904 207.0)
(0.01,9.0,0.12700000000000006)(157.90574503080143 205.0)
(0.01,9.0,0.12700000000000006)(157.98986993711492 205.0)
(0.01,9.0,0.12700000000000006)(157.48050206013195 203.0)
(0.01,9.0,0.12700000000000006)(156.53713961110563 206.0)
(0.01,9.0,0.12700000000000006)(156.67016511303362 205.0)
(0.01,9.0,0.12700000000000006)(157.82595517837245 202.0)
(0.01,9.0,0.12700000000000006)(157.70985290154837 201.0)
(0.01,9.0,0.12700000000000006)(156.47973086905472 204.0)
(0.01,9.0,0.12700000000000006)(157.1952652050406 202.0)
(0.01,9.0,0.12700000000000006)(156.90406693488347 203.0)
(0.01,9.0,0.12700000000000006)(158.076039989515 199.0)
(0.01,9.0,0.12700000000000006)(157.3680772406085 202.0)
(0.01,9.0,0.12700000000000006)(157.90351060794188 196.0)
(0.01,9.0,0.12700000000000006)(158.1101812633856 198.0)
(0.01,9.0,0.12700000000000006)(158.81701466824526 195.0)
(0.01,9.0,0.12700000000000006)(158.40085068379125 197.0)
(0.01,9.0,0.12700000000000006)(158.81701466824526 194.0)
(0.01,9.0,0.12700000000000006)(158.50983479691635 199.0)
(0.01,9.0,0.12700000000000006)(159.16009390959923 197.0)
(0.01 9.0 0.13000000000000006)(115.78305331794833 274.0)
(0.01,9.0,0.13000000000000006)(165.85989181798615 3.0)
(0.01,9.0,0.13000000000000006)(165.85989181798615 30.0)
(0.01,9.0,0.13000000000000006)(165.81921881755773 43.0)
(0.01,9.0,0.13000000000000006)(165.81921881755773 51.0)
(0.01,9.0,0.13000000000000006)(165.81921881755773 68.0)
(0.01,9.0,0.13000000000000006)(165.81921881755773 90.0)
(0.01,9.0,0.13000000000000006)(164.798172588247 125.0)
(0.01,9.0,0.13000000000000006)(164.3875020754069 133.0)
(0.01,9.0,0.13000000000000006)(163.815689000013 138.0)
(0.01,9.0,0.13000000000000006)(163.815689000013 147.0)
(0.01,9.0,0.13000000000000006)(163.6018253643749 155.0)
(0.01,9.0,0.13000000000000006)(163.6018253643749 156.0)
(0.01,9.0,0.13000000000000006)(163.05800838672843 161.0)
(0.01,9.0,0.13000000000000006)(162.60426741143235 171.0)
(0.01,9.0,0.13000000000000006)(161.59957694226932 168.0)
(0.01,9.0,0.13000000000000006)(161.59957694226932 173.0)
(0.01,9.0,0.13000000000000006)(161.00438609452414 179.0)
(0.01,9.0,0.13000000000000006)(160.64991406949497 180.0)
(0.01,9.0,0.13000000000000006)(159.30219189104702 182.0)
(0.01,9.0,0.13000000000000006)(158.9090322900231 190.0)
(0.01,9.0,0.13000000000000006)(158.56579501117278 191.0)
(0.01,9.0,0.13000000000000006)(158.0224324700543 194.0)
(0.01,9.0,0.13000000000000006)(158.01876722401283 193.0)
(0.01,9.0,0.13000000000000006)(156.53957362821538 202.0)
(0.01,9.0,0.13000000000000006)(156.53957362821538 203.0)
(0.01,9.0,0.13000000000000006)(156.08815675253956 203.0)
(0.01,9.0,0.13000000000000006)(155.8584086089804 205.0)
(0.01,9.0,0.13000000000000006)(155.5441484342128 206.0)
(0.01,9.0,0.13000000000000006)(156.37090463170625 204.0)
(0.01,9.0,0.13000000000000006)(156.82214654086533 203.0)
(0.01,9.0,0.13000000000000006)(156.73785948298547 204.0)
(0.01,9.0,0.13000000000000006)(156.41525422527536 208.0)
(0.01,9.0,0.13000000000000006)(156.50394179523104 207.0)
(0.01,9.0,0.13000000000000006)(154.7654041585587 210.0)
(0.01,9.0,0.13000000000000006)(156.81779349137142 207.0)
(0.01,9.0,0.13000000000000006)(155.02246030152008 211.0)
(0.01,9.0,0.13000000000000006)(156.66741511876202 205.0)
(0.01,9.0,0.13000000000000006)(155.54850148370673 207.0)
(0.01,9.0,0.13000000000000006)(156.2525493535655 206.0)
(0.01,9.0,0.13000000000000006)(155.73131359033522 205.0)
(0.01,9.0,0.13000000000000006)(156.65435597028025 205.0)
(0.01,9.0,0.13000000000000006)(156.96813542504214 203.0)
(0.01,9.0,0.13000000000000006)(155.46838684365017 207.0)
(0.01,9.0,0.13000000000000006)(155.30643887298655 206.0)
(0.01,9.0,0.13000000000000006)(156.02286101013055 204.0)
(0.01,9.0,0.13000000000000006)(156.35512676595877 204.0)
(0.01,9.0,0.13000000000000006)(157.06411399408924 198.0)
(0.01,9.0,0.13000000000000006)(156.5542358319197 204.0)
(0.01,9.0,0.13000000000000006)(156.35512676595877 201.0)
(0.01,9.0,0.13000000000000006)(156.44105654507732 199.0)
(0.01,9.0,0.13000000000000006)(157.06411399408924 200.0)
(0.01,9.0,0.13000000000000006)(157.8851842206659 200.0)
(0.01,9.0,0.13000000000000006)(157.3551016764365 197.0)
(0.01,9.0,0.13000000000000006)(158.22869172088176 198.0)
(0.01,9.0,0.13000000000000006)(157.8851842206659 196.0)
(0.01,9.0,0.13000000000000006)(158.1758056898301 197.0)
(0.01,9.0,0.13000000000000006)(158.22869172088176 195.0)
(0.01 9.0 0.13300000000000006)(117.62279202602686 273.0)
(0.01,9.0,0.13300000000000006)(165.85989181798615 3.0)
(0.01,9.0,0.13300000000000006)(165.85989181798615 30.0)
(0.01,9.0,0.13300000000000006)(165.85989181798615 37.0)
(0.01,9.0,0.13300000000000006)(165.81921881755773 56.0)
(0.01,9.0,0.13300000000000006)(165.81921881755773 66.0)
(0.01,9.0,0.13300000000000006)(165.81921881755773 82.0)
(0.01,9.0,0.13300000000000006)(165.18508116381085 118.0)
(0.01,9.0,0.13300000000000006)(164.22761671375602 135.0)
(0.01,9.0,0.13300000000000006)(163.815689000013 144.0)
(0.01,9.0,0.13300000000000006)(163.815689000013 156.0)
(0.01,9.0,0.13300000000000006)(163.815689000013 157.0)
(0.01,9.0,0.13300000000000006)(163.6018253643749 161.0)
(0.01,9.0,0.13300000000000006)(163.44545079983368 167.0)
(0.01,9.0,0.13300000000000006)(162.37341299748704 173.0)
(0.01,9.0,0.13300000000000006)(162.21566842426728 174.0)
(0.01,9.0,0.13300000000000006)(161.59957694226932 176.0)
(0.01,9.0,0.13300000000000006)(161.00438609452414 181.0)
(0.01,9.0,0.13300000000000006)(160.64991406949497 182.0)
(0.01,9.0,0.13300000000000006)(159.30219189104702 182.0)
(0.01,9.0,0.13300000000000006)(159.20911440660979 184.0)
(0.01,9.0,0.13300000000000006)(158.56951357531142 193.0)
(0.01,9.0,0.13300000000000006)(158.38540150266346 194.0)
(0.01,9.0,0.13300000000000006)(157.97385647220895 195.0)
(0.01,9.0,0.13300000000000006)(157.29917866676175 197.0)
(0.01,9.0,0.13300000000000006)(156.64209239411878 199.0)
(0.01,9.0,0.13300000000000006)(156.50119968779174 206.0)
(0.01,9.0,0.13300000000000006)(156.50119968779174 209.0)
(0.01,9.0,0.13300000000000006)(156.25772534486381 209.0)
(0.01,9.0,0.13300000000000006)(158.11723839260426 200.0)
(0.01,9.0,0.13300000000000006)(157.08361586570757 208.0)
(0.01,9.0,0.13300000000000006)(156.76990994693807 209.0)
(0.01,9.0,0.13300000000000006)(156.68562288905818 210.0)
(0.01,9.0,0.13300000000000006)(156.9289579795966 209.0)
(0.01,9.0,0.13300000000000006)(157.16272944707447 206.0)
(0.01,9.0,0.13300000000000006)(158.03318790345972 201.0)
(0.01,9.0,0.13300000000000006)(157.47625849309932 206.0)
(0.01,9.0,0.13300000000000006)(157.16272944707447 207.0)
(0.01,9.0,0.13300000000000006)(157.23313270629635 206.0)
(0.01,9.0,0.13300000000000006)(155.63382244462795 210.0)
(0.01,9.0,0.13300000000000006)(155.71825444185322 207.0)
(0.01,9.0,0.13300000000000006)(156.05852350653254 207.0)
(0.01,9.0,0.13300000000000006)(156.76789514832092 205.0)
(0.01,9.0,0.13300000000000006)(157.16572171480618 205.0)
(0.01,9.0,0.13300000000000006)(156.8810744351633 207.0)
(0.01,9.0,0.13300000000000006)(157.58938938367262 204.0)
(0.01,9.0,0.13300000000000006)(157.58938938367262 202.0)
(0.01,9.0,0.13300000000000006)(157.44288682290593 200.0)
(0.01,9.0,0.13300000000000006)(158.26351611683322 199.0)
(0.01,9.0,0.13300000000000006)(158.26351611683322 198.0)
(0.01,9.0,0.13300000000000006)(157.7387917995364 199.0)
(0.01 9.0 0.13600000000000007)(117.62279202602686 273.0)
(0.01,9.0,0.13600000000000007)(165.85989181798615 3.0)
(0.01,9.0,0.13600000000000007)(165.85989181798615 30.0)
(0.01,9.0,0.13600000000000007)(165.81921881755773 41.0)
(0.01,9.0,0.13600000000000007)(165.81921881755773 56.0)
(0.01,9.0,0.13600000000000007)(165.81921881755773 68.0)
(0.01,9.0,0.13600000000000007)(165.81921881755773 89.0)
(0.01,9.0,0.13600000000000007)(164.798172588247 124.0)
(0.01,9.0,0.13600000000000007)(164.22761671375602 135.0)
(0.01,9.0,0.13600000000000007)(163.815689000013 144.0)
(0.01,9.0,0.13600000000000007)(163.815689000013 157.0)
(0.01,9.0,0.13600000000000007)(163.6018253643749 159.0)
(0.01,9.0,0.13600000000000007)(162.49614975647924 168.0)
(0.01,9.0,0.13600000000000007)(162.33860701387218 169.0)
(0.01,9.0,0.13600000000000007)(161.79181978432553 175.0)
(0.01,9.0,0.13600000000000007)(161.00438609452414 176.0)
(0.01,9.0,0.13600000000000007)(161.00438609452414 181.0)
(0.01,9.0,0.13600000000000007)(160.64991406949497 182.0)
(0.01,9.0,0.13600000000000007)(159.72089717276387 183.0)
(0.01,9.0,0.13600000000000007)(159.20911440660979 186.0)
(0.01,9.0,0.13600000000000007)(158.2260646299527 194.0)
(0.01,9.0,0.13600000000000007)(158.27461224846698 195.0)
(0.01,9.0,0.13600000000000007)(157.55534195315755 196.0)
(0.01,9.0,0.13600000000000007)(157.12714636064692 198.0)
(0.01,9.0,0.13600000000000007)(156.64209239411878 199.0)
(0.01,9.0,0.13600000000000007)(156.58035412888322 206.0)
(0.01,9.0,0.13600000000000007)(156.33689933438444 208.0)
(0.01,9.0,0.13600000000000007)(156.33689933438444 207.0)
(0.01,9.0,0.13600000000000007)(156.02286101013047 209.0)
(0.01,9.0,0.13600000000000007)(157.09232196469543 206.0)
(0.01,9.0,0.13600000000000007)(158.11723839260426 202.0)
(0.01,9.0,0.13600000000000007)(158.03318790345972 203.0)
(0.01,9.0,0.13600000000000007)(157.2418388052842 204.0)
(0.01,9.0,0.13600000000000007)(156.9238296020816 208.0)
(0.01,9.0,0.13600000000000007)(157.15761770710446 205.0)
(0.01,9.0,0.13600000000000007)(157.0080840768012 207.0)
(0.01,9.0,0.13600000000000007)(157.55534195315752 203.0)
(0.01,9.0,0.13600000000000007)(155.80702494206315 207.0)
(0.01,9.0,0.13600000000000007)(156.0098018616486 205.0)
(0.01,9.0,0.13600000000000007)(156.43429300332798 205.0)
(0.01,9.0,0.13600000000000007)(157.03932248293782 206.0)
(0.01,9.0,0.13600000000000007)(157.35290284304543 206.0)
(0.01,9.0,0.13600000000000007)(156.23160704790016 207.0)
(0.01,9.0,0.13600000000000007)(156.94072392288362 204.0)
(0.01,9.0,0.13600000000000007)(157.38701689510845 201.0)
(0.01,9.0,0.13600000000000007)(157.38701689510845 200.0)
(0.01,9.0,0.13600000000000007)(157.58938938367262 199.0)
(0.01,9.0,0.13600000000000007)(158.26351611683322 196.0)
(0.01 9.0 0.13900000000000007)(119.31251867063907 276.0)
(0.01,9.0,0.13900000000000007)(165.85989181798615 3.0)
(0.01,9.0,0.13900000000000007)(165.85989181798615 25.0)
(0.01,9.0,0.13900000000000007)(165.85989181798615 35.0)
(0.01,9.0,0.13900000000000007)(165.81921881755773 51.0)
(0.01,9.0,0.13900000000000007)(165.81921881755773 58.0)
(0.01,9.0,0.13900000000000007)(165.81921881755773 75.0)
(0.01,9.0,0.13900000000000007)(165.6810015013959 106.0)
(0.01,9.0,0.13900000000000007)(162.69404351918425 153.0)
(0.01,9.0,0.13900000000000007)(161.6695928955413 162.0)
(0.01,9.0,0.13900000000000007)(161.6695928955413 173.0)
(0.01,9.0,0.13900000000000007)(161.45336561580194 172.0)
(0.01,9.0,0.13900000000000007)(161.45336561580194 176.0)
(0.01,9.0,0.13900000000000007)(160.63123594302314 178.0)
(0.01,9.0,0.13900000000000007)(160.47255365917923 182.0)
(0.01,9.0,0.13900000000000007)(160.31368954745426 183.0)
(0.01,9.0,0.13900000000000007)(160.22100224456082 185.0)
(0.01,9.0,0.13900000000000007)(159.80279149958542 187.0)
(0.01,9.0,0.13900000000000007)(160.12172045065896 191.0)
(0.01,9.0,0.13900000000000007)(160.12172045065896 194.0)
(0.01,9.0,0.13900000000000007)(159.37866035418372 200.0)
(0.01,9.0,0.13900000000000007)(159.42766973030504 197.0)
(0.01,9.0,0.13900000000000007)(158.26926896402566 204.0)
(0.01,9.0,0.13900000000000007)(158.5243923737979 205.0)
(0.01,9.0,0.13900000000000007)(158.1939150503041 207.0)
(0.01,9.0,0.13900000000000007)(157.40548216142554 209.0)
(0.01,9.0,0.13900000000000007)(157.3648171336237 209.0)
(0.01,9.0,0.13900000000000007)(156.50137105001818 213.0)
(0.01,9.0,0.13900000000000007)(155.91336429731317 214.0)
(0.01,9.0,0.13900000000000007)(154.19390401864231 217.0)
(0.01,9.0,0.13900000000000007)(155.08354472394254 215.0)
(0.01,9.0,0.13900000000000007)(155.37612508985112 214.0)
(0.01,9.0,0.13900000000000007)(155.86179817885477 213.0)
(0.01,9.0,0.13900000000000007)(155.94099117019624 212.0)
(0.01,9.0,0.13900000000000007)(156.24401461680407 213.0)
(0.01,9.0,0.13900000000000007)(156.328364597623 212.0)
(0.01,9.0,0.13900000000000007)(154.99034305065413 214.0)
(0.01,9.0,0.13900000000000007)(155.04620508291185 214.0)
(0.01,9.0,0.13900000000000007)(154.99306610148025 214.0)
(0.01,9.0,0.13900000000000007)(154.50857423841637 216.0)
(0.01,9.0,0.13900000000000007)(156.11110282491265 213.0)
(0.01,9.0,0.13900000000000007)(155.74693149991774 215.0)
(0.01,9.0,0.13900000000000007)(155.9429900893714 212.0)
(0.01,9.0,0.13900000000000007)(156.89507615218525 213.0)
(0.01,9.0,0.13900000000000007)(156.79323811726348 215.0)
(0.01,9.0,0.13900000000000007)(153.93231620965358 217.0)
(0.01,9.0,0.13900000000000007)(153.87041250951935 216.0)
(0.01,9.0,0.13900000000000007)(155.44942728030443 213.0)
(0.01,9.0,0.13900000000000007)(155.43461544558772 217.0)
(0.01,9.0,0.13900000000000007)(155.58959587728046 217.0)
(0.01,9.0,0.13900000000000007)(154.9529828718435 218.0)
(0.01,9.0,0.13900000000000007)(156.3457767955988 217.0)
(0.01,9.0,0.13900000000000007)(157.35527303866286 213.0)
(0.01,9.0,0.13900000000000007)(156.3988286231246 216.0)
(0.01,9.0,0.13900000000000007)(157.35527303866286 211.0)
(0.01,9.0,0.13900000000000007)(156.73090386371905 212.0)
(0.01,9.0,0.13900000000000007)(157.6997857163173 210.0)
(0.01,9.0,0.13900000000000007)(157.75271476365657 207.0)
(0.01,9.0,0.13900000000000007)(158.347679413347 207.0)
(0.01,9.0,0.13900000000000007)(158.29480331434664 209.0)
(0.01,9.0,0.13900000000000007)(158.347679413347 206.0)
(0.01,9.0,0.13900000000000007)(157.72450528021108 208.0)
(0.01,9.0,0.13900000000000007)(159.02096768801957 206.0)
(0.01,9.0,0.13900000000000007)(159.02096768801957 203.0)
(0.01 9.0 0.14200000000000007)(119.11954301006585 277.0)
(0.01,9.0,0.14200000000000007)(165.85989181798615 3.0)
(0.01,9.0,0.14200000000000007)(165.85989181798615 30.0)
(0.01,9.0,0.14200000000000007)(165.85989181798615 35.0)
(0.01,9.0,0.14200000000000007)(165.81921881755773 51.0)
(0.01,9.0,0.14200000000000007)(165.81921881755773 63.0)
(0.01,9.0,0.14200000000000007)(165.81921881755773 68.0)
(0.01,9.0,0.14200000000000007)(165.6810015013959 106.0)
(0.01,9.0,0.14200000000000007)(162.69404351918425 159.0)
(0.01,9.0,0.14200000000000007)(161.6695928955413 171.0)
(0.01,9.0,0.14200000000000007)(160.84813378364416 183.0)
(0.01,9.0,0.14200000000000007)(161.45336561580194 180.0)
(0.01,9.0,0.14200000000000007)(160.63123594302314 185.0)
(0.01,9.0,0.14200000000000007)(160.31368954745426 187.0)
(0.01,9.0,0.14200000000000007)(160.22100224456082 189.0)
(0.01,9.0,0.14200000000000007)(160.12825454798755 195.0)
(0.01,9.0,0.14200000000000007)(160.32820850937588 193.0)
(0.01,9.0,0.14200000000000007)(160.12172045065896 199.0)
(0.01,9.0,0.14200000000000007)(159.29102811887012 205.0)
(0.01,9.0,0.14200000000000007)(159.0977474078422 203.0)
(0.01,9.0,0.14200000000000007)(158.5243923737979 208.0)
(0.01,9.0,0.14200000000000007)(158.1939150503041 209.0)
(0.01,9.0,0.14200000000000007)(158.5243923737979 210.0)
(0.01,9.0,0.14200000000000007)(157.7181913811005 212.0)
(0.01,9.0,0.14200000000000007)(157.40548216142554 219.0)
(0.01,9.0,0.14200000000000007)(157.11366704878765 219.0)
(0.01,9.0,0.14200000000000007)(154.4624278635734 223.0)
(0.01,9.0,0.14200000000000007)(155.2813770776373 221.0)
(0.01,9.0,0.14200000000000007)(157.77309048535014 213.0)
(0.01,9.0,0.14200000000000007)(155.62265871521316 220.0)
(0.01,9.0,0.14200000000000007)(155.30402396076968 222.0)
(0.01,9.0,0.14200000000000007)(155.38848458738946 221.0)
(0.01,9.0,0.14200000000000007)(154.4807724104733 221.0)
(0.01,9.0,0.14200000000000007)(155.97682127082902 220.0)
(0.01,9.0,0.14200000000000007)(154.02050644596733 224.0)
(0.01,9.0,0.14200000000000007)(154.64461264665997 222.0)
(0.01,9.0,0.14200000000000007)(155.89244088753884 222.0)
(0.01,9.0,0.14200000000000007)(153.73370801337472 226.0)
(0.01,9.0,0.14200000000000007)(155.92893772639573 220.0)
(0.01,9.0,0.14200000000000007)(155.25614041633636 222.0)
(0.01,9.0,0.14200000000000007)(155.86480656070697 219.0)
(0.01,9.0,0.14200000000000007)(155.60717943748267 222.0)
(0.01,9.0,0.14200000000000007)(154.81459107222884 222.0)
(0.01,9.0,0.14200000000000007)(155.80199032778566 223.0)
(0.01,9.0,0.14200000000000007)(156.18742497338292 219.0)
(0.01,9.0,0.14200000000000007)(155.56783062981086 223.0)
(0.01,9.0,0.14200000000000007)(156.18241652276456 223.0)
(0.01,9.0,0.14200000000000007)(155.87955310128345 222.0)
(0.01,9.0,0.14200000000000007)(154.6472887395849 222.0)
(0.01,9.0,0.14200000000000007)(156.60521209507738 222.0)
(0.01,9.0,0.14200000000000007)(155.28066330047577 225.0)
(0.01,9.0,0.14200000000000007)(155.49034317355458 224.0)
(0.01,9.0,0.14200000000000007)(156.500975738314 220.0)
(0.01,9.0,0.14200000000000007)(156.98593046542476 217.0)
(0.01,9.0,0.14200000000000007)(155.07411789495166 223.0)
(0.01,9.0,0.14200000000000007)(155.29619597528483 225.0)
(0.01,9.0,0.14200000000000007)(155.9759869283742 221.0)
(0.01,9.0,0.14200000000000007)(156.98593046542476 218.0)
(0.01,9.0,0.14200000000000007)(157.92587557709746 215.0)
(0.01,9.0,0.14200000000000007)(157.33059861391365 218.0)
(0.01,9.0,0.14200000000000007)(158.347679413347 217.0)
(0.01,9.0,0.14200000000000007)(157.75271476365657 215.0)
(0.01,9.0,0.14200000000000007)(157.7018490952628 217.0)
(0.01,9.0,0.14200000000000007)(158.347679413347 214.0)
(0.01,9.0,0.14200000000000007)(158.347679413347 216.0)
(0.01,9.0,0.14200000000000007)(159.02096768801957 213.0)
(0.01 9.0 0.14500000000000007)(105.56976676359349 287.0)
(0.01,9.0,0.14500000000000007)(165.85989181798615 3.0)
(0.01,9.0,0.14500000000000007)(165.85989181798615 24.0)
(0.01,9.0,0.14500000000000007)(165.81921881755773 43.0)
(0.01,9.0,0.14500000000000007)(165.81921881755773 58.0)
(0.01,9.0,0.14500000000000007)(165.81921881755773 73.0)
(0.01,9.0,0.14500000000000007)(165.64326154322794 111.0)
(0.01,9.0,0.14500000000000007)(163.815689000013 146.0)
(0.01,9.0,0.14500000000000007)(163.815689000013 147.0)
(0.01,9.0,0.14500000000000007)(163.815689000013 153.0)
(0.01,9.0,0.14500000000000007)(163.6018253643749 161.0)
(0.01,9.0,0.14500000000000007)(163.40628604397216 170.0)
(0.01,9.0,0.14500000000000007)(163.2496977809554 175.0)
(0.01,9.0,0.14500000000000007)(163.09278121635262 176.0)
(0.01,9.0,0.14500000000000007)(161.79181978432553 182.0)
(0.01,9.0,0.14500000000000007)(161.00438609452414 183.0)
(0.01,9.0,0.14500000000000007)(160.12762550820196 190.0)
(0.01,9.0,0.14500000000000007)(159.0033841278174 193.0)
(0.01,9.0,0.14500000000000007)(158.28331834745487 196.0)
(0.01,9.0,0.14500000000000007)(158.1115427943506 198.0)
(0.01,9.0,0.14500000000000007)(157.74539294662924 199.0)
(0.01,9.0,0.14500000000000007)(156.49088264674918 203.0)
(0.01,9.0,0.14500000000000007)(155.47868132957726 206.0)
(0.01,9.0,0.14500000000000007)(156.20031275963822 204.0)
(0.01,9.0,0.14500000000000007)(155.65123464260367 211.0)
(0.01,9.0,0.14500000000000007)(155.47449964230967 214.0)
(0.01,9.0,0.14500000000000007)(155.47449964230967 215.0)
(0.01,9.0,0.14500000000000007)(154.66963706969204 218.0)
(0.01,9.0,0.14500000000000007)(154.7184431258304 217.0)
(0.01,9.0,0.14500000000000007)(155.78961274408744 215.0)
(0.01,9.0,0.14500000000000007)(156.46476434978553 211.0)
(0.01,9.0,0.14500000000000007)(156.77861604592593 211.0)
(0.01,9.0,0.14500000000000007)(154.38731906429194 218.0)
(0.01,9.0,0.14500000000000007)(154.38731906429194 216.0)
(0.01,9.0,0.14500000000000007)(154.01067110054447 218.0)
(0.01,9.0,0.14500000000000007)(152.75589368494175 221.0)
(0.01,9.0,0.14500000000000007)(155.06344591866116 212.0)
(0.01,9.0,0.14500000000000007)(155.75657166739887 215.0)
(0.01,9.0,0.14500000000000007)(156.0193460610871 214.0)
(0.01,9.0,0.14500000000000007)(154.02564287942386 219.0)
(0.01,9.0,0.14500000000000007)(154.31578940447258 215.0)
(0.01,9.0,0.14500000000000007)(155.1270752188819 211.0)
(0.01,9.0,0.14500000000000007)(153.37309234298402 214.0)
(0.01,9.0,0.14500000000000007)(153.9410223086415 218.0)
(0.01,9.0,0.14500000000000007)(154.66620653190319 214.0)
(0.01,9.0,0.14500000000000007)(154.36648941248032 218.0)
(0.01,9.0,0.14500000000000007)(154.74112757311354 214.0)
(0.01,9.0,0.14500000000000007)(154.36461499036517 216.0)
(0.01,9.0,0.14500000000000007)(155.75297194150636 211.0)
(0.01,9.0,0.14500000000000007)(154.83872305916475 213.0)
(0.01,9.0,0.14500000000000007)(155.85041147327834 209.0)
(0.01,9.0,0.14500000000000007)(154.54154374116197 214.0)
(0.01,9.0,0.14500000000000007)(155.55369514440477 210.0)
(0.01,9.0,0.14500000000000007)(156.37655637498864 209.0)
(0.01,9.0,0.14500000000000007)(156.27919416360098 211.0)
(0.01,9.0,0.14500000000000007)(155.56143776377326 210.0)
(0.01,9.0,0.14500000000000007)(157.109132071385 207.0)
(0.01,9.0,0.14500000000000007)(157.01187740016198 209.0)
(0.01,9.0,0.14500000000000007)(157.46972483549325 203.0)
(0.01,9.0,0.14500000000000007)(156.73742380186334 207.0)
(0.01,9.0,0.14500000000000007)(157.46972483549325 205.0)
(0.01,9.0,0.14500000000000007)(156.8454747111908 206.0)
(0.01 9.0 0.14800000000000008)(107.5347960397698 284.0)
(0.01,9.0,0.14800000000000008)(165.85989181798615 3.0)
(0.01,9.0,0.14800000000000008)(165.85989181798615 30.0)
(0.01,9.0,0.14800000000000008)(165.85989181798615 35.0)
(0.01,9.0,0.14800000000000008)(165.81921881755773 56.0)
(0.01,9.0,0.14800000000000008)(165.81921881755773 72.0)
(0.01,9.0,0.14800000000000008)(165.81921881755773 88.0)
(0.01,9.0,0.14800000000000008)(164.22761671375602 138.0)
(0.01,9.0,0.14800000000000008)(163.815689000013 147.0)
(0.01,9.0,0.14800000000000008)(163.815689000013 152.0)
(0.01,9.0,0.14800000000000008)(163.815689000013 160.0)
(0.01,9.0,0.14800000000000008)(163.6018253643749 165.0)
(0.01,9.0,0.14800000000000008)(163.40628604397216 170.0)
(0.01,9.0,0.14800000000000008)(162.33860701387218 180.0)
(0.01,9.0,0.14800000000000008)(161.94989124107053 178.0)
(0.01,9.0,0.14800000000000008)(161.39398016246636 183.0)
(0.01,9.0,0.14800000000000008)(160.38145578592417 186.0)
(0.01,9.0,0.14800000000000008)(159.50351260817362 192.0)
(0.01,9.0,0.14800000000000008)(159.0033841278174 193.0)
(0.01,9.0,0.14800000000000008)(158.28331834745487 197.0)
(0.01,9.0,0.14800000000000008)(158.1115427943506 198.0)
(0.01,9.0,0.14800000000000008)(156.93313966686415 202.0)
(0.01,9.0,0.14800000000000008)(156.63161981038348 202.0)
(0.01,9.0,0.14800000000000008)(155.9739642657754 204.0)
(0.01,9.0,0.14800000000000008)(155.49609352755303 212.0)
(0.01,9.0,0.14800000000000008)(155.5892531528276 216.0)
(0.01,9.0,0.14800000000000008)(154.3103197519519 219.0)
(0.01,9.0,0.14800000000000008)(154.34079109840945 219.0)
(0.01,9.0,0.14800000000000008)(157.54790836415776 206.0)
(0.01,9.0,0.14800000000000008)(155.39614475141892 217.0)
(0.01,9.0,0.14800000000000008)(154.5807211866074 219.0)
(0.01,9.0,0.14800000000000008)(155.90883988559287 216.0)
(0.01,9.0,0.14800000000000008)(156.10724139342068 214.0)
(0.01,9.0,0.14800000000000008)(156.4260516169202 210.0)
(0.01,9.0,0.14800000000000008)(154.8648413561284 215.0)
(0.01,9.0,0.14800000000000008)(156.42123385484618 213.0)
(0.01,9.0,0.14800000000000008)(154.70538397734862 216.0)
(0.01,9.0,0.14800000000000008)(155.13053617614642 214.0)
(0.01,9.0,0.14800000000000008)(154.54496444173174 218.0)
(0.01,9.0,0.14800000000000008)(156.06018841248144 216.0)
(0.01,9.0,0.14800000000000008)(154.6845379296924 218.0)
(0.01,9.0,0.14800000000000008)(155.01991542372184 211.0)
(0.01,9.0,0.14800000000000008)(156.33689933438447 215.0)
(0.01,9.0,0.14800000000000008)(154.74456142279408 216.0)
(0.01,9.0,0.14800000000000008)(155.44490286858422 210.0)
(0.01,9.0,0.14800000000000008)(154.15963266754687 212.0)
(0.01,9.0,0.14800000000000008)(154.68269621817393 214.0)
(0.01,9.0,0.14800000000000008)(154.55895593913775 214.0)
(0.01,9.0,0.14800000000000008)(155.7130411724596 214.0)
(0.01,9.0,0.14800000000000008)(155.0590928691673 214.0)
(0.01,9.0,0.14800000000000008)(154.3829660147981 217.0)
(0.01,9.0,0.14800000000000008)(156.00193386311147 212.0)
(0.01,9.0,0.14800000000000008)(156.07054421662457 210.0)
(0.01,9.0,0.14800000000000008)(155.15665447311005 212.0)
(0.01,9.0,0.14800000000000008)(156.09936585792693 210.0)
(0.01,9.0,0.14800000000000008)(156.16794563771944 208.0)
(0.01,9.0,0.14800000000000008)(157.109132071385 207.0)
(0.01,9.0,0.14800000000000008)(157.46972483549325 205.0)
(0.01,9.0,0.14800000000000008)(156.19728577341687 209.0)
(0.01,9.0,0.14800000000000008)(157.37251387441222 206.0)
(0.01,9.0,0.14800000000000008)(157.46972483549325 203.0)
(0.01,9.0,0.14800000000000008)(158.44762818948118 202.0)
(0.01,9.0,0.14800000000000008)(156.8454747111908 206.0)
(0.01 9.0 0.15100000000000008)(106.60348782656959 285.0)
(0.01,9.0,0.15100000000000008)(165.85989181798615 3.0)
(0.01,9.0,0.15100000000000008)(165.85989181798615 30.0)
(0.01,9.0,0.15100000000000008)(165.85989181798615 37.0)
(0.01,9.0,0.15100000000000008)(165.81921881755773 56.0)
(0.01,9.0,0.15100000000000008)(165.81921881755773 68.0)
(0.01,9.0,0.15100000000000008)(165.81921881755773 75.0)
(0.01,9.0,0.15100000000000008)(164.798172588247 134.0)
(0.01,9.0,0.15100000000000008)(163.815689000013 148.0)
(0.01,9.0,0.15100000000000008)(163.815689000013 152.0)
(0.01,9.0,0.15100000000000008)(163.815689000013 157.0)
(0.01,9.0,0.15100000000000008)(163.62044076096535 165.0)
(0.01,9.0,0.15100000000000008)(163.40628604397216 166.0)
(0.01,9.0,0.15100000000000008)(162.49614975647924 175.0)
(0.01,9.0,0.15100000000000008)(162.18081379181774 180.0)
(0.01,9.0,0.15100000000000008)(161.79181978432553 182.0)
(0.01,9.0,0.15100000000000008)(161.00438609452414 184.0)
(0.01,9.0,0.15100000000000008)(160.28868833947766 188.0)
(0.01,9.0,0.15100000000000008)(159.0033841278174 193.0)
(0.01,9.0,0.15100000000000008)(158.70322655236112 196.0)
(0.01,9.0,0.15100000000000008)(157.808961682625 199.0)
(0.01,9.0,0.15100000000000008)(158.09547314513463 199.0)
(0.01,9.0,0.15100000000000008)(156.3407650444903 202.0)
(0.01,9.0,0.15100000000000008)(156.6688308999844 203.0)
(0.01,9.0,0.15100000000000008)(155.38117421175323 207.0)
(0.01,9.0,0.15100000000000008)(154.67839802927259 214.0)
(0.01,9.0,0.15100000000000008)(155.0487203279911 215.0)
(0.01,9.0,0.15100000000000008)(155.09749249727747 212.0)
(0.01,9.0,0.15100000000000008)(154.96947334487075 217.0)
(0.01,9.0,0.15100000000000008)(154.85359715544786 216.0)
(0.01,9.0,0.15100000000000008)(156.07760061045718 214.0)
(0.01,9.0,0.15100000000000008)(156.93167509944303 208.0)
(0.01,9.0,0.15100000000000008)(156.52891310727645 213.0)
(0.01,9.0,0.15100000000000008)(156.44461004437062 214.0)
(0.01,9.0,0.15100000000000008)(155.8844015267751 208.0)
(0.01,9.0,0.15100000000000008)(157.51688866430285 208.0)
(0.01,9.0,0.15100000000000008)(154.95551865470267 216.0)
(0.01,9.0,0.15100000000000008)(155.8844015267751 209.0)
(0.01,9.0,0.15100000000000008)(156.07760061045713 208.0)
(0.01,9.0,0.15100000000000008)(156.72716294977232 208.0)
(0.01,9.0,0.15100000000000008)(157.1947054789073 206.0)
(0.01,9.0,0.15100000000000008)(157.1947054789073 210.0)
(0.01,9.0,0.15100000000000008)(157.27380631217835 206.0)
(0.01,9.0,0.15100000000000008)(153.8626674177506 216.0)
(0.01,9.0,0.15100000000000008)(155.51280089573845 210.0)
(0.01,9.0,0.15100000000000008)(155.63119345197458 211.0)
(0.01,9.0,0.15100000000000008)(156.05583536298747 210.0)
(0.01,9.0,0.15100000000000008)(154.93810645672687 212.0)
(0.01,9.0,0.15100000000000008)(156.88107443516336 210.0)
(0.01,9.0,0.15100000000000008)(155.5511145042433 211.0)
(0.01,9.0,0.15100000000000008)(156.9973135663049 209.0)
(0.01,9.0,0.15100000000000008)(155.64860564995035 209.0)
(0.01,9.0,0.15100000000000008)(157.37251387441222 208.0)
(0.01,9.0,0.15100000000000008)(157.09458534054676 207.0)
(0.01,9.0,0.15100000000000008)(155.9270939212639 210.0)
(0.01,9.0,0.15100000000000008)(157.46972483549325 206.0)
(0.01,9.0,0.15100000000000008)(157.46972483549325 205.0)
(0.01,9.0,0.15100000000000008)(157.46972483549325 204.0)
(0.01 9.0 0.15400000000000008)(109.5230273446337 282.0)
(0.01,9.0,0.15400000000000008)(165.85989181798615 3.0)
(0.01,9.0,0.15400000000000008)(165.85989181798615 25.0)
(0.01,9.0,0.15400000000000008)(165.85989181798615 37.0)
(0.01,9.0,0.15400000000000008)(165.81921881755773 49.0)
(0.01,9.0,0.15400000000000008)(165.81921881755773 61.0)
(0.01,9.0,0.15400000000000008)(165.81921881755773 75.0)
(0.01,9.0,0.15400000000000008)(165.81921881755773 88.0)
(0.01,9.0,0.15400000000000008)(164.798172588247 136.0)
(0.01,9.0,0.15400000000000008)(163.815689000013 155.0)
(0.01,9.0,0.15400000000000008)(163.62044076096535 162.0)
(0.01,9.0,0.15400000000000008)(162.83786752997085 163.0)
(0.01,9.0,0.15400000000000008)(162.6227238732811 171.0)
(0.01,9.0,0.15400000000000008)(162.46539567514546 180.0)
(0.01,9.0,0.15400000000000008)(161.55230903377364 181.0)
(0.01,9.0,0.15400000000000008)(161.16295453111073 182.0)
(0.01,9.0,0.15400000000000008)(161.00438609452414 188.0)
(0.01,9.0,0.15400000000000008)(160.28868833947766 192.0)
(0.01,9.0,0.15400000000000008)(159.50351260817362 194.0)
(0.01,9.0,0.15400000000000008)(159.0033841278174 195.0)
(0.01,9.0,0.15400000000000008)(158.37298684301112 200.0)
(0.01,9.0,0.15400000000000008)(156.93484929508335 203.0)
(0.01,9.0,0.15400000000000008)(157.40660970119632 202.0)
(0.01,9.0,0.15400000000000008)(156.54711687638053 205.0)
(0.01,9.0,0.15400000000000008)(156.37060820297367 210.0)
(0.01,9.0,0.15400000000000008)(156.71642976070746 211.0)
(0.01,9.0,0.15400000000000008)(157.66409288577523 209.0)
(0.01,9.0,0.15400000000000008)(156.79836649477855 211.0)
(0.01,9.0,0.15400000000000008)(157.62350756079906 208.0)
(0.01,9.0,0.15400000000000008)(158.07370789766495 207.0)
(0.01,9.0,0.15400000000000008)(157.9896574085204 209.0)
(0.01,9.0,0.15400000000000008)(157.26295906789647 208.0)
(0.01,9.0,0.15400000000000008)(156.58708186819277 209.0)
(0.01,9.0,0.15400000000000008)(157.09097823343305 208.0)
(0.01,9.0,0.15400000000000008)(156.75483599983917 209.0)
(0.01,9.0,0.15400000000000008)(158.90645810697828 206.0)
(0.01,9.0,0.15400000000000008)(158.90645810697828 204.0)
(0.01,9.0,0.15400000000000008)(159.0033841278174 201.0)
(0.01 9.0 0.15700000000000008)(115.08646063657498 274.0)
(0.01,9.0,0.15700000000000008)(165.85989181798615 3.0)
(0.01,9.0,0.15700000000000008)(165.85989181798615 24.0)
(0.01,9.0,0.15700000000000008)(165.85989181798615 30.0)
(0.01,9.0,0.15700000000000008)(165.81921881755773 42.0)
(0.01,9.0,0.15700000000000008)(165.81921881755773 51.0)
(0.01,9.0,0.15700000000000008)(165.81921881755773 73.0)
(0.01,9.0,0.15700000000000008)(165.81921881755773 68.0)
(0.01,9.0,0.15700000000000008)(165.64326154322794 118.0)
(0.01,9.0,0.15700000000000008)(164.22761671375602 147.0)
(0.01,9.0,0.15700000000000008)(163.62044076096535 153.0)
(0.01,9.0,0.15700000000000008)(163.62044076096535 159.0)
(0.01,9.0,0.15700000000000008)(162.83786752997085 160.0)
(0.01,9.0,0.15700000000000008)(162.6227238732811 168.0)
(0.01,9.0,0.15700000000000008)(162.6227238732811 172.0)
(0.01,9.0,0.15700000000000008)(161.55230903377364 178.0)
(0.01,9.0,0.15700000000000008)(161.16295453111073 180.0)
(0.01,9.0,0.15700000000000008)(161.00438609452414 182.0)
(0.01,9.0,0.15700000000000008)(159.59650357059877 186.0)
(0.01,9.0,0.15700000000000008)(159.50351260817362 189.0)
(0.01,9.0,0.15700000000000008)(159.0033841278174 194.0)
(0.01,9.0,0.15700000000000008)(159.0033841278174 195.0)
(0.01,9.0,0.15700000000000008)(158.14598378049692 197.0)
(0.01,9.0,0.15700000000000008)(159.0033841278174 196.0)
(0.01,9.0,0.15700000000000008)(156.37994248993573 202.0)
(0.01,9.0,0.15700000000000008)(157.50526447735916 199.0)
(0.01,9.0,0.15700000000000008)(156.92331172490796 202.0)
(0.01,9.0,0.15700000000000008)(157.78232229447576 207.0)
(0.01,9.0,0.15700000000000008)(157.78232229447576 203.0)
(0.01,9.0,0.15700000000000008)(157.78232229447576 208.0)
(0.01,9.0,0.15700000000000008)(157.7612495004181 209.0)
(0.01,9.0,0.15700000000000008)(157.7612495004181 210.0)
(0.01,9.0,0.15700000000000008)(158.49349477795556 206.0)
(0.01,9.0,0.15700000000000008)(157.1407309576134 208.0)
(0.01,9.0,0.15700000000000008)(158.58508017955467 206.0)
(0.01,9.0,0.15700000000000008)(157.8322692178545 207.0)
(0.01,9.0,0.15700000000000008)(157.65608385915164 207.0)
(0.01,9.0,0.15700000000000008)(158.68207013393317 205.0)
(0.01,9.0,0.15700000000000008)(158.68207013393317 204.0)
(0.01 9.0 0.1600000000000001)(107.97129757619089 285.0)
(0.01,9.0,0.1600000000000001)(165.85989181798615 3.0)
(0.01,9.0,0.1600000000000001)(165.85989181798615 30.0)
(0.01,9.0,0.1600000000000001)(165.85989181798615 37.0)
(0.01,9.0,0.1600000000000001)(165.81921881755773 51.0)
(0.01,9.0,0.1600000000000001)(165.7098903697138 76.0)
(0.01,9.0,0.1600000000000001)(165.7098903697138 77.0)
(0.01,9.0,0.1600000000000001)(163.45581539522865 133.0)
(0.01,9.0,0.1600000000000001)(163.19500794358467 148.0)
(0.01,9.0,0.1600000000000001)(163.19500794358467 159.0)
(0.01,9.0,0.1600000000000001)(162.70742568990988 163.0)
(0.01,9.0,0.1600000000000001)(161.86582431103778 164.0)
(0.01,9.0,0.1600000000000001)(161.64965341900086 165.0)
(0.01,9.0,0.1600000000000001)(160.39320157037378 173.0)
(0.01,9.0,0.1600000000000001)(160.23423275526915 177.0)
(0.01,9.0,0.1600000000000001)(159.77378829898595 179.0)
(0.01,9.0,0.1600000000000001)(159.61442954837605 182.0)
(0.01,9.0,0.1600000000000001)(158.67396761735054 189.0)
(0.01,9.0,0.1600000000000001)(158.10745082388098 192.0)
(0.01,9.0,0.1600000000000001)(157.0046588835305 196.0)
(0.01,9.0,0.1600000000000001)(155.76936085973847 199.0)
(0.01,9.0,0.1600000000000001)(155.7223292328224 200.0)
(0.01,9.0,0.1600000000000001)(153.9596100252026 206.0)
(0.01,9.0,0.1600000000000001)(153.78265233857093 207.0)
(0.01,9.0,0.1600000000000001)(153.21678540808153 211.0)
(0.01,9.0,0.1600000000000001)(153.38076827991299 209.0)
(0.01,9.0,0.1600000000000001)(153.36432329065013 214.0)
(0.01,9.0,0.1600000000000001)(153.73666245955255 213.0)
(0.01,9.0,0.1600000000000001)(152.14612403133776 213.0)
(0.01,9.0,0.1600000000000001)(154.26630245382154 207.0)
(0.01,9.0,0.1600000000000001)(155.7387181510546 205.0)
(0.01,9.0,0.1600000000000001)(152.49410257182686 212.0)
(0.01,9.0,0.1600000000000001)(153.01974738163696 213.0)
(0.01,9.0,0.1600000000000001)(150.91379660192453 215.0)
(0.01,9.0,0.1600000000000001)(151.43933357801487 213.0)
(0.01,9.0,0.1600000000000001)(151.09115880633894 214.0)
(0.01,9.0,0.1600000000000001)(151.72427500524785 214.0)
(0.01,9.0,0.1600000000000001)(153.7853166832187 211.0)
(0.01,9.0,0.1600000000000001)(153.7853166832187 210.0)
(0.01,9.0,0.1600000000000001)(151.68404656312697 216.0)
(0.01,9.0,0.1600000000000001)(151.72427500524785 217.0)
(0.01,9.0,0.1600000000000001)(153.3597988789298 215.0)
(0.01,9.0,0.1600000000000001)(154.01105806456422 212.0)
(0.01,9.0,0.1600000000000001)(153.00331462065213 212.0)
(0.01,9.0,0.1600000000000001)(152.7773732764288 215.0)
(0.01,9.0,0.1600000000000001)(151.1835680427262 215.0)
(0.01,9.0,0.1600000000000001)(152.19272450702604 213.0)
(0.01,9.0,0.1600000000000001)(152.7882246623323 213.0)
(0.01 9.0 0.1630000000000001)(110.00213136994593 285.0)
(0.01,9.0,0.1630000000000001)(165.85989181798615 3.0)
(0.01,9.0,0.1630000000000001)(165.85989181798615 25.0)
(0.01,9.0,0.1630000000000001)(165.85989181798615 37.0)
(0.01,9.0,0.1630000000000001)(165.81921881755773 51.0)
(0.01,9.0,0.1630000000000001)(165.7098903697138 76.0)
(0.01,9.0,0.1630000000000001)(165.570581190903 92.0)
(0.01,9.0,0.1630000000000001)(163.45581539522865 140.0)
(0.01,9.0,0.1630000000000001)(163.19500794358467 154.0)
(0.01,9.0,0.1630000000000001)(163.19500794358467 159.0)
(0.01,9.0,0.1630000000000001)(162.70742568990988 164.0)
(0.01,9.0,0.1630000000000001)(161.64965341900086 166.0)
(0.01,9.0,0.1630000000000001)(160.39320157037378 172.0)
(0.01,9.0,0.1630000000000001)(160.39320157037378 177.0)
(0.01,9.0,0.1630000000000001)(160.23423275526915 178.0)
(0.01,9.0,0.1630000000000001)(159.61442954837605 184.0)
(0.01,9.0,0.1630000000000001)(159.61442954837605 186.0)
(0.01,9.0,0.1630000000000001)(158.67396761735054 190.0)
(0.01,9.0,0.1630000000000001)(157.56169702714945 192.0)
(0.01,9.0,0.1630000000000001)(157.305024200638 196.0)
(0.01,9.0,0.1630000000000001)(156.9299154021573 199.0)
(0.01,9.0,0.1630000000000001)(155.77354254700603 201.0)
(0.01,9.0,0.1630000000000001)(155.39595741707558 200.0)
(0.01,9.0,0.1630000000000001)(155.75095053618546 199.0)
(0.01,9.0,0.1630000000000001)(153.22937875633812 206.0)
(0.01,9.0,0.1630000000000001)(153.73666245955255 211.0)
(0.01,9.0,0.1630000000000001)(153.73666245955255 210.0)
(0.01,9.0,0.1630000000000001)(153.73666245955255 212.0)
(0.01,9.0,0.1630000000000001)(154.26630245382154 207.0)
(0.01,9.0,0.1630000000000001)(151.7688537844288 216.0)
(0.01,9.0,0.1630000000000001)(151.7688537844288 215.0)
(0.01,9.0,0.1630000000000001)(152.14612403133776 212.0)
(0.01,9.0,0.1630000000000001)(154.26630245382154 208.0)
(0.01,9.0,0.1630000000000001)(152.61567677920976 211.0)
(0.01,9.0,0.1630000000000001)(152.14612403133776 213.0)
(0.01,9.0,0.1630000000000001)(154.50518183370644 208.0)
(0.01,9.0,0.1630000000000001)(151.72427500524785 213.0)
(0.01,9.0,0.1630000000000001)(150.91379660192453 215.0)
(0.01,9.0,0.1630000000000001)(152.14612403133776 214.0)
(0.01,9.0,0.1630000000000001)(153.31547253750392 215.0)
(0.01,9.0,0.1630000000000001)(155.3732434356122 208.0)
(0.01,9.0,0.1630000000000001)(153.7853166832187 211.0)
(0.01,9.0,0.1630000000000001)(150.91379660192453 217.0)
(0.01,9.0,0.1630000000000001)(151.86008054976207 218.0)
(0.01,9.0,0.1630000000000001)(154.4817604393233 213.0)
(0.01,9.0,0.1630000000000001)(153.00331462065213 215.0)
(0.01,9.0,0.1630000000000001)(152.19272450702604 212.0)
(0.01,9.0,0.1630000000000001)(154.01105806456422 212.0)
(0.01,9.0,0.1630000000000001)(151.1835680427262 215.0)
(0.01,9.0,0.1630000000000001)(155.48810266060045 204.0)
(0.01 9.0 0.1660000000000001)(111.72790512896468 281.0)
(0.01,9.0,0.1660000000000001)(165.85989181798615 3.0)
(0.01,9.0,0.1660000000000001)(165.85989181798615 30.0)
(0.01,9.0,0.1660000000000001)(165.85989181798615 37.0)
(0.01,9.0,0.1660000000000001)(165.81921881755773 51.0)
(0.01,9.0,0.1660000000000001)(165.7098903697138 69.0)
(0.01,9.0,0.1660000000000001)(165.7098903697138 77.0)
(0.01,9.0,0.1660000000000001)(164.61280687819072 128.0)
(0.01,9.0,0.1660000000000001)(163.19500794358467 159.0)
(0.01,9.0,0.1660000000000001)(163.19500794358467 163.0)
(0.01,9.0,0.1660000000000001)(162.70742568990988 168.0)
(0.01,9.0,0.1660000000000001)(161.40717336131524 174.0)
(0.01,9.0,0.1660000000000001)(161.40717336131524 175.0)
(0.01,9.0,0.1660000000000001)(161.19062304799942 180.0)
(0.01,9.0,0.1660000000000001)(159.9329898391923 182.0)
(0.01,9.0,0.1660000000000001)(159.89985537208372 187.0)
(0.01,9.0,0.1660000000000001)(159.89985537208372 189.0)
(0.01,9.0,0.1660000000000001)(158.95985363287807 195.0)
(0.01,9.0,0.1660000000000001)(158.39354600182142 197.0)
(0.01,9.0,0.1660000000000001)(158.39354600182142 201.0)
(0.01,9.0,0.1660000000000001)(158.11679642794198 203.0)
(0.01,9.0,0.1660000000000001)(156.9624272905884 205.0)
(0.01,9.0,0.1660000000000001)(156.97130475180268 207.0)
(0.01,9.0,0.1660000000000001)(156.03684715223523 206.0)
(0.01,9.0,0.1660000000000001)(154.86402515891547 212.0)
(0.01,9.0,0.1660000000000001)(154.9919803974606 212.0)
(0.01,9.0,0.1660000000000001)(154.27882326002177 217.0)
(0.01,9.0,0.1660000000000001)(154.87708430739733 216.0)
(0.01,9.0,0.1660000000000001)(154.63418972775358 217.0)
(0.01,9.0,0.1660000000000001)(153.02364685918377 219.0)
(0.01,9.0,0.1660000000000001)(153.94233507975176 220.0)
(0.01,9.0,0.1660000000000001)(152.64678179161078 220.0)
(0.01,9.0,0.1660000000000001)(155.13460308521292 210.0)
(0.01,9.0,0.1660000000000001)(153.94233507975176 218.0)
(0.01,9.0,0.1660000000000001)(154.31873173074516 215.0)
(0.01,9.0,0.1660000000000001)(151.92641083560468 218.0)
(0.01,9.0,0.1660000000000001)(155.20782755484262 215.0)
(0.01,9.0,0.1660000000000001)(153.36172400149505 216.0)
(0.01,9.0,0.1660000000000001)(153.26595691262844 217.0)
(0.01,9.0,0.1660000000000001)(150.98668561848456 219.0)
(0.01,9.0,0.1660000000000001)(152.82386015440983 219.0)
(0.01,9.0,0.1660000000000001)(156.31858436019797 212.0)
(0.01,9.0,0.1660000000000001)(153.54495691959292 217.0)
(0.01,9.0,0.1660000000000001)(153.24661959208746 218.0)
(0.01,9.0,0.1660000000000001)(153.8636715741096 215.0)
(0.01,9.0,0.1660000000000001)(153.91621678278818 218.0)
(0.01,9.0,0.1660000000000001)(154.73237875472194 217.0)
(0.01,9.0,0.1660000000000001)(154.0119838716548 215.0)
(0.01,9.0,0.1660000000000001)(156.31858436019797 214.0)
(0.01,9.0,0.1660000000000001)(156.31858436019797 213.0)
(0.01,9.0,0.1660000000000001)(156.43331018137513 210.0)
(0.01,9.0,0.1660000000000001)(157.32455502524815 209.0)
(0.01,9.0,0.1660000000000001)(156.43331018137513 208.0)
(0.01,9.0,0.1660000000000001)(157.58849844619402 204.0)
(0.01 9.0 0.1690000000000001)(109.8280507897651 283.0)
(0.01,9.0,0.1690000000000001)(165.85989181798615 3.0)
(0.01,9.0,0.1690000000000001)(165.85989181798615 25.0)
(0.01,9.0,0.1690000000000001)(165.85989181798615 37.0)
(0.01,9.0,0.1690000000000001)(165.81921881755773 51.0)
(0.01,9.0,0.1690000000000001)(165.7098903697138 69.0)
(0.01,9.0,0.1690000000000001)(165.570581190903 86.0)
(0.01,9.0,0.1690000000000001)(163.45581539522865 141.0)
(0.01,9.0,0.1690000000000001)(163.19500794358467 163.0)
(0.01,9.0,0.1690000000000001)(162.70742568990988 168.0)
(0.01,9.0,0.1690000000000001)(162.24971722527138 174.0)
(0.01,9.0,0.1690000000000001)(161.19062304799942 176.0)
(0.01,9.0,0.1690000000000001)(160.90614539276598 178.0)
(0.01,9.0,0.1690000000000001)(159.9329898391923 183.0)
(0.01,9.0,0.1690000000000001)(159.61442954837605 189.0)
(0.01,9.0,0.1690000000000001)(158.67396761735054 191.0)
(0.01,9.0,0.1690000000000001)(158.67396761735054 196.0)
(0.01,9.0,0.1690000000000001)(158.10745082388098 198.0)
(0.01,9.0,0.1690000000000001)(157.29196505215626 203.0)
(0.01,9.0,0.1690000000000001)(157.83060120008545 204.0)
(0.01,9.0,0.1690000000000001)(156.5394846789655 208.0)
(0.01,9.0,0.1690000000000001)(155.60459655854694 207.0)
(0.01,9.0,0.1690000000000001)(155.60459655854694 209.0)
(0.01,9.0,0.1690000000000001)(154.01399694539967 217.0)
(0.01,9.0,0.1690000000000001)(154.01399694539967 218.0)
(0.01,9.0,0.1690000000000001)(154.38253239319235 219.0)
(0.01,9.0,0.1690000000000001)(154.25450632395246 220.0)
(0.01,9.0,0.1690000000000001)(154.13952567621578 221.0)
(0.01,9.0,0.1690000000000001)(152.33808483219534 223.0)
(0.01,9.0,0.1690000000000001)(154.9979344940604 214.0)
(0.01,9.0,0.1690000000000001)(153.40281407733806 221.0)
(0.01,9.0,0.1690000000000001)(151.96099238708072 223.0)
(0.01,9.0,0.1690000000000001)(152.7860793754167 222.0)
(0.01,9.0,0.1690000000000001)(153.77941735527017 220.0)
(0.01,9.0,0.1690000000000001)(154.9979344940604 213.0)
(0.01,9.0,0.1690000000000001)(154.9979344940604 215.0)
(0.01,9.0,0.1690000000000001)(152.94334832919972 221.0)
(0.01,9.0,0.1690000000000001)(154.59566045616876 218.0)
(0.01,9.0,0.1690000000000001)(151.78939444215553 226.0)
(0.01,9.0,0.1690000000000001)(152.94334832919972 224.0)
(0.01,9.0,0.1690000000000001)(153.05847125513523 222.0)
(0.01,9.0,0.1690000000000001)(152.78844658195803 223.0)
(0.01,9.0,0.1690000000000001)(152.6069706802219 223.0)
(0.01,9.0,0.1690000000000001)(153.109737561621 223.0)
(0.01,9.0,0.1690000000000001)(153.22485434461774 223.0)
(0.01,9.0,0.1690000000000001)(156.2568622422007 218.0)
(0.01,9.0,0.1690000000000001)(153.94576232215522 223.0)
(0.01,9.0,0.1690000000000001)(156.37159628214624 212.0)
(0.01,9.0,0.1690000000000001)(156.37159628214624 211.0)
(0.01,9.0,0.1690000000000001)(157.32455502524815 207.0)
(0.01 9.0 0.1720000000000001)(105.50028039222387 284.0)
(0.01,9.0,0.1720000000000001)(165.85989181798615 3.0)
(0.01,9.0,0.1720000000000001)(165.85989181798615 30.0)
(0.01,9.0,0.1720000000000001)(165.85989181798615 37.0)
(0.01,9.0,0.1720000000000001)(165.81921881755773 51.0)
(0.01,9.0,0.1720000000000001)(165.7098903697138 76.0)
(0.01,9.0,0.1720000000000001)(165.2721421536896 117.0)
(0.01,9.0,0.1720000000000001)(163.19500794358467 160.0)
(0.01,9.0,0.1720000000000001)(163.19500794358467 163.0)
(0.01,9.0,0.1720000000000001)(162.73789703636743 167.0)
(0.01,9.0,0.1720000000000001)(162.24971722527138 173.0)
(0.01,9.0,0.1720000000000001)(161.40717336131524 174.0)
(0.01,9.0,0.1720000000000001)(161.19062304799942 176.0)
(0.01,9.0,0.1720000000000001)(159.9329898391923 182.0)
(0.01,9.0,0.1720000000000001)(159.77378829898595 183.0)
(0.01,9.0,0.1720000000000001)(158.76716052317232 189.0)
(0.01,9.0,0.1720000000000001)(158.67396761735054 193.0)
(0.01,9.0,0.1720000000000001)(158.67396761735054 198.0)
(0.01,9.0,0.1720000000000001)(158.10745082388098 200.0)
(0.01,9.0,0.1720000000000001)(157.01483524674208 204.0)
(0.01,9.0,0.1720000000000001)(157.83060120008545 204.0)
(0.01,9.0,0.1720000000000001)(155.22874724791296 207.0)
(0.01,9.0,0.1720000000000001)(155.60459655854694 205.0)
(0.01,9.0,0.1720000000000001)(154.37113968689886 210.0)
(0.01,9.0,0.1720000000000001)(153.77088261850872 220.0)
(0.01,9.0,0.1720000000000001)(154.7273493530282 217.0)
(0.01,9.0,0.1720000000000001)(154.79264509543722 213.0)
(0.01,9.0,0.1720000000000001)(154.54972203820302 218.0)
(0.01,9.0,0.1720000000000001)(152.48273576078992 221.0)
(0.01,9.0,0.1720000000000001)(153.92399707468556 219.0)
(0.01,9.0,0.1720000000000001)(155.18086370347967 219.0)
(0.01,9.0,0.1720000000000001)(154.09744939482553 219.0)
(0.01,9.0,0.1720000000000001)(154.43716304047132 211.0)
(0.01,9.0,0.1720000000000001)(154.1540390382467 217.0)
(0.01,9.0,0.1720000000000001)(155.55671301411365 217.0)
(0.01,9.0,0.1720000000000001)(154.300417145265 216.0)
(0.01,9.0,0.1720000000000001)(154.00511948418537 219.0)
(0.01,9.0,0.1720000000000001)(153.16922881654267 220.0)
(0.01,9.0,0.1720000000000001)(153.2843269948127 220.0)
(0.01,9.0,0.1720000000000001)(153.2737020043971 218.0)
(0.01,9.0,0.1720000000000001)(151.07589378130888 223.0)
(0.01,9.0,0.1720000000000001)(153.3356057045314 219.0)
(0.01,9.0,0.1720000000000001)(152.63372264312895 223.0)
(0.01,9.0,0.1720000000000001)(153.65037214890665 220.0)
(0.01,9.0,0.1720000000000001)(152.3112744930816 220.0)
(0.01,9.0,0.1720000000000001)(153.9526069861035 219.0)
(0.01,9.0,0.1720000000000001)(151.89386763000996 221.0)
(0.01,9.0,0.1720000000000001)(152.61432460220055 223.0)
(0.01,9.0,0.1720000000000001)(154.8211994937664 218.0)
(0.01,9.0,0.1720000000000001)(153.98586557469113 222.0)
(0.01,9.0,0.1720000000000001)(155.28951857860164 218.0)
(0.01,9.0,0.1720000000000001)(154.71931960624016 220.0)
(0.01,9.0,0.1720000000000001)(156.37159628214624 216.0)
(0.01,9.0,0.1720000000000001)(156.37159628214624 214.0)
(0.01,9.0,0.1720000000000001)(155.90385703987425 215.0)
(0.01,9.0,0.1720000000000001)(157.32455502524815 210.0)
(0.01,9.0,0.1720000000000001)(157.32455502524815 209.0)
(0.01 9.0 0.1750000000000001)(105.67262221454865 282.0)
(0.01,9.0,0.1750000000000001)(165.85989181798615 3.0)
(0.01,9.0,0.1750000000000001)(165.85989181798615 25.0)
(0.01,9.0,0.1750000000000001)(165.85989181798615 30.0)
(0.01,9.0,0.1750000000000001)(165.81921881755773 44.0)
(0.01,9.0,0.1750000000000001)(165.7098903697138 69.0)
(0.01,9.0,0.1750000000000001)(165.7098903697138 76.0)
(0.01,9.0,0.1750000000000001)(165.2721421536896 109.0)
(0.01,9.0,0.1750000000000001)(163.19500794358467 149.0)
(0.01,9.0,0.1750000000000001)(162.6595151957809 159.0)
(0.01,9.0,0.1750000000000001)(162.73789703636743 162.0)
(0.01,9.0,0.1750000000000001)(161.2799295678286 168.0)
(0.01,9.0,0.1750000000000001)(160.4354425836984 171.0)
(0.01,9.0,0.1750000000000001)(160.2180938208141 172.0)
(0.01,9.0,0.1750000000000001)(159.9329898391923 174.0)
(0.01,9.0,0.1750000000000001)(159.08649410274418 182.0)
(0.01,9.0,0.1750000000000001)(158.76716052317232 183.0)
(0.01,9.0,0.1750000000000001)(158.67396761735054 184.0)
(0.01,9.0,0.1750000000000001)(159.05296474937361 189.0)
(0.01,9.0,0.1750000000000001)(158.39354600182142 190.0)
(0.01,9.0,0.1750000000000001)(157.30138189824766 196.0)
(0.01,9.0,0.1750000000000001)(157.34632027271786 198.0)
(0.01,9.0,0.1750000000000001)(157.76329883483564 199.0)
(0.01,9.0,0.1750000000000001)(156.74994421246936 207.0)
(0.01,9.0,0.1750000000000001)(156.6723395396349 207.0)
(0.01,9.0,0.1750000000000001)(156.6723395396349 208.0)
(0.01,9.0,0.1750000000000001)(156.29699047495473 211.0)
(0.01,9.0,0.1750000000000001)(155.33841903966066 211.0)
(0.01,9.0,0.1750000000000001)(157.61094210254782 204.0)
(0.01,9.0,0.1750000000000001)(156.25607874442707 208.0)
(0.01,9.0,0.1750000000000001)(157.12946725934245 208.0)
(0.01,9.0,0.1750000000000001)(157.21361016126534 207.0)
(0.01,9.0,0.1750000000000001)(156.6723395396349 205.0)
(0.01,9.0,0.1750000000000001)(157.58849844619402 202.0)
(0.01,9.0,0.1750000000000001)(156.9408334053451 203.0)
(0.01,9.0,0.1750000000000001)(156.2222092084756 206.0)
(0.01,9.0,0.1750000000000001)(154.67000502201856 207.0)
(0.01,9.0,0.1750000000000001)(156.10745887749292 206.0)
(0.01,9.0,0.1750000000000001)(155.606640701618 205.0)
(0.01,9.0,0.1750000000000001)(156.75579342239988 205.0)
(0.01,9.0,0.1750000000000001)(155.38815388446633 207.0)
(0.01,9.0,0.1750000000000001)(156.87045165974305 205.0)
(0.01,9.0,0.1750000000000001)(156.22656225796956 209.0)
(0.01,9.0,0.1750000000000001)(156.1118119269869 209.0)
(0.01 9.0 0.1780000000000001)(103.80178778249683 287.0)
(0.01,9.0,0.1780000000000001)(165.85989181798615 3.0)
(0.01,9.0,0.1780000000000001)(165.85989181798615 25.0)
(0.01,9.0,0.1780000000000001)(165.85989181798615 37.0)
(0.01,9.0,0.1780000000000001)(165.81921881755773 44.0)
(0.01,9.0,0.1780000000000001)(165.7098903697138 62.0)
(0.01,9.0,0.1780000000000001)(165.7098903697138 76.0)
(0.01,9.0,0.1780000000000001)(165.570581190903 95.0)
(0.01,9.0,0.1780000000000001)(163.9765786153946 139.0)
(0.01,9.0,0.1780000000000001)(162.67256942984008 162.0)
(0.01,9.0,0.1780000000000001)(160.9299238728375 173.0)
(0.01,9.0,0.1780000000000001)(159.97081924420104 174.0)
(0.01,9.0,0.1780000000000001)(159.75314183765536 177.0)
(0.01,9.0,0.1780000000000001)(158.84491559505253 183.0)
(0.01,9.0,0.1780000000000001)(158.52536035215144 185.0)
(0.01,9.0,0.1780000000000001)(158.52536035215144 189.0)
(0.01,9.0,0.1780000000000001)(158.10697769727793 189.0)
(0.01,9.0,0.1780000000000001)(157.55038330045366 198.0)
(0.01,9.0,0.1780000000000001)(158.10697769727793 196.0)
(0.01,9.0,0.1780000000000001)(157.35743215679176 205.0)
(0.01,9.0,0.1780000000000001)(157.08030235137755 208.0)
(0.01,9.0,0.1780000000000001)(157.83010848823088 207.0)
(0.01,9.0,0.1780000000000001)(156.64336634121602 210.0)
(0.01,9.0,0.1780000000000001)(156.61441657306486 211.0)
(0.01,9.0,0.1780000000000001)(155.41444354365638 212.0)
(0.01,9.0,0.1780000000000001)(154.6614702852571 214.0)
(0.01,9.0,0.1780000000000001)(154.9409394549962 218.0)
(0.01,9.0,0.1780000000000001)(153.6676812412225 218.0)
(0.01,9.0,0.1780000000000001)(153.6676812412225 220.0)
(0.01,9.0,0.1780000000000001)(153.17166179464954 223.0)
(0.01,9.0,0.1780000000000001)(153.17166179464954 222.0)
(0.01,9.0,0.1780000000000001)(156.73494117713284 213.0)
(0.01,9.0,0.1780000000000001)(153.17166179464954 221.0)
(0.01,9.0,0.1780000000000001)(152.02431595093455 221.0)
(0.01,9.0,0.1780000000000001)(150.6573094062351 223.0)
(0.01,9.0,0.1780000000000001)(152.09599144985916 221.0)
(0.01,9.0,0.1780000000000001)(151.8645446915499 223.0)
(0.01,9.0,0.1780000000000001)(153.24321692577558 220.0)
(0.01,9.0,0.1780000000000001)(153.61016251168584 219.0)
(0.01,9.0,0.1780000000000001)(151.8240756742134 221.0)
(0.01,9.0,0.1780000000000001)(154.36892387693388 217.0)
(0.01,9.0,0.1780000000000001)(154.23218482754567 219.0)
(0.01,9.0,0.1780000000000001)(152.69894388052936 221.0)
(0.01,9.0,0.1780000000000001)(152.13182487723057 220.0)
(0.01,9.0,0.1780000000000001)(152.07624136641434 222.0)
(0.01,9.0,0.1780000000000001)(151.87862717114874 222.0)
(0.01,9.0,0.1780000000000001)(154.6274005768939 219.0)
(0.01,9.0,0.1780000000000001)(153.6039415176097 221.0)
(0.01,9.0,0.1780000000000001)(153.7231704363017 220.0)
(0.01,9.0,0.1780000000000001)(152.66074283654655 222.0)
(0.01,9.0,0.1780000000000001)(151.86223546993966 223.0)
(0.01,9.0,0.1780000000000001)(155.46046570789542 217.0)
(0.01,9.0,0.1780000000000001)(154.1877519451019 219.0)
(0.01,9.0,0.1780000000000001)(156.22393532380522 217.0)
(0.01,9.0,0.1780000000000001)(154.15728059864432 220.0)
(0.01,9.0,0.1780000000000001)(155.31264346714988 219.0)
(0.01,9.0,0.1780000000000001)(154.95228909314682 219.0)
(0.01,9.0,0.1780000000000001)(154.56400554680036 223.0)
(0.01,9.0,0.1780000000000001)(156.22393532380522 216.0)
(0.01,9.0,0.1780000000000001)(153.8008688824231 226.0)
(0.01,9.0,0.1780000000000001)(152.83388841484143 224.0)
(0.01,9.0,0.1780000000000001)(153.59786108709307 227.0)
(0.01,9.0,0.1780000000000001)(153.59786108709307 225.0)
(0.01 9.0 0.1810000000000001)(107.96689352500304 279.0)
(0.01,9.0,0.1810000000000001)(165.85989181798615 3.0)
(0.01,9.0,0.1810000000000001)(165.85989181798615 25.0)
(0.01,9.0,0.1810000000000001)(165.85989181798615 37.0)
(0.01,9.0,0.1810000000000001)(165.81921881755773 44.0)
(0.01,9.0,0.1810000000000001)(165.81921881755773 59.0)
(0.01,9.0,0.1810000000000001)(165.7098903697138 69.0)
(0.01,9.0,0.1810000000000001)(165.570581190903 94.0)
(0.01,9.0,0.1810000000000001)(164.54394331944664 137.0)
(0.01,9.0,0.1810000000000001)(162.96880173924177 164.0)
(0.01,9.0,0.1810000000000001)(162.0007673815334 168.0)
(0.01,9.0,0.1810000000000001)(161.51157973365065 173.0)
(0.01,9.0,0.1810000000000001)(161.0524292486194 174.0)
(0.01,9.0,0.1810000000000001)(160.15054701180964 175.0)
(0.01,9.0,0.1810000000000001)(159.93298983919226 177.0)
(0.01,9.0,0.1810000000000001)(159.08649410274418 185.0)
(0.01,9.0,0.1810000000000001)(158.7671605231723 187.0)
(0.01,9.0,0.1810000000000001)(158.6739676173505 192.0)
(0.01,9.0,0.1810000000000001)(158.10745082388095 192.0)
(0.01,9.0,0.1810000000000001)(158.10745082388095 194.0)
(0.01,9.0,0.1810000000000001)(158.10745082388095 195.0)
(0.01,9.0,0.1810000000000001)(158.10745082388095 197.0)
(0.01,9.0,0.1810000000000001)(157.01483524674205 200.0)
(0.01,9.0,0.1810000000000001)(157.45584358243048 202.0)
(0.01,9.0,0.1810000000000001)(157.47691175753596 200.0)
(0.01,9.0,0.1810000000000001)(156.4362880587607 205.0)
(0.01,9.0,0.1810000000000001)(156.4362880587607 207.0)
(0.01,9.0,0.1810000000000001)(156.68104563862275 210.0)
(0.01,9.0,0.1810000000000001)(156.68104563862275 209.0)
(0.01,9.0,0.1810000000000001)(156.30569657394258 212.0)
(0.01,9.0,0.1810000000000001)(156.30569657394258 211.0)
(0.01,9.0,0.1810000000000001)(155.42196881774072 211.0)
(0.01,9.0,0.1810000000000001)(155.72294799351295 211.0)
(0.01,9.0,0.1810000000000001)(156.53513162947152 207.0)
(0.01,9.0,0.1810000000000001)(157.58849844619397 209.0)
(0.01,9.0,0.1810000000000001)(156.81747775529124 209.0)
(0.01,9.0,0.1810000000000001)(155.90918495661634 212.0)
(0.01,9.0,0.1810000000000001)(155.6684139580271 211.0)
(0.01,9.0,0.1810000000000001)(155.51605722573927 212.0)
(0.01,9.0,0.1810000000000001)(156.09875277850503 212.0)
(0.01,9.0,0.1810000000000001)(155.96222110074422 214.0)
(0.01,9.0,0.1810000000000001)(156.87045165974303 208.0)
(0.01,9.0,0.1810000000000001)(156.68104563862275 213.0)
(0.01,9.0,0.1810000000000001)(155.37944778547842 211.0)
(0.01,9.0,0.1810000000000001)(155.85371084055743 213.0)
(0.01,9.0,0.1810000000000001)(155.3263730911006 209.0)
(0.01,9.0,0.1810000000000001)(156.23526835695742 212.0)
(0.01,9.0,0.1810000000000001)(156.36306154538485 209.0)
(0.01,9.0,0.1810000000000001)(156.22656225796956 215.0)
(0.01,9.0,0.1810000000000001)(156.11181192698686 212.0)
(0.01,9.0,0.1810000000000001)(157.1214808759783 210.0)
(0.01,9.0,0.1810000000000001)(157.58849844619397 204.0)
(0.01 9.0 0.1840000000000001)(101.2254985925254 290.0)
(0.01,9.0,0.1840000000000001)(165.85989181798615 3.0)
(0.01,9.0,0.1840000000000001)(165.85989181798615 25.0)
(0.01,9.0,0.1840000000000001)(165.85989181798615 30.0)
(0.01,9.0,0.1840000000000001)(165.81921881755773 44.0)
(0.01,9.0,0.1840000000000001)(165.7098903697138 62.0)
(0.01,9.0,0.1840000000000001)(165.7098903697138 69.0)
(0.01,9.0,0.1840000000000001)(165.2721421536896 119.0)
(0.01,9.0,0.1840000000000001)(163.52083345063247 152.0)
(0.01,9.0,0.1840000000000001)(161.9574013105787 176.0)
(0.01,9.0,0.1840000000000001)(160.9299238728375 177.0)
(0.01,9.0,0.1840000000000001)(159.97081924420104 179.0)
(0.01,9.0,0.1840000000000001)(159.75314183765536 178.0)
(0.01,9.0,0.1840000000000001)(159.4592433140173 181.0)
(0.01,9.0,0.1840000000000001)(159.2997935279471 184.0)
(0.01,9.0,0.1840000000000001)(159.1401971014788 185.0)
(0.01,9.0,0.1840000000000001)(157.77952086407277 193.0)
(0.01,9.0,0.1840000000000001)(157.77952086407277 196.0)
(0.01,9.0,0.1840000000000001)(157.55038330045366 196.0)
(0.01,9.0,0.1840000000000001)(157.55038330045366 198.0)
(0.01,9.0,0.1840000000000001)(156.85894181204424 204.0)
(0.01,9.0,0.1840000000000001)(155.2700617062043 212.0)
(0.01,9.0,0.1840000000000001)(156.4095616989414 211.0)
(0.01,9.0,0.1840000000000001)(156.4095616989414 209.0)
(0.01,9.0,0.1840000000000001)(155.580837730605 211.0)
(0.01,9.0,0.1840000000000001)(154.6910495394852 212.0)
(0.01,9.0,0.1840000000000001)(155.046332125173 212.0)
(0.01,9.0,0.1840000000000001)(154.69459703161843 218.0)
(0.01,9.0,0.1840000000000001)(153.89403981490722 220.0)
(0.01,9.0,0.1840000000000001)(152.68112883567449 222.0)
(0.01,9.0,0.1840000000000001)(152.68112883567449 225.0)
(0.01,9.0,0.1840000000000001)(151.75612144858692 228.0)
(0.01,9.0,0.1840000000000001)(155.4397237401694 220.0)
(0.01,9.0,0.1840000000000001)(150.66493028305337 228.0)
(0.01,9.0,0.1840000000000001)(151.38855328421846 228.0)
(0.01,9.0,0.1840000000000001)(150.7367469528452 228.0)
(0.01,9.0,0.1840000000000001)(150.48753734469207 230.0)
(0.01,9.0,0.1840000000000001)(150.4744781962103 231.0)
(0.01,9.0,0.1840000000000001)(150.92716054148076 229.0)
(0.01,9.0,0.1840000000000001)(151.9909544891005 229.0)
(0.01,9.0,0.1840000000000001)(152.0757062573691 228.0)
(0.01,9.0,0.1840000000000001)(153.6542972436206 226.0)
(0.01,9.0,0.1840000000000001)(153.94192335934056 225.0)
(0.01,9.0,0.1840000000000001)(150.91427275522543 229.0)
(0.01,9.0,0.1840000000000001)(152.3637139952406 227.0)
(0.01,9.0,0.1840000000000001)(154.23218482754567 225.0)
(0.01,9.0,0.1840000000000001)(152.7165274407316 227.0)
(0.01,9.0,0.1840000000000001)(153.99095893368337 224.0)
(0.01,9.0,0.1840000000000001)(153.02609226992197 226.0)
(0.01,9.0,0.1840000000000001)(154.71114731413977 224.0)
(0.01,9.0,0.1840000000000001)(152.5060124515314 228.0)
(0.01,9.0,0.1840000000000001)(151.86804295040506 228.0)
(0.01,9.0,0.1840000000000001)(154.16343500903253 225.0)
(0.01,9.0,0.1840000000000001)(154.95228909314682 224.0)
(0.01,9.0,0.1840000000000001)(155.50481914463916 223.0)
(0.01,9.0,0.1840000000000001)(154.55956251298076 225.0)
(0.01,9.0,0.1840000000000001)(156.22393532380522 221.0)
(0.01,9.0,0.1840000000000001)(155.35701579978456 222.0)
(0.01,9.0,0.1840000000000001)(156.5542283474686 216.0)
(0.01,9.0,0.1840000000000001)(156.5542283474686 217.0)
(0.01,9.0,0.1840000000000001)(154.56400554680036 230.0)
(0.01,9.0,0.1840000000000001)(156.5542283474686 213.0)
(0.01,9.0,0.1840000000000001)(154.36110987017548 230.0)
(0.01 9.0 0.1870000000000001)(101.28273106958646 293.0)
(0.01,9.0,0.1870000000000001)(165.85989181798615 3.0)
(0.01,9.0,0.1870000000000001)(165.85989181798615 25.0)
(0.01,9.0,0.1870000000000001)(165.85989181798615 35.0)
(0.01,9.0,0.1870000000000001)(165.81921881755773 44.0)
(0.01,9.0,0.1870000000000001)(165.7098903697138 62.0)
(0.01,9.0,0.1870000000000001)(165.7098903697138 69.0)
(0.01,9.0,0.1870000000000001)(165.2721421536896 126.0)
(0.01,9.0,0.1870000000000001)(162.93380598106378 159.0)
(0.01,9.0,0.1870000000000001)(161.56405450532338 171.0)
(0.01,9.0,0.1870000000000001)(160.53535900426738 172.0)
(0.01,9.0,0.1870000000000001)(159.5754106744378 174.0)
(0.01,9.0,0.1870000000000001)(159.35742857288508 175.0)
(0.01,9.0,0.1870000000000001)(158.26329724145614 185.0)
(0.01,9.0,0.1870000000000001)(158.10326913661345 186.0)
(0.01,9.0,0.1870000000000001)(157.84968141583025 191.0)
(0.01,9.0,0.1870000000000001)(157.45319434363248 196.0)
(0.01,9.0,0.1870000000000001)(157.10271258370466 198.0)
(0.01,9.0,0.1870000000000001)(156.87331090471562 198.0)
(0.01,9.0,0.1870000000000001)(154.66132855574975 206.0)
(0.01,9.0,0.1870000000000001)(154.3999193632945 211.0)
(0.01,9.0,0.1870000000000001)(155.08201843657886 214.0)
(0.01,9.0,0.1870000000000001)(154.60291722280152 212.0)
(0.01,9.0,0.1870000000000001)(154.97488984882057 212.0)
(0.01,9.0,0.1870000000000001)(154.28238702695816 212.0)
(0.01,9.0,0.1870000000000001)(152.63826729180613 218.0)
(0.01,9.0,0.1870000000000001)(151.82595751452934 220.0)
(0.01,9.0,0.1870000000000001)(152.4989697080001 223.0)
(0.01,9.0,0.1870000000000001)(151.04925522291583 225.0)
(0.01,9.0,0.1870000000000001)(151.04925522291583 227.0)
(0.01,9.0,0.1870000000000001)(150.1229259314552 229.0)
(0.01,9.0,0.1870000000000001)(150.1229259314552 228.0)
(0.01,9.0,0.1870000000000001)(149.75485211749503 230.0)
(0.01,9.0,0.1870000000000001)(150.2035185213746 228.0)
(0.01,9.0,0.1870000000000001)(149.18282289918332 230.0)
(0.01,9.0,0.1870000000000001)(148.742547733946 230.0)
(0.01,9.0,0.1870000000000001)(149.06297321450472 230.0)
(0.01,9.0,0.1870000000000001)(149.00522150815735 231.0)
(0.01,9.0,0.1870000000000001)(150.52359247651077 229.0)
(0.01,9.0,0.1870000000000001)(150.21333982561305 229.0)
(0.01,9.0,0.1870000000000001)(150.80548445125538 228.0)
(0.01,9.0,0.1870000000000001)(149.04457031582916 230.0)
(0.01,9.0,0.1870000000000001)(148.47246825958652 231.0)
(0.01,9.0,0.1870000000000001)(151.88774747683846 227.0)
(0.01,9.0,0.1870000000000001)(152.5324767928993 226.0)
(0.01,9.0,0.1870000000000001)(151.4311415657063 228.0)
(0.01,9.0,0.1870000000000001)(153.45365212754697 225.0)
(0.01,9.0,0.1870000000000001)(154.00721910174966 225.0)
(0.01,9.0,0.1870000000000001)(150.08274834079492 231.0)
(0.01,9.0,0.1870000000000001)(151.2754961687782 229.0)
(0.01,9.0,0.1870000000000001)(150.86534192200097 227.0)
(0.01,9.0,0.1870000000000001)(152.37273127267596 227.0)
(0.01,9.0,0.1870000000000001)(151.65078725053021 227.0)
(0.01,9.0,0.1870000000000001)(153.64805052871174 224.0)
(0.01,9.0,0.1870000000000001)(150.9784936061759 228.0)
(0.01,9.0,0.1870000000000001)(154.29131934876506 222.0)
(0.01,9.0,0.1870000000000001)(151.62763425950092 229.0)
(0.01,9.0,0.1870000000000001)(151.32968219467386 230.0)
(0.01,9.0,0.1870000000000001)(153.945347322719 228.0)
(0.01,9.0,0.1870000000000001)(151.67655787976585 228.0)
(0.01,9.0,0.1870000000000001)(151.97439426001523 227.0)
(0.01,9.0,0.1870000000000001)(152.4246566881558 231.0)
(0.01,9.0,0.1870000000000001)(151.8591654891907 228.0)
(0.01,9.0,0.1870000000000001)(151.58949688988713 232.0)
(0.01 9.0 0.1900000000000001)(107.57656102541713 281.0)
(0.01,9.0,0.1900000000000001)(165.85989181798615 3.0)
(0.01,9.0,0.1900000000000001)(165.85989181798615 25.0)
(0.01,9.0,0.1900000000000001)(165.85989181798615 35.0)
(0.01,9.0,0.1900000000000001)(165.81921881755773 51.0)
(0.01,9.0,0.1900000000000001)(165.7098903697138 67.0)
(0.01,9.0,0.1900000000000001)(165.7098903697138 83.0)
(0.01,9.0,0.1900000000000001)(165.11347264887667 117.0)
(0.01,9.0,0.1900000000000001)(163.22983233953613 147.0)
(0.01,9.0,0.1900000000000001)(162.96880173924177 155.0)
(0.01,9.0,0.1900000000000001)(162.11863550408077 161.0)
(0.01,9.0,0.1900000000000001)(160.65798720345296 167.0)
(0.01,9.0,0.1900000000000001)(158.90864150524487 175.0)
(0.01,9.0,0.1900000000000001)(159.53742684268175 170.0)
(0.01,9.0,0.1900000000000001)(158.50513970751484 181.0)
(0.01,9.0,0.1900000000000001)(158.3452146143518 182.0)
(0.01,9.0,0.1900000000000001)(158.18516122594235 183.0)
(0.01,9.0,0.1900000000000001)(157.99836350750826 188.0)
(0.01,9.0,0.1900000000000001)(157.99836350750826 189.0)
(0.01,9.0,0.1900000000000001)(157.4312626359622 190.0)
(0.01,9.0,0.1900000000000001)(157.4312626359622 192.0)
(0.01,9.0,0.1900000000000001)(156.35399555519857 197.0)
(0.01,9.0,0.1900000000000001)(156.8362507350292 197.0)
(0.01,9.0,0.1900000000000001)(155.50666452698158 199.0)
(0.01,9.0,0.1900000000000001)(155.92771268195438 200.0)
(0.01,9.0,0.1900000000000001)(155.7554749479058 203.0)
(0.01,9.0,0.1900000000000001)(155.7554749479058 201.0)
(0.01,9.0,0.1900000000000001)(155.30471473992927 205.0)
(0.01,9.0,0.1900000000000001)(154.9416678548837 209.0)
(0.01,9.0,0.1900000000000001)(154.56539010465664 211.0)
(0.01,9.0,0.1900000000000001)(156.152152223255 204.0)
(0.01,9.0,0.1900000000000001)(153.68497891048128 211.0)
(0.01,9.0,0.1900000000000001)(155.93723401454076 207.0)
(0.01,9.0,0.1900000000000001)(154.6455531672432 210.0)
(0.01,9.0,0.1900000000000001)(154.8537217256169 210.0)
(0.01,9.0,0.1900000000000001)(154.5610370551627 211.0)
(0.01,9.0,0.1900000000000001)(154.26990766572845 208.0)
(0.01,9.0,0.1900000000000001)(154.40341810977102 209.0)
(0.01,9.0,0.1900000000000001)(155.2298526786325 207.0)
(0.01,9.0,0.1900000000000001)(156.3112606325796 204.0)
(0.01,9.0,0.1900000000000001)(155.40219133912709 207.0)
(0.01,9.0,0.1900000000000001)(154.21691992232263 210.0)
(0.01,9.0,0.1900000000000001)(156.3112606325796 206.0)
(0.01,9.0,0.1900000000000001)(155.27773622306577 206.0)
(0.01,9.0,0.1900000000000001)(155.06531298987966 206.0)
(0.01,9.0,0.1900000000000001)(156.06782549935892 206.0)
(0.01,9.0,0.1900000000000001)(155.34824523486864 207.0)
(0.01,9.0,0.1900000000000001)(155.43266268558463 206.0)
(0.01,9.0,0.1900000000000001)(153.4244701370788 208.0)
(0.01,9.0,0.1900000000000001)(153.11725386140878 209.0)
(0.01,9.0,0.1900000000000001)(153.38529269163334 208.0)
(0.01,9.0,0.1900000000000001)(154.260450417262 208.0)
(0.01,9.0,0.1900000000000001)(154.34500006916525 207.0)
(0.01,9.0,0.1900000000000001)(154.10623879176825 209.0)
(0.01,9.0,0.1900000000000001)(153.91341518561552 207.0)
(0.01,9.0,0.1900000000000001)(154.04436374992903 212.0)
(0.01,9.0,0.1900000000000001)(153.69916416737865 214.0)
(0.01,9.0,0.1900000000000001)(155.3621609666715 207.0)
(0.01,9.0,0.1900000000000001)(153.99648020549574 213.0)
(0.01,9.0,0.1900000000000001)(153.93024886742865 211.0)
(0.01,9.0,0.1900000000000001)(154.22746773282898 210.0)
(0.01 9.0 0.19300000000000012)(100.52773549213079 282.0)
(0.01,9.0,0.19300000000000012)(165.85989181798615 3.0)
(0.01,9.0,0.19300000000000012)(165.85989181798615 25.0)
(0.01,9.0,0.19300000000000012)(165.85989181798615 37.0)
(0.01,9.0,0.19300000000000012)(165.7098903697138 59.0)
(0.01,9.0,0.19300000000000012)(165.5997310482886 84.0)
(0.01,9.0,0.19300000000000012)(165.1431896093073 100.0)
(0.01,9.0,0.19300000000000012)(163.18217844847987 141.0)
(0.01,9.0,0.19300000000000012)(161.79597072443406 157.0)
(0.01,9.0,0.19300000000000012)(159.27760482874933 167.0)
(0.01,9.0,0.19300000000000012)(158.71166235068705 169.0)
(0.01,9.0,0.19300000000000012)(156.92327461365662 181.0)
(0.01,9.0,0.19300000000000012)(157.58347933266032 176.0)
(0.01,9.0,0.19300000000000012)(156.61023488579735 185.0)
(0.01,9.0,0.19300000000000012)(156.44951856946895 187.0)
(0.01,9.0,0.19300000000000012)(156.28869981278953 188.0)
(0.01,9.0,0.19300000000000012)(155.26989034397778 194.0)
(0.01,9.0,0.19300000000000012)(155.36736694317554 195.0)
(0.01,9.0,0.19300000000000012)(154.88072516196857 198.0)
(0.01,9.0,0.19300000000000012)(154.50009436224755 199.0)
(0.01,9.0,0.19300000000000012)(153.4297903952856 204.0)
(0.01,9.0,0.19300000000000012)(152.4204434548827 206.0)
(0.01,9.0,0.19300000000000012)(150.93808462324816 208.0)
(0.01,9.0,0.19300000000000012)(153.6478791664853 206.0)
(0.01,9.0,0.19300000000000012)(154.13696956472373 209.0)
(0.01,9.0,0.19300000000000012)(151.7265132833363 214.0)
(0.01,9.0,0.19300000000000012)(152.78305750940413 213.0)
(0.01,9.0,0.19300000000000012)(152.78305750940413 215.0)
(0.01,9.0,0.19300000000000012)(152.78305750940413 216.0)
(0.01,9.0,0.19300000000000012)(150.7322296117542 215.0)
(0.01,9.0,0.19300000000000012)(153.7213024917195 215.0)
(0.01,9.0,0.19300000000000012)(152.97557715279805 213.0)
(0.01,9.0,0.19300000000000012)(152.97557715279805 212.0)
(0.01,9.0,0.19300000000000012)(155.49594168342477 208.0)
(0.01,9.0,0.19300000000000012)(151.95601900085506 213.0)
(0.01,9.0,0.19300000000000012)(149.84286556519208 213.0)
(0.01,9.0,0.19300000000000012)(150.8368670912057 213.0)
(0.01,9.0,0.19300000000000012)(152.41275214577234 213.0)
(0.01,9.0,0.19300000000000012)(152.89089528772396 212.0)
(0.01,9.0,0.19300000000000012)(151.75718292041338 214.0)
(0.01,9.0,0.19300000000000012)(151.6244975913401 214.0)
(0.01,9.0,0.19300000000000012)(152.38997210842518 214.0)
(0.01,9.0,0.19300000000000012)(152.82896115624183 214.0)
(0.01,9.0,0.19300000000000012)(153.3069378007424 211.0)
(0.01,9.0,0.19300000000000012)(153.50910940152252 212.0)
(0.01,9.0,0.19300000000000012)(153.3915770651862 211.0)
(0.01,9.0,0.19300000000000012)(152.95420518718043 213.0)
(0.01,9.0,0.19300000000000012)(153.21358012227657 211.0)
(0.01,9.0,0.19300000000000012)(152.83667285084408 211.0)
(0.01,9.0,0.19300000000000012)(151.61474049567673 216.0)
(0.01,9.0,0.19300000000000012)(153.11585719495636 214.0)
(0.01,9.0,0.19300000000000012)(152.47601544858477 217.0)
(0.01,9.0,0.19300000000000012)(152.35848311224848 214.0)
(0.01,9.0,0.19300000000000012)(151.99101475903302 215.0)
(0.01,9.0,0.19300000000000012)(151.59957126329792 216.0)
(0.01,9.0,0.19300000000000012)(150.74762493260764 220.0)
(0.01,9.0,0.19300000000000012)(150.74762493260764 219.0)
(0.01,9.0,0.19300000000000012)(151.30366473989355 218.0)
(0.01,9.0,0.19300000000000012)(150.84558026082294 218.0)
(0.01,9.0,0.19300000000000012)(151.40156324187586 217.0)
(0.01,9.0,0.19300000000000012)(151.67673418526726 218.0)
(0.01,9.0,0.19300000000000012)(151.69519466748466 212.0)
(0.01,9.0,0.19300000000000012)(152.62337342564123 211.0)
(0.01,9.0,0.19300000000000012)(152.06811186489966 213.0)
(0.01 9.0 0.19600000000000012)(101.17788581631345 287.0)
(0.01,9.0,0.19600000000000012)(165.85989181798615 3.0)
(0.01,9.0,0.19600000000000012)(165.85989181798615 24.0)
(0.01,9.0,0.19600000000000012)(165.85989181798615 35.0)
(0.01,9.0,0.19600000000000012)(165.7098903697138 59.0)
(0.01,9.0,0.19600000000000012)(165.5997310482886 84.0)
(0.01,9.0,0.19600000000000012)(165.1431896093073 100.0)
(0.01,9.0,0.19600000000000012)(162.6552847835104 145.0)
(0.01,9.0,0.19600000000000012)(161.2672131437996 164.0)
(0.01,9.0,0.19600000000000012)(158.71166235068705 171.0)
(0.01,9.0,0.19600000000000012)(157.83394879420848 175.0)
(0.01,9.0,0.19600000000000012)(156.70389955292544 184.0)
(0.01,9.0,0.19600000000000012)(156.61023488579735 186.0)
(0.01,9.0,0.19600000000000012)(155.9764185459993 187.0)
(0.01,9.0,0.19600000000000012)(155.6545242460512 189.0)
(0.01,9.0,0.19600000000000012)(154.70393732574053 199.0)
(0.01,9.0,0.19600000000000012)(154.80148513168967 198.0)
(0.01,9.0,0.19600000000000012)(154.35462203942055 202.0)
(0.01,9.0,0.19600000000000012)(154.24831378048515 206.0)
(0.01,9.0,0.19600000000000012)(152.648828735589 207.0)
(0.01,9.0,0.19600000000000012)(152.4335026033646 209.0)
(0.01,9.0,0.19600000000000012)(152.37792774982083 208.0)
(0.01,9.0,0.19600000000000012)(150.31652644599055 211.0)
(0.01,9.0,0.19600000000000012)(146.78045913815438 220.0)
(0.01,9.0,0.19600000000000012)(151.758225744319 218.0)
(0.01,9.0,0.19600000000000012)(149.793858200714 218.0)
(0.01,9.0,0.19600000000000012)(150.14905885780567 219.0)
(0.01,9.0,0.19600000000000012)(148.48454239522596 221.0)
(0.01,9.0,0.19600000000000012)(146.54087005376147 222.0)
(0.01,9.0,0.19600000000000012)(147.403839134754 220.0)
(0.01,9.0,0.19600000000000012)(148.84618086671807 217.0)
(0.01,9.0,0.19600000000000012)(146.5850050828988 220.0)
(0.01,9.0,0.19600000000000012)(147.76563986728857 218.0)
(0.01,9.0,0.19600000000000012)(148.30767512723816 219.0)
(0.01,9.0,0.19600000000000012)(147.07938668439556 222.0)
(0.01,9.0,0.19600000000000012)(148.16044623664743 220.0)
(0.01,9.0,0.19600000000000012)(147.6141726268453 221.0)
(0.01,9.0,0.19600000000000012)(147.09325675170922 225.0)
(0.01,9.0,0.19600000000000012)(150.57344944178357 218.0)
(0.01,9.0,0.19600000000000012)(147.3226714613643 221.0)
(0.01,9.0,0.19600000000000012)(151.59309741960908 217.0)
(0.01,9.0,0.19600000000000012)(150.2315808065771 220.0)
(0.01,9.0,0.19600000000000012)(147.21573646592398 223.0)
(0.01,9.0,0.19600000000000012)(147.52101249755722 226.0)
(0.01,9.0,0.19600000000000012)(151.4864928186389 218.0)
(0.01,9.0,0.19600000000000012)(151.0077334151511 220.0)
(0.01,9.0,0.19600000000000012)(147.793347317478 225.0)
(0.01,9.0,0.19600000000000012)(148.42717714118052 223.0)
(0.01,9.0,0.19600000000000012)(150.48528060456297 219.0)
(0.01,9.0,0.19600000000000012)(147.7696666544712 222.0)
(0.01,9.0,0.19600000000000012)(148.9242003941136 222.0)
(0.01,9.0,0.19600000000000012)(150.30022945326525 220.0)
(0.01,9.0,0.19600000000000012)(149.48113851755323 221.0)
(0.01,9.0,0.19600000000000012)(151.08608830604197 220.0)
(0.01,9.0,0.19600000000000012)(146.9185091426132 226.0)
(0.01,9.0,0.19600000000000012)(150.129213316314 220.0)
(0.01,9.0,0.19600000000000012)(148.34523123527725 223.0)
(0.01,9.0,0.19600000000000012)(147.9026875956019 224.0)
(0.01,9.0,0.19600000000000012)(150.12822767971778 221.0)
(0.01,9.0,0.19600000000000012)(147.4346208405747 226.0)
(0.01,9.0,0.19600000000000012)(147.82747205204822 225.0)
(0.01,9.0,0.19600000000000012)(151.0555996444024 220.0)
(0.01,9.0,0.19600000000000012)(151.21767077827687 219.0)
(0.01,9.0,0.19600000000000012)(149.81901953067 222.0)
(0.01,9.0,0.19600000000000012)(151.464483044306 221.0)
(0.01 9.0 0.19900000000000012)(107.54827092898027 288.0)
(0.01,9.0,0.19900000000000012)(165.85989181798615 3.0)
(0.01,9.0,0.19900000000000012)(165.85989181798615 25.0)
(0.01,9.0,0.19900000000000012)(165.85989181798615 35.0)
(0.01,9.0,0.19900000000000012)(165.81921881755773 51.0)
(0.01,9.0,0.19900000000000012)(165.7098903697138 74.0)
(0.01,9.0,0.19900000000000012)(165.41295306406636 91.0)
(0.01,9.0,0.19900000000000012)(165.11347264887667 117.0)
(0.01,9.0,0.19900000000000012)(163.1645948882777 151.0)
(0.01,9.0,0.19900000000000012)(161.41145959529007 167.0)
(0.01,9.0,0.19900000000000012)(159.9225044816522 170.0)
(0.01,9.0,0.19900000000000012)(159.62876605450418 183.0)
(0.01,9.0,0.19900000000000012)(159.491901525888 181.0)
(0.01,9.0,0.19900000000000012)(159.2738465932099 182.0)
(0.01,9.0,0.19900000000000012)(159.11425016674158 183.0)
(0.01,9.0,0.19900000000000012)(158.954513013638 184.0)
(0.01,9.0,0.19900000000000012)(158.954513013638 189.0)
(0.01,9.0,0.19900000000000012)(157.2384648589173 193.0)
(0.01,9.0,0.19900000000000012)(156.99612414676906 195.0)
(0.01,9.0,0.19900000000000012)(156.67819073716748 196.0)
(0.01,9.0,0.19900000000000012)(156.65207244020385 201.0)
(0.01,9.0,0.19900000000000012)(155.32050401173842 203.0)
(0.01,9.0,0.19900000000000012)(154.28674007645205 205.0)
(0.01,9.0,0.19900000000000012)(154.28674007645205 209.0)
(0.01,9.0,0.19900000000000012)(153.87100447751706 215.0)
(0.01,9.0,0.19900000000000012)(154.32867510468338 216.0)
(0.01,9.0,0.19900000000000012)(154.32867510468338 218.0)
(0.01,9.0,0.19900000000000012)(154.32867510468338 217.0)
(0.01,9.0,0.19900000000000012)(153.1528087915879 219.0)
(0.01,9.0,0.19900000000000012)(153.1528087915879 220.0)
(0.01,9.0,0.19900000000000012)(152.00510845094823 221.0)
(0.01,9.0,0.19900000000000012)(152.12034845882692 219.0)
(0.01,9.0,0.19900000000000012)(151.92032865142633 221.0)
(0.01,9.0,0.19900000000000012)(153.16374073938968 219.0)
(0.01,9.0,0.19900000000000012)(153.18328013804543 219.0)
(0.01,9.0,0.19900000000000012)(154.35914645114093 217.0)
(0.01,9.0,0.19900000000000012)(152.0355797974058 220.0)
(0.01,9.0,0.19900000000000012)(153.12613132262302 218.0)
(0.01,9.0,0.19900000000000012)(152.34892787872027 220.0)
(0.01,9.0,0.19900000000000012)(152.2911435419556 220.0)
(0.01,9.0,0.19900000000000012)(154.56646725107433 219.0)
(0.01,9.0,0.19900000000000012)(152.63460628446222 220.0)
(0.01,9.0,0.19900000000000012)(152.3553190747001 222.0)
(0.01,9.0,0.19900000000000012)(152.7191405145078 224.0)
(0.01,9.0,0.19900000000000012)(150.6845174295473 224.0)
(0.01,9.0,0.19900000000000012)(151.5135666599166 223.0)
(0.01,9.0,0.19900000000000012)(151.58997746248505 224.0)
(0.01,9.0,0.19900000000000012)(153.73248077228493 222.0)
(0.01,9.0,0.19900000000000012)(152.90549564838102 223.0)
(0.01,9.0,0.19900000000000012)(152.90494289523434 222.0)
(0.01,9.0,0.19900000000000012)(153.73320517936742 223.0)
(0.01,9.0,0.19900000000000012)(151.68648856849683 222.0)
(0.01,9.0,0.19900000000000012)(152.89860994814484 222.0)
(0.01,9.0,0.19900000000000012)(153.19954457233212 219.0)
(0.01,9.0,0.19900000000000012)(152.07040419335723 224.0)
(0.01,9.0,0.19900000000000012)(153.63917306749732 221.0)
(0.01,9.0,0.19900000000000012)(152.50750444476142 223.0)
(0.01,9.0,0.19900000000000012)(153.8581149706137 217.0)
(0.01,9.0,0.19900000000000012)(154.13605369345618 216.0)
(0.01,9.0,0.19900000000000012)(153.45443864952892 221.0)
(0.01,9.0,0.19900000000000012)(155.1567110571353 211.0)
(0.01,9.0,0.19900000000000012)(154.87900643437223 217.0)
(0.01,9.0,0.19900000000000012)(155.1567110571353 212.0)
(0.01 9.0 0.20200000000000012)(108.89657880239191 285.0)
(0.01,9.0,0.20200000000000012)(165.85989181798615 3.0)
(0.01,9.0,0.20200000000000012)(165.85989181798615 24.0)
(0.01,9.0,0.20200000000000012)(165.81921881755773 36.0)
(0.01,9.0,0.20200000000000012)(165.81921881755773 44.0)
(0.01,9.0,0.20200000000000012)(165.7098903697138 69.0)
(0.01,9.0,0.20200000000000012)(165.41295306406636 91.0)
(0.01,9.0,0.20200000000000012)(165.41295306406636 109.0)
(0.01,9.0,0.20200000000000012)(163.75117931864597 147.0)
(0.01,9.0,0.20200000000000012)(161.49005266392646 171.0)
(0.01,9.0,0.20200000000000012)(160.38261992208396 170.0)
(0.01,9.0,0.20200000000000012)(159.62876605450418 179.0)
(0.01,9.0,0.20200000000000012)(159.2738465932099 181.0)
(0.01,9.0,0.20200000000000012)(159.2738465932099 182.0)
(0.01,9.0,0.20200000000000012)(158.954513013638 184.0)
(0.01,9.0,0.20200000000000012)(158.954513013638 185.0)
(0.01,9.0,0.20200000000000012)(157.31390166185233 192.0)
(0.01,9.0,0.20200000000000012)(157.31390166185233 194.0)
(0.01,9.0,0.20200000000000012)(156.99612414676906 195.0)
(0.01,9.0,0.20200000000000012)(156.71888976091932 198.0)
(0.01,9.0,0.20200000000000012)(155.1751512006587 205.0)
(0.01,9.0,0.20200000000000012)(153.92853936173861 207.0)
(0.01,9.0,0.20200000000000012)(152.54452690996106 212.0)
(0.01,9.0,0.20200000000000012)(154.28514460974407 213.0)
(0.01,9.0,0.20200000000000012)(154.0420434977011 215.0)
(0.01,9.0,0.20200000000000012)(154.5543104900969 216.0)
(0.01,9.0,0.20200000000000012)(152.8659368120154 221.0)
(0.01,9.0,0.20200000000000012)(152.8659368120154 220.0)
(0.01,9.0,0.20200000000000012)(151.71800547496795 222.0)
(0.01,9.0,0.20200000000000012)(152.89640815847292 221.0)
(0.01,9.0,0.20200000000000012)(151.74847682142547 222.0)
(0.01,9.0,0.20200000000000012)(152.98108402287076 220.0)
(0.01,9.0,0.20200000000000012)(151.39196412026084 222.0)
(0.01,9.0,0.20200000000000012)(153.53034683014891 219.0)
(0.01,9.0,0.20200000000000012)(154.364412026552 218.0)
(0.01,9.0,0.20200000000000012)(151.51236658873933 222.0)
(0.01,9.0,0.20200000000000012)(151.22637687726476 223.0)
(0.01,9.0,0.20200000000000012)(152.69637791044556 220.0)
(0.01,9.0,0.20200000000000012)(153.64369747921776 219.0)
(0.01,9.0,0.20200000000000012)(153.53104601121868 219.0)
(0.01,9.0,0.20200000000000012)(154.2798756889826 219.0)
(0.01,9.0,0.20200000000000012)(153.44640674677484 219.0)
(0.01,9.0,0.20200000000000012)(151.16877893124482 223.0)
(0.01,9.0,0.20200000000000012)(152.08922886808477 220.0)
(0.01,9.0,0.20200000000000012)(152.80917580636773 219.0)
(0.01,9.0,0.20200000000000012)(151.88985730496876 223.0)
(0.01,9.0,0.20200000000000012)(152.3052260215544 223.0)
(0.01,9.0,0.20200000000000012)(152.08859404362434 222.0)
(0.01,9.0,0.20200000000000012)(152.69637791044556 224.0)
(0.01,9.0,0.20200000000000012)(151.29921084821632 229.0)
(0.01,9.0,0.20200000000000012)(151.7505597211628 229.0)
(0.01,9.0,0.20200000000000012)(151.7505597211628 228.0)
(0.01,9.0,0.20200000000000012)(151.47214085905225 227.0)
(0.01,9.0,0.20200000000000012)(151.7505597211628 225.0)
(0.01 9.0 0.20500000000000013)(106.39789251679642 283.0)
(0.01,9.0,0.20500000000000013)(165.85989181798615 3.0)
(0.01,9.0,0.20500000000000013)(165.85989181798615 24.0)
(0.01,9.0,0.20500000000000013)(165.85989181798615 37.0)
(0.01,9.0,0.20500000000000013)(165.81921881755773 51.0)
(0.01,9.0,0.20500000000000013)(165.7098903697138 74.0)
(0.01,9.0,0.20500000000000013)(165.41295306406636 91.0)
(0.01,9.0,0.20500000000000013)(164.54394331944664 138.0)
(0.01,9.0,0.20500000000000013)(162.96880173924177 151.0)
(0.01,9.0,0.20500000000000013)(162.07090490953726 163.0)
(0.01,9.0,0.20500000000000013)(160.6409353136592 171.0)
(0.01,9.0,0.20500000000000013)(160.15054701180964 172.0)
(0.01,9.0,0.20500000000000013)(159.3045490354223 175.0)
(0.01,9.0,0.20500000000000013)(159.08649410274418 179.0)
(0.01,9.0,0.20500000000000013)(158.99346810143035 182.0)
(0.01,9.0,0.20500000000000013)(158.83378655978032 184.0)
(0.01,9.0,0.20500000000000013)(158.6739676173505 189.0)
(0.01,9.0,0.20500000000000013)(158.10745082388095 189.0)
(0.01,9.0,0.20500000000000013)(157.5167862753456 192.0)
(0.01,9.0,0.20500000000000013)(156.95677533909716 194.0)
(0.01,9.0,0.20500000000000013)(156.5561339891108 200.0)
(0.01,9.0,0.20500000000000013)(155.78076268137534 202.0)
(0.01,9.0,0.20500000000000013)(154.8711339235927 204.0)
(0.01,9.0,0.20500000000000013)(154.5088004612354 208.0)
(0.01,9.0,0.20500000000000013)(154.6125232863678 209.0)
(0.01,9.0,0.20500000000000013)(154.67435807151242 208.0)
(0.01,9.0,0.20500000000000013)(154.68741721999422 208.0)
(0.01,9.0,0.20500000000000013)(154.38691507540514 209.0)
(0.01,9.0,0.20500000000000013)(153.50119294752736 210.0)
(0.01,9.0,0.20500000000000013)(153.4165598845773 211.0)
(0.01,9.0,0.20500000000000013)(154.3023854454933 210.0)
(0.01,9.0,0.20500000000000013)(151.73750551595595 212.0)
(0.01,9.0,0.20500000000000013)(151.37749521906406 214.0)
(0.01,9.0,0.20500000000000013)(152.41173735589487 212.0)
(0.01,9.0,0.20500000000000013)(153.60679538181682 210.0)
(0.01,9.0,0.20500000000000013)(151.68108723476126 217.0)
(0.01,9.0,0.20500000000000013)(152.41173735589487 213.0)
(0.01,9.0,0.20500000000000013)(151.47885374791312 213.0)
(0.01,9.0,0.20500000000000013)(150.61483515365697 214.0)
(0.01,9.0,0.20500000000000013)(152.77272928544429 213.0)
(0.01,9.0,0.20500000000000013)(152.87684470067518 217.0)
(0.01,9.0,0.20500000000000013)(151.68979333374915 214.0)
(0.01,9.0,0.20500000000000013)(150.64309823368663 215.0)
(0.01,9.0,0.20500000000000013)(152.3095790710484 212.0)
(0.01,9.0,0.20500000000000013)(149.8939783390746 217.0)
(0.01,9.0,0.20500000000000013)(150.9827028961108 219.0)
(0.01,9.0,0.20500000000000013)(150.4504562086116 215.0)
(0.01,9.0,0.20500000000000013)(150.3175193222577 214.0)
(0.01,9.0,0.20500000000000013)(150.9402544920615 212.0)
(0.01,9.0,0.20500000000000013)(151.47450069841923 213.0)
(0.01,9.0,0.20500000000000013)(152.81391024678186 211.0)
(0.01,9.0,0.20500000000000013)(152.53463753160258 213.0)
(0.01,9.0,0.20500000000000013)(151.51145120936778 215.0)
(0.01,9.0,0.20500000000000013)(151.4277612332835 214.0)
(0.01,9.0,0.20500000000000013)(153.16036712688668 211.0)
(0.01,9.0,0.20500000000000013)(152.26399909212685 215.0)
(0.01,9.0,0.20500000000000013)(152.88990384915698 213.0)
(0.01,9.0,0.20500000000000013)(153.51442345823563 213.0)
(0.01,9.0,0.20500000000000013)(153.62951537547553 214.0)
(0.01,9.0,0.20500000000000013)(152.7539649104593 220.0)
(0.01 9.0 0.20800000000000013)(108.2035930472154 279.0)
(0.01,9.0,0.20800000000000013)(165.85989181798615 3.0)
(0.01,9.0,0.20800000000000013)(165.85989181798615 25.0)
(0.01,9.0,0.20800000000000013)(165.85989181798615 35.0)
(0.01,9.0,0.20800000000000013)(165.81921881755773 56.0)
(0.01,9.0,0.20800000000000013)(165.1431896093073 85.0)
(0.01,9.0,0.20800000000000013)(165.1431896093073 99.0)
(0.01,9.0,0.20800000000000013)(163.18217844847987 147.0)
(0.01,9.0,0.20800000000000013)(160.27396504696193 162.0)
(0.01,9.0,0.20800000000000013)(158.71166235068705 172.0)
(0.01,9.0,0.20800000000000013)(157.83394879420848 177.0)
(0.01,9.0,0.20800000000000013)(156.70389955292544 183.0)
(0.01,9.0,0.20800000000000013)(156.5702987498759 185.0)
(0.01,9.0,0.20800000000000013)(156.22612148464884 187.0)
(0.01,9.0,0.20800000000000013)(155.9043053940506 189.0)
(0.01,9.0,0.20800000000000013)(154.68562958607856 195.0)
(0.01,9.0,0.20800000000000013)(154.2290532637139 197.0)
(0.01,9.0,0.20800000000000013)(154.2290532637139 198.0)
(0.01,9.0,0.20800000000000013)(153.92401495001815 199.0)
(0.01,9.0,0.20800000000000013)(152.51314906614638 206.0)
(0.01,9.0,0.20800000000000013)(152.31623568605406 207.0)
(0.01,9.0,0.20800000000000013)(152.7626710094472 206.0)
(0.01,9.0,0.20800000000000013)(152.23224467692432 207.0)
(0.01,9.0,0.20800000000000013)(151.00120031625605 210.0)
(0.01,9.0,0.20800000000000013)(150.66056394272897 215.0)
(0.01,9.0,0.20800000000000013)(150.4733961053201 214.0)
(0.01,9.0,0.20800000000000013)(148.64041876110036 216.0)
(0.01,9.0,0.20800000000000013)(150.68451035891792 213.0)
(0.01,9.0,0.20800000000000013)(150.68451035891792 212.0)
(0.01,9.0,0.20800000000000013)(150.18278036196682 215.0)
(0.01,9.0,0.20800000000000013)(151.68630129445742 211.0)
(0.01,9.0,0.20800000000000013)(151.42861036411287 212.0)
(0.01,9.0,0.20800000000000013)(150.42532790782988 213.0)
(0.01,9.0,0.20800000000000013)(149.4422242254484 220.0)
(0.01,9.0,0.20800000000000013)(150.60615546802703 218.0)
(0.01,9.0,0.20800000000000013)(150.52127964975338 219.0)
(0.01,9.0,0.20800000000000013)(151.34379772965303 213.0)
(0.01,9.0,0.20800000000000013)(153.40124417139322 211.0)
(0.01,9.0,0.20800000000000013)(150.48863020232014 214.0)
(0.01,9.0,0.20800000000000013)(152.0353369529303 219.0)
(0.01,9.0,0.20800000000000013)(153.71317490889427 211.0)
(0.01,9.0,0.20800000000000013)(154.54197895277855 210.0)
(0.01,9.0,0.20800000000000013)(153.61550148080462 211.0)
(0.01,9.0,0.20800000000000013)(152.50953115178302 213.0)
(0.01,9.0,0.20800000000000013)(151.20461162979498 219.0)
(0.01,9.0,0.20800000000000013)(152.02663085394244 218.0)
(0.01,9.0,0.20800000000000013)(150.75846389270424 210.0)
(0.01,9.0,0.20800000000000013)(153.7623478817471 208.0)
(0.01,9.0,0.20800000000000013)(152.908866657701 209.0)
(0.01,9.0,0.20800000000000013)(152.64474539125885 209.0)
(0.01,9.0,0.20800000000000013)(153.05639225415308 215.0)
(0.01,9.0,0.20800000000000013)(150.95435111993137 219.0)
(0.01,9.0,0.20800000000000013)(152.08728535087118 217.0)
(0.01,9.0,0.20800000000000013)(152.94128164325167 216.0)
(0.01,9.0,0.20800000000000013)(152.20582671862746 217.0)
(0.01,9.0,0.20800000000000013)(151.3338915594879 218.0)
(0.01 9.0 0.21100000000000013)(110.42720281183746 274.0)
(0.01,9.0,0.21100000000000013)(165.85989181798615 3.0)
(0.01,9.0,0.21100000000000013)(165.85989181798615 24.0)
(0.01,9.0,0.21100000000000013)(165.85989181798615 37.0)
(0.01,9.0,0.21100000000000013)(165.81921881755773 44.0)
(0.01,9.0,0.21100000000000013)(165.5997310482886 68.0)
(0.01,9.0,0.21100000000000013)(165.1431896093073 85.0)
(0.01,9.0,0.21100000000000013)(165.1431896093073 110.0)
(0.01,9.0,0.21100000000000013)(163.18217844847987 150.0)
(0.01,9.0,0.21100000000000013)(160.27396504696193 164.0)
(0.01,9.0,0.21100000000000013)(158.71166235068705 173.0)
(0.01,9.0,0.21100000000000013)(156.92327461365662 182.0)
(0.01,9.0,0.21100000000000013)(156.70389955292544 183.0)
(0.01,9.0,0.21100000000000013)(156.5702987498759 185.0)
(0.01,9.0,0.21100000000000013)(156.22612148464884 187.0)
(0.01,9.0,0.21100000000000013)(156.24872281714352 188.0)
(0.01,9.0,0.21100000000000013)(155.9043053940506 189.0)
(0.01,9.0,0.21100000000000013)(154.60982638378732 196.0)
(0.01,9.0,0.21100000000000013)(154.5880611363176 196.0)
(0.01,9.0,0.21100000000000013)(153.92401495001815 201.0)
(0.01,9.0,0.21100000000000013)(153.30499416164926 205.0)
(0.01,9.0,0.21100000000000013)(152.4662888528301 208.0)
(0.01,9.0,0.21100000000000013)(151.84215006603688 209.0)
(0.01,9.0,0.21100000000000013)(151.94748426409365 207.0)
(0.01,9.0,0.21100000000000013)(150.61262688722903 211.0)
(0.01,9.0,0.21100000000000013)(148.50276824381763 213.0)
(0.01,9.0,0.21100000000000013)(151.20344375934968 212.0)
(0.01,9.0,0.21100000000000013)(150.95977382987257 216.0)
(0.01,9.0,0.21100000000000013)(150.95977382987257 215.0)
(0.01,9.0,0.21100000000000013)(151.58410376456152 215.0)
(0.01,9.0,0.21100000000000013)(151.51880802215246 218.0)
(0.01,9.0,0.21100000000000013)(151.82766518062766 213.0)
(0.01,9.0,0.21100000000000013)(150.76704693707626 214.0)
(0.01,9.0,0.21100000000000013)(150.68217111880264 215.0)
(0.01,9.0,0.21100000000000013)(150.2979915771063 220.0)
(0.01,9.0,0.21100000000000013)(151.74289093787857 214.0)
(0.01,9.0,0.21100000000000013)(151.43401169784843 219.0)
(0.01,9.0,0.21100000000000013)(149.4838347196369 221.0)
(0.01,9.0,0.21100000000000013)(152.29318736983936 220.0)
(0.01,9.0,0.21100000000000013)(151.2882617836314 218.0)
(0.01,9.0,0.21100000000000013)(153.74835638434118 217.0)
(0.01,9.0,0.21100000000000013)(152.3822807993147 218.0)
(0.01,9.0,0.21100000000000013)(151.19038461086785 218.0)
(0.01,9.0,0.21100000000000013)(151.9029164534505 220.0)
(0.01,9.0,0.21100000000000013)(148.4148936033229 222.0)
(0.01,9.0,0.21100000000000013)(150.7476382234381 220.0)
(0.01,9.0,0.21100000000000013)(148.51300932479268 221.0)
(0.01,9.0,0.21100000000000013)(152.00921865596672 219.0)
(0.01,9.0,0.21100000000000013)(152.82124649582096 218.0)
(0.01,9.0,0.21100000000000013)(152.46765804824506 219.0)
(0.01,9.0,0.21100000000000013)(152.0005125569788 219.0)
(0.01,9.0,0.21100000000000013)(154.320868970274 214.0)
(0.01,9.0,0.21100000000000013)(153.40750985128471 216.0)
(0.01,9.0,0.21100000000000013)(152.58281723268303 216.0)
(0.01,9.0,0.21100000000000013)(151.67427668940897 220.0)
(0.01,9.0,0.21100000000000013)(152.24701351727538 215.0)
(0.01,9.0,0.21100000000000013)(152.13182487723057 216.0)
(0.01,9.0,0.21100000000000013)(151.6558299479999 216.0)
(0.01,9.0,0.21100000000000013)(152.02097769131802 214.0)
(0.01 9.0 0.21400000000000013)(110.39938579366466 277.0)
(0.01,9.0,0.21400000000000013)(165.85989181798615 3.0)
(0.01,9.0,0.21400000000000013)(165.85989181798615 24.0)
(0.01,9.0,0.21400000000000013)(165.85989181798615 35.0)
(0.01,9.0,0.21400000000000013)(165.81921881755773 44.0)
(0.01,9.0,0.21400000000000013)(165.5997310482886 63.0)
(0.01,9.0,0.21400000000000013)(165.5997310482886 82.0)
(0.01,9.0,0.21400000000000013)(165.1431896093073 103.0)
(0.01,9.0,0.21400000000000013)(163.75589938195654 137.0)
(0.01,9.0,0.21400000000000013)(160.30878944291342 168.0)
(0.01,9.0,0.21400000000000013)(159.7437628869412 172.0)
(0.01,9.0,0.21400000000000013)(156.5401749621024 185.0)
(0.01,9.0,0.21400000000000013)(156.25345453893465 186.0)
(0.01,9.0,0.21400000000000013)(156.2269049824224 188.0)
(0.01,9.0,0.21400000000000013)(155.84262099660546 190.0)
(0.01,9.0,0.21400000000000013)(155.1422003447134 191.0)
(0.01,9.0,0.21400000000000013)(154.98103638276388 192.0)
(0.01,9.0,0.21400000000000013)(154.74400686341545 197.0)
(0.01,9.0,0.21400000000000013)(154.51841234441463 198.0)
(0.01,9.0,0.21400000000000013)(154.1376392243412 200.0)
(0.01,9.0,0.21400000000000013)(152.9997215250724 208.0)
(0.01,9.0,0.21400000000000013)(152.5902123851463 209.0)
(0.01,9.0,0.21400000000000013)(152.2009956781753 210.0)
(0.01,9.0,0.21400000000000013)(151.5767469517767 211.0)
(0.01,9.0,0.21400000000000013)(152.66289691549096 209.0)
(0.01,9.0,0.21400000000000013)(152.96687105381022 209.0)
(0.01,9.0,0.21400000000000013)(151.0675787143844 212.0)
(0.01,9.0,0.21400000000000013)(150.91413619509788 214.0)
(0.01,9.0,0.21400000000000013)(148.76749061233187 216.0)
(0.01,9.0,0.21400000000000013)(151.43610008176776 216.0)
(0.01,9.0,0.21400000000000013)(151.43610008176776 215.0)
(0.01,9.0,0.21400000000000013)(151.1924946947649 220.0)
(0.01,9.0,0.21400000000000013)(151.1924946947649 222.0)
(0.01,9.0,0.21400000000000013)(149.97708166111414 225.0)
(0.01,9.0,0.21400000000000013)(150.47883437698357 224.0)
(0.01,9.0,0.21400000000000013)(151.81666114711652 222.0)
(0.01,9.0,0.21400000000000013)(150.93472256117096 221.0)
(0.01,9.0,0.21400000000000013)(149.79834219398555 222.0)
(0.01,9.0,0.21400000000000013)(149.08393177046767 224.0)
(0.01,9.0,0.21400000000000013)(150.21093058722755 223.0)
(0.01,9.0,0.21400000000000013)(151.34695070796968 222.0)
(0.01,9.0,0.21400000000000013)(150.06397128876645 224.0)
(0.01,9.0,0.21400000000000013)(151.2001470963531 223.0)
(0.01,9.0,0.21400000000000013)(150.95648780864062 224.0)
(0.01,9.0,0.21400000000000013)(150.1762775535025 224.0)
(0.01,9.0,0.21400000000000013)(153.0805792270576 222.0)
(0.01,9.0,0.21400000000000013)(150.2785474508335 223.0)
(0.01,9.0,0.21400000000000013)(151.9930810613972 223.0)
(0.01,9.0,0.21400000000000013)(153.054460930094 219.0)
(0.01,9.0,0.21400000000000013)(151.26873950175877 221.0)
(0.01,9.0,0.21400000000000013)(151.81025298265192 222.0)
(0.01,9.0,0.21400000000000013)(152.9867434622501 218.0)
(0.01,9.0,0.21400000000000013)(152.3960174953639 219.0)
(0.01,9.0,0.21400000000000013)(153.51918134708203 220.0)
(0.01,9.0,0.21400000000000013)(152.72506217749302 218.0)
(0.01,9.0,0.21400000000000013)(151.30791694720415 220.0)
(0.01,9.0,0.21400000000000013)(151.08907250358587 218.0)
(0.01,9.0,0.21400000000000013)(152.07219949536776 219.0)
(0.01,9.0,0.21400000000000013)(152.84019121744973 219.0)
(0.01,9.0,0.21400000000000013)(152.36454585361167 219.0)
(0.01,9.0,0.21400000000000013)(152.87163285134872 217.0)
(0.01,9.0,0.21400000000000013)(151.33284327524632 220.0)
(0.01,9.0,0.21400000000000013)(151.88835376690332 220.0)
(0.01,9.0,0.21400000000000013)(150.97283297835438 223.0)
(0.01,9.0,0.21400000000000013)(151.6622492998581 220.0)
(0.01 9.0 0.21700000000000014)(110.92738089203232 277.0)
(0.01,9.0,0.21700000000000014)(165.85989181798615 3.0)
(0.01,9.0,0.21700000000000014)(165.85989181798615 25.0)
(0.01,9.0,0.21700000000000014)(165.85989181798615 35.0)
(0.01,9.0,0.21700000000000014)(165.81921881755773 44.0)
(0.01,9.0,0.21700000000000014)(165.5997310482886 70.0)
(0.01,9.0,0.21700000000000014)(165.5997310482886 89.0)
(0.01,9.0,0.21700000000000014)(165.1431896093073 110.0)
(0.01,9.0,0.21700000000000014)(162.6552847835104 152.0)
(0.01,9.0,0.21700000000000014)(159.7437628869412 169.0)
(0.01,9.0,0.21700000000000014)(159.7437628869412 170.0)
(0.01,9.0,0.21700000000000014)(157.91239152239376 178.0)
(0.01,9.0,0.21700000000000014)(155.80042637782276 187.0)
(0.01,9.0,0.21700000000000014)(155.58062668049075 188.0)
(0.01,9.0,0.21700000000000014)(155.1422003447134 190.0)
(0.01,9.0,0.21700000000000014)(155.4867553670854 190.0)
(0.01,9.0,0.21700000000000014)(154.98103638276388 192.0)
(0.01,9.0,0.21700000000000014)(154.1236509897439 200.0)
(0.01,9.0,0.21700000000000014)(153.7426946623179 201.0)
(0.01,9.0,0.21700000000000014)(153.81859652136333 203.0)
(0.01,9.0,0.21700000000000014)(153.29628806266138 208.0)
(0.01,9.0,0.21700000000000014)(152.88691179288415 208.0)
(0.01,9.0,0.21700000000000014)(152.1162158786534 212.0)
(0.01,9.0,0.21700000000000014)(151.49191289639484 213.0)
(0.01,9.0,0.21700000000000014)(150.98270289611077 211.0)
(0.01,9.0,0.21700000000000014)(150.90978314560397 211.0)
(0.01,9.0,0.21700000000000014)(152.16845247258078 213.0)
(0.01,9.0,0.21700000000000014)(150.6692165306502 216.0)
(0.01,9.0,0.21700000000000014)(150.885830714139 217.0)
(0.01,9.0,0.21700000000000014)(148.15249582925065 221.0)
(0.01,9.0,0.21700000000000014)(150.33298733528432 222.0)
(0.01,9.0,0.21700000000000014)(152.37994869838496 222.0)
(0.01,9.0,0.21700000000000014)(150.54413011939266 223.0)
(0.01,9.0,0.21700000000000014)(149.76145146123193 224.0)
(0.01,9.0,0.21700000000000014)(149.76145146123193 225.0)
(0.01,9.0,0.21700000000000014)(151.05660794700123 224.0)
(0.01,9.0,0.21700000000000014)(148.62400398030084 225.0)
(0.01,9.0,0.21700000000000014)(148.0284863819393 226.0)
(0.01,9.0,0.21700000000000014)(147.31311864619343 227.0)
(0.01,9.0,0.21700000000000014)(148.1179392648845 225.0)
(0.01,9.0,0.21700000000000014)(147.9576384680905 226.0)
(0.01,9.0,0.21700000000000014)(148.22163124543798 228.0)
(0.01,9.0,0.21700000000000014)(150.1631549420117 225.0)
(0.01,9.0,0.21700000000000014)(149.35948901466494 227.0)
(0.01,9.0,0.21700000000000014)(148.10308180102305 228.0)
(0.01,9.0,0.21700000000000014)(147.98435884791826 228.0)
(0.01,9.0,0.21700000000000014)(150.58657539216242 223.0)
(0.01,9.0,0.21700000000000014)(151.00543573792757 221.0)
(0.01,9.0,0.21700000000000014)(152.52560868488726 220.0)
(0.01,9.0,0.21700000000000014)(147.48165343720854 229.0)
(0.01,9.0,0.21700000000000014)(150.24586288239647 223.0)
(0.01,9.0,0.21700000000000014)(151.38850409339403 224.0)
(0.01,9.0,0.21700000000000014)(147.93212225399097 225.0)
(0.01,9.0,0.21700000000000014)(149.51734023222485 225.0)
(0.01,9.0,0.21700000000000014)(153.09653070681765 219.0)
(0.01,9.0,0.21700000000000014)(152.2493572135669 219.0)
(0.01,9.0,0.21700000000000014)(152.725062177493 219.0)
(0.01,9.0,0.21700000000000014)(153.51918134708203 218.0)
(0.01,9.0,0.21700000000000014)(151.52316107164643 223.0)
(0.01,9.0,0.21700000000000014)(152.07857925188327 220.0)
(0.01,9.0,0.21700000000000014)(151.63738043432042 218.0)
(0.01,9.0,0.21700000000000014)(151.18603156137394 222.0)
(0.01,9.0,0.21700000000000014)(151.7416331528544 220.0)
(0.01 9.0 0.22000000000000014)(110.92738089203232 277.0)
(0.01,9.0,0.22000000000000014)(165.85989181798615 3.0)
(0.01,9.0,0.22000000000000014)(165.85989181798615 25.0)
(0.01,9.0,0.22000000000000014)(165.85989181798615 35.0)
(0.01,9.0,0.22000000000000014)(165.81921881755773 44.0)
(0.01,9.0,0.22000000000000014)(165.5997310482886 70.0)
(0.01,9.0,0.22000000000000014)(165.1431896093073 92.0)
(0.01,9.0,0.22000000000000014)(165.1431896093073 110.0)
(0.01,9.0,0.22000000000000014)(162.6552847835104 153.0)
(0.01,9.0,0.22000000000000014)(160.30878944291342 172.0)
(0.01,9.0,0.22000000000000014)(159.7437628869412 170.0)
(0.01,9.0,0.22000000000000014)(157.5476803745382 181.0)
(0.01,9.0,0.22000000000000014)(155.7066256448007 188.0)
(0.01,9.0,0.22000000000000014)(155.4867553670854 189.0)
(0.01,9.0,0.22000000000000014)(155.1422003447134 191.0)
(0.01,9.0,0.22000000000000014)(154.81978246905348 193.0)
(0.01,9.0,0.22000000000000014)(154.1236509897439 200.0)
(0.01,9.0,0.22000000000000014)(153.7426946623179 201.0)
(0.01,9.0,0.22000000000000014)(153.81859652136333 203.0)
(0.01,9.0,0.22000000000000014)(153.29628806266138 206.0)
(0.01,9.0,0.22000000000000014)(152.88691179288415 208.0)
(0.01,9.0,0.22000000000000014)(152.2629701300214 212.0)
(0.01,9.0,0.22000000000000014)(150.55492939646592 215.0)
(0.01,9.0,0.22000000000000014)(151.49191289639484 214.0)
(0.01,9.0,0.22000000000000014)(153.03510509302515 210.0)
(0.01,9.0,0.22000000000000014)(150.46999838352883 214.0)
(0.01,9.0,0.22000000000000014)(150.90978314560397 213.0)
(0.01,9.0,0.22000000000000014)(150.9271953435797 214.0)
(0.01,9.0,0.22000000000000014)(148.78054976081367 218.0)
(0.01,9.0,0.22000000000000014)(150.79876363113553 219.0)
(0.01,9.0,0.22000000000000014)(150.26333854338134 218.0)
(0.01,9.0,0.22000000000000014)(148.4299483842021 224.0)
(0.01,9.0,0.22000000000000014)(151.04567491351648 222.0)
(0.01,9.0,0.22000000000000014)(149.76145146123193 224.0)
(0.01,9.0,0.22000000000000014)(149.76145146123193 225.0)
(0.01,9.0,0.22000000000000014)(151.05660794700123 224.0)
(0.01,9.0,0.22000000000000014)(146.7427946483583 227.0)
(0.01,9.0,0.22000000000000014)(147.88167970680902 225.0)
(0.01,9.0,0.22000000000000014)(146.3820848512252 227.0)
(0.01,9.0,0.22000000000000014)(147.52137147109028 226.0)
(0.01,9.0,0.22000000000000014)(148.42977702197567 227.0)
(0.01,9.0,0.22000000000000014)(147.87493052770563 227.0)
(0.01,9.0,0.22000000000000014)(147.71461077352225 228.0)
(0.01,9.0,0.22000000000000014)(148.21727819594406 227.0)
(0.01,9.0,0.22000000000000014)(148.0712484755706 226.0)
(0.01,9.0,0.22000000000000014)(149.77305598698754 227.0)
(0.01,9.0,0.22000000000000014)(146.78337931880787 228.0)
(0.01,9.0,0.22000000000000014)(149.89850169313524 227.0)
(0.01,9.0,0.22000000000000014)(149.43085828499886 226.0)
(0.01,9.0,0.22000000000000014)(151.2850926356829 225.0)
(0.01,9.0,0.22000000000000014)(153.3673776596503 222.0)
(0.01,9.0,0.22000000000000014)(149.6825847507681 224.0)
(0.01,9.0,0.22000000000000014)(150.56805200795685 222.0)
(0.01,9.0,0.22000000000000014)(151.0880520105299 220.0)
(0.01,9.0,0.22000000000000014)(149.48800798424466 224.0)
(0.01,9.0,0.22000000000000014)(145.26751775487375 224.0)
(0.01,9.0,0.22000000000000014)(152.82855592835645 221.0)
(0.01,9.0,0.22000000000000014)(150.37089301976997 223.0)
(0.01,9.0,0.22000000000000014)(153.51918134708203 218.0)
(0.01,9.0,0.22000000000000014)(150.34604648376606 221.0)
(0.01,9.0,0.22000000000000014)(150.8269607086763 218.0)
(0.01,9.0,0.22000000000000014)(151.81128194475744 220.0)
(0.01,9.0,0.22000000000000014)(150.71481034314905 221.0)
(0.01,9.0,0.22000000000000014)(151.19126963513887 219.0)
(0.01,9.0,0.22000000000000014)(154.08564549671357 216.0)
(0.01,9.0,0.22000000000000014)(150.63537279653892 221.0)
(0.01,9.0,0.22000000000000014)(152.16999329125602 219.0)
(0.01,9.0,0.22000000000000014)(152.725062177493 217.0)
(0.01,9.0,0.22000000000000014)(151.7416331528544 220.0)
(0.01 9.0 0.22300000000000014)(111.57726480217983 276.0)
(0.01,9.0,0.22300000000000014)(165.85989181798615 3.0)
(0.01,9.0,0.22300000000000014)(165.85989181798615 25.0)
(0.01,9.0,0.22300000000000014)(165.85989181798615 37.0)
(0.01,9.0,0.22300000000000014)(165.81921881755773 51.0)
(0.01,9.0,0.22300000000000014)(165.5997310482886 77.0)
(0.01,9.0,0.22300000000000014)(165.5997310482886 84.0)
(0.01,9.0,0.22300000000000014)(165.1431896093073 110.0)
(0.01,9.0,0.22300000000000014)(162.6552847835104 152.0)
(0.01,9.0,0.22300000000000014)(160.06341805343172 175.0)
(0.01,9.0,0.22300000000000014)(159.498174569686 176.0)
(0.01,9.0,0.22300000000000014)(156.7208134992846 183.0)
(0.01,9.0,0.22300000000000014)(155.7066256448007 188.0)
(0.01,9.0,0.22300000000000014)(155.3622082217078 190.0)
(0.01,9.0,0.22300000000000014)(155.1422003447134 191.0)
(0.01,9.0,0.22300000000000014)(155.03081534626403 196.0)
(0.01,9.0,0.22300000000000014)(154.70829037523447 198.0)
(0.01,9.0,0.22300000000000014)(154.1236509897439 200.0)
(0.01,9.0,0.22300000000000014)(153.7426946623179 201.0)
(0.01,9.0,0.22300000000000014)(153.76976455231548 206.0)
(0.01,9.0,0.22300000000000014)(153.29628806266138 208.0)
(0.01,9.0,0.22300000000000014)(152.88691179288415 208.0)
(0.01,9.0,0.22300000000000014)(152.2629701300214 212.0)
(0.01,9.0,0.22300000000000014)(150.55492939646592 215.0)
(0.01,9.0,0.22300000000000014)(152.1390184418269 212.0)
(0.01,9.0,0.22300000000000014)(152.16845247258078 212.0)
(0.01,9.0,0.22300000000000014)(150.43841183182076 214.0)
(0.01,9.0,0.22300000000000014)(148.3128029689353 217.0)
(0.01,9.0,0.22300000000000014)(150.87820210558885 216.0)
(0.01,9.0,0.22300000000000014)(150.47447819621027 219.0)
(0.01,9.0,0.22300000000000014)(150.26333854338134 222.0)
(0.01,9.0,0.22300000000000014)(150.50713272334843 222.0)
(0.01,9.0,0.22300000000000014)(150.26333854338134 223.0)
(0.01,9.0,0.22300000000000014)(151.557985467598 222.0)
(0.01,9.0,0.22300000000000014)(148.12586415657145 223.0)
(0.01,9.0,0.22300000000000014)(151.80154688366414 220.0)
(0.01,9.0,0.22300000000000014)(151.30026723471371 221.0)
(0.01,9.0,0.22300000000000014)(154.72403510039507 216.0)
(0.01,9.0,0.22300000000000014)(147.50065061555006 225.0)
(0.01,9.0,0.22300000000000014)(147.69581971315918 225.0)
(0.01,9.0,0.22300000000000014)(148.02728725999347 225.0)
(0.01,9.0,0.22300000000000014)(149.09559054707807 224.0)
(0.01,9.0,0.22300000000000014)(146.8883207010413 226.0)
(0.01,9.0,0.22300000000000014)(148.06211165594496 226.0)
(0.01,9.0,0.22300000000000014)(147.9148510502434 227.0)
(0.01,9.0,0.22300000000000014)(147.03585618945615 227.0)
(0.01,9.0,0.22300000000000014)(149.1487007792307 227.0)
(0.01,9.0,0.22300000000000014)(145.9076403350818 227.0)
(0.01,9.0,0.22300000000000014)(148.06587403318366 226.0)
(0.01,9.0,0.22300000000000014)(151.77250127413384 224.0)
(0.01,9.0,0.22300000000000014)(148.83342139801297 222.0)
(0.01,9.0,0.22300000000000014)(147.91410797315112 225.0)
(0.01,9.0,0.22300000000000014)(151.08154657913963 224.0)
(0.01,9.0,0.22300000000000014)(152.29521980943602 220.0)
(0.01,9.0,0.22300000000000014)(149.42346963099482 222.0)
(0.01,9.0,0.22300000000000014)(148.5022899566971 223.0)
(0.01,9.0,0.22300000000000014)(150.98589212683618 221.0)
(0.01,9.0,0.22300000000000014)(148.70265855096852 221.0)
(0.01,9.0,0.22300000000000014)(149.7940285052809 222.0)
(0.01,9.0,0.22300000000000014)(153.0786355879645 219.0)
(0.01,9.0,0.22300000000000014)(152.16999329125602 219.0)
(0.01,9.0,0.22300000000000014)(152.28518774212333 219.0)
(0.01,9.0,0.22300000000000014)(151.37096972401622 220.0)
(0.01,9.0,0.22300000000000014)(151.81025298265195 219.0)
(0.01,9.0,0.22300000000000014)(154.08564549671357 216.0)
(0.01,9.0,0.22300000000000014)(151.7308663328302 220.0)
(0.01,9.0,0.22300000000000014)(153.55400574303354 215.0)
(0.01,9.0,0.22300000000000014)(152.2861909627208 218.0)
(0.01,9.0,0.22300000000000014)(152.725062177493 217.0)
(0.01,9.0,0.22300000000000014)(151.85686192367896 219.0)
(0.01,9.0,0.22300000000000014)(151.7416331528544 220.0)
(0.01,9.0,0.22300000000000014)(151.26754753283726 221.0)
(0.01,9.0,0.22300000000000014)(151.15226355191984 220.0)
(0.01 9.0 0.22600000000000015)(110.0093517288561 277.0)
(0.01,9.0,0.22600000000000015)(165.85989181798615 3.0)
(0.01,9.0,0.22600000000000015)(165.85989181798615 25.0)
(0.01,9.0,0.22600000000000015)(165.85989181798615 37.0)
(0.01,9.0,0.22600000000000015)(165.81921881755773 44.0)
(0.01,9.0,0.22600000000000015)(165.5997310482886 63.0)
(0.01,9.0,0.22600000000000015)(165.5997310482886 82.0)
(0.01,9.0,0.22600000000000015)(165.1431896093073 110.0)
(0.01,9.0,0.22600000000000015)(162.6552847835104 152.0)
(0.01,9.0,0.22600000000000015)(160.06341805343172 177.0)
(0.01,9.0,0.22600000000000015)(159.498174569686 178.0)
(0.01,9.0,0.22600000000000015)(156.7208134992846 183.0)
(0.01,9.0,0.22600000000000015)(155.7066256448007 188.0)
(0.01,9.0,0.22600000000000015)(155.3622082217078 190.0)
(0.01,9.0,0.22600000000000015)(155.1422003447134 191.0)
(0.01,9.0,0.22600000000000015)(155.03081534626403 196.0)
(0.01,9.0,0.22600000000000015)(154.78407293371396 197.0)
(0.01,9.0,0.22600000000000015)(154.1236509897439 200.0)
(0.01,9.0,0.22600000000000015)(153.7426946623179 201.0)
(0.01,9.0,0.22600000000000015)(153.76976455231548 207.0)
(0.01,9.0,0.22600000000000015)(153.29628806266138 209.0)
(0.01,9.0,0.22600000000000015)(152.88691179288415 209.0)
(0.01,9.0,0.22600000000000015)(152.2629701300214 212.0)
(0.01,9.0,0.22600000000000015)(150.55492939646592 215.0)
(0.01,9.0,0.22600000000000015)(151.20252324869645 213.0)
(0.01,9.0,0.22600000000000015)(150.5113989015266 213.0)
(0.01,9.0,0.22600000000000015)(149.03972831355918 214.0)
(0.01,9.0,0.22600000000000015)(147.02920080605676 216.0)
(0.01,9.0,0.22600000000000015)(146.85010793005745 217.0)
(0.01,9.0,0.22600000000000015)(147.2871717114563 217.0)
(0.01,9.0,0.22600000000000015)(149.3519243514554 219.0)
(0.01,9.0,0.22600000000000015)(146.29101353630537 225.0)
(0.01,9.0,0.22600000000000015)(148.2340611569749 224.0)
(0.01,9.0,0.22600000000000015)(148.9193225812047 226.0)
(0.01,9.0,0.22600000000000015)(147.51961924013537 227.0)
(0.01,9.0,0.22600000000000015)(147.78305206526434 227.0)
(0.01,9.0,0.22600000000000015)(150.6899608020937 223.0)
(0.01,9.0,0.22600000000000015)(147.17220597098458 226.0)
(0.01,9.0,0.22600000000000015)(149.09559054707807 224.0)
(0.01,9.0,0.22600000000000015)(147.15338852579248 227.0)
(0.01,9.0,0.22600000000000015)(148.222412452739 226.0)
(0.01,9.0,0.22600000000000015)(148.0751708044268 227.0)
(0.01,9.0,0.22600000000000015)(148.02728725999347 226.0)
(0.01,9.0,0.22600000000000015)(147.9148510502434 228.0)
(0.01,9.0,0.22600000000000015)(148.06211165594496 227.0)
(0.01,9.0,0.22600000000000015)(145.12225869376718 229.0)
(0.01,9.0,0.22600000000000015)(149.70679721083525 226.0)
(0.01,9.0,0.22600000000000015)(147.03585618945615 228.0)
(0.01,9.0,0.22600000000000015)(149.1487007792307 228.0)
(0.01,9.0,0.22600000000000015)(149.46150099368288 224.0)
(0.01,9.0,0.22600000000000015)(150.81293396584718 225.0)
(0.01,9.0,0.22600000000000015)(146.43013975788494 227.0)
(0.01,9.0,0.22600000000000015)(147.65125100524568 227.0)
(0.01,9.0,0.22600000000000015)(145.9076403350818 228.0)
(0.01,9.0,0.22600000000000015)(150.1478727209775 223.0)
(0.01,9.0,0.22600000000000015)(148.73735462936963 224.0)
(0.01,9.0,0.22600000000000015)(148.27703241855414 226.0)
(0.01,9.0,0.22600000000000015)(150.27402303911316 222.0)
(0.01,9.0,0.22600000000000015)(147.43618696813678 224.0)
(0.01,9.0,0.22600000000000015)(148.93042895542268 223.0)
(0.01,9.0,0.22600000000000015)(149.31937580587493 222.0)
(0.01,9.0,0.22600000000000015)(151.16320724985272 221.0)
(0.01,9.0,0.22600000000000015)(153.0080103945989 221.0)
(0.01,9.0,0.22600000000000015)(153.4398812153908 221.0)
(0.01,9.0,0.22600000000000015)(154.39665152875352 218.0)
(0.01,9.0,0.22600000000000015)(151.6025560383689 220.0)
(0.01,9.0,0.22600000000000015)(152.16999329125602 219.0)
(0.01,9.0,0.22600000000000015)(152.725062177493 217.0)
(0.01,9.0,0.22600000000000015)(153.65787469389267 216.0)
(0.01,9.0,0.22600000000000015)(151.7416331528544 220.0)
(0.01,9.0,0.22600000000000015)(151.30237192878872 220.0)
(0.01 9.0 0.22900000000000015)(88.47749367186786 300.0)
(0.01,9.0,0.22900000000000015)(165.85989181798615 6.0)
(0.01,9.0,0.22900000000000015)(165.85989181798615 24.0)
(0.01,9.0,0.22900000000000015)(165.81921881755773 44.0)
(0.01,9.0,0.22900000000000015)(165.7098903697138 52.0)
(0.01,9.0,0.22900000000000015)(165.48909792022542 78.0)
(0.01,9.0,0.22900000000000015)(165.14318960930729 105.0)
(0.01,9.0,0.22900000000000015)(159.79154458251818 160.0)
(0.01,9.0,0.22900000000000015)(158.31246706516112 171.0)
(0.01,9.0,0.22900000000000015)(153.7679739589429 182.0)
(0.01,9.0,0.22900000000000015)(152.61334269594448 187.0)
(0.01,9.0,0.22900000000000015)(152.39234153989972 189.0)
(0.01,9.0,0.22900000000000015)(151.05046093325092 194.0)
(0.01,9.0,0.22900000000000015)(150.88819239164022 197.0)
(0.01,9.0,0.22900000000000015)(150.72585968513812 198.0)
(0.01,9.0,0.22900000000000015)(150.72585968513812 202.0)
(0.01,9.0,0.22900000000000015)(149.2829430375438 205.0)
(0.01,9.0,0.22900000000000015)(149.2164897534795 208.0)
(0.01,9.0,0.22900000000000015)(147.4656467407077 211.0)
(0.01,9.0,0.22900000000000015)(144.73180523169304 213.0)
(0.01,9.0,0.22900000000000015)(143.42709613817618 213.0)
(0.01,9.0,0.22900000000000015)(141.2099064517605 216.0)
(0.01,9.0,0.22900000000000015)(139.07623017848127 223.0)
(0.01,9.0,0.22900000000000015)(137.35183644755486 226.0)
(0.01,9.0,0.22900000000000015)(136.31807423353123 235.0)
(0.01,9.0,0.22900000000000015)(135.46838257269619 237.0)
(0.01,9.0,0.22900000000000015)(135.0137403718321 238.0)
(0.01,9.0,0.22900000000000015)(134.1022447850664 240.0)
(0.01,9.0,0.22900000000000015)(133.27369537559525 241.0)
(0.01,9.0,0.22900000000000015)(133.27369537559525 245.0)
(0.01,9.0,0.22900000000000015)(133.27369537559525 247.0)
(0.01,9.0,0.22900000000000015)(133.27369537559525 246.0)
(0.01,9.0,0.22900000000000015)(129.87191608407005 246.0)
(0.01,9.0,0.22900000000000015)(128.91861787871244 246.0)
(0.01,9.0,0.22900000000000015)(128.6145562821351 248.0)
(0.01,9.0,0.22900000000000015)(125.98703922001481 250.0)
(0.01,9.0,0.22900000000000015)(125.38071858421972 252.0)
(0.01,9.0,0.22900000000000015)(121.54749286397805 253.0)
(0.01,9.0,0.22900000000000015)(121.63354053220161 252.0)
(0.01,9.0,0.22900000000000015)(123.90038303780413 247.0)
(0.01,9.0,0.22900000000000015)(122.80402891042871 249.0)
(0.01,9.0,0.22900000000000015)(129.658936472654 248.0)
(0.01,9.0,0.22900000000000015)(130.22896259827817 248.0)
(0.01,9.0,0.22900000000000015)(130.21635243672733 246.0)
(0.01,9.0,0.22900000000000015)(127.54602368419856 251.0)
(0.01,9.0,0.22900000000000015)(127.99828265922694 250.0)
(0.01,9.0,0.22900000000000015)(131.3591712459711 251.0)
(0.01,9.0,0.22900000000000015)(130.33737865376094 250.0)
(0.01,9.0,0.22900000000000015)(133.53133162523423 249.0)
(0.01,9.0,0.22900000000000015)(128.4141356796144 250.0)
(0.01,9.0,0.22900000000000015)(134.1891993189701 241.0)
(0.01,9.0,0.22900000000000015)(137.61893862558898 235.0)
(0.01,9.0,0.22900000000000015)(141.34159763880754 233.0)
(0.01,9.0,0.22900000000000015)(141.09660182698906 234.0)
(0.01,9.0,0.22900000000000015)(137.2342690265503 236.0)
(0.01,9.0,0.22900000000000015)(138.9283947506825 238.0)
(0.01,9.0,0.22900000000000015)(139.2416460592508 236.0)
(0.01,9.0,0.22900000000000015)(144.32451562253706 233.0)
(0.01,9.0,0.22900000000000015)(141.7126376259403 234.0)
(0.01,9.0,0.22900000000000015)(143.89019224518248 233.0)
(0.01,9.0,0.22900000000000015)(140.80959726054454 236.0)
(0.01,9.0,0.22900000000000015)(144.0637319783586 233.0)
(0.01,9.0,0.22900000000000015)(142.98203329406925 234.0)
(0.01,9.0,0.22900000000000015)(145.81275401607277 234.0)
(0.01,9.0,0.22900000000000015)(144.67230221049292 235.0)
(0.01,9.0,0.22900000000000015)(141.66233091356855 235.0)
(0.01,9.0,0.22900000000000015)(147.37209664308585 230.0)
(0.01,9.0,0.22900000000000015)(147.96852513784467 231.0)
(0.01,9.0,0.22900000000000015)(145.40339467886307 236.0)
(0.01,9.0,0.22900000000000015)(142.82849280554007 239.0)
(0.01,9.0,0.22900000000000015)(141.26077007619435 242.0)
(0.01,9.0,0.22900000000000015)(141.4622579844797 240.0)
(0.01,9.0,0.22900000000000015)(143.1402679990097 234.0)
(0.01,9.0,0.22900000000000015)(141.7086447529992 239.0)
(0.01,9.0,0.22900000000000015)(142.50441869121926 234.0)
(0.01,9.0,0.22900000000000015)(144.849944654998 235.0)
(0.01,9.0,0.22900000000000015)(145.80895996988355 235.0)
(0.01,9.0,0.22900000000000015)(146.3470101514886 233.0)
(0.01,9.0,0.22900000000000015)(147.29447230896918 233.0)
(0.01,9.0,0.22900000000000015)(148.07933829004793 228.0)
(0.01,9.0,0.22900000000000015)(144.87560176767192 236.0)
(0.01,9.0,0.22900000000000015)(148.59631648528006 230.0)
(0.01,9.0,0.22900000000000015)(148.12123487033833 232.0)
(0.01,9.0,0.22900000000000015)(148.18334856423695 230.0)
(0.01,9.0,0.22900000000000015)(147.13582655305504 235.0)
(0.01,9.0,0.22900000000000015)(145.53289603750954 234.0)
(0.01,9.0,0.22900000000000015)(147.780162027824 233.0)
(0.01,9.0,0.22900000000000015)(145.6890355556945 234.0)
(0.01,9.0,0.22900000000000015)(146.22200729631624 233.0)
(0.01,9.0,0.22900000000000015)(147.0835899591278 233.0)
(0.01,9.0,0.22900000000000015)(148.50694268596766 226.0)
(0.01,9.0,0.22900000000000015)(147.86840499948417 229.0)
(0.01,9.0,0.22900000000000015)(147.86840499948417 227.0)
(0.01 9.0 0.23200000000000015)(85.50702841237124 302.0)
(0.01,9.0,0.23200000000000015)(165.85989181798615 6.0)
(0.01,9.0,0.23200000000000015)(165.85989181798615 24.0)
(0.01,9.0,0.23200000000000015)(165.81921881755773 42.0)
(0.01,9.0,0.23200000000000015)(165.7098903697138 52.0)
(0.01,9.0,0.23200000000000015)(165.48909792022542 71.0)
(0.01,9.0,0.23200000000000015)(165.48909792022542 90.0)
(0.01,9.0,0.23200000000000015)(162.12783727741123 147.0)
(0.01,9.0,0.23200000000000015)(153.75225183378038 177.0)
(0.01,9.0,0.23200000000000015)(152.61334269594448 185.0)
(0.01,9.0,0.23200000000000015)(152.39234153989972 182.0)
(0.01,9.0,0.23200000000000015)(151.05046093325092 196.0)
(0.01,9.0,0.23200000000000015)(150.11868549932993 200.0)
(0.01,9.0,0.23200000000000015)(149.9562162142609 200.0)
(0.01,9.0,0.23200000000000015)(149.9562162142609 205.0)
(0.01,9.0,0.23200000000000015)(149.2829430375438 205.0)
(0.01,9.0,0.23200000000000015)(148.47111274450234 208.0)
(0.01,9.0,0.23200000000000015)(147.4656467407077 211.0)
(0.01,9.0,0.23200000000000015)(144.48844391672722 216.0)
(0.01,9.0,0.23200000000000015)(141.86064130873427 221.0)
(0.01,9.0,0.23200000000000015)(140.16419683495272 222.0)
(0.01,9.0,0.23200000000000015)(138.03848973858837 225.0)
(0.01,9.0,0.23200000000000015)(136.22365883325514 233.0)
(0.01,9.0,0.23200000000000015)(136.7014148432195 235.0)
(0.01,9.0,0.23200000000000015)(136.6200714855744 234.0)
(0.01,9.0,0.23200000000000015)(134.79281752394326 242.0)
(0.01,9.0,0.23200000000000015)(133.07157856660254 249.0)
(0.01,9.0,0.23200000000000015)(133.07157856660254 244.0)
(0.01,9.0,0.23200000000000015)(133.16610912472532 247.0)
(0.01,9.0,0.23200000000000015)(133.16610912472532 248.0)
(0.01,9.0,0.23200000000000015)(131.75412328608292 249.0)
(0.01,9.0,0.23200000000000015)(124.09191721553734 253.0)
(0.01,9.0,0.23200000000000015)(124.75616406467084 253.0)
(0.01,9.0,0.23200000000000015)(125.42723281617387 253.0)
(0.01,9.0,0.23200000000000015)(124.84202747477207 249.0)
(0.01,9.0,0.23200000000000015)(125.17929222656974 248.0)
(0.01,9.0,0.23200000000000015)(120.3741471598615 255.0)
(0.01,9.0,0.23200000000000015)(121.15038372231699 252.0)
(0.01,9.0,0.23200000000000015)(119.50146465097117 253.0)
(0.01,9.0,0.23200000000000015)(121.35094639055659 253.0)
(0.01,9.0,0.23200000000000015)(120.98161905316104 252.0)
(0.01,9.0,0.23200000000000015)(124.46268896276649 248.0)
(0.01,9.0,0.23200000000000015)(122.61518504885333 251.0)
(0.01,9.0,0.23200000000000015)(128.278219698444 248.0)
(0.01,9.0,0.23200000000000015)(129.41582748887234 248.0)
(0.01,9.0,0.23200000000000015)(126.13345147355486 250.0)
(0.01,9.0,0.23200000000000015)(132.66590966063484 248.0)
(0.01,9.0,0.23200000000000015)(126.2031002654579 252.0)
(0.01,9.0,0.23200000000000015)(132.2680430545371 248.0)
(0.01,9.0,0.23200000000000015)(139.02382222232757 239.0)
(0.01,9.0,0.23200000000000015)(127.76713816122717 249.0)
(0.01,9.0,0.23200000000000015)(134.0318451685171 240.0)
(0.01,9.0,0.23200000000000015)(135.4507732267854 238.0)
(0.01,9.0,0.23200000000000015)(132.75457239729073 237.0)
(0.01,9.0,0.23200000000000015)(133.65233797879233 238.0)
(0.01,9.0,0.23200000000000015)(137.30411877804875 235.0)
(0.01,9.0,0.23200000000000015)(144.0321472782863 230.0)
(0.01,9.0,0.23200000000000015)(141.1719878200755 233.0)
(0.01,9.0,0.23200000000000015)(141.67642659561346 233.0)
(0.01,9.0,0.23200000000000015)(144.14775950847076 230.0)
(0.01,9.0,0.23200000000000015)(143.6338882794712 231.0)
(0.01,9.0,0.23200000000000015)(141.03426106988383 237.0)
(0.01,9.0,0.23200000000000015)(134.05224651027288 239.0)
(0.01,9.0,0.23200000000000015)(136.17606043719277 234.0)
(0.01,9.0,0.23200000000000015)(137.64084223808266 235.0)
(0.01,9.0,0.23200000000000015)(136.87576986212113 237.0)
(0.01,9.0,0.23200000000000015)(143.96566852075998 232.0)
(0.01,9.0,0.23200000000000015)(146.44524670549703 230.0)
(0.01,9.0,0.23200000000000015)(149.12575500526506 225.0)
(0.01,9.0,0.23200000000000015)(149.03207453927496 225.0)
(0.01,9.0,0.23200000000000015)(148.27911565310356 227.0)
(0.01,9.0,0.23200000000000015)(147.82448663341108 228.0)
(0.01,9.0,0.23200000000000015)(148.32264614804294 226.0)
(0.01,9.0,0.23200000000000015)(147.79282467018496 228.0)
(0.01,9.0,0.23200000000000015)(146.8811142219483 232.0)
(0.01,9.0,0.23200000000000015)(146.9749740126177 230.0)
(0.01,9.0,0.23200000000000015)(147.79282467018496 229.0)
(0.01,9.0,0.23200000000000015)(144.22307925982338 235.0)
(0.01,9.0,0.23200000000000015)(142.20130998265682 234.0)
(0.01,9.0,0.23200000000000015)(146.8189456280539 235.0)
(0.01,9.0,0.23200000000000015)(145.88617993336916 234.0)
(0.01,9.0,0.23200000000000015)(148.71179945040456 231.0)
(0.01,9.0,0.23200000000000015)(147.18926856434052 231.0)
(0.01,9.0,0.23200000000000015)(148.12123487033833 231.0)
(0.01,9.0,0.23200000000000015)(146.15921870480193 229.0)
(0.01,9.0,0.23200000000000015)(147.16388082415108 234.0)
(0.01,9.0,0.23200000000000015)(147.3768973277386 236.0)
(0.01,9.0,0.23200000000000015)(147.72238823154507 233.0)
(0.01,9.0,0.23200000000000015)(147.0835899591278 234.0)
(0.01,9.0,0.23200000000000015)(146.9462283494542 235.0)
(0.01,9.0,0.23200000000000015)(146.475054718033 234.0)
(0.01 9.0 0.23500000000000015)(87.39789085816963 303.0)
(0.01,9.0,0.23500000000000015)(165.85989181798615 3.0)
(0.01,9.0,0.23500000000000015)(165.85989181798615 24.0)
(0.01,9.0,0.23500000000000015)(165.81921881755773 42.0)
(0.01,9.0,0.23500000000000015)(165.7098903697138 52.0)
(0.01,9.0,0.23500000000000015)(165.48909792022542 68.0)
(0.01,9.0,0.23500000000000015)(165.48909792022542 79.0)
(0.01,9.0,0.23500000000000015)(165.14318960930729 121.0)
(0.01,9.0,0.23500000000000015)(155.09533020168348 175.0)
(0.01,9.0,0.23500000000000015)(151.87219793103569 180.0)
(0.01,9.0,0.23500000000000015)(151.06299501089464 190.0)
(0.01,9.0,0.23500000000000015)(150.03068310909404 193.0)
(0.01,9.0,0.23500000000000015)(149.4404671642643 200.0)
(0.01,9.0,0.23500000000000015)(149.11520980843187 201.0)
(0.01,9.0,0.23500000000000015)(149.11520980843187 206.0)
(0.01,9.0,0.23500000000000015)(147.79386135825345 212.0)
(0.01,9.0,0.23500000000000015)(147.79386135825345 215.0)
(0.01,9.0,0.23500000000000015)(146.73007850695518 215.0)
(0.01,9.0,0.23500000000000015)(145.9170545191477 217.0)
(0.01,9.0,0.23500000000000015)(141.54479456263826 223.0)
(0.01,9.0,0.23500000000000015)(139.3952462947836 226.0)
(0.01,9.0,0.23500000000000015)(138.2125617418186 228.0)
(0.01,9.0,0.23500000000000015)(138.2125617418186 229.0)
(0.01,9.0,0.23500000000000015)(137.73934591320096 234.0)
(0.01,9.0,0.23500000000000015)(137.10487950629602 237.0)
(0.01,9.0,0.23500000000000015)(136.66931528527167 240.0)
(0.01,9.0,0.23500000000000015)(135.61446120199543 241.0)
(0.01,9.0,0.23500000000000015)(134.92575463773582 245.0)
(0.01,9.0,0.23500000000000015)(135.02023447471663 244.0)
(0.01,9.0,0.23500000000000015)(132.07893823572263 246.0)
(0.01,9.0,0.23500000000000015)(130.63062284674618 247.0)
(0.01,9.0,0.23500000000000015)(128.12614272343436 249.0)
(0.01,9.0,0.23500000000000015)(127.68817975569439 250.0)
(0.01,9.0,0.23500000000000015)(124.83149775233947 253.0)
(0.01,9.0,0.23500000000000015)(124.83585080183342 253.0)
(0.01,9.0,0.23500000000000015)(123.47542570910653 255.0)
(0.01,9.0,0.23500000000000015)(122.28751127794736 255.0)
(0.01,9.0,0.23500000000000015)(121.26624183115214 256.0)
(0.01,9.0,0.23500000000000015)(119.65382138325887 257.0)
(0.01,9.0,0.23500000000000015)(120.36444746978127 256.0)
(0.01,9.0,0.23500000000000015)(124.77010557413963 252.0)
(0.01,9.0,0.23500000000000015)(125.07435763730628 250.0)
(0.01,9.0,0.23500000000000015)(125.49999669456122 250.0)
(0.01,9.0,0.23500000000000015)(125.09777036711381 250.0)
(0.01,9.0,0.23500000000000015)(124.42814504839522 252.0)
(0.01,9.0,0.23500000000000015)(126.10530781720969 251.0)
(0.01,9.0,0.23500000000000015)(127.3131198874321 251.0)
(0.01,9.0,0.23500000000000015)(126.09047454815561 248.0)
(0.01,9.0,0.23500000000000015)(128.72028463817298 247.0)
(0.01,9.0,0.23500000000000015)(128.96244855362406 250.0)
(0.01,9.0,0.23500000000000015)(126.61099403461967 253.0)
(0.01,9.0,0.23500000000000015)(138.44938794412303 240.0)
(0.01,9.0,0.23500000000000015)(127.80987773451993 248.0)
(0.01,9.0,0.23500000000000015)(131.26816016508562 246.0)
(0.01,9.0,0.23500000000000015)(133.46876651585896 244.0)
(0.01,9.0,0.23500000000000015)(133.63646848921505 241.0)
(0.01,9.0,0.23500000000000015)(137.85876247132535 235.0)
(0.01,9.0,0.23500000000000015)(136.81918021869993 238.0)
(0.01,9.0,0.23500000000000015)(127.62331629567545 246.0)
(0.01,9.0,0.23500000000000015)(142.589353485123 232.0)
(0.01,9.0,0.23500000000000015)(138.99787528759026 236.0)
(0.01,9.0,0.23500000000000015)(133.66357022322694 241.0)
(0.01,9.0,0.23500000000000015)(137.815071590606 239.0)
(0.01,9.0,0.23500000000000015)(139.64082739215436 238.0)
(0.01,9.0,0.23500000000000015)(139.01237229350983 236.0)
(0.01,9.0,0.23500000000000015)(142.36786341957904 233.0)
(0.01,9.0,0.23500000000000015)(147.98947017149473 231.0)
(0.01,9.0,0.23500000000000015)(139.60381178263745 237.0)
(0.01,9.0,0.23500000000000015)(139.5706598525393 236.0)
(0.01,9.0,0.23500000000000015)(148.26520309418788 228.0)
(0.01,9.0,0.23500000000000015)(146.01492696141943 233.0)
(0.01,9.0,0.23500000000000015)(146.9904707950563 233.0)
(0.01,9.0,0.23500000000000015)(147.58584370344767 231.0)
(0.01,9.0,0.23500000000000015)(146.8114654300454 231.0)
(0.01,9.0,0.23500000000000015)(144.97781993919702 237.0)
(0.01,9.0,0.23500000000000015)(148.4602166831896 227.0)
(0.01,9.0,0.23500000000000015)(148.1354650198037 229.0)
(0.01,9.0,0.23500000000000015)(147.76591872648444 230.0)
(0.01,9.0,0.23500000000000015)(147.99264780241097 229.0)
(0.01,9.0,0.23500000000000015)(146.31281913927336 238.0)
(0.01,9.0,0.23500000000000015)(145.97574951597392 238.0)
(0.01,9.0,0.23500000000000015)(144.84287540488495 237.0)
(0.01,9.0,0.23500000000000015)(147.82804557225728 230.0)
(0.01,9.0,0.23500000000000015)(146.95372280592343 231.0)
(0.01,9.0,0.23500000000000015)(149.82147725397007 226.0)
(0.01,9.0,0.23500000000000015)(147.43348697115985 231.0)
(0.01,9.0,0.23500000000000015)(147.2427084850177 231.0)
(0.01,9.0,0.23500000000000015)(146.78152441934728 232.0)
(0.01,9.0,0.23500000000000015)(145.90114314037905 235.0)
(0.01,9.0,0.23500000000000015)(146.24812559327995 234.0)
(0.01,9.0,0.23500000000000015)(146.31030217118501 233.0)
(0.01,9.0,0.23500000000000015)(148.3000274901393 228.0)
(0.01,9.0,0.23500000000000015)(145.47138308099773 236.0)
(0.01,9.0,0.23500000000000015)(145.60884001576756 235.0)
(0.01,9.0,0.23500000000000015)(145.4048282945275 237.0)
(0.01 9.0 0.23800000000000016)(85.91345385147662 301.0)
(0.01,9.0,0.23800000000000016)(165.85989181798615 3.0)
(0.01,9.0,0.23800000000000016)(165.85989181798615 24.0)
(0.01,9.0,0.23800000000000016)(165.85989181798615 39.0)
(0.01,9.0,0.23800000000000016)(165.7098903697138 52.0)
(0.01,9.0,0.23800000000000016)(165.48909792022542 71.0)
(0.01,9.0,0.23800000000000016)(165.48909792022542 79.0)
(0.01,9.0,0.23800000000000016)(163.51710081259654 141.0)
(0.01,9.0,0.23800000000000016)(153.42673303852698 174.0)
(0.01,9.0,0.23800000000000016)(151.5993682896692 188.0)
(0.01,9.0,0.23800000000000016)(150.73132630898303 196.0)
(0.01,9.0,0.23800000000000016)(150.50981667884096 203.0)
(0.01,9.0,0.23800000000000016)(149.69877550309351 205.0)
(0.01,9.0,0.23800000000000016)(149.37363433570945 204.0)
(0.01,9.0,0.23800000000000016)(148.3341812953354 208.0)
(0.01,9.0,0.23800000000000016)(147.64948639333969 214.0)
(0.01,9.0,0.23800000000000016)(146.36239502451 215.0)
(0.01,9.0,0.23800000000000016)(145.96310631158616 216.0)
(0.01,9.0,0.23800000000000016)(145.287999947425 219.0)
(0.01,9.0,0.23800000000000016)(144.47455052545556 220.0)
(0.01,9.0,0.23800000000000016)(143.40903763142953 222.0)
(0.01,9.0,0.23800000000000016)(140.94700778817818 223.0)
(0.01,9.0,0.23800000000000016)(139.4793568820485 224.0)
(0.01,9.0,0.23800000000000016)(138.1937330213356 227.0)
(0.01,9.0,0.23800000000000016)(137.63782777943436 236.0)
(0.01,9.0,0.23800000000000016)(136.94966013610215 237.0)
(0.01,9.0,0.23800000000000016)(137.57540813064955 239.0)
(0.01,9.0,0.23800000000000016)(135.89498142310197 242.0)
(0.01,9.0,0.23800000000000016)(135.2063572258672 245.0)
(0.01,9.0,0.23800000000000016)(135.2063572258672 244.0)
(0.01,9.0,0.23800000000000016)(133.7413342796487 246.0)
(0.01,9.0,0.23800000000000016)(130.22770380960384 248.0)
(0.01,9.0,0.23800000000000016)(128.634219471303 245.0)
(0.01,9.0,0.23800000000000016)(127.24566326911692 246.0)
(0.01,9.0,0.23800000000000016)(123.92133104033239 249.0)
(0.01,9.0,0.23800000000000016)(124.84786095648147 249.0)
(0.01,9.0,0.23800000000000016)(126.90884785301569 248.0)
(0.01,9.0,0.23800000000000016)(128.49699128476468 246.0)
(0.01,9.0,0.23800000000000016)(122.83450025688622 249.0)
(0.01,9.0,0.23800000000000016)(124.6258554322907 249.0)
(0.01,9.0,0.23800000000000016)(123.86016120493515 250.0)
(0.01,9.0,0.23800000000000016)(125.8869637400944 246.0)
(0.01,9.0,0.23800000000000016)(122.66742164278061 249.0)
(0.01,9.0,0.23800000000000016)(125.9261411855398 246.0)
(0.01,9.0,0.23800000000000016)(121.73699893444561 250.0)
(0.01,9.0,0.23800000000000016)(126.70259336531359 245.0)
(0.01,9.0,0.23800000000000016)(127.71840572508323 248.0)
(0.01,9.0,0.23800000000000016)(127.08676131374736 248.0)
(0.01,9.0,0.23800000000000016)(129.30972386316543 246.0)
(0.01,9.0,0.23800000000000016)(132.359949731597 246.0)
(0.01,9.0,0.23800000000000016)(134.90544421108447 245.0)
(0.01,9.0,0.23800000000000016)(134.66675045084534 244.0)
(0.01,9.0,0.23800000000000016)(125.51604337718237 249.0)
(0.01,9.0,0.23800000000000016)(129.5467135227557 245.0)
(0.01,9.0,0.23800000000000016)(132.28679312694993 246.0)
(0.01,9.0,0.23800000000000016)(131.72738612097032 246.0)
(0.01,9.0,0.23800000000000016)(129.75989626103862 245.0)
(0.01,9.0,0.23800000000000016)(138.55821418147136 239.0)
(0.01,9.0,0.23800000000000016)(136.50542672399675 239.0)
(0.01,9.0,0.23800000000000016)(133.23105542385906 241.0)
(0.01,9.0,0.23800000000000016)(143.98273289189666 234.0)
(0.01,9.0,0.23800000000000016)(143.0730104123231 235.0)
(0.01,9.0,0.23800000000000016)(142.70960379849816 236.0)
(0.01,9.0,0.23800000000000016)(140.01192247606127 238.0)
(0.01,9.0,0.23800000000000016)(142.1779399791739 233.0)
(0.01,9.0,0.23800000000000016)(141.80837420790692 239.0)
(0.01,9.0,0.23800000000000016)(142.46474397634987 237.0)
(0.01,9.0,0.23800000000000016)(143.74766821922404 233.0)
(0.01,9.0,0.23800000000000016)(142.80808267653813 234.0)
(0.01,9.0,0.23800000000000016)(143.74766821922404 232.0)
(0.01,9.0,0.23800000000000016)(146.32089157189915 233.0)
(0.01,9.0,0.23800000000000016)(147.29299237969022 232.0)
(0.01,9.0,0.23800000000000016)(147.88382156506248 231.0)
(0.01,9.0,0.23800000000000016)(145.54033745220377 239.0)
(0.01,9.0,0.23800000000000016)(144.89075894931818 238.0)
(0.01,9.0,0.23800000000000016)(143.84211071378374 241.0)
(0.01,9.0,0.23800000000000016)(143.84040519047466 238.0)
(0.01,9.0,0.23800000000000016)(142.8804370274513 240.0)
(0.01,9.0,0.23800000000000016)(141.2400851126566 240.0)
(0.01,9.0,0.23800000000000016)(142.22421278627905 241.0)
(0.01,9.0,0.23800000000000016)(140.98357718020333 244.0)
(0.01,9.0,0.23800000000000016)(139.69145869977262 244.0)
(0.01,9.0,0.23800000000000016)(145.26101799683644 240.0)
(0.01,9.0,0.23800000000000016)(145.47630639408834 237.0)
(0.01,9.0,0.23800000000000016)(145.63185860595286 237.0)
(0.01,9.0,0.23800000000000016)(144.85491044262696 239.0)
(0.01,9.0,0.23800000000000016)(143.21829838514645 241.0)
(0.01,9.0,0.23800000000000016)(139.7072980003156 243.0)
(0.01 9.0 0.24100000000000016)(84.76663060728445 305.0)
(0.01,9.0,0.24100000000000016)(165.85989181798615 3.0)
(0.01,9.0,0.24100000000000016)(165.85989181798615 24.0)
(0.01,9.0,0.24100000000000016)(165.85989181798615 39.0)
(0.01,9.0,0.24100000000000016)(165.7098903697138 52.0)
(0.01,9.0,0.24100000000000016)(165.48909792022542 78.0)
(0.01,9.0,0.24100000000000016)(165.48909792022542 79.0)
(0.01,9.0,0.24100000000000016)(161.8093725973686 143.0)
(0.01,9.0,0.24100000000000016)(154.71509271972306 180.0)
(0.01,9.0,0.24100000000000016)(151.75607807145101 186.0)
(0.01,9.0,0.24100000000000016)(151.42000494767592 191.0)
(0.01,9.0,0.24100000000000016)(149.609286223545 197.0)
(0.01,9.0,0.24100000000000016)(149.609286223545 202.0)
(0.01,9.0,0.24100000000000016)(148.6350660728494 204.0)
(0.01,9.0,0.24100000000000016)(148.47229689736005 206.0)
(0.01,9.0,0.24100000000000016)(148.47229689736005 209.0)
(0.01,9.0,0.24100000000000016)(147.79821440774734 213.0)
(0.01,9.0,0.24100000000000016)(147.79821440774734 215.0)
(0.01,9.0,0.24100000000000016)(145.92140756864168 218.0)
(0.01,9.0,0.24100000000000016)(143.03890598014448 222.0)
(0.01,9.0,0.24100000000000016)(141.57230951185068 223.0)
(0.01,9.0,0.24100000000000016)(140.81413090417848 225.0)
(0.01,9.0,0.24100000000000016)(139.46198286767878 225.0)
(0.01,9.0,0.24100000000000016)(138.09644124915286 229.0)
(0.01,9.0,0.24100000000000016)(137.3125607986558 235.0)
(0.01,9.0,0.24100000000000016)(136.25682086733156 242.0)
(0.01,9.0,0.24100000000000016)(134.54933849138865 244.0)
(0.01,9.0,0.24100000000000016)(134.54933849138865 245.0)
(0.01,9.0,0.24100000000000016)(134.54933849138865 246.0)
(0.01,9.0,0.24100000000000016)(133.0839737742793 247.0)
(0.01,9.0,0.24100000000000016)(129.65407618841695 249.0)
(0.01,9.0,0.24100000000000016)(128.2545084722963 251.0)
(0.01,9.0,0.24100000000000016)(125.56413310134714 253.0)
(0.01,9.0,0.24100000000000016)(125.48101008480664 254.0)
(0.01,9.0,0.24100000000000016)(121.94093736417395 255.0)
(0.01,9.0,0.24100000000000016)(126.43975636738426 252.0)
(0.01,9.0,0.24100000000000016)(124.48142198993955 255.0)
(0.01,9.0,0.24100000000000016)(125.6817561161905 252.0)
(0.01,9.0,0.24100000000000016)(127.67442299542881 253.0)
(0.01,9.0,0.24100000000000016)(125.33671197916868 253.0)
(0.01,9.0,0.24100000000000016)(125.4705919488868 252.0)
(0.01,9.0,0.24100000000000016)(128.86316156536873 248.0)
(0.01,9.0,0.24100000000000016)(127.0470523437362 249.0)
(0.01,9.0,0.24100000000000016)(129.02469993154503 247.0)
(0.01,9.0,0.24100000000000016)(129.80662034166093 247.0)
(0.01,9.0,0.24100000000000016)(138.03691808246458 241.0)
(0.01,9.0,0.24100000000000016)(134.83733068712183 246.0)
(0.01,9.0,0.24100000000000016)(129.6405556247046 250.0)
(0.01,9.0,0.24100000000000016)(128.11503952626393 247.0)
(0.01,9.0,0.24100000000000016)(132.4804636834215 246.0)
(0.01,9.0,0.24100000000000016)(136.5323976871701 246.0)
(0.01,9.0,0.24100000000000016)(137.92825087744836 245.0)
(0.01,9.0,0.24100000000000016)(131.53516278682773 248.0)
(0.01,9.0,0.24100000000000016)(131.08032454260592 250.0)
(0.01,9.0,0.24100000000000016)(132.61716836677536 246.0)
(0.01,9.0,0.24100000000000016)(133.0185068233024 243.0)
(0.01,9.0,0.24100000000000016)(132.93571274278773 243.0)
(0.01,9.0,0.24100000000000016)(136.10044253756317 241.0)
(0.01,9.0,0.24100000000000016)(142.03887077427095 236.0)
(0.01,9.0,0.24100000000000016)(137.4913785523599 243.0)
(0.01,9.0,0.24100000000000016)(136.85462159497854 241.0)
(0.01,9.0,0.24100000000000016)(137.5713008189455 240.0)
(0.01,9.0,0.24100000000000016)(142.86495536261327 235.0)
(0.01,9.0,0.24100000000000016)(142.90113797623147 236.0)
(0.01,9.0,0.24100000000000016)(139.16909380668747 237.0)
(0.01,9.0,0.24100000000000016)(140.61557633422532 237.0)
(0.01,9.0,0.24100000000000016)(140.98933110355665 235.0)
(0.01,9.0,0.24100000000000016)(142.23888267208915 234.0)
(0.01,9.0,0.24100000000000016)(143.34123304275624 233.0)
(0.01,9.0,0.24100000000000016)(143.59604528339605 235.0)
(0.01,9.0,0.24100000000000016)(142.56213388749507 235.0)
(0.01,9.0,0.24100000000000016)(147.23038614176068 229.0)
(0.01,9.0,0.24100000000000016)(147.23038614176068 231.0)
(0.01,9.0,0.24100000000000016)(147.23038614176068 230.0)
(0.01,9.0,0.24100000000000016)(144.96830957608066 236.0)
(0.01,9.0,0.24100000000000016)(144.99394548567258 237.0)
(0.01,9.0,0.24100000000000016)(144.55263650214417 238.0)
(0.01,9.0,0.24100000000000016)(147.23038614176068 232.0)
(0.01,9.0,0.24100000000000016)(145.1762750777274 234.0)
(0.01,9.0,0.24100000000000016)(142.6097574367496 237.0)
(0.01,9.0,0.24100000000000016)(141.24335787821863 239.0)
(0.01,9.0,0.24100000000000016)(142.80237450857646 238.0)
(0.01,9.0,0.24100000000000016)(141.39975412986607 240.0)
(0.01,9.0,0.24100000000000016)(144.45686941327756 235.0)
(0.01,9.0,0.24100000000000016)(145.85696383692195 236.0)
(0.01,9.0,0.24100000000000016)(146.78970018257567 235.0)
(0.01,9.0,0.24100000000000016)(145.71950690215212 236.0)
(0.01,9.0,0.24100000000000016)(143.11453931750637 238.0)
(0.01,9.0,0.24100000000000016)(145.0799932313667 237.0)
(0.01,9.0,0.24100000000000016)(139.89162979084912 241.0)
(0.01 9.0 0.24400000000000016)(83.15598054092679 307.0)
(0.01,9.0,0.24400000000000016)(165.85989181798615 6.0)
(0.01,9.0,0.24400000000000016)(165.85989181798615 24.0)
(0.01,9.0,0.24400000000000016)(165.81921881755773 44.0)
(0.01,9.0,0.24400000000000016)(165.7098903697138 52.0)
(0.01,9.0,0.24400000000000016)(165.48909792022542 71.0)
(0.01,9.0,0.24400000000000016)(165.48909792022542 91.0)
(0.01,9.0,0.24400000000000016)(162.12783727741123 146.0)
(0.01,9.0,0.24400000000000016)(153.54298060895124 178.0)
(0.01,9.0,0.24400000000000016)(151.37614857934636 189.0)
(0.01,9.0,0.24400000000000016)(150.4732520187439 193.0)
(0.01,9.0,0.24400000000000016)(150.25166650368516 194.0)
(0.01,9.0,0.24400000000000016)(149.17996784192056 203.0)
(0.01,9.0,0.24400000000000016)(148.8545516022106 205.0)
(0.01,9.0,0.24400000000000016)(147.99652285269363 209.0)
(0.01,9.0,0.24400000000000016)(146.0420171695267 219.0)
(0.01,9.0,0.24400000000000016)(146.0420171695267 220.0)
(0.01,9.0,0.24400000000000016)(146.0420171695267 221.0)
(0.01,9.0,0.24400000000000016)(144.16327453857474 224.0)
(0.01,9.0,0.24400000000000016)(141.88851812502696 225.0)
(0.01,9.0,0.24400000000000016)(139.3374131481175 227.0)
(0.01,9.0,0.24400000000000016)(137.21084310573843 229.0)
(0.01,9.0,0.24400000000000016)(136.59081620295615 232.0)
(0.01,9.0,0.24400000000000016)(135.58571776109738 233.0)
(0.01,9.0,0.24400000000000016)(134.99435465349757 238.0)
(0.01,9.0,0.24400000000000016)(134.61233507417222 242.0)
(0.01,9.0,0.24400000000000016)(134.017994136283 244.0)
(0.01,9.0,0.24400000000000016)(132.04180440532681 248.0)
(0.01,9.0,0.24400000000000016)(131.25193339630496 250.0)
(0.01,9.0,0.24400000000000016)(131.25193339630496 251.0)
(0.01,9.0,0.24400000000000016)(129.69071650411738 253.0)
(0.01,9.0,0.24400000000000016)(126.3674915068641 256.0)
(0.01,9.0,0.24400000000000016)(124.47785497235483 258.0)
(0.01,9.0,0.24400000000000016)(124.24259338264866 253.0)
(0.01,9.0,0.24400000000000016)(123.21935477363533 253.0)
(0.01,9.0,0.24400000000000016)(121.23138822666468 259.0)
(0.01,9.0,0.24400000000000016)(120.78202753703486 258.0)
(0.01,9.0,0.24400000000000016)(121.38007308561754 258.0)
(0.01,9.0,0.24400000000000016)(120.55498686985459 258.0)
(0.01,9.0,0.24400000000000016)(122.63234010518299 255.0)
(0.01,9.0,0.24400000000000016)(123.45326597437361 253.0)
(0.01,9.0,0.24400000000000016)(122.15590647147401 255.0)
(0.01,9.0,0.24400000000000016)(125.43777204940827 253.0)
(0.01,9.0,0.24400000000000016)(126.73790520533083 255.0)
(0.01,9.0,0.24400000000000016)(127.90134381572432 251.0)
(0.01,9.0,0.24400000000000016)(125.79442964837007 254.0)
(0.01,9.0,0.24400000000000016)(123.4636331579389 255.0)
(0.01,9.0,0.24400000000000016)(129.08773792788705 250.0)
(0.01,9.0,0.24400000000000016)(122.84177476583608 254.0)
(0.01,9.0,0.24400000000000016)(125.79516421814306 253.0)
(0.01,9.0,0.24400000000000016)(130.54231470442858 253.0)
(0.01,9.0,0.24400000000000016)(132.5570828094618 252.0)
(0.01,9.0,0.24400000000000016)(124.76199469393391 255.0)
(0.01,9.0,0.24400000000000016)(128.20082407806152 252.0)
(0.01,9.0,0.24400000000000016)(135.74864105690492 247.0)
(0.01,9.0,0.24400000000000016)(127.50375717399693 252.0)
(0.01,9.0,0.24400000000000016)(127.84865673763755 252.0)
(0.01,9.0,0.24400000000000016)(132.40104355516885 249.0)
(0.01,9.0,0.24400000000000016)(137.29658504625544 243.0)
(0.01,9.0,0.24400000000000016)(128.41310168802963 254.0)
(0.01,9.0,0.24400000000000016)(141.9929824908857 237.0)
(0.01,9.0,0.24400000000000016)(139.7365677102494 242.0)
(0.01,9.0,0.24400000000000016)(139.7365677102494 241.0)
(0.01,9.0,0.24400000000000016)(138.63231251164362 243.0)
(0.01,9.0,0.24400000000000016)(138.53361360631538 243.0)
(0.01,9.0,0.24400000000000016)(142.04067288406608 242.0)
(0.01,9.0,0.24400000000000016)(143.06397878248575 240.0)
(0.01,9.0,0.24400000000000016)(146.42724017913667 234.0)
(0.01,9.0,0.24400000000000016)(146.26804494215028 233.0)
(0.01,9.0,0.24400000000000016)(149.2213328666371 229.0)
(0.01,9.0,0.24400000000000016)(145.01489935147782 236.0)
(0.01,9.0,0.24400000000000016)(144.69498460892618 236.0)
(0.01,9.0,0.24400000000000016)(145.03054426802873 237.0)
(0.01,9.0,0.24400000000000016)(143.50062303302843 239.0)
(0.01,9.0,0.24400000000000016)(144.4403222778254 237.0)
(0.01,9.0,0.24400000000000016)(143.72796958918084 237.0)
(0.01,9.0,0.24400000000000016)(143.51803523100418 240.0)
(0.01,9.0,0.24400000000000016)(142.23178132911423 243.0)
(0.01,9.0,0.24400000000000016)(143.35730273269277 243.0)
(0.01,9.0,0.24400000000000016)(144.60311079014886 237.0)
(0.01,9.0,0.24400000000000016)(140.2079757591875 244.0)
(0.01,9.0,0.24400000000000016)(138.4494844328983 247.0)
(0.01,9.0,0.24400000000000016)(141.5956413570932 246.0)
(0.01,9.0,0.24400000000000016)(137.18643866281562 247.0)
(0.01,9.0,0.24400000000000016)(138.61490031366787 246.0)
(0.01,9.0,0.24400000000000016)(143.40652878516514 242.0)
(0.01,9.0,0.24400000000000016)(142.54881474383436 242.0)
(0.01,9.0,0.24400000000000016)(142.3618936107739 243.0)
(0.01,9.0,0.24400000000000016)(144.2975528452761 240.0)
(0.01,9.0,0.24400000000000016)(144.47122934902546 239.0)
(0.01,9.0,0.24400000000000016)(144.33368150092946 240.0)
(0.01,9.0,0.24400000000000016)(143.831304805369 240.0)
(0.01,9.0,0.24400000000000016)(143.6937227713739 241.0)
(0.01 9.0 0.24700000000000016)(95.01446078394629 289.0)
(0.01,9.0,0.24700000000000016)(165.85989181798615 3.0)
(0.01,9.0,0.24700000000000016)(165.85989181798615 25.0)
(0.01,9.0,0.24700000000000016)(165.85989181798615 37.0)
(0.01,9.0,0.24700000000000016)(165.7098903697138 52.0)
(0.01,9.0,0.24700000000000016)(165.5997310482886 60.0)
(0.01,9.0,0.24700000000000016)(164.87234579187037 86.0)
(0.01,9.0,0.24700000000000016)(164.87234579187037 106.0)
(0.01,9.0,0.24700000000000016)(161.76111609198452 149.0)
(0.01,9.0,0.24700000000000016)(157.2265710998801 172.0)
(0.01,9.0,0.24700000000000016)(151.84046040898562 188.0)
(0.01,9.0,0.24700000000000016)(150.60166855504374 193.0)
(0.01,9.0,0.24700000000000016)(149.79001818023985 194.0)
(0.01,9.0,0.24700000000000016)(148.97857229742104 201.0)
(0.01,9.0,0.24700000000000016)(148.65313371080052 203.0)
(0.01,9.0,0.24700000000000016)(148.65313371080052 207.0)
(0.01,9.0,0.24700000000000016)(147.3313775603522 212.0)
(0.01,9.0,0.24700000000000016)(147.3313775603522 214.0)
(0.01,9.0,0.24700000000000016)(145.45408029173606 218.0)
(0.01,9.0,0.24700000000000016)(145.45408029173606 220.0)
(0.01,9.0,0.24700000000000016)(143.01142792380855 223.0)
(0.01,9.0,0.24700000000000016)(141.20990645176042 223.0)
(0.01,9.0,0.24700000000000016)(139.4199224974276 226.0)
(0.01,9.0,0.24700000000000016)(138.33596242160328 227.0)
(0.01,9.0,0.24700000000000016)(137.57671239213744 230.0)
(0.01,9.0,0.24700000000000016)(137.4692705804376 231.0)
(0.01,9.0,0.24700000000000016)(136.84643005925915 238.0)
(0.01,9.0,0.24700000000000016)(135.8544793317402 240.0)
(0.01,9.0,0.24700000000000016)(134.20054166084682 242.0)
(0.01,9.0,0.24700000000000016)(134.20054166084682 241.0)
(0.01,9.0,0.24700000000000016)(133.79637132511965 243.0)
(0.01,9.0,0.24700000000000016)(130.17166673907494 245.0)
(0.01,9.0,0.24700000000000016)(128.00809672286715 247.0)
(0.01,9.0,0.24700000000000016)(126.59884066073151 248.0)
(0.01,9.0,0.24700000000000016)(124.18956028613721 251.0)
(0.01,9.0,0.24700000000000016)(122.73921510366162 252.0)
(0.01,9.0,0.24700000000000016)(122.3009209239125 253.0)
(0.01,9.0,0.24700000000000016)(121.97311007667096 255.0)
(0.01,9.0,0.24700000000000016)(119.89323910542541 256.0)
(0.01,9.0,0.24700000000000016)(118.61287676855855 255.0)
(0.01,9.0,0.24700000000000016)(118.60417066957069 255.0)
(0.01,9.0,0.24700000000000016)(123.02013226681197 251.0)
(0.01,9.0,0.24700000000000016)(120.01413601459812 253.0)
(0.01,9.0,0.24700000000000016)(121.35865946717615 255.0)
(0.01,9.0,0.24700000000000016)(123.31039421987252 251.0)
(0.01,9.0,0.24700000000000016)(122.90436608061891 251.0)
(0.01,9.0,0.24700000000000016)(123.4924434198192 251.0)
(0.01,9.0,0.24700000000000016)(122.2255552633771 254.0)
(0.01,9.0,0.24700000000000016)(122.4556098011664 254.0)
(0.01,9.0,0.24700000000000016)(118.6406827219748 257.0)
(0.01,9.0,0.24700000000000016)(118.61935122484128 259.0)
(0.01,9.0,0.24700000000000016)(119.49444097536815 257.0)
(0.01,9.0,0.24700000000000016)(131.89422315223612 247.0)
(0.01,9.0,0.24700000000000016)(128.3157804906343 248.0)
(0.01,9.0,0.24700000000000016)(124.0659702808002 255.0)
(0.01,9.0,0.24700000000000016)(125.28553793373521 252.0)
(0.01,9.0,0.24700000000000016)(132.37370246238473 248.0)
(0.01,9.0,0.24700000000000016)(130.20419535856675 249.0)
(0.01,9.0,0.24700000000000016)(129.94007711094778 250.0)
(0.01,9.0,0.24700000000000016)(131.1119992273565 248.0)
(0.01,9.0,0.24700000000000016)(135.88947508991797 244.0)
(0.01,9.0,0.24700000000000016)(133.48147185953258 245.0)
(0.01,9.0,0.24700000000000016)(131.0643146360775 247.0)
(0.01,9.0,0.24700000000000016)(134.565547636183 245.0)
(0.01,9.0,0.24700000000000016)(131.70022292975005 246.0)
(0.01,9.0,0.24700000000000016)(133.32277110745025 247.0)
(0.01,9.0,0.24700000000000016)(136.48811541801652 243.0)
(0.01,9.0,0.24700000000000016)(137.3141405042447 241.0)
(0.01,9.0,0.24700000000000016)(137.1166735714286 241.0)
(0.01,9.0,0.24700000000000016)(142.118602042272 239.0)
(0.01,9.0,0.24700000000000016)(141.90137530026016 242.0)
(0.01,9.0,0.24700000000000016)(146.38930253044788 239.0)
(0.01,9.0,0.24700000000000016)(145.93406347780243 241.0)
(0.01,9.0,0.24700000000000016)(140.863372651237 242.0)
(0.01,9.0,0.24700000000000016)(148.4285877950768 232.0)
(0.01,9.0,0.24700000000000016)(145.25283759900913 244.0)
(0.01,9.0,0.24700000000000016)(146.55653475043127 240.0)
(0.01,9.0,0.24700000000000016)(145.8507625091799 242.0)
(0.01,9.0,0.24700000000000016)(147.13582655305504 235.0)
(0.01,9.0,0.24700000000000016)(145.9490266848124 235.0)
(0.01,9.0,0.24700000000000016)(146.48688595852832 238.0)
(0.01,9.0,0.24700000000000016)(145.9490266848124 237.0)
(0.01,9.0,0.24700000000000016)(145.5540910213825 238.0)
(0.01,9.0,0.24700000000000016)(145.20697072878437 239.0)
(0.01,9.0,0.24700000000000016)(144.55218057228782 241.0)
(0.01,9.0,0.24700000000000016)(144.89946504830615 240.0)
(0.01,9.0,0.24700000000000016)(143.19892331679796 241.0)
(0.01,9.0,0.24700000000000016)(141.5879557366967 243.0)
(0.01,9.0,0.24700000000000016)(140.0396334736429 243.0)
(0.01,9.0,0.24700000000000016)(144.96732870201842 239.0)
(0.01,9.0,0.24700000000000016)(144.82981625640318 240.0)
(0.01,9.0,0.24700000000000016)(145.1452889737757 238.0)
(0.01,9.0,0.24700000000000016)(144.29580658200186 241.0)
(0.01 9.0 0.25000000000000017)(93.58107623852679 293.0)
(0.01,9.0,0.25000000000000017)(165.85989181798615 3.0)
(0.01,9.0,0.25000000000000017)(165.85989181798615 24.0)
(0.01,9.0,0.25000000000000017)(165.81921881755773 43.0)
(0.01,9.0,0.25000000000000017)(165.7098903697138 52.0)
(0.01,9.0,0.25000000000000017)(165.48909792022542 68.0)
(0.01,9.0,0.25000000000000017)(164.87234579187037 87.0)
(0.01,9.0,0.25000000000000017)(164.87234579187037 113.0)
(0.01,9.0,0.25000000000000017)(158.97880438382717 169.0)
(0.01,9.0,0.25000000000000017)(152.22091988150873 188.0)
(0.01,9.0,0.25000000000000017)(149.64483066509683 193.0)
(0.01,9.0,0.25000000000000017)(148.71745203407295 196.0)
(0.01,9.0,0.25000000000000017)(148.39728226533182 198.0)
(0.01,9.0,0.25000000000000017)(147.16103012422914 208.0)
(0.01,9.0,0.25000000000000017)(146.99794025062485 209.0)
(0.01,9.0,0.25000000000000017)(145.39085047193987 215.0)
(0.01,9.0,0.25000000000000017)(144.06634810501401 219.0)
(0.01,9.0,0.25000000000000017)(144.06634810501401 221.0)
(0.01,9.0,0.25000000000000017)(143.0522342958051 224.0)
(0.01,9.0,0.25000000000000017)(139.24147158979318 226.0)
(0.01,9.0,0.25000000000000017)(140.78224087426182 226.0)
(0.01,9.0,0.25000000000000017)(139.75672076500675 227.0)
(0.01,9.0,0.25000000000000017)(139.25180233081736 228.0)
(0.01,9.0,0.25000000000000017)(138.94126843095106 229.0)
(0.01,9.0,0.25000000000000017)(138.68730481740047 234.0)
(0.01,9.0,0.25000000000000017)(137.79462768214395 236.0)
(0.01,9.0,0.25000000000000017)(136.92752194141124 234.0)
(0.01,9.0,0.25000000000000017)(136.81133494526927 234.0)
(0.01,9.0,0.25000000000000017)(136.43209258334952 234.0)
(0.01,9.0,0.25000000000000017)(136.43209258334952 235.0)
(0.01,9.0,0.25000000000000017)(136.2214343494386 236.0)
(0.01,9.0,0.25000000000000017)(134.27955981894652 237.0)
(0.01,9.0,0.25000000000000017)(135.4903638200617 235.0)
(0.01,9.0,0.25000000000000017)(136.13530442115 235.0)
(0.01,9.0,0.25000000000000017)(135.92461039236676 236.0)
(0.01,9.0,0.25000000000000017)(134.4539838909903 237.0)
(0.01,9.0,0.25000000000000017)(135.4496539516483 240.0)
(0.01,9.0,0.25000000000000017)(135.88390533286628 237.0)
(0.01,9.0,0.25000000000000017)(136.36359504473918 240.0)
(0.01,9.0,0.25000000000000017)(140.47357704304093 235.0)
(0.01,9.0,0.25000000000000017)(136.5204959043123 239.0)
(0.01,9.0,0.25000000000000017)(136.15292875927844 241.0)
(0.01,9.0,0.25000000000000017)(134.7726144071325 241.0)
(0.01,9.0,0.25000000000000017)(136.30984171716992 240.0)
(0.01,9.0,0.25000000000000017)(138.06877967933409 238.0)
(0.01,9.0,0.25000000000000017)(135.85125378022747 242.0)
(0.01,9.0,0.25000000000000017)(140.66604884865566 236.0)
(0.01,9.0,0.25000000000000017)(137.36904219863587 237.0)
(0.01,9.0,0.25000000000000017)(138.12249208290876 238.0)
(0.01,9.0,0.25000000000000017)(139.95243663000733 237.0)
(0.01,9.0,0.25000000000000017)(140.17287390350634 235.0)
(0.01,9.0,0.25000000000000017)(137.49528063395994 241.0)
(0.01,9.0,0.25000000000000017)(135.70435252125017 242.0)
(0.01,9.0,0.25000000000000017)(138.25026916723365 239.0)
(0.01,9.0,0.25000000000000017)(142.3321558379335 235.0)
(0.01,9.0,0.25000000000000017)(137.6520986591827 240.0)
(0.01,9.0,0.25000000000000017)(138.0356024552564 240.0)
(0.01,9.0,0.25000000000000017)(138.57684427559843 238.0)
(0.01,9.0,0.25000000000000017)(142.39564947054728 234.0)
(0.01,9.0,0.25000000000000017)(136.79976257866497 240.0)
(0.01,9.0,0.25000000000000017)(140.800966683309 237.0)
(0.01,9.0,0.25000000000000017)(135.96614492527175 240.0)
(0.01,9.0,0.25000000000000017)(143.25492029371947 233.0)
(0.01,9.0,0.25000000000000017)(141.24458878761322 238.0)
(0.01,9.0,0.25000000000000017)(142.29804326544954 236.0)
(0.01,9.0,0.25000000000000017)(142.74126045343485 237.0)
(0.01,9.0,0.25000000000000017)(143.24529459166314 236.0)
(0.01,9.0,0.25000000000000017)(141.54898026449968 236.0)
(0.01,9.0,0.25000000000000017)(142.21419776891213 234.0)
(0.01,9.0,0.25000000000000017)(143.40602227137364 235.0)
(0.01,9.0,0.25000000000000017)(143.62030317655828 233.0)
(0.01,9.0,0.25000000000000017)(143.62030317655828 232.0)
(0.01,9.0,0.25000000000000017)(142.69800836024493 234.0)
(0.01 9.0 0.25300000000000017)(93.88227739020778 290.0)
(0.01,9.0,0.25300000000000017)(165.85989181798615 3.0)
(0.01,9.0,0.25300000000000017)(165.85989181798615 25.0)
(0.01,9.0,0.25300000000000017)(165.85989181798615 37.0)
(0.01,9.0,0.25300000000000017)(165.81921881755773 51.0)
(0.01,9.0,0.25300000000000017)(165.48909792022542 75.0)
(0.01,9.0,0.25300000000000017)(165.48909792022542 91.0)
(0.01,9.0,0.25300000000000017)(164.87234579187037 113.0)
(0.01,9.0,0.25300000000000017)(159.55446503512604 168.0)
(0.01,9.0,0.25300000000000017)(156.0126699130017 187.0)
(0.01,9.0,0.25300000000000017)(154.84720638052903 190.0)
(0.01,9.0,0.25300000000000017)(154.2229542085394 194.0)
(0.01,9.0,0.25300000000000017)(154.002539117091 195.0)
(0.01,9.0,0.25300000000000017)(153.04850696595986 205.0)
(0.01,9.0,0.25300000000000017)(152.78025456964946 209.0)
(0.01,9.0,0.25300000000000017)(152.31077093004166 212.0)
(0.01,9.0,0.25300000000000017)(150.90343158952302 215.0)
(0.01,9.0,0.25300000000000017)(150.71732494837653 219.0)
(0.01,9.0,0.25300000000000017)(150.03474246737815 220.0)
(0.01,9.0,0.25300000000000017)(149.03905295591073 222.0)
(0.01,9.0,0.25300000000000017)(150.7543375836767 220.0)
(0.01,9.0,0.25300000000000017)(147.7038303236257 222.0)
(0.01,9.0,0.25300000000000017)(148.0058647369766 221.0)
(0.01,9.0,0.25300000000000017)(147.38311016254931 222.0)
(0.01,9.0,0.25300000000000017)(147.27618718714385 225.0)
(0.01,9.0,0.25300000000000017)(145.06255493158983 231.0)
(0.01,9.0,0.25300000000000017)(145.3407098227732 231.0)
(0.01,9.0,0.25300000000000017)(144.22305577274943 235.0)
(0.01,9.0,0.25300000000000017)(145.05950786894155 235.0)
(0.01,9.0,0.25300000000000017)(144.527409743053 233.0)
(0.01,9.0,0.25300000000000017)(143.89891548535917 234.0)
(0.01,9.0,0.25300000000000017)(144.0116026648225 238.0)
(0.01,9.0,0.25300000000000017)(140.77077442639782 236.0)
(0.01,9.0,0.25300000000000017)(141.41474666195415 236.0)
(0.01,9.0,0.25300000000000017)(144.44266018172073 237.0)
(0.01,9.0,0.25300000000000017)(150.9425917197865 230.0)
(0.01,9.0,0.25300000000000017)(143.3710959593502 238.0)
(0.01,9.0,0.25300000000000017)(142.60024279676225 240.0)
(0.01,9.0,0.25300000000000017)(142.60024279676227 240.0)
(0.01,9.0,0.25300000000000017)(143.51145784184575 240.0)
(0.01,9.0,0.25300000000000017)(150.9425917197865 229.0)
(0.01,9.0,0.25300000000000017)(144.6570662992613 239.0)
(0.01,9.0,0.25300000000000017)(143.5752711831962 241.0)
(0.01,9.0,0.25300000000000017)(143.8957367666772 239.0)
(0.01,9.0,0.25300000000000017)(143.1884392428312 241.0)
(0.01,9.0,0.25300000000000017)(145.4427919709197 238.0)
(0.01,9.0,0.25300000000000017)(143.85053983354675 241.0)
(0.01,9.0,0.25300000000000017)(146.49125381302636 236.0)
(0.01,9.0,0.25300000000000017)(144.86083558466618 237.0)
(0.01,9.0,0.25300000000000017)(147.22377923099015 235.0)
(0.01,9.0,0.25300000000000017)(144.68186500649765 238.0)
(0.01,9.0,0.25300000000000017)(147.14050073953698 236.0)
(0.01,9.0,0.25300000000000017)(145.73909970951647 238.0)
(0.01,9.0,0.25300000000000017)(145.20031319829235 238.0)
(0.01,9.0,0.25300000000000017)(146.6686968578189 238.0)
(0.01,9.0,0.25300000000000017)(142.73762174130516 239.0)
(0.01,9.0,0.25300000000000017)(144.41461343755657 239.0)
(0.01,9.0,0.25300000000000017)(147.6508631729242 236.0)
(0.01,9.0,0.25300000000000017)(143.80365720973464 239.0)
(0.01,9.0,0.25300000000000017)(143.9844350960793 239.0)
(0.01,9.0,0.25300000000000017)(145.03972211560867 239.0)
(0.01,9.0,0.25300000000000017)(147.30353138508664 238.0)
(0.01,9.0,0.25300000000000017)(150.11533989346233 233.0)
(0.01,9.0,0.25300000000000017)(148.8684171561908 233.0)
(0.01,9.0,0.25300000000000017)(149.6767995326081 231.0)
(0.01,9.0,0.25300000000000017)(149.8368475921927 232.0)
(0.01,9.0,0.25300000000000017)(148.28646911312845 236.0)
(0.01,9.0,0.25300000000000017)(149.4154845615347 234.0)
(0.01,9.0,0.25300000000000017)(149.9174157050631 233.0)
(0.01,9.0,0.25300000000000017)(148.9163007006241 231.0)
(0.01,9.0,0.25300000000000017)(149.57556175621417 233.0)
(0.01,9.0,0.25300000000000017)(150.07742667276779 230.0)
(0.01 9.0 0.25600000000000017)(92.44534102220675 293.0)
(0.01,9.0,0.25600000000000017)(165.85989181798615 3.0)
(0.01,9.0,0.25600000000000017)(165.85989181798615 25.0)
(0.01,9.0,0.25600000000000017)(165.85989181798615 37.0)
(0.01,9.0,0.25600000000000017)(165.81921881755773 51.0)
(0.01,9.0,0.25600000000000017)(165.5997310482886 67.0)
(0.01,9.0,0.25600000000000017)(165.48909792022542 91.0)
(0.01,9.0,0.25600000000000017)(164.87234579187037 106.0)
(0.01,9.0,0.25600000000000017)(159.06623134813827 168.0)
(0.01,9.0,0.25600000000000017)(156.12925555909064 186.0)
(0.01,9.0,0.25600000000000017)(154.50404387039558 189.0)
(0.01,9.0,0.25600000000000017)(153.708721338841 192.0)
(0.01,9.0,0.25600000000000017)(153.4881074842771 193.0)
(0.01,9.0,0.25600000000000017)(152.49329934745384 204.0)
(0.01,9.0,0.25600000000000017)(152.37154226073037 206.0)
(0.01,9.0,0.25600000000000017)(151.01642219895703 213.0)
(0.01,9.0,0.25600000000000017)(150.48638845190484 218.0)
(0.01,9.0,0.25600000000000017)(149.80369869567164 219.0)
(0.01,9.0,0.25600000000000017)(149.1009885970238 222.0)
(0.01,9.0,0.25600000000000017)(147.4010263522552 225.0)
(0.01,9.0,0.25600000000000017)(148.7184294532095 225.0)
(0.01,9.0,0.25600000000000017)(145.49019312798143 225.0)
(0.01,9.0,0.25600000000000017)(146.65172361606426 224.0)
(0.01,9.0,0.25600000000000017)(143.57962423269024 227.0)
(0.01,9.0,0.25600000000000017)(143.47245175862685 229.0)
(0.01,9.0,0.25600000000000017)(142.92343699549184 234.0)
(0.01,9.0,0.25600000000000017)(143.40145096864595 233.0)
(0.01,9.0,0.25600000000000017)(141.67866282761224 237.0)
(0.01,9.0,0.25600000000000017)(142.33232720015988 239.0)
(0.01,9.0,0.25600000000000017)(140.78835798659995 241.0)
(0.01,9.0,0.25600000000000017)(140.9232214932507 240.0)
(0.01,9.0,0.25600000000000017)(138.65233059897838 242.0)
(0.01,9.0,0.25600000000000017)(139.77561603655914 241.0)
(0.01,9.0,0.25600000000000017)(137.74191514399857 243.0)
(0.01,9.0,0.25600000000000017)(138.2616237917875 243.0)
(0.01,9.0,0.25600000000000017)(139.3851081171061 242.0)
(0.01,9.0,0.25600000000000017)(140.9910158877442 241.0)
(0.01,9.0,0.25600000000000017)(141.87685161419958 241.0)
(0.01,9.0,0.25600000000000017)(143.0233857716259 241.0)
(0.01,9.0,0.25600000000000017)(143.25955174496278 239.0)
(0.01,9.0,0.25600000000000017)(142.80460774407447 242.0)
(0.01,9.0,0.25600000000000017)(143.80984851783586 240.0)
(0.01,9.0,0.25600000000000017)(145.0298266955065 239.0)
(0.01,9.0,0.25600000000000017)(142.00308979965948 242.0)
(0.01,9.0,0.25600000000000017)(140.53278203318033 244.0)
(0.01,9.0,0.25600000000000017)(139.06894242294774 245.0)
(0.01,9.0,0.25600000000000017)(140.39361892605575 242.0)
(0.01,9.0,0.25600000000000017)(144.95398211811002 241.0)
(0.01,9.0,0.25600000000000017)(140.7691817257798 244.0)
(0.01,9.0,0.25600000000000017)(141.5564556469297 242.0)
(0.01,9.0,0.25600000000000017)(142.81605615522815 240.0)
(0.01,9.0,0.25600000000000017)(141.32013774219251 243.0)
(0.01,9.0,0.25600000000000017)(144.23558406473268 242.0)
(0.01,9.0,0.25600000000000017)(145.19449678753892 238.0)
(0.01,9.0,0.25600000000000017)(145.3539601533753 239.0)
(0.01,9.0,0.25600000000000017)(142.36059669569283 242.0)
(0.01,9.0,0.25600000000000017)(143.72912941390666 239.0)
(0.01,9.0,0.25600000000000017)(141.7882178024443 242.0)
(0.01,9.0,0.25600000000000017)(149.19063489473754 234.0)
(0.01,9.0,0.25600000000000017)(145.06519730175384 239.0)
(0.01,9.0,0.25600000000000017)(146.7083129768595 237.0)
(0.01,9.0,0.25600000000000017)(145.4226065292726 239.0)
(0.01,9.0,0.25600000000000017)(147.6784526282231 236.0)
(0.01,9.0,0.25600000000000017)(146.43781387241378 238.0)
(0.01,9.0,0.25600000000000017)(147.40812436578722 237.0)
(0.01,9.0,0.25600000000000017)(147.51815183142904 237.0)
(0.01,9.0,0.25600000000000017)(147.2477983397363 238.0)
(0.01,9.0,0.25600000000000017)(148.19523671173525 236.0)
(0.01,9.0,0.25600000000000017)(147.64362823227165 234.0)
(0.01,9.0,0.25600000000000017)(148.43061897495747 235.0)
(0.01,9.0,0.25600000000000017)(147.87474496383285 236.0)
(0.01,9.0,0.25600000000000017)(147.32300768129426 236.0)
(0.01,9.0,0.25600000000000017)(148.1101801387472 235.0)
(0.01,9.0,0.25600000000000017)(147.55656724239302 235.0)
(0.01 9.0 0.2590000000000002)(93.17955398204636 292.0)
(0.01,9.0,0.2590000000000002)(165.85989181798615 3.0)
(0.01,9.0,0.2590000000000002)(165.85989181798615 25.0)
(0.01,9.0,0.2590000000000002)(165.85989181798615 37.0)
(0.01,9.0,0.2590000000000002)(165.81921881755773 44.0)
(0.01,9.0,0.2590000000000002)(165.7098903697138 64.0)
(0.01,9.0,0.2590000000000002)(165.17202201532902 91.0)
(0.01,9.0,0.2590000000000002)(164.55282078066094 107.0)
(0.01,9.0,0.2590000000000002)(162.7252762998663 144.0)
(0.01,9.0,0.2590000000000002)(157.14182796508985 184.0)
(0.01,9.0,0.2590000000000002)(156.89963125298894 182.0)
(0.01,9.0,0.2590000000000002)(156.34748734838553 185.0)
(0.01,9.0,0.2590000000000002)(156.12790699359692 186.0)
(0.01,9.0,0.2590000000000002)(155.85052283512806 190.0)
(0.01,9.0,0.2590000000000002)(155.6905219299497 196.0)
(0.01,9.0,0.2590000000000002)(155.13528853411864 200.0)
(0.01,9.0,0.2590000000000002)(153.7502356947136 207.0)
(0.01,9.0,0.2590000000000002)(153.7502356947136 210.0)
(0.01,9.0,0.2590000000000002)(152.82395642681527 214.0)
(0.01,9.0,0.2590000000000002)(153.7502356947136 213.0)
(0.01,9.0,0.2590000000000002)(151.28773148247183 216.0)
(0.01,9.0,0.2590000000000002)(150.16438043671837 218.0)
(0.01,9.0,0.2590000000000002)(149.87898606467456 223.0)
(0.01,9.0,0.2590000000000002)(149.38979465100272 225.0)
(0.01,9.0,0.2590000000000002)(148.73974454379388 227.0)
(0.01,9.0,0.2590000000000002)(146.32453981366123 232.0)
(0.01,9.0,0.2590000000000002)(146.71655136333317 231.0)
(0.01,9.0,0.2590000000000002)(146.96230180692507 232.0)
(0.01,9.0,0.2590000000000002)(146.47203418176437 234.0)
(0.01,9.0,0.2590000000000002)(146.7022201037826 230.0)
(0.01,9.0,0.2590000000000002)(144.1242285468659 236.0)
(0.01,9.0,0.2590000000000002)(146.80361235321192 234.0)
(0.01,9.0,0.2590000000000002)(145.82129153038053 234.0)
(0.01,9.0,0.2590000000000002)(144.36904483070433 235.0)
(0.01,9.0,0.2590000000000002)(144.7501196000149 235.0)
(0.01,9.0,0.2590000000000002)(151.385645744284 227.0)
(0.01,9.0,0.2590000000000002)(144.58938710170347 236.0)
(0.01,9.0,0.2590000000000002)(145.73918488377467 235.0)
(0.01,9.0,0.2590000000000002)(144.39398721250936 236.0)
(0.01,9.0,0.2590000000000002)(146.6492297782022 235.0)
(0.01,9.0,0.2590000000000002)(144.63409631534313 238.0)
(0.01,9.0,0.2590000000000002)(146.8054193403636 234.0)
(0.01,9.0,0.2590000000000002)(147.45552453416738 235.0)
(0.01,9.0,0.2590000000000002)(145.50107658472785 234.0)
(0.01,9.0,0.2590000000000002)(146.33401421007335 233.0)
(0.01,9.0,0.2590000000000002)(143.91545353338333 237.0)
(0.01,9.0,0.2590000000000002)(144.76623526106272 234.0)
(0.01,9.0,0.2590000000000002)(148.2873103180397 232.0)
(0.01,9.0,0.2590000000000002)(142.80279926995803 237.0)
(0.01,9.0,0.2590000000000002)(145.08572007019364 235.0)
(0.01,9.0,0.2590000000000002)(148.0064429563652 233.0)
(0.01,9.0,0.2590000000000002)(145.74525885807938 235.0)
(0.01,9.0,0.2590000000000002)(144.92254066055307 233.0)
(0.01,9.0,0.2590000000000002)(146.6089953902848 235.0)
(0.01,9.0,0.2590000000000002)(146.63891333342238 235.0)
(0.01,9.0,0.2590000000000002)(147.4753709181048 234.0)
(0.01,9.0,0.2590000000000002)(149.15588978501708 231.0)
(0.01,9.0,0.2590000000000002)(146.94682227757474 233.0)
(0.01,9.0,0.2590000000000002)(148.00557167613425 232.0)
(0.01,9.0,0.2590000000000002)(147.5537258089957 234.0)
(0.01,9.0,0.2590000000000002)(148.32500783420616 233.0)
(0.01,9.0,0.2590000000000002)(148.54110426085808 231.0)
(0.01,9.0,0.2590000000000002)(148.99569382319763 231.0)
(0.01,9.0,0.2590000000000002)(149.70295719036093 230.0)
(0.01,9.0,0.2590000000000002)(149.54285845048813 232.0)
(0.01,9.0,0.2590000000000002)(148.8093594148332 232.0)
(0.01,9.0,0.2590000000000002)(150.488972926773 230.0)
(0.01,9.0,0.2590000000000002)(150.488972926773 228.0)
(0.01,9.0,0.2590000000000002)(150.64894603169995 229.0)
(0.01,9.0,0.2590000000000002)(150.64894603169995 226.0)
(0.01 9.0 0.2620000000000002)(91.16109643153598 293.0)
(0.01,9.0,0.2620000000000002)(165.85989181798615 3.0)
(0.01,9.0,0.2620000000000002)(165.85989181798615 25.0)
(0.01,9.0,0.2620000000000002)(165.85989181798615 37.0)
(0.01,9.0,0.2620000000000002)(165.81921881755773 44.0)
(0.01,9.0,0.2620000000000002)(165.5997310482886 60.0)
(0.01,9.0,0.2620000000000002)(165.17202201532902 84.0)
(0.01,9.0,0.2620000000000002)(164.55282078066094 107.0)
(0.01,9.0,0.2620000000000002)(162.7252762998663 146.0)
(0.01,9.0,0.2620000000000002)(157.14182796508985 187.0)
(0.01,9.0,0.2620000000000002)(156.89963125298894 185.0)
(0.01,9.0,0.2620000000000002)(156.34748734838553 188.0)
(0.01,9.0,0.2620000000000002)(156.12790699359692 189.0)
(0.01,9.0,0.2620000000000002)(155.73494492074283 198.0)
(0.01,9.0,0.2620000000000002)(155.6905219299497 199.0)
(0.01,9.0,0.2620000000000002)(155.41293496773696 203.0)
(0.01,9.0,0.2620000000000002)(153.7502356947136 210.0)
(0.01,9.0,0.2620000000000002)(153.7502356947136 212.0)
(0.01,9.0,0.2620000000000002)(154.4108312190235 214.0)
(0.01,9.0,0.2620000000000002)(153.48525272043952 215.0)
(0.01,9.0,0.2620000000000002)(151.28773148247183 218.0)
(0.01,9.0,0.2620000000000002)(150.16438043671837 220.0)
(0.01,9.0,0.2620000000000002)(150.16438043671837 222.0)
(0.01,9.0,0.2620000000000002)(149.33871786376255 227.0)
(0.01,9.0,0.2620000000000002)(149.58275207364485 228.0)
(0.01,9.0,0.2620000000000002)(147.84225498358208 232.0)
(0.01,9.0,0.2620000000000002)(147.84225498358208 231.0)
(0.01,9.0,0.2620000000000002)(146.71655136333317 236.0)
(0.01,9.0,0.2620000000000002)(145.57186172238048 237.0)
(0.01,9.0,0.2620000000000002)(142.8043936309968 239.0)
(0.01,9.0,0.2620000000000002)(145.82129153038053 237.0)
(0.01,9.0,0.2620000000000002)(145.7091280860618 232.0)
(0.01,9.0,0.2620000000000002)(151.3149246708939 230.0)
(0.01,9.0,0.2620000000000002)(144.25781952024568 238.0)
(0.01,9.0,0.2620000000000002)(147.0230731376137 236.0)
(0.01,9.0,0.2620000000000002)(148.01079600585913 236.0)
(0.01,9.0,0.2620000000000002)(146.80977238985753 237.0)
(0.01,9.0,0.2620000000000002)(144.54167491949664 238.0)
(0.01,9.0,0.2620000000000002)(144.68499521983227 238.0)
(0.01,9.0,0.2620000000000002)(145.75572167418977 239.0)
(0.01,9.0,0.2620000000000002)(147.42565772190784 237.0)
(0.01,9.0,0.2620000000000002)(145.7879427563573 237.0)
(0.01,9.0,0.2620000000000002)(145.60206415463574 239.0)
(0.01,9.0,0.2620000000000002)(144.28183445789955 237.0)
(0.01,9.0,0.2620000000000002)(145.91197027168175 238.0)
(0.01,9.0,0.2620000000000002)(144.95115480818623 239.0)
(0.01,9.0,0.2620000000000002)(148.2510059928092 235.0)
(0.01,9.0,0.2620000000000002)(146.86595879395782 236.0)
(0.01,9.0,0.2620000000000002)(145.05706553634633 238.0)
(0.01,9.0,0.2620000000000002)(146.95988142605654 237.0)
(0.01,9.0,0.2620000000000002)(147.48161520950686 235.0)
(0.01,9.0,0.2620000000000002)(145.51713653676964 238.0)
(0.01,9.0,0.2620000000000002)(147.06435461391106 237.0)
(0.01,9.0,0.2620000000000002)(147.33425699508504 236.0)
(0.01,9.0,0.2620000000000002)(149.31606536123638 233.0)
(0.01,9.0,0.2620000000000002)(148.48530226417378 234.0)
(0.01,9.0,0.2620000000000002)(149.160242834511 233.0)
(0.01,9.0,0.2620000000000002)(148.70135997968654 233.0)
(0.01,9.0,0.2620000000000002)(148.40694737328292 233.0)
(0.01,9.0,0.2620000000000002)(150.2092413833833 231.0)
(0.01,9.0,0.2620000000000002)(149.24871565515917 234.0)
(0.01,9.0,0.2620000000000002)(149.0885538025478 235.0)
(0.01,9.0,0.2620000000000002)(150.03503615858793 231.0)
(0.01,9.0,0.2620000000000002)(149.86303438504044 231.0)
(0.01,9.0,0.2620000000000002)(150.488972926773 233.0)
(0.01,9.0,0.2620000000000002)(150.64894603169995 230.0)
(0.01 9.0 0.2650000000000002)(93.21497217039354 291.0)
(0.01,9.0,0.2650000000000002)(165.85989181798615 3.0)
(0.01,9.0,0.2650000000000002)(165.85989181798615 25.0)
(0.01,9.0,0.2650000000000002)(165.81921881755773 44.0)
(0.01,9.0,0.2650000000000002)(165.5997310482886 60.0)
(0.01,9.0,0.2650000000000002)(164.87234579187037 86.0)
(0.01,9.0,0.2650000000000002)(164.87234579187037 106.0)
(0.01,9.0,0.2650000000000002)(163.1214830349895 145.0)
(0.01,9.0,0.2650000000000002)(158.04270652640207 185.0)
(0.01,9.0,0.2650000000000002)(156.89963125298894 185.0)
(0.01,9.0,0.2650000000000002)(156.34748734838553 187.0)
(0.01,9.0,0.2650000000000002)(156.12790699359692 189.0)
(0.01,9.0,0.2650000000000002)(155.26343524050267 201.0)
(0.01,9.0,0.2650000000000002)(155.21885305782453 202.0)
(0.01,9.0,0.2650000000000002)(154.94116286491032 206.0)
(0.01,9.0,0.2650000000000002)(153.83482450301483 209.0)
(0.01,9.0,0.2650000000000002)(153.83482450301483 211.0)
(0.01,9.0,0.2650000000000002)(153.83482450301483 214.0)
(0.01,9.0,0.2650000000000002)(152.7402511298379 217.0)
(0.01,9.0,0.2650000000000002)(151.3344788108041 217.0)
(0.01,9.0,0.2650000000000002)(150.2493357290058 220.0)
(0.01,9.0,0.2650000000000002)(149.6535492580954 224.0)
(0.01,9.0,0.2650000000000002)(147.96536627039166 229.0)
(0.01,9.0,0.2650000000000002)(148.59489690283038 230.0)
(0.01,9.0,0.2650000000000002)(149.00371166007324 229.0)
(0.01,9.0,0.2650000000000002)(147.94917795898752 231.0)
(0.01,9.0,0.2650000000000002)(147.31372986359557 234.0)
(0.01,9.0,0.2650000000000002)(146.88141942078934 235.0)
(0.01,9.0,0.2650000000000002)(145.67955161397933 236.0)
(0.01,9.0,0.2650000000000002)(151.65650363117197 229.0)
(0.01,9.0,0.2650000000000002)(147.18791309428275 235.0)
(0.01,9.0,0.2650000000000002)(144.42293834041453 237.0)
(0.01,9.0,0.2650000000000002)(145.98626193514207 236.0)
(0.01,9.0,0.2650000000000002)(148.17553653267225 235.0)
(0.01,9.0,0.2650000000000002)(146.97465154777558 236.0)
(0.01,9.0,0.2650000000000002)(147.13080792623734 235.0)
(0.01,9.0,0.2650000000000002)(145.92067637066964 238.0)
(0.01,9.0,0.2650000000000002)(146.8255241980649 237.0)
(0.01,9.0,0.2650000000000002)(146.96858752504443 237.0)
(0.01,9.0,0.2650000000000002)(148.98076225974572 233.0)
(0.01,9.0,0.2650000000000002)(146.26052712617056 237.0)
(0.01,9.0,0.2650000000000002)(144.3092936622048 238.0)
(0.01,9.0,0.2650000000000002)(145.058278841352 239.0)
(0.01,9.0,0.2650000000000002)(149.22607895222578 233.0)
(0.01,9.0,0.2650000000000002)(148.513799648211 234.0)
(0.01,9.0,0.2650000000000002)(148.86594905825442 233.0)
(0.01,9.0,0.2650000000000002)(148.79712706855318 233.0)
(0.01,9.0,0.2650000000000002)(149.98781230202297 232.0)
(0.01,9.0,0.2650000000000002)(148.80818620080777 233.0)
(0.01,9.0,0.2650000000000002)(147.75886564597923 236.0)
(0.01,9.0,0.2650000000000002)(147.21424310897126 235.0)
(0.01,9.0,0.2650000000000002)(148.57909539062004 234.0)
(0.01,9.0,0.2650000000000002)(149.42283763491665 232.0)
(0.01,9.0,0.2650000000000002)(148.59215453910187 234.0)
(0.01,9.0,0.2650000000000002)(149.3554786896239 234.0)
(0.01,9.0,0.2650000000000002)(150.31591786176133 231.0)
(0.01,9.0,0.2650000000000002)(150.14173241899485 233.0)
(0.01,9.0,0.2650000000000002)(149.96974041617884 233.0)
(0.01,9.0,0.2650000000000002)(150.75558195377363 232.0)
(0.01,9.0,0.2650000000000002)(150.81324908763258 229.0)
(0.01 9.0 0.2680000000000002)(96.90959471714885 286.0)
(0.01,9.0,0.2680000000000002)(165.85989181798615 3.0)
(0.01,9.0,0.2680000000000002)(165.85989181798615 30.0)
(0.01,9.0,0.2680000000000002)(165.81921881755773 43.0)
(0.01,9.0,0.2680000000000002)(165.81921881755773 44.0)
(0.01,9.0,0.2680000000000002)(165.7098903697138 60.0)
(0.01,9.0,0.2680000000000002)(165.48909792022542 76.0)
(0.01,9.0,0.2680000000000002)(164.87234579187037 99.0)
(0.01,9.0,0.2680000000000002)(163.1214830349895 123.0)
(0.01,9.0,0.2680000000000002)(159.51528758968064 174.0)
(0.01,9.0,0.2680000000000002)(156.89963125298894 185.0)
(0.01,9.0,0.2680000000000002)(156.34748734838553 187.0)
(0.01,9.0,0.2680000000000002)(155.8363810445939 192.0)
(0.01,9.0,0.2680000000000002)(155.54097672589975 197.0)
(0.01,9.0,0.2680000000000002)(155.10234501072478 202.0)
(0.01,9.0,0.2680000000000002)(154.94116286491032 205.0)
(0.01,9.0,0.2680000000000002)(154.29674954467677 208.0)
(0.01,9.0,0.2680000000000002)(153.83482450301483 211.0)
(0.01,9.0,0.2680000000000002)(153.83482450301483 213.0)
(0.01,9.0,0.2680000000000002)(153.83482450301483 214.0)
(0.01,9.0,0.2680000000000002)(151.57049902779076 216.0)
(0.01,9.0,0.2680000000000002)(151.37578766936517 217.0)
(0.01,9.0,0.2680000000000002)(151.99674507641333 217.0)
(0.01,9.0,0.2680000000000002)(149.48787908821168 221.0)
(0.01,9.0,0.2680000000000002)(149.73190414898627 220.0)
(0.01,9.0,0.2680000000000002)(148.3122169724848 226.0)
(0.01,9.0,0.2680000000000002)(148.176058736016 227.0)
(0.01,9.0,0.2680000000000002)(148.176058736016 228.0)
(0.01,9.0,0.2680000000000002)(147.06368287617036 229.0)
(0.01,9.0,0.2680000000000002)(147.02015238123096 233.0)
(0.01,9.0,0.2680000000000002)(147.07800106871326 233.0)
(0.01,9.0,0.2680000000000002)(146.04932921183655 234.0)
(0.01,9.0,0.2680000000000002)(144.8468746713492 235.0)
(0.01,9.0,0.2680000000000002)(147.22039265795203 233.0)
(0.01,9.0,0.2680000000000002)(144.62856454714898 234.0)
(0.01,9.0,0.2680000000000002)(146.1916878461034 233.0)
(0.01,9.0,0.2680000000000002)(147.06424749953467 233.0)
(0.01,9.0,0.2680000000000002)(146.03544452149532 234.0)
(0.01,9.0,0.2680000000000002)(148.02385515434094 232.0)
(0.01,9.0,0.2680000000000002)(148.01760286431877 231.0)
(0.01,9.0,0.2680000000000002)(144.79649521880523 234.0)
(0.01,9.0,0.2680000000000002)(146.0103231286175 236.0)
(0.01,9.0,0.2680000000000002)(146.58776686566677 232.0)
(0.01,9.0,0.2680000000000002)(147.89761671901675 232.0)
(0.01,9.0,0.2680000000000002)(145.9076172221879 232.0)
(0.01,9.0,0.2680000000000002)(145.76007472368374 233.0)
(0.01,9.0,0.2680000000000002)(144.10263466162266 237.0)
(0.01,9.0,0.2680000000000002)(149.33055214008021 231.0)
(0.01,9.0,0.2680000000000002)(151.57814874028108 226.0)
(0.01,9.0,0.2680000000000002)(146.44028340249326 232.0)
(0.01,9.0,0.2680000000000002)(148.93324921755422 228.0)
(0.01,9.0,0.2680000000000002)(147.9770321614515 232.0)
(0.01,9.0,0.2680000000000002)(147.7358785337846 232.0)
(0.01,9.0,0.2680000000000002)(148.27157211833315 232.0)
(0.01,9.0,0.2680000000000002)(149.40977848643482 231.0)
(0.01,9.0,0.2680000000000002)(147.58855020494718 232.0)
(0.01,9.0,0.2680000000000002)(147.7781851421522 232.0)
(0.01,9.0,0.2680000000000002)(148.2011612919485 231.0)
(0.01,9.0,0.2680000000000002)(151.42260682894474 227.0)
(0.01,9.0,0.2680000000000002)(146.97294057453837 234.0)
(0.01,9.0,0.2680000000000002)(149.56991955060496 228.0)
(0.01,9.0,0.2680000000000002)(148.42000652176475 230.0)
(0.01,9.0,0.2680000000000002)(148.90746628408593 230.0)
(0.01,9.0,0.2680000000000002)(149.06331593895737 229.0)
(0.01,9.0,0.2680000000000002)(149.86738743453438 230.0)
(0.01,9.0,0.2680000000000002)(150.3736054005819 227.0)
(0.01,9.0,0.2680000000000002)(150.0274428221836 229.0)
(0.01,9.0,0.2680000000000002)(150.81324908763258 228.0)
(0.01,9.0,0.2680000000000002)(150.0099180068392 229.0)
(0.01,9.0,0.2680000000000002)(150.65329908119392 229.0)
(0.01 9.0 0.2710000000000002)(97.11177101663887 286.0)
(0.01,9.0,0.2710000000000002)(165.85989181798615 3.0)
(0.01,9.0,0.2710000000000002)(165.85989181798615 30.0)
(0.01,9.0,0.2710000000000002)(165.85989181798615 25.0)
(0.01,9.0,0.2710000000000002)(165.81921881755773 44.0)
(0.01,9.0,0.2710000000000002)(165.5997310482886 60.0)
(0.01,9.0,0.2710000000000002)(165.48909792022542 71.0)
(0.01,9.0,0.2710000000000002)(164.87234579187037 99.0)
(0.01,9.0,0.2710000000000002)(163.1214830349895 134.0)
(0.01,9.0,0.2710000000000002)(157.41877416293272 183.0)
(0.01,9.0,0.2710000000000002)(156.89963125298894 183.0)
(0.01,9.0,0.2710000000000002)(156.34748734838553 186.0)
(0.01,9.0,0.2710000000000002)(155.7608000857019 197.0)
(0.01,9.0,0.2710000000000002)(155.26343524050267 199.0)
(0.01,9.0,0.2710000000000002)(154.94116286491032 201.0)
(0.01,9.0,0.2710000000000002)(154.94116286491032 203.0)
(0.01,9.0,0.2710000000000002)(154.29674954467677 206.0)
(0.01,9.0,0.2710000000000002)(153.83482450301483 210.0)
(0.01,9.0,0.2710000000000002)(153.83482450301483 212.0)
(0.01,9.0,0.2710000000000002)(152.9086502101527 214.0)
(0.01,9.0,0.2710000000000002)(153.83482450301483 213.0)
(0.01,9.0,0.2710000000000002)(153.33436603087188 215.0)
(0.01,9.0,0.2710000000000002)(150.7512228111552 218.0)
(0.01,9.0,0.2710000000000002)(150.07070946990234 221.0)
(0.01,9.0,0.2710000000000002)(150.07070946990234 223.0)
(0.01,9.0,0.2710000000000002)(150.07070946990234 222.0)
(0.01,9.0,0.2710000000000002)(148.16178383337834 224.0)
(0.01,9.0,0.2710000000000002)(148.4060522295766 225.0)
(0.01,9.0,0.2710000000000002)(147.30812538557157 227.0)
(0.01,9.0,0.2710000000000002)(152.4415337770862 227.0)
(0.01,9.0,0.2710000000000002)(146.2795531001106 227.0)
(0.01,9.0,0.2710000000000002)(145.07722188128406 228.0)
(0.01,9.0,0.2710000000000002)(145.42640783218732 228.0)
(0.01,9.0,0.2710000000000002)(146.42191708191035 227.0)
(0.01,9.0,0.2710000000000002)(145.12075237622338 233.0)
(0.01,9.0,0.2710000000000002)(145.20781336610213 229.0)
(0.01,9.0,0.2710000000000002)(147.0020382556751 232.0)
(0.01,9.0,0.2710000000000002)(147.22039265795203 231.0)
(0.01,9.0,0.2710000000000002)(147.06424749953467 232.0)
(0.01,9.0,0.2710000000000002)(146.1916878461034 232.0)
(0.01,9.0,0.2710000000000002)(147.29439449934898 227.0)
(0.01,9.0,0.2710000000000002)(148.6391767702744 230.0)
(0.01,9.0,0.2710000000000002)(145.04957274236412 235.0)
(0.01,9.0,0.2710000000000002)(149.33055214008021 229.0)
(0.01,9.0,0.2710000000000002)(148.26503922267585 231.0)
(0.01,9.0,0.2710000000000002)(148.98511530923972 229.0)
(0.01,9.0,0.2710000000000002)(149.03616558748345 229.0)
(0.01,9.0,0.2710000000000002)(146.09125668259747 235.0)
(0.01,9.0,0.2710000000000002)(148.7951371795514 229.0)
(0.01,9.0,0.2710000000000002)(149.94520357418915 229.0)
(0.01,9.0,0.2710000000000002)(149.13231187958638 228.0)
(0.01,9.0,0.2710000000000002)(151.57814874028108 225.0)
(0.01,9.0,0.2710000000000002)(147.21424310897123 232.0)
(0.01,9.0,0.2710000000000002)(147.96832606246366 232.0)
(0.01,9.0,0.2710000000000002)(148.27157211833315 230.0)
(0.01,9.0,0.2710000000000002)(145.99984264322487 233.0)
(0.01,9.0,0.2710000000000002)(148.9553498285193 229.0)
(0.01,9.0,0.2710000000000002)(148.73935762272436 229.0)
(0.01,9.0,0.2710000000000002)(148.04595662174074 229.0)
(0.01,9.0,0.2710000000000002)(149.56991955060496 227.0)
(0.01,9.0,0.2710000000000002)(150.0274428221836 228.0)
(0.01,9.0,0.2710000000000002)(149.22349833685988 229.0)
(0.01,9.0,0.2710000000000002)(150.3736054005819 226.0)
(0.01,9.0,0.2710000000000002)(148.51569182963166 230.0)
(0.01,9.0,0.2710000000000002)(150.81324908763258 227.0)
(0.01,9.0,0.2710000000000002)(150.65329908119392 228.0)
(0.01 9.0 0.2740000000000002)(92.97931370532534 290.0)
(0.01,9.0,0.2740000000000002)(165.85989181798615 3.0)
(0.01,9.0,0.2740000000000002)(165.85989181798615 25.0)
(0.01,9.0,0.2740000000000002)(165.85989181798615 35.0)
(0.01,9.0,0.2740000000000002)(165.81921881755773 44.0)
(0.01,9.0,0.2740000000000002)(165.5997310482886 60.0)
(0.01,9.0,0.2740000000000002)(165.48909792022542 71.0)
(0.01,9.0,0.2740000000000002)(164.87234579187037 87.0)
(0.01,9.0,0.2740000000000002)(164.13721997605106 108.0)
(0.01,9.0,0.2740000000000002)(160.15500345503088 165.0)
(0.01,9.0,0.2740000000000002)(157.83376015069308 186.0)
(0.01,9.0,0.2740000000000002)(156.441139188171 186.0)
(0.01,9.0,0.2740000000000002)(155.8363810445939 192.0)
(0.01,9.0,0.2740000000000002)(155.61660514737363 193.0)
(0.01,9.0,0.2740000000000002)(155.37996187215776 202.0)
(0.01,9.0,0.2740000000000002)(154.94116286491032 203.0)
(0.01,9.0,0.2740000000000002)(154.66341541172466 206.0)
(0.01,9.0,0.2740000000000002)(154.12860619018875 210.0)
(0.01,9.0,0.2740000000000002)(153.66658251352845 213.0)
(0.01,9.0,0.2740000000000002)(152.7402511298379 216.0)
(0.01,9.0,0.2740000000000002)(151.6673198140569 218.0)
(0.01,9.0,0.2740000000000002)(150.70223886798857 220.0)
(0.01,9.0,0.2740000000000002)(149.28734813929157 224.0)
(0.01,9.0,0.2740000000000002)(149.28734813929157 225.0)
(0.01,9.0,0.2740000000000002)(148.48246698849277 228.0)
(0.01,9.0,0.2740000000000002)(148.48246698849277 227.0)
(0.01,9.0,0.2740000000000002)(147.99270845392695 229.0)
(0.01,9.0,0.2740000000000002)(146.89447856927114 231.0)
(0.01,9.0,0.2740000000000002)(145.86567559123176 232.0)
(0.01,9.0,0.2740000000000002)(145.35824999223817 232.0)
(0.01,9.0,0.2740000000000002)(143.12475357028293 234.0)
(0.01,9.0,0.2740000000000002)(146.00802718261173 232.0)
(0.01,9.0,0.2740000000000002)(144.47082188484782 233.0)
(0.01,9.0,0.2740000000000002)(144.1650503624052 238.0)
(0.01,9.0,0.2740000000000002)(146.80669329163706 236.0)
(0.01,9.0,0.2740000000000002)(145.1949255798468 237.0)
(0.01,9.0,0.2740000000000002)(143.03212570928252 239.0)
(0.01,9.0,0.2740000000000002)(146.48995569443076 238.0)
(0.01,9.0,0.2740000000000002)(146.2715060982537 239.0)
(0.01,9.0,0.2740000000000002)(147.29631766561974 237.0)
(0.01,9.0,0.2740000000000002)(149.01795279033632 234.0)
(0.01,9.0,0.2740000000000002)(148.05922606106085 235.0)
(0.01,9.0,0.2740000000000002)(148.06793216004874 235.0)
(0.01,9.0,0.2740000000000002)(143.48614600357743 240.0)
(0.01,9.0,0.2740000000000002)(147.45241712895407 236.0)
(0.01,9.0,0.2740000000000002)(145.94502738620852 237.0)
(0.01,9.0,0.2740000000000002)(146.6557552678013 236.0)
(0.01,9.0,0.2740000000000002)(146.86846738668382 237.0)
(0.01,9.0,0.2740000000000002)(147.55235690422703 235.0)
(0.01,9.0,0.2740000000000002)(146.4087551135637 238.0)
(0.01,9.0,0.2740000000000002)(149.37207380053457 234.0)
(0.01,9.0,0.2740000000000002)(147.93471330903077 235.0)
(0.01,9.0,0.2740000000000002)(148.41161277923143 235.0)
(0.01,9.0,0.2740000000000002)(147.24531665184432 236.0)
(0.01,9.0,0.2740000000000002)(150.0979574227348 232.0)
(0.01,9.0,0.2740000000000002)(148.08198643505045 234.0)
(0.01,9.0,0.2740000000000002)(146.09279317463137 236.0)
(0.01,9.0,0.2740000000000002)(148.76582891989383 233.0)
(0.01,9.0,0.2740000000000002)(149.57010877809947 232.0)
(0.01,9.0,0.2740000000000002)(149.22374344095292 234.0)
(0.01,9.0,0.2740000000000002)(149.063588490588 235.0)
(0.01,9.0,0.2740000000000002)(150.01003062420787 233.0)
(0.01,9.0,0.2740000000000002)(149.38387752084301 233.0)
(0.01,9.0,0.2740000000000002)(150.17006393793793 232.0)
(0.01 9.0 0.2770000000000002)(88.65114050213678 301.0)
(0.01,9.0,0.2770000000000002)(165.85989181798615 3.0)
(0.01,9.0,0.2770000000000002)(165.85989181798615 24.0)
(0.01,9.0,0.2770000000000002)(165.81921881755773 42.0)
(0.01,9.0,0.2770000000000002)(165.81921881755773 56.0)
(0.01,9.0,0.2770000000000002)(165.5997310482886 77.0)
(0.01,9.0,0.2770000000000002)(165.5997310482886 79.0)
(0.01,9.0,0.2770000000000002)(162.7031198215465 137.0)
(0.01,9.0,0.2770000000000002)(159.38434668564847 158.0)
(0.01,9.0,0.2770000000000002)(150.1869542038808 194.0)
(0.01,9.0,0.2770000000000002)(148.8636048892567 197.0)
(0.01,9.0,0.2770000000000002)(148.54668568663317 199.0)
(0.01,9.0,0.2770000000000002)(148.32463593901898 203.0)
(0.01,9.0,0.2770000000000002)(146.63573228773362 210.0)
(0.01,9.0,0.2770000000000002)(146.47258446460313 211.0)
(0.01,9.0,0.2770000000000002)(143.91114737489676 217.0)
(0.01,9.0,0.2770000000000002)(142.97242184058942 221.0)
(0.01,9.0,0.2770000000000002)(140.37749626015543 226.0)
(0.01,9.0,0.2770000000000002)(140.40503724124588 228.0)
(0.01,9.0,0.2770000000000002)(140.40503724124588 230.0)
(0.01,9.0,0.2770000000000002)(140.00619752109546 233.0)
(0.01,9.0,0.2770000000000002)(138.10655454447337 234.0)
(0.01,9.0,0.2770000000000002)(136.06493838027836 236.0)
(0.01,9.0,0.2770000000000002)(134.09634902717391 238.0)
(0.01,9.0,0.2770000000000002)(132.7317125529093 239.0)
(0.01,9.0,0.2770000000000002)(133.5662558822488 240.0)
(0.01,9.0,0.2770000000000002)(131.42448537947215 245.0)
(0.01,9.0,0.2770000000000002)(131.28914927257887 249.0)
(0.01,9.0,0.2770000000000002)(130.8981578633663 251.0)
(0.01,9.0,0.2770000000000002)(129.5567049605135 254.0)
(0.01,9.0,0.2770000000000002)(127.82312429000642 257.0)
(0.01,9.0,0.2770000000000002)(121.59255356378033 260.0)
(0.01,9.0,0.2770000000000002)(122.58417463798878 260.0)
(0.01,9.0,0.2770000000000002)(121.22003251421978 260.0)
(0.01,9.0,0.2770000000000002)(117.26525617018898 263.0)
(0.01,9.0,0.2770000000000002)(118.0898894651548 262.0)
(0.01,9.0,0.2770000000000002)(117.99509602542965 263.0)
(0.01,9.0,0.2770000000000002)(116.96344571889034 264.0)
(0.01,9.0,0.2770000000000002)(116.8468797274791 265.0)
(0.01,9.0,0.2770000000000002)(114.69901894393827 266.0)
(0.01,9.0,0.2770000000000002)(115.48694119001706 264.0)
(0.01,9.0,0.2770000000000002)(113.1058729120679 267.0)
(0.01,9.0,0.2770000000000002)(112.93536000291044 268.0)
(0.01,9.0,0.2770000000000002)(114.18892608584348 266.0)
(0.01,9.0,0.2770000000000002)(112.13630849956093 267.0)
(0.01,9.0,0.2770000000000002)(112.67778580329869 268.0)
(0.01,9.0,0.2770000000000002)(118.44648292438023 265.0)
(0.01,9.0,0.2770000000000002)(110.44900972774374 269.0)
(0.01,9.0,0.2770000000000002)(114.79260089133311 268.0)
(0.01,9.0,0.2770000000000002)(112.89091386627501 266.0)
(0.01,9.0,0.2770000000000002)(110.88049199982056 270.0)
(0.01,9.0,0.2770000000000002)(110.48780278029965 272.0)
(0.01,9.0,0.2770000000000002)(109.92781522617148 273.0)
(0.01,9.0,0.2770000000000002)(110.95407230190678 269.0)
(0.01,9.0,0.2770000000000002)(115.39360207403104 266.0)
(0.01,9.0,0.2770000000000002)(115.88210642035642 265.0)
(0.01,9.0,0.2770000000000002)(117.83803395863777 266.0)
(0.01,9.0,0.2770000000000002)(109.3507743675278 272.0)
(0.01,9.0,0.2770000000000002)(113.41068765595955 268.0)
(0.01,9.0,0.2770000000000002)(113.33584055635254 270.0)
(0.01,9.0,0.2770000000000002)(119.09610656859732 264.0)
(0.01,9.0,0.2770000000000002)(115.69362890691794 271.0)
(0.01,9.0,0.2770000000000002)(119.61916834953377 268.0)
(0.01,9.0,0.2770000000000002)(116.1154163024723 268.0)
(0.01,9.0,0.2770000000000002)(119.43198722129448 266.0)
(0.01,9.0,0.2770000000000002)(117.96737232726122 267.0)
(0.01,9.0,0.2770000000000002)(117.8335821641652 265.0)
(0.01,9.0,0.2770000000000002)(118.92760687424482 266.0)
(0.01,9.0,0.2770000000000002)(120.00667399584495 266.0)
(0.01,9.0,0.2770000000000002)(122.16144420484954 263.0)
(0.01,9.0,0.2770000000000002)(122.25619797206096 262.0)
(0.01,9.0,0.2770000000000002)(123.78344863883339 262.0)
(0.01,9.0,0.2770000000000002)(124.67180670070175 262.0)
(0.01,9.0,0.2770000000000002)(126.3730405579476 258.0)
(0.01,9.0,0.2770000000000002)(128.98873821281407 254.0)
(0.01,9.0,0.2770000000000002)(132.6334792574827 251.0)
(0.01,9.0,0.2770000000000002)(128.60036774679253 256.0)
(0.01,9.0,0.2770000000000002)(123.03222117107649 265.0)
(0.01,9.0,0.2770000000000002)(123.26522490983913 264.0)
(0.01,9.0,0.2770000000000002)(129.80012616227356 262.0)
(0.01,9.0,0.2770000000000002)(124.20918303693291 262.0)
(0.01,9.0,0.2770000000000002)(126.71692346898911 258.0)
(0.01,9.0,0.2770000000000002)(127.40080447425221 257.0)
(0.01,9.0,0.2770000000000002)(124.19132135367241 263.0)
(0.01,9.0,0.2770000000000002)(134.29514940161843 256.0)
(0.01,9.0,0.2770000000000002)(135.87124761680528 254.0)
(0.01,9.0,0.2770000000000002)(127.86695855459352 261.0)
(0.01,9.0,0.2770000000000002)(129.52250979158597 257.0)
(0.01,9.0,0.2770000000000002)(127.08855969860582 254.0)
(0.01,9.0,0.2770000000000002)(127.00532198411486 263.0)
(0.01,9.0,0.2770000000000002)(126.16681059944551 264.0)
(0.01,9.0,0.2770000000000002)(127.70551793882787 254.0)
(0.01,9.0,0.2770000000000002)(128.5628011502871 254.0)
(0.01,9.0,0.2770000000000002)(125.65965798375562 259.0)
(0.01,9.0,0.2770000000000002)(126.01445386715766 259.0)
(0.01 9.0 0.2800000000000002)(89.31554147828976 301.0)
(0.01,9.0,0.2800000000000002)(165.85989181798615 3.0)
(0.01,9.0,0.2800000000000002)(165.85989181798615 24.0)
(0.01,9.0,0.2800000000000002)(165.81921881755773 42.0)
(0.01,9.0,0.2800000000000002)(165.7098903697138 59.0)
(0.01,9.0,0.2800000000000002)(165.5997310482886 79.0)
(0.01,9.0,0.2800000000000002)(165.5997310482886 95.0)
(0.01,9.0,0.2800000000000002)(162.05251071129527 151.0)
(0.01,9.0,0.2800000000000002)(157.3946332915955 165.0)
(0.01,9.0,0.2800000000000002)(149.97355191233552 193.0)
(0.01,9.0,0.2800000000000002)(149.40960520612273 195.0)
(0.01,9.0,0.2800000000000002)(147.87202082035586 203.0)
(0.01,9.0,0.2800000000000002)(147.64982911779248 204.0)
(0.01,9.0,0.2800000000000002)(145.96021965346182 212.0)
(0.01,9.0,0.2800000000000002)(144.3470644550805 216.0)
(0.01,9.0,0.2800000000000002)(143.234681526944 220.0)
(0.01,9.0,0.2800000000000002)(142.29570069441314 223.0)
(0.01,9.0,0.2800000000000002)(139.6377157720652 228.0)
(0.01,9.0,0.2800000000000002)(138.78020559967536 233.0)
(0.01,9.0,0.2800000000000002)(139.19956515314496 232.0)
(0.01,9.0,0.2800000000000002)(135.762874214576 236.0)
(0.01,9.0,0.2800000000000002)(135.29516586882016 237.0)
(0.01,9.0,0.2800000000000002)(132.818773542788 239.0)
(0.01,9.0,0.2800000000000002)(133.2883097517966 237.0)
(0.01,9.0,0.2800000000000002)(131.72245494749757 242.0)
(0.01,9.0,0.2800000000000002)(129.38372570456235 245.0)
(0.01,9.0,0.2800000000000002)(127.67512060721252 249.0)
(0.01,9.0,0.2800000000000002)(128.88009230126525 250.0)
(0.01,9.0,0.2800000000000002)(127.98795432144351 253.0)
(0.01,9.0,0.2800000000000002)(127.82474953852474 256.0)
(0.01,9.0,0.2800000000000002)(123.81370914607513 260.0)
(0.01,9.0,0.2800000000000002)(120.7828782201384 261.0)
(0.01,9.0,0.2800000000000002)(122.71106575274227 261.0)
(0.01,9.0,0.2800000000000002)(119.67993968022235 262.0)
(0.01,9.0,0.2800000000000002)(121.16827975574299 262.0)
(0.01,9.0,0.2800000000000002)(117.18520901729693 264.0)
(0.01,9.0,0.2800000000000002)(116.15351931725894 265.0)
(0.01,9.0,0.2800000000000002)(114.04649125961208 266.0)
(0.01,9.0,0.2800000000000002)(112.05522246164618 269.0)
(0.01,9.0,0.2800000000000002)(113.7724617430713 268.0)
(0.01,9.0,0.2800000000000002)(109.98105556894366 270.0)
(0.01,9.0,0.2800000000000002)(108.62108658892845 269.0)
(0.01,9.0,0.2800000000000002)(110.40813384054944 270.0)
(0.01,9.0,0.2800000000000002)(110.52471007102132 269.0)
(0.01,9.0,0.2800000000000002)(109.58753676406812 269.0)
(0.01,9.0,0.2800000000000002)(115.83179386161238 268.0)
(0.01,9.0,0.2800000000000002)(110.21755601768642 271.0)
(0.01,9.0,0.2800000000000002)(115.39083656134697 270.0)
(0.01,9.0,0.2800000000000002)(110.6925674687411 271.0)
(0.01,9.0,0.2800000000000002)(111.12218117451468 269.0)
(0.01,9.0,0.2800000000000002)(107.07748170424314 273.0)
(0.01,9.0,0.2800000000000002)(112.51697127984652 271.0)
(0.01,9.0,0.2800000000000002)(113.68797161286493 271.0)
(0.01,9.0,0.2800000000000002)(112.01409771004224 272.0)
(0.01,9.0,0.2800000000000002)(109.27241947663693 270.0)
(0.01,9.0,0.2800000000000002)(109.70942214989827 272.0)
(0.01,9.0,0.2800000000000002)(111.06381457413939 270.0)
(0.01,9.0,0.2800000000000002)(112.85965908241022 271.0)
(0.01,9.0,0.2800000000000002)(115.5792595085122 269.0)
(0.01,9.0,0.2800000000000002)(116.90091108884114 267.0)
(0.01,9.0,0.2800000000000002)(111.9569345332249 271.0)
(0.01,9.0,0.2800000000000002)(115.0560940524607 270.0)
(0.01,9.0,0.2800000000000002)(116.93670315004356 268.0)
(0.01,9.0,0.2800000000000002)(122.36567800089036 265.0)
(0.01,9.0,0.2800000000000002)(117.2854253092201 270.0)
(0.01,9.0,0.2800000000000002)(115.97035664090674 272.0)
(0.01,9.0,0.2800000000000002)(113.23642388286102 271.0)
(0.01,9.0,0.2800000000000002)(115.8162487327426 270.0)
(0.01,9.0,0.2800000000000002)(118.84811280345747 269.0)
(0.01,9.0,0.2800000000000002)(119.39169788225603 265.0)
(0.01,9.0,0.2800000000000002)(119.90478692107588 264.0)
(0.01,9.0,0.2800000000000002)(120.84314159217638 264.0)
(0.01,9.0,0.2800000000000002)(120.62748108702215 265.0)
(0.01,9.0,0.2800000000000002)(119.99521302939715 265.0)
(0.01,9.0,0.2800000000000002)(126.86331703571784 258.0)
(0.01,9.0,0.2800000000000002)(127.193598037416 258.0)
(0.01,9.0,0.2800000000000002)(118.26701762099835 269.0)
(0.01,9.0,0.2800000000000002)(121.53829888102229 267.0)
(0.01,9.0,0.2800000000000002)(124.25164220608926 268.0)
(0.01,9.0,0.2800000000000002)(124.54888817099621 267.0)
(0.01,9.0,0.2800000000000002)(125.28358218287387 261.0)
(0.01,9.0,0.2800000000000002)(132.66832078827014 257.0)
(0.01,9.0,0.2800000000000002)(133.6104150985027 256.0)
(0.01,9.0,0.2800000000000002)(134.50409577732745 252.0)
(0.01,9.0,0.2800000000000002)(131.60999348712974 255.0)
(0.01,9.0,0.2800000000000002)(133.4403601713774 255.0)
(0.01,9.0,0.2800000000000002)(122.91879112764443 257.0)
(0.01,9.0,0.2800000000000002)(127.00637623366455 259.0)
(0.01,9.0,0.2800000000000002)(128.97110265675673 257.0)
(0.01,9.0,0.2800000000000002)(125.42887629631052 256.0)
(0.01,9.0,0.2800000000000002)(125.95566534934343 264.0)
(0.01,9.0,0.2800000000000002)(124.04316064590694 267.0)
(0.01,9.0,0.2800000000000002)(125.11052476771037 264.0)
(0.01,9.0,0.2800000000000002)(123.8020888199641 266.0)
(0.01,9.0,0.2800000000000002)(122.05522180106045 270.0)
(0.01 9.0 0.2830000000000002)(100.32795967635028 284.0)
(0.01,9.0,0.2830000000000002)(165.85989181798615 3.0)
(0.01,9.0,0.2830000000000002)(165.85989181798615 30.0)
(0.01,9.0,0.2830000000000002)(165.85989181798615 35.0)
(0.01,9.0,0.2830000000000002)(165.81921881755773 49.0)
(0.01,9.0,0.2830000000000002)(165.7098903697138 62.0)
(0.01,9.0,0.2830000000000002)(165.1431896093073 92.0)
(0.01,9.0,0.2830000000000002)(164.69255826443535 121.0)
(0.01,9.0,0.2830000000000002)(163.53924157805855 145.0)
(0.01,9.0,0.2830000000000002)(158.10129282597183 171.0)
(0.01,9.0,0.2830000000000002)(151.54033162606302 193.0)
(0.01,9.0,0.2830000000000002)(149.53501155148123 199.0)
(0.01,9.0,0.2830000000000002)(149.26160152332892 205.0)
(0.01,9.0,0.2830000000000002)(147.8291824073579 207.0)
(0.01,9.0,0.2830000000000002)(147.6447329912062 212.0)
(0.01,9.0,0.2830000000000002)(147.31886492263882 213.0)
(0.01,9.0,0.2830000000000002)(146.23935286647867 217.0)
(0.01,9.0,0.2830000000000002)(146.17096500546046 218.0)
(0.01,9.0,0.2830000000000002)(146.00176069856124 222.0)
(0.01,9.0,0.2830000000000002)(142.905319663499 225.0)
(0.01,9.0,0.2830000000000002)(142.7720102016419 228.0)
(0.01,9.0,0.2830000000000002)(141.8663795420823 231.0)
(0.01,9.0,0.2830000000000002)(140.8661451481286 233.0)
(0.01,9.0,0.2830000000000002)(137.8976081687645 234.0)
(0.01,9.0,0.2830000000000002)(136.8537715755073 234.0)
(0.01,9.0,0.2830000000000002)(136.34839499649127 235.0)
(0.01,9.0,0.2830000000000002)(140.4632196019375 232.0)
(0.01,9.0,0.2830000000000002)(139.6973902648042 234.0)
(0.01,9.0,0.2830000000000002)(139.05898623550058 236.0)
(0.01,9.0,0.2830000000000002)(139.1924830537468 235.0)
(0.01,9.0,0.2830000000000002)(138.0952407007506 238.0)
(0.01,9.0,0.2830000000000002)(136.76797581255644 238.0)
(0.01,9.0,0.2830000000000002)(135.89363706162055 243.0)
(0.01,9.0,0.2830000000000002)(134.6455409334557 243.0)
(0.01,9.0,0.2830000000000002)(134.89552750732898 242.0)
(0.01,9.0,0.2830000000000002)(142.41323303074944 238.0)
(0.01,9.0,0.2830000000000002)(131.58673895227037 245.0)
(0.01,9.0,0.2830000000000002)(132.63213125929983 244.0)
(0.01,9.0,0.2830000000000002)(133.66595120252782 243.0)
(0.01,9.0,0.2830000000000002)(133.57578238062285 243.0)
(0.01,9.0,0.2830000000000002)(133.73417989565283 243.0)
(0.01,9.0,0.2830000000000002)(132.66590904681036 243.0)
(0.01,9.0,0.2830000000000002)(134.76768189521883 242.0)
(0.01,9.0,0.2830000000000002)(132.50449540991002 244.0)
(0.01,9.0,0.2830000000000002)(132.3794700130306 245.0)
(0.01,9.0,0.2830000000000002)(133.54841886619158 242.0)
(0.01,9.0,0.2830000000000002)(134.2557563166287 245.0)
(0.01,9.0,0.2830000000000002)(136.01268512166456 242.0)
(0.01,9.0,0.2830000000000002)(135.4779442988213 242.0)
(0.01,9.0,0.2830000000000002)(136.5370978162663 244.0)
(0.01,9.0,0.2830000000000002)(133.06360284715643 246.0)
(0.01,9.0,0.2830000000000002)(141.1100872820154 240.0)
(0.01,9.0,0.2830000000000002)(136.8769589817984 242.0)
(0.01,9.0,0.2830000000000002)(137.37090150989215 241.0)
(0.01,9.0,0.2830000000000002)(139.04719855254388 240.0)
(0.01,9.0,0.2830000000000002)(135.26288553658435 243.0)
(0.01,9.0,0.2830000000000002)(137.82649020462023 243.0)
(0.01,9.0,0.2830000000000002)(136.57807260812527 243.0)
(0.01,9.0,0.2830000000000002)(142.37818025589507 238.0)
(0.01,9.0,0.2830000000000002)(136.93980634997925 240.0)
(0.01,9.0,0.2830000000000002)(139.0471985525439 240.0)
(0.01,9.0,0.2830000000000002)(141.32466215391295 239.0)
(0.01,9.0,0.2830000000000002)(140.29905238043466 239.0)
(0.01,9.0,0.2830000000000002)(138.8324171993103 241.0)
(0.01,9.0,0.2830000000000002)(142.5926052339526 237.0)
(0.01,9.0,0.2830000000000002)(141.86081267096048 238.0)
(0.01,9.0,0.2830000000000002)(139.19229193205246 240.0)
(0.01,9.0,0.2830000000000002)(138.49144618953395 240.0)
(0.01,9.0,0.2830000000000002)(139.3533279925567 239.0)
(0.01,9.0,0.2830000000000002)(138.33035475889767 241.0)
(0.01,9.0,0.2830000000000002)(137.491393454273 241.0)
(0.01,9.0,0.2830000000000002)(139.4955034288206 239.0)
(0.01,9.0,0.2830000000000002)(140.4600141804804 236.0)
(0.01 9.0 0.2860000000000002)(100.2342476521338 283.0)
(0.01,9.0,0.2860000000000002)(165.85989181798615 3.0)
(0.01,9.0,0.2860000000000002)(165.85989181798615 25.0)
(0.01,9.0,0.2860000000000002)(165.85989181798615 37.0)
(0.01,9.0,0.2860000000000002)(165.81921881755773 49.0)
(0.01,9.0,0.2860000000000002)(165.5997310482886 74.0)
(0.01,9.0,0.2860000000000002)(165.5997310482886 88.0)
(0.01,9.0,0.2860000000000002)(165.35736693738616 102.0)
(0.01,9.0,0.2860000000000002)(163.460627024412 137.0)
(0.01,9.0,0.2860000000000002)(158.85728497242926 174.0)
(0.01,9.0,0.2860000000000002)(157.42493350400485 183.0)
(0.01,9.0,0.2860000000000002)(156.72603957171066 184.0)
(0.01,9.0,0.2860000000000002)(156.27990499466887 193.0)
(0.01,9.0,0.2860000000000002)(156.06040043348128 194.0)
(0.01,9.0,0.2860000000000002)(155.8996427726035 194.0)
(0.01,9.0,0.2860000000000002)(153.61227453972631 198.0)
(0.01,9.0,0.2860000000000002)(152.40320261913345 205.0)
(0.01,9.0,0.2860000000000002)(151.72148432667478 208.0)
(0.01,9.0,0.2860000000000002)(150.62806566436515 212.0)
(0.01,9.0,0.2860000000000002)(150.4909128636252 216.0)
(0.01,9.0,0.2860000000000002)(150.4909128636252 219.0)
(0.01,9.0,0.2860000000000002)(149.49551972153975 220.0)
(0.01,9.0,0.2860000000000002)(148.96388456528084 220.0)
(0.01,9.0,0.2860000000000002)(148.46139169205742 221.0)
(0.01,9.0,0.2860000000000002)(147.9966942149201 222.0)
(0.01,9.0,0.2860000000000002)(148.40993630543116 222.0)
(0.01,9.0,0.2860000000000002)(147.90721200732222 223.0)
(0.01,9.0,0.2860000000000002)(147.4186099124573 229.0)
(0.01,9.0,0.2860000000000002)(146.50506024783525 231.0)
(0.01,9.0,0.2860000000000002)(145.69108715430062 228.0)
(0.01,9.0,0.2860000000000002)(146.19454526404093 227.0)
(0.01,9.0,0.2860000000000002)(147.89607645202167 229.0)
(0.01,9.0,0.2860000000000002)(144.7806638811652 229.0)
(0.01,9.0,0.2860000000000002)(144.72765001977405 230.0)
(0.01,9.0,0.2860000000000002)(143.66833898585406 230.0)
(0.01,9.0,0.2860000000000002)(141.69463374235247 232.0)
(0.01,9.0,0.2860000000000002)(143.38143713079307 230.0)
(0.01,9.0,0.2860000000000002)(142.94527723416212 231.0)
(0.01,9.0,0.2860000000000002)(143.73481379591962 230.0)
(0.01,9.0,0.2860000000000002)(143.34933071188058 233.0)
(0.01,9.0,0.2860000000000002)(144.37923469803272 233.0)
(0.01,9.0,0.2860000000000002)(143.62463712868825 233.0)
(0.01,9.0,0.2860000000000002)(145.65867361795102 230.0)
(0.01,9.0,0.2860000000000002)(144.46877847868436 232.0)
(0.01,9.0,0.2860000000000002)(143.18572126579235 233.0)
(0.01,9.0,0.2860000000000002)(143.4044504572076 232.0)
(0.01,9.0,0.2860000000000002)(144.1924130640655 231.0)
(0.01,9.0,0.2860000000000002)(143.90143391943505 234.0)
(0.01,9.0,0.2860000000000002)(142.3495331479526 235.0)
(0.01,9.0,0.2860000000000002)(143.11334835094658 235.0)
(0.01,9.0,0.2860000000000002)(145.00465758019266 231.0)
(0.01,9.0,0.2860000000000002)(145.1211327655421 232.0)
(0.01,9.0,0.2860000000000002)(144.5016744274354 230.0)
(0.01,9.0,0.2860000000000002)(148.69717976674792 229.0)
(0.01,9.0,0.2860000000000002)(146.97837340771017 232.0)
(0.01,9.0,0.2860000000000002)(142.99554684743137 234.0)
(0.01,9.0,0.2860000000000002)(145.90834842015974 233.0)
(0.01,9.0,0.2860000000000002)(143.81538028603015 232.0)
(0.01,9.0,0.2860000000000002)(147.40487541001886 232.0)
(0.01,9.0,0.2860000000000002)(146.12072908141744 233.0)
(0.01,9.0,0.2860000000000002)(141.10867672178352 237.0)
(0.01,9.0,0.2860000000000002)(147.50621741310448 231.0)
(0.01,9.0,0.2860000000000002)(146.84325751117163 232.0)
(0.01,9.0,0.2860000000000002)(146.55285298512234 232.0)
(0.01,9.0,0.2860000000000002)(147.43639725897503 231.0)
(0.01,9.0,0.2860000000000002)(148.60024167689784 228.0)
(0.01,9.0,0.2860000000000002)(149.19859754561568 227.0)
(0.01,9.0,0.2860000000000002)(149.35872461354663 228.0)
(0.01,9.0,0.2860000000000002)(149.97289997384658 227.0)
(0.01,9.0,0.2860000000000002)(151.4515952580506 225.0)
(0.01,9.0,0.2860000000000002)(151.0860827852398 226.0)
(0.01,9.0,0.2860000000000002)(152.06467954848378 224.0)
(0.01,9.0,0.2860000000000002)(149.328423571656 229.0)
(0.01,9.0,0.2860000000000002)(153.04977640881927 221.0)
(0.01,9.0,0.2860000000000002)(152.8945366697577 221.0)
(0.01 9.0 0.2890000000000002)(100.2342476521338 283.0)
(0.01,9.0,0.2890000000000002)(165.85989181798615 3.0)
(0.01,9.0,0.2890000000000002)(165.85989181798615 25.0)
(0.01,9.0,0.2890000000000002)(165.85989181798615 37.0)
(0.01,9.0,0.2890000000000002)(165.81921881755773 49.0)
(0.01,9.0,0.2890000000000002)(165.7098903697138 71.0)
(0.01,9.0,0.2890000000000002)(165.5997310482886 95.0)
(0.01,9.0,0.2890000000000002)(165.35736693738616 109.0)
(0.01,9.0,0.2890000000000002)(163.460627024412 137.0)
(0.01,9.0,0.2890000000000002)(158.85728497242926 174.0)
(0.01,9.0,0.2890000000000002)(157.3496180828843 184.0)
(0.01,9.0,0.2890000000000002)(156.6506298507829 186.0)
(0.01,9.0,0.2890000000000002)(156.27990499466887 191.0)
(0.01,9.0,0.2890000000000002)(155.47874714339585 196.0)
(0.01,9.0,0.2890000000000002)(154.9515117213795 199.0)
(0.01,9.0,0.2890000000000002)(154.79036604197128 200.0)
(0.01,9.0,0.2890000000000002)(152.40320261913345 205.0)
(0.01,9.0,0.2890000000000002)(151.09167289301823 211.0)
(0.01,9.0,0.2890000000000002)(150.62806566436515 212.0)
(0.01,9.0,0.2890000000000002)(150.0977860605085 216.0)
(0.01,9.0,0.2890000000000002)(150.02700761273653 218.0)
(0.01,9.0,0.2890000000000002)(150.02700761273653 219.0)
(0.01,9.0,0.2890000000000002)(150.02700761273653 220.0)
(0.01,9.0,0.2890000000000002)(147.9966942149201 222.0)
(0.01,9.0,0.2890000000000002)(147.90721200732222 223.0)
(0.01,9.0,0.2890000000000002)(147.28867578455737 224.0)
(0.01,9.0,0.2890000000000002)(146.79989866108454 227.0)
(0.01,9.0,0.2890000000000002)(147.1095985588904 226.0)
(0.01,9.0,0.2890000000000002)(146.68982099520613 227.0)
(0.01,9.0,0.2890000000000002)(144.83703060069502 231.0)
(0.01,9.0,0.2890000000000002)(144.83703060069502 230.0)
(0.01,9.0,0.2890000000000002)(142.9568940016539 233.0)
(0.01,9.0,0.2890000000000002)(145.73235372025937 229.0)
(0.01,9.0,0.2890000000000002)(146.17334771643834 230.0)
(0.01,9.0,0.2890000000000002)(144.949204282521 232.0)
(0.01,9.0,0.2890000000000002)(141.86272181575234 234.0)
(0.01,9.0,0.2890000000000002)(142.04958095630246 234.0)
(0.01,9.0,0.2890000000000002)(147.7619968307483 230.0)
(0.01,9.0,0.2890000000000002)(141.80162448278037 234.0)
(0.01,9.0,0.2890000000000002)(143.21302795990186 236.0)
(0.01,9.0,0.2890000000000002)(141.7074129078297 235.0)
(0.01,9.0,0.2890000000000002)(143.07553373260086 237.0)
(0.01,9.0,0.2890000000000002)(141.03467488038663 238.0)
(0.01,9.0,0.2890000000000002)(143.51162920407234 236.0)
(0.01,9.0,0.2890000000000002)(143.11171942439543 235.0)
(0.01,9.0,0.2890000000000002)(142.12634869009077 238.0)
(0.01,9.0,0.2890000000000002)(145.49454617747529 234.0)
(0.01,9.0,0.2890000000000002)(145.7411255522384 233.0)
(0.01,9.0,0.2890000000000002)(140.28357560752983 237.0)
(0.01,9.0,0.2890000000000002)(144.51038052642318 237.0)
(0.01,9.0,0.2890000000000002)(143.92873093509894 239.0)
(0.01,9.0,0.2890000000000002)(144.95894225457295 233.0)
(0.01,9.0,0.2890000000000002)(135.23456590035798 243.0)
(0.01,9.0,0.2890000000000002)(144.08944405940414 238.0)
(0.01,9.0,0.2890000000000002)(140.18192272694705 241.0)
(0.01,9.0,0.2890000000000002)(145.04666446697152 237.0)
(0.01,9.0,0.2890000000000002)(142.1437608880664 241.0)
(0.01,9.0,0.2890000000000002)(141.71834097133166 239.0)
(0.01,9.0,0.2890000000000002)(146.9584835796235 236.0)
(0.01,9.0,0.2890000000000002)(144.43655004725272 236.0)
(0.01,9.0,0.2890000000000002)(144.15134859007978 239.0)
(0.01,9.0,0.2890000000000002)(138.4234340478774 243.0)
(0.01,9.0,0.2890000000000002)(145.4084393102037 236.0)
(0.01,9.0,0.2890000000000002)(145.56462887236512 235.0)
(0.01,9.0,0.2890000000000002)(148.05298624692819 231.0)
(0.01,9.0,0.2890000000000002)(146.64506401606005 235.0)
(0.01,9.0,0.2890000000000002)(145.6224924670597 233.0)
(0.01,9.0,0.2890000000000002)(145.7830130351463 234.0)
(0.01,9.0,0.2890000000000002)(147.19645123765366 232.0)
(0.01,9.0,0.2890000000000002)(146.95528742557167 230.0)
(0.01,9.0,0.2890000000000002)(148.36751678461135 228.0)
(0.01 9.0 0.2920000000000002)(100.17164319916812 284.0)
(0.01,9.0,0.2920000000000002)(165.85989181798615 3.0)
(0.01,9.0,0.2920000000000002)(165.85989181798615 25.0)
(0.01,9.0,0.2920000000000002)(165.85989181798615 37.0)
(0.01,9.0,0.2920000000000002)(165.81921881755773 49.0)
(0.01,9.0,0.2920000000000002)(165.7098903697138 73.0)
(0.01,9.0,0.2920000000000002)(165.5997310482886 88.0)
(0.01,9.0,0.2920000000000002)(165.35736693738616 109.0)
(0.01,9.0,0.2920000000000002)(163.460627024412 138.0)
(0.01,9.0,0.2920000000000002)(159.39727836963925 170.0)
(0.01,9.0,0.2920000000000002)(157.3496180828843 188.0)
(0.01,9.0,0.2920000000000002)(156.6506298507829 187.0)
(0.01,9.0,0.2920000000000002)(156.27990499466887 192.0)
(0.01,9.0,0.2920000000000002)(156.06040043348128 193.0)
(0.01,9.0,0.2920000000000002)(155.33168762573789 199.0)
(0.01,9.0,0.2920000000000002)(155.17067277199587 201.0)
(0.01,9.0,0.2920000000000002)(152.15534421700488 209.0)
(0.01,9.0,0.2920000000000002)(151.47350419020026 212.0)
(0.01,9.0,0.2920000000000002)(151.0100777774704 213.0)
(0.01,9.0,0.2920000000000002)(150.40922705284018 217.0)
(0.01,9.0,0.2920000000000002)(150.40922705284018 219.0)
(0.01,9.0,0.2920000000000002)(150.40922705284018 221.0)
(0.01,9.0,0.2920000000000002)(148.3794649589736 223.0)
(0.01,9.0,0.2920000000000002)(148.79260265683297 223.0)
(0.01,9.0,0.2920000000000002)(148.17443243894678 224.0)
(0.01,9.0,0.2920000000000002)(146.82911857901212 227.0)
(0.01,9.0,0.2920000000000002)(146.44847060441413 229.0)
(0.01,9.0,0.2920000000000002)(146.32405772333908 230.0)
(0.01,9.0,0.2920000000000002)(145.67447922045346 233.0)
(0.01,9.0,0.2920000000000002)(145.78765850729584 231.0)
(0.01,9.0,0.2920000000000002)(145.6532017078884 231.0)
(0.01,9.0,0.2920000000000002)(150.02717897496305 229.0)
(0.01,9.0,0.2920000000000002)(143.47455365399097 233.0)
(0.01,9.0,0.2920000000000002)(143.4536875625732 237.0)
(0.01,9.0,0.2920000000000002)(141.94684313055558 235.0)
(0.01,9.0,0.2920000000000002)(143.33627156339878 237.0)
(0.01,9.0,0.2920000000000002)(140.58216665343986 240.0)
(0.01,9.0,0.2920000000000002)(142.38991856372388 238.0)
(0.01,9.0,0.2920000000000002)(141.89583040994842 234.0)
(0.01,9.0,0.2920000000000002)(143.38539076874812 236.0)
(0.01,9.0,0.2920000000000002)(142.6246933397213 238.0)
(0.01,9.0,0.2920000000000002)(142.64652456068717 234.0)
(0.01,9.0,0.2920000000000002)(143.50980407856085 237.0)
(0.01,9.0,0.2920000000000002)(140.7241342057318 238.0)
(0.01,9.0,0.2920000000000002)(140.90996428288392 238.0)
(0.01,9.0,0.2920000000000002)(141.75513734073158 237.0)
(0.01,9.0,0.2920000000000002)(139.71332726574397 238.0)
(0.01,9.0,0.2920000000000002)(143.20585144080712 236.0)
(0.01,9.0,0.2920000000000002)(142.84806776430548 239.0)
(0.01,9.0,0.2920000000000002)(141.31300667012175 237.0)
(0.01,9.0,0.2920000000000002)(137.78329694683464 241.0)
(0.01,9.0,0.2920000000000002)(144.15988332684122 235.0)
(0.01,9.0,0.2920000000000002)(140.0527618077695 239.0)
(0.01,9.0,0.2920000000000002)(145.74908524131794 235.0)
(0.01,9.0,0.2920000000000002)(141.71557790045065 238.0)
(0.01,9.0,0.2920000000000002)(145.43566567775449 235.0)
(0.01,9.0,0.2920000000000002)(141.52912174136404 238.0)
(0.01,9.0,0.2920000000000002)(143.46847239870146 241.0)
(0.01,9.0,0.2920000000000002)(145.59562043844315 236.0)
(0.01,9.0,0.2920000000000002)(148.21880723608032 231.0)
(0.01,9.0,0.2920000000000002)(147.58436201315703 233.0)
(0.01,9.0,0.2920000000000002)(140.75646530175095 240.0)
(0.01,9.0,0.2920000000000002)(144.67382581865348 237.0)
(0.01,9.0,0.2920000000000002)(146.31609984881013 233.0)
(0.01,9.0,0.2920000000000002)(146.09202850959448 238.0)
(0.01,9.0,0.2920000000000002)(141.1780621358095 242.0)
(0.01,9.0,0.2920000000000002)(142.7342521973676 241.0)
(0.01,9.0,0.2920000000000002)(142.2216418363397 242.0)
(0.01,9.0,0.2920000000000002)(147.07648534860465 232.0)
(0.01,9.0,0.2920000000000002)(145.27963657288984 239.0)
(0.01,9.0,0.2920000000000002)(146.69354188887783 237.0)
(0.01,9.0,0.2920000000000002)(144.53452823484736 240.0)
(0.01,9.0,0.2920000000000002)(148.10127489974397 235.0)
(0.01,9.0,0.2920000000000002)(147.99442692590102 238.0)
(0.01,9.0,0.2920000000000002)(150.70097333002232 233.0)
(0.01,9.0,0.2920000000000002)(149.53188962629656 235.0)
(0.01,9.0,0.2920000000000002)(150.45724049174027 234.0)
(0.01 9.0 0.2950000000000002)(88.48953232561394 292.0)
(0.01,9.0,0.2950000000000002)(165.85989181798615 3.0)
(0.01,9.0,0.2950000000000002)(165.85989181798615 24.0)
(0.01,9.0,0.2950000000000002)(165.85989181798615 35.0)
(0.01,9.0,0.2950000000000002)(165.81921881755773 56.0)
(0.01,9.0,0.2950000000000002)(165.5997310482886 82.0)
(0.01,9.0,0.2950000000000002)(165.1431896093073 103.0)
(0.01,9.0,0.2950000000000002)(163.7558993819566 139.0)
(0.01,9.0,0.2950000000000002)(159.186025749555 177.0)
(0.01,9.0,0.2950000000000002)(154.3908843037615 192.0)
(0.01,9.0,0.2950000000000002)(155.39257393844198 197.0)
(0.01,9.0,0.2950000000000002)(153.79722260260476 203.0)
(0.01,9.0,0.2950000000000002)(153.21437773219037 208.0)
(0.01,9.0,0.2950000000000002)(152.8911477356099 206.0)
(0.01,9.0,0.2950000000000002)(149.79097169571764 216.0)
(0.01,9.0,0.2950000000000002)(149.51221574180425 221.0)
(0.01,9.0,0.2950000000000002)(148.23581432567363 223.0)
(0.01,9.0,0.2950000000000002)(147.09402244232018 226.0)
(0.01,9.0,0.2950000000000002)(147.09402244232018 229.0)
(0.01,9.0,0.2950000000000002)(146.84965734227518 230.0)
(0.01,9.0,0.2950000000000002)(144.46833761806334 232.0)
(0.01,9.0,0.2950000000000002)(143.09284351619115 233.0)
(0.01,9.0,0.2950000000000002)(142.41478077008614 234.0)
(0.01,9.0,0.2950000000000002)(141.3727170605727 238.0)
(0.01,9.0,0.2950000000000002)(141.03202103094048 242.0)
(0.01,9.0,0.2950000000000002)(140.588208044444 244.0)
(0.01,9.0,0.2950000000000002)(139.8542714088123 247.0)
(0.01,9.0,0.2950000000000002)(139.4378680079118 247.0)
(0.01,9.0,0.2950000000000002)(139.22457347849667 248.0)
(0.01,9.0,0.2950000000000002)(139.22457347849667 249.0)
(0.01,9.0,0.2950000000000002)(138.08522900811943 250.0)
(0.01,9.0,0.2950000000000002)(136.61561908026852 252.0)
(0.01,9.0,0.2950000000000002)(135.39806276582684 252.0)
(0.01,9.0,0.2950000000000002)(132.9713016373022 254.0)
(0.01,9.0,0.2950000000000002)(132.61175205046067 254.0)
(0.01,9.0,0.2950000000000002)(133.54219970848052 252.0)
(0.01,9.0,0.2950000000000002)(133.50022531150628 252.0)
(0.01,9.0,0.2950000000000002)(134.64118788396178 251.0)
(0.01,9.0,0.2950000000000002)(133.93769230291832 251.0)
(0.01,9.0,0.2950000000000002)(132.86666402403534 252.0)
(0.01,9.0,0.2950000000000002)(131.83264953920008 253.0)
(0.01,9.0,0.2950000000000002)(135.86617339324138 250.0)
(0.01,9.0,0.2950000000000002)(132.98297004642308 252.0)
(0.01,9.0,0.2950000000000002)(134.151737771395 250.0)
(0.01,9.0,0.2950000000000002)(133.83058647470762 251.0)
(0.01,9.0,0.2950000000000002)(136.1406096294823 249.0)
(0.01,9.0,0.2950000000000002)(138.08077897196273 247.0)
(0.01,9.0,0.2950000000000002)(134.61967821242504 250.0)
(0.01,9.0,0.2950000000000002)(133.2723106398565 247.0)
(0.01,9.0,0.2950000000000002)(126.57727408856096 255.0)
(0.01,9.0,0.2950000000000002)(137.91398197963775 248.0)
(0.01,9.0,0.2950000000000002)(131.1773274637792 248.0)
(0.01,9.0,0.2950000000000002)(135.89683885782185 249.0)
(0.01,9.0,0.2950000000000002)(134.97244658366046 251.0)
(0.01,9.0,0.2950000000000002)(129.83291000085114 253.0)
(0.01,9.0,0.2950000000000002)(138.4814199111848 246.0)
(0.01,9.0,0.2950000000000002)(133.00941905072602 247.0)
(0.01,9.0,0.2950000000000002)(133.35998900140092 253.0)
(0.01,9.0,0.2950000000000002)(133.5561729943633 253.0)
(0.01,9.0,0.2950000000000002)(133.75615211601763 251.0)
(0.01,9.0,0.2950000000000002)(133.07379782332706 252.0)
(0.01,9.0,0.2950000000000002)(139.12549422183605 243.0)
(0.01,9.0,0.2950000000000002)(131.17802835270402 251.0)
(0.01,9.0,0.2950000000000002)(139.59569161090616 248.0)
(0.01,9.0,0.2950000000000002)(138.02434971432146 249.0)
(0.01,9.0,0.2950000000000002)(137.53082007618636 250.0)
(0.01,9.0,0.2950000000000002)(139.45925124623062 247.0)
(0.01,9.0,0.2950000000000002)(135.0055861598291 249.0)
(0.01,9.0,0.2950000000000002)(136.60466996496453 249.0)
(0.01,9.0,0.2950000000000002)(136.85001594195975 248.0)
(0.01,9.0,0.2950000000000002)(138.5204547087286 248.0)
(0.01,9.0,0.2950000000000002)(139.88965150125492 245.0)
(0.01,9.0,0.2950000000000002)(137.77897922177766 247.0)
(0.01,9.0,0.2950000000000002)(138.98030970439416 246.0)
(0.01,9.0,0.2950000000000002)(139.4430133030859 245.0)
(0.01,9.0,0.2950000000000002)(139.60398314486397 244.0)
(0.01,9.0,0.2950000000000002)(140.72764629793608 243.0)
(0.01,9.0,0.2950000000000002)(142.98928236216398 243.0)
(0.01,9.0,0.2950000000000002)(140.1389142161534 245.0)
(0.01 9.0 0.2980000000000002)(89.50211127720732 302.0)
(0.01,9.0,0.2980000000000002)(165.85989181798615 3.0)
(0.01,9.0,0.2980000000000002)(165.85989181798615 32.0)
(0.01,9.0,0.2980000000000002)(165.85989181798615 37.0)
(0.01,9.0,0.2980000000000002)(165.81921881755773 51.0)
(0.01,9.0,0.2980000000000002)(165.5997310482886 77.0)
(0.01,9.0,0.2980000000000002)(164.96618373677276 109.0)
(0.01,9.0,0.2980000000000002)(163.42167208784468 139.0)
(0.01,9.0,0.2980000000000002)(159.7711821424057 154.0)
(0.01,9.0,0.2980000000000002)(153.61049994372962 184.0)
(0.01,9.0,0.2980000000000002)(145.3782066443952 207.0)
(0.01,9.0,0.2980000000000002)(142.99064806884653 215.0)
(0.01,9.0,0.2980000000000002)(142.76755011262503 216.0)
(0.01,9.0,0.2980000000000002)(140.23233661653242 223.0)
(0.01,9.0,0.2980000000000002)(140.63113146320654 226.0)
(0.01,9.0,0.2980000000000002)(140.4671435663185 229.0)
(0.01,9.0,0.2980000000000002)(138.14268108373497 234.0)
(0.01,9.0,0.2980000000000002)(135.4634896508143 235.0)
(0.01,9.0,0.2980000000000002)(134.16565509462401 237.0)
(0.01,9.0,0.2980000000000002)(133.78607376512736 241.0)
(0.01,9.0,0.2980000000000002)(132.02682568762037 245.0)
(0.01,9.0,0.2980000000000002)(133.03016814195064 244.0)
(0.01,9.0,0.2980000000000002)(131.4918167907648 245.0)
(0.01,9.0,0.2980000000000002)(132.7731712702285 243.0)
(0.01,9.0,0.2980000000000002)(131.3831619156428 244.0)
(0.01,9.0,0.2980000000000002)(130.4202289580797 245.0)
(0.01,9.0,0.2980000000000002)(130.06904798089448 246.0)
(0.01,9.0,0.2980000000000002)(130.10679333578648 244.0)
(0.01,9.0,0.2980000000000002)(128.6093312172614 247.0)
(0.01,9.0,0.2980000000000002)(126.78110543630125 251.0)
(0.01,9.0,0.2980000000000002)(129.52208222932103 249.0)
(0.01,9.0,0.2980000000000002)(129.52208222932103 250.0)
(0.01,9.0,0.2980000000000002)(125.10034104998786 252.0)
(0.01,9.0,0.2980000000000002)(124.64473247547927 252.0)
(0.01,9.0,0.2980000000000002)(127.63924680285521 250.0)
(0.01,9.0,0.2980000000000002)(128.95970249031416 250.0)
(0.01,9.0,0.2980000000000002)(127.01113083904283 255.0)
(0.01,9.0,0.2980000000000002)(128.23974253009382 251.0)
(0.01,9.0,0.2980000000000002)(126.3129482928112 255.0)
(0.01,9.0,0.2980000000000002)(126.95237834795495 253.0)
(0.01,9.0,0.2980000000000002)(125.78178557604382 255.0)
(0.01,9.0,0.2980000000000002)(126.11755233430007 252.0)
(0.01,9.0,0.2980000000000002)(124.05295550601528 257.0)
(0.01,9.0,0.2980000000000002)(125.54448698265126 256.0)
(0.01,9.0,0.2980000000000002)(125.90860595859108 255.0)
(0.01,9.0,0.2980000000000002)(123.59090205781952 259.0)
(0.01,9.0,0.2980000000000002)(123.35354032327626 260.0)
(0.01,9.0,0.2980000000000002)(129.94166133167826 252.0)
(0.01,9.0,0.2980000000000002)(130.15700902016843 251.0)
(0.01,9.0,0.2980000000000002)(128.74996506298385 250.0)
(0.01,9.0,0.2980000000000002)(129.91989608420855 252.0)
(0.01,9.0,0.2980000000000002)(127.4741827187077 257.0)
(0.01,9.0,0.2980000000000002)(126.4947545815514 253.0)
(0.01,9.0,0.2980000000000002)(131.33289997787307 250.0)
(0.01,9.0,0.2980000000000002)(130.32808018137413 252.0)
(0.01,9.0,0.2980000000000002)(129.17460796662695 254.0)
(0.01,9.0,0.2980000000000002)(129.2318660800494 252.0)
(0.01,9.0,0.2980000000000002)(129.9111899852207 252.0)
(0.01,9.0,0.2980000000000002)(131.5786329519713 249.0)
(0.01,9.0,0.2980000000000002)(129.67406593462334 253.0)
(0.01,9.0,0.2980000000000002)(128.4604153793977 256.0)
(0.01,9.0,0.2980000000000002)(129.74550628651937 255.0)
(0.01,9.0,0.2980000000000002)(130.45950702618205 254.0)
(0.01 14.0 0.001)(165.85989181798615 13.0)
(0.01,14.0,0.001)(165.85989181798615 1.0)
(0.01,14.0,0.001)(165.85989181798615 3.0)
(0.01,14.0,0.001)(165.85989181798615 6.0)
(0.01,14.0,0.001)(165.85989181798615 8.0)
(0.01,14.0,0.001)(165.85989181798615 12.0)
(0.01,14.0,0.001)(165.85989181798615 13.0)
(0.01 14.0 0.004)(164.5400983107542 82.0)
(0.01,14.0,0.004)(165.85989181798615 1.0)
(0.01,14.0,0.004)(165.85989181798615 3.0)
(0.01,14.0,0.004)(165.85989181798615 6.0)
(0.01,14.0,0.004)(165.85989181798615 9.0)
(0.01,14.0,0.004)(165.85989181798615 12.0)
(0.01,14.0,0.004)(165.85989181798615 13.0)
(0.01,14.0,0.004)(165.85989181798615 18.0)
(0.01,14.0,0.004)(165.85989181798615 20.0)
(0.01,14.0,0.004)(165.85989181798615 24.0)
(0.01,14.0,0.004)(165.85989181798615 25.0)
(0.01,14.0,0.004)(165.85989181798615 30.0)
(0.01,14.0,0.004)(165.85989181798615 32.0)
(0.01,14.0,0.004)(165.81921881755773 43.0)
(0.01,14.0,0.004)(165.81921881755773 45.0)
(0.01,14.0,0.004)(165.81921881755773 47.0)
(0.01,14.0,0.004)(165.81921881755773 49.0)
(0.01,14.0,0.004)(165.81921881755773 50.0)
(0.01,14.0,0.004)(165.81921881755773 52.0)
(0.01,14.0,0.004)(165.81921881755773 53.0)
(0.01,14.0,0.004)(165.81921881755773 56.0)
(0.01,14.0,0.004)(165.613645065603 59.0)
(0.01,14.0,0.004)(165.613645065603 61.0)
(0.01,14.0,0.004)(165.613645065603 65.0)
(0.01,14.0,0.004)(165.613645065603 66.0)
(0.01,14.0,0.004)(165.46181367924987 64.0)
(0.01,14.0,0.004)(165.3747526893711 68.0)
(0.01,14.0,0.004)(165.3747526893711 70.0)
(0.01,14.0,0.004)(165.46181367924987 69.0)
(0.01,14.0,0.004)(165.22165718518477 71.0)
(0.01,14.0,0.004)(165.3087181750635 73.0)
(0.01,14.0,0.004)(164.93656133330782 69.0)
(0.01,14.0,0.004)(165.09038815769753 68.0)
(0.01,14.0,0.004)(165.46181367924987 72.0)
(0.01,14.0,0.004)(165.06767169842828 74.0)
(0.01,14.0,0.004)(164.73887289779873 75.0)
(0.01,14.0,0.004)(165.13459619530602 70.0)
(0.01,14.0,0.004)(164.8935497186708 76.0)
(0.01,14.0,0.004)(164.98061070854953 74.0)
(0.01,14.0,0.004)(164.73887289779873 80.0)
(0.01,14.0,0.004)(164.73887289779873 77.0)
(0.01,14.0,0.004)(165.11120219336766 80.0)
(0.01,14.0,0.004)(165.0241412034889 80.0)
(0.01,14.0,0.004)(165.06767169842828 78.0)
(0.01,14.0,0.004)(164.5400983107542 82.0)
(0.01,14.0,0.004)(164.86946438261685 81.0)
(0.01,14.0,0.004)(164.7384806827468 76.0)
(0.01,14.0,0.004)(164.69534240285935 78.0)
(0.01,14.0,0.004)(164.73887289779873 79.0)
(0.01 14.0 0.007)(163.29686045588838 120.0)
(0.01,14.0,0.007)(165.85989181798615 1.0)
(0.01,14.0,0.007)(165.85989181798615 6.0)
(0.01,14.0,0.007)(165.85989181798615 12.0)
(0.01,14.0,0.007)(165.85989181798615 15.0)
(0.01,14.0,0.007)(165.85989181798615 20.0)
(0.01,14.0,0.007)(165.85989181798615 25.0)
(0.01,14.0,0.007)(165.85989181798615 30.0)
(0.01,14.0,0.007)(165.85989181798615 32.0)
(0.01,14.0,0.007)(165.81921881755773 43.0)
(0.01,14.0,0.007)(165.81921881755773 45.0)
(0.01,14.0,0.007)(165.81921881755773 48.0)
(0.01,14.0,0.007)(165.81921881755773 51.0)
(0.01,14.0,0.007)(165.81921881755773 55.0)
(0.01,14.0,0.007)(165.81921881755773 58.0)
(0.01,14.0,0.007)(165.81921881755773 60.0)
(0.01,14.0,0.007)(165.613645065603 64.0)
(0.01,14.0,0.007)(165.613645065603 67.0)
(0.01,14.0,0.007)(165.613645065603 70.0)
(0.01,14.0,0.007)(165.39651793684078 66.0)
(0.01,14.0,0.007)(165.30945694696206 73.0)
(0.01,14.0,0.007)(165.613645065603 65.0)
(0.01,14.0,0.007)(165.46181367924987 77.0)
(0.01,14.0,0.007)(165.0241412034889 80.0)
(0.01,14.0,0.007)(165.3747526893711 76.0)
(0.01,14.0,0.007)(165.613645065603 68.0)
(0.01,14.0,0.007)(165.06767169842828 79.0)
(0.01,14.0,0.007)(165.24342243265443 71.0)
(0.01,14.0,0.007)(165.26518768012414 75.0)
(0.01,14.0,0.007)(164.91531496614047 88.0)
(0.01,14.0,0.007)(165.1563614427757 84.0)
(0.01,14.0,0.007)(164.87178447120112 84.0)
(0.01,14.0,0.007)(164.71710765032904 86.0)
(0.01,14.0,0.007)(164.71710765032904 87.0)
(0.01,14.0,0.007)(164.71710765032904 85.0)
(0.01,14.0,0.007)(164.38774157846638 90.0)
(0.01,14.0,0.007)(164.76063814526842 89.0)
(0.01,14.0,0.007)(164.56186355822385 90.0)
(0.01,14.0,0.007)(164.80416864020776 89.0)
(0.01,14.0,0.007)(164.86946438261685 81.0)
(0.01,14.0,0.007)(164.25378061045419 91.0)
(0.01,14.0,0.007)(164.89122963008649 81.0)
(0.01,14.0,0.007)(164.23201536298453 91.0)
(0.01,14.0,0.007)(164.34084160033294 91.0)
(0.01,14.0,0.007)(164.69534240285935 77.0)
(0.01,14.0,0.007)(164.2102501155148 91.0)
(0.01,14.0,0.007)(164.5400983107542 82.0)
(0.01,14.0,0.007)(164.01057348461043 92.0)
(0.01,14.0,0.007)(164.16671962057544 89.0)
(0.01,14.0,0.007)(164.01057348461043 96.0)
(0.01,14.0,0.007)(164.01057348461043 99.0)
(0.01,14.0,0.007)(164.01057348461043 94.0)
(0.01,14.0,0.007)(164.01057348461043 95.0)
(0.01 14.0 0.01)(161.58334167721776 169.0)
(0.01,14.0,0.01)(165.85989181798615 1.0)
(0.01,14.0,0.01)(165.85989181798615 3.0)
(0.01,14.0,0.01)(165.85989181798615 18.0)
(0.01,14.0,0.01)(165.85989181798615 25.0)
(0.01,14.0,0.01)(165.85989181798615 30.0)
(0.01,14.0,0.01)(165.81921881755773 43.0)
(0.01,14.0,0.01)(165.81921881755773 45.0)
(0.01,14.0,0.01)(165.81921881755773 49.0)
(0.01,14.0,0.01)(165.81921881755773 56.0)
(0.01,14.0,0.01)(165.81921881755773 60.0)
(0.01,14.0,0.01)(165.613645065603 65.0)
(0.01,14.0,0.01)(165.39651793684078 70.0)
(0.01,14.0,0.01)(165.41828318431047 74.0)
(0.01,14.0,0.01)(164.84769913514714 81.0)
(0.01,14.0,0.01)(165.26518768012414 75.0)
(0.01,14.0,0.01)(165.26518768012414 79.0)
(0.01,14.0,0.01)(165.24342243265443 76.0)
(0.01,14.0,0.01)(164.8935497186708 80.0)
(0.01,14.0,0.01)(164.85001922373144 79.0)
(0.01,14.0,0.01)(164.71710765032904 85.0)
(0.01,14.0,0.01)(164.67357715538967 89.0)
(0.01,14.0,0.01)(164.80416864020776 89.0)
(0.01,14.0,0.01)(164.71710765032904 77.0)
(0.01,14.0,0.01)(164.58651616551091 86.0)
(0.01,14.0,0.01)(164.31907635286328 83.0)
(0.01,14.0,0.01)(164.56186355822385 90.0)
(0.01,14.0,0.01)(164.34084160033294 91.0)
(0.01,14.0,0.01)(164.01057348461043 92.0)
(0.01,14.0,0.01)(164.23201536298453 91.0)
(0.01,14.0,0.01)(164.01057348461043 98.0)
(0.01,14.0,0.01)(164.01057348461043 100.0)
(0.01,14.0,0.01)(164.01057348461043 99.0)
(0.01,14.0,0.01)(164.01057348461043 102.0)
(0.01,14.0,0.01)(164.01057348461043 101.0)
(0.01,14.0,0.01)(164.01057348461043 103.0)
(0.01,14.0,0.01)(163.97149702927817 109.0)
(0.01,14.0,0.01)(164.01057348461043 104.0)
(0.01,14.0,0.01)(163.97149702927817 112.0)
(0.01,14.0,0.01)(163.97149702927817 108.0)
(0.01 14.0 0.013000000000000001)(160.43715590273013 170.0)
(0.01,14.0,0.013000000000000001)(165.85989181798615 1.0)
(0.01,14.0,0.013000000000000001)(165.85989181798615 12.0)
(0.01,14.0,0.013000000000000001)(165.85989181798615 24.0)
(0.01,14.0,0.013000000000000001)(165.85989181798615 30.0)
(0.01,14.0,0.013000000000000001)(165.81921881755773 47.0)
(0.01,14.0,0.013000000000000001)(165.81921881755773 48.0)
(0.01,14.0,0.013000000000000001)(165.81921881755773 56.0)
(0.01,14.0,0.013000000000000001)(165.81921881755773 62.0)
(0.01,14.0,0.013000000000000001)(165.39651793684078 66.0)
(0.01,14.0,0.013000000000000001)(165.613645065603 72.0)
(0.01,14.0,0.013000000000000001)(165.28769169949234 66.0)
(0.01,14.0,0.013000000000000001)(165.613645065603 65.0)
(0.01,14.0,0.013000000000000001)(165.13459619530602 75.0)
(0.01,14.0,0.013000000000000001)(165.0241412034889 76.0)
(0.01,14.0,0.013000000000000001)(165.30945694696206 77.0)
(0.01,14.0,0.013000000000000001)(165.3747526893711 74.0)
(0.01,14.0,0.013000000000000001)(165.22165718518477 79.0)
(0.01,14.0,0.013000000000000001)(164.86946438261685 81.0)
(0.01,14.0,0.013000000000000001)(165.3087181750635 79.0)
(0.01,14.0,0.013000000000000001)(164.71710765032904 85.0)
(0.01,14.0,0.013000000000000001)(164.23201536298453 91.0)
(0.01,14.0,0.013000000000000001)(164.34084160033294 91.0)
(0.01,14.0,0.013000000000000001)(164.01057348461043 92.0)
(0.01,14.0,0.013000000000000001)(164.01057348461043 96.0)
(0.01,14.0,0.013000000000000001)(164.01057348461043 100.0)
(0.01,14.0,0.013000000000000001)(163.97149702927817 110.0)
(0.01,14.0,0.013000000000000001)(163.97149702927817 113.0)
(0.01,14.0,0.013000000000000001)(163.97149702927817 114.0)
(0.01,14.0,0.013000000000000001)(163.97149702927817 115.0)
(0.01,14.0,0.013000000000000001)(163.97149702927817 116.0)
(0.01,14.0,0.013000000000000001)(163.97149702927817 111.0)
(0.01,14.0,0.013000000000000001)(163.97149702927817 109.0)
(0.01,14.0,0.013000000000000001)(163.97149702927817 117.0)
(0.01,14.0,0.013000000000000001)(163.97149702927817 112.0)
(0.01,14.0,0.013000000000000001)(163.97149702927817 120.0)
(0.01,14.0,0.013000000000000001)(163.97149702927817 119.0)
(0.01,14.0,0.013000000000000001)(163.97149702927817 118.0)
(0.01 14.0 0.016)(159.3037445428991 177.0)
(0.01,14.0,0.016)(165.85989181798615 1.0)
(0.01,14.0,0.016)(165.85989181798615 15.0)
(0.01,14.0,0.016)(165.85989181798615 30.0)
(0.01,14.0,0.016)(165.81921881755773 45.0)
(0.01,14.0,0.016)(165.81921881755773 48.0)
(0.01,14.0,0.016)(165.81921881755773 58.0)
(0.01,14.0,0.016)(165.613645065603 65.0)
(0.01,14.0,0.016)(165.613645065603 70.0)
(0.01,14.0,0.016)(165.46181367924987 74.0)
(0.01,14.0,0.016)(165.0475352054273 75.0)
(0.01,14.0,0.016)(165.1563614427757 79.0)
(0.01,14.0,0.016)(165.26518768012414 75.0)
(0.01,14.0,0.016)(164.91531496614047 84.0)
(0.01,14.0,0.016)(164.87178447120112 84.0)
(0.01,14.0,0.016)(164.67357715538967 89.0)
(0.01,14.0,0.016)(164.71710765032904 89.0)
(0.01,14.0,0.016)(164.25378061045419 91.0)
(0.01,14.0,0.016)(164.56186355822385 90.0)
(0.01,14.0,0.016)(164.01057348461043 92.0)
(0.01,14.0,0.016)(164.34084160033294 91.0)
(0.01,14.0,0.016)(164.21005446392462 88.0)
(0.01,14.0,0.016)(164.31907635286328 83.0)
(0.01,14.0,0.016)(164.01057348461043 96.0)
(0.01,14.0,0.016)(164.01057348461043 100.0)
(0.01,14.0,0.016)(163.97149702927817 116.0)
(0.01,14.0,0.016)(163.97149702927817 114.0)
(0.01,14.0,0.016)(163.97149702927817 115.0)
(0.01,14.0,0.016)(163.97149702927817 117.0)
(0.01,14.0,0.016)(163.93240603439224 116.0)
(0.01,14.0,0.016)(163.97149702927817 119.0)
(0.01,14.0,0.016)(163.97149702927817 118.0)
(0.01,14.0,0.016)(163.93240603439224 121.0)
(0.01,14.0,0.016)(163.93240603439224 120.0)
(0.01,14.0,0.016)(163.93240603439224 122.0)
(0.01,14.0,0.016)(163.93240603439224 124.0)
(0.01,14.0,0.016)(163.93240603439224 123.0)
(0.01,14.0,0.016)(163.48427182930362 123.0)
(0.01,14.0,0.016)(163.93240603439224 126.0)
(0.01,14.0,0.016)(163.523443973387 120.0)
(0.01,14.0,0.016)(163.93240603439224 125.0)
(0.01 14.0 0.019)(157.1736861738178 187.0)
(0.01,14.0,0.019)(165.85989181798615 1.0)
(0.01,14.0,0.019)(165.85989181798615 18.0)
(0.01,14.0,0.019)(165.85989181798615 30.0)
(0.01,14.0,0.019)(165.81921881755773 49.0)
(0.01,14.0,0.019)(165.81921881755773 53.0)
(0.01,14.0,0.019)(165.613645065603 65.0)
(0.01,14.0,0.019)(165.613645065603 72.0)
(0.01,14.0,0.019)(165.30945694696206 74.0)
(0.01,14.0,0.019)(165.3747526893711 78.0)
(0.01,14.0,0.019)(165.46181367924987 70.0)
(0.01,14.0,0.019)(165.26518768012414 75.0)
(0.01,14.0,0.019)(164.71710765032904 85.0)
(0.01,14.0,0.019)(164.71710765032904 89.0)
(0.01,14.0,0.019)(164.34084160033294 91.0)
(0.01,14.0,0.019)(164.23201536298453 91.0)
(0.01,14.0,0.019)(164.01057348461043 92.0)
(0.01,14.0,0.019)(164.01057348461043 95.0)
(0.01,14.0,0.019)(164.01057348461043 100.0)
(0.01,14.0,0.019)(164.01057348461043 104.0)
(0.01,14.0,0.019)(164.01057348461043 114.0)
(0.01,14.0,0.019)(164.01057348461043 118.0)
(0.01,14.0,0.019)(164.01057348461043 120.0)
(0.01,14.0,0.019)(163.97149702927817 135.0)
(0.01,14.0,0.019)(163.97149702927817 133.0)
(0.01,14.0,0.019)(163.97149702927817 134.0)
(0.01,14.0,0.019)(163.97149702927817 121.0)
(0.01,14.0,0.019)(163.9149938364165 140.0)
(0.01,14.0,0.019)(163.9149938364165 127.0)
(0.01,14.0,0.019)(163.9149938364165 130.0)
(0.01,14.0,0.019)(163.9149938364165 129.0)
(0.01,14.0,0.019)(163.9149938364165 125.0)
(0.01,14.0,0.019)(163.93240603439224 122.0)
(0.01,14.0,0.019)(163.93240603439224 123.0)
(0.01,14.0,0.019)(163.93240603439224 124.0)
(0.01,14.0,0.019)(163.93240603439224 126.0)
(0.01,14.0,0.019)(163.87588861305406 126.0)
(0.01,14.0,0.019)(163.523443973387 123.0)
(0.01,14.0,0.019)(163.87588861305406 128.0)
(0.01,14.0,0.019)(163.87588861305406 132.0)
(0.01,14.0,0.019)(163.39285047330867 128.0)
(0.01,14.0,0.019)(163.39285047330867 131.0)
(0.01 14.0 0.022)(152.62237606904878 194.0)
(0.01,14.0,0.022)(165.85989181798615 1.0)
(0.01,14.0,0.022)(165.85989181798615 20.0)
(0.01,14.0,0.022)(165.81921881755773 43.0)
(0.01,14.0,0.022)(165.81921881755773 49.0)
(0.01,14.0,0.022)(165.81921881755773 60.0)
(0.01,14.0,0.022)(165.613645065603 70.0)
(0.01,14.0,0.022)(165.46181367924987 70.0)
(0.01,14.0,0.022)(164.91531496614047 88.0)
(0.01,14.0,0.022)(165.1563614427757 83.0)
(0.01,14.0,0.022)(165.0241412034889 76.0)
(0.01,14.0,0.022)(164.43127207340575 90.0)
(0.01,14.0,0.022)(164.71710765032904 85.0)
(0.01,14.0,0.022)(164.56186355822385 90.0)
(0.01,14.0,0.022)(164.71710765032904 89.0)
(0.01,14.0,0.022)(164.01057348461043 92.0)
(0.01,14.0,0.022)(164.01057348461043 93.0)
(0.01,14.0,0.022)(164.01057348461043 100.0)
(0.01,14.0,0.022)(164.01057348461043 112.0)
(0.01,14.0,0.022)(164.01057348461043 122.0)
(0.01,14.0,0.022)(164.01057348461043 124.0)
(0.01,14.0,0.022)(163.97149702927817 144.0)
(0.01,14.0,0.022)(163.97149702927817 142.0)
(0.01,14.0,0.022)(163.97149702927817 141.0)
(0.01,14.0,0.022)(163.0745842095184 145.0)
(0.01,14.0,0.022)(163.0745842095184 138.0)
(0.01,14.0,0.022)(163.97149702927817 139.0)
(0.01,14.0,0.022)(163.97149702927817 137.0)
(0.01,14.0,0.022)(163.93240603439224 144.0)
(0.01,14.0,0.022)(163.9149938364165 136.0)
(0.01,14.0,0.022)(163.93240603439224 132.0)
(0.01,14.0,0.022)(163.97149702927817 133.0)
(0.01,14.0,0.022)(163.93240603439224 135.0)
(0.01,14.0,0.022)(163.87588861305406 133.0)
(0.01,14.0,0.022)(163.93240603439224 134.0)
(0.01,14.0,0.022)(163.93240603439224 140.0)
(0.01,14.0,0.022)(163.93240603439224 143.0)
(0.01,14.0,0.022)(163.93240603439224 147.0)
(0.01,14.0,0.022)(163.93240603439224 149.0)
(0.01,14.0,0.022)(163.9149938364165 148.0)
(0.01,14.0,0.022)(163.39285047330867 144.0)
(0.01,14.0,0.022)(163.9149938364165 146.0)
(0.01,14.0,0.022)(163.39285047330867 152.0)
(0.01 14.0 0.024999999999999998)(150.48101442638483 197.0)
(0.01,14.0,0.024999999999999998)(165.85989181798615 1.0)
(0.01,14.0,0.024999999999999998)(165.85989181798615 24.0)
(0.01,14.0,0.024999999999999998)(165.81921881755773 47.0)
(0.01,14.0,0.024999999999999998)(165.81921881755773 50.0)
(0.01,14.0,0.024999999999999998)(165.613645065603 66.0)
(0.01,14.0,0.024999999999999998)(165.46181367924987 71.0)
(0.01,14.0,0.024999999999999998)(165.30945694696206 75.0)
(0.01,14.0,0.024999999999999998)(165.1563614427757 84.0)
(0.01,14.0,0.024999999999999998)(164.91531496614047 85.0)
(0.01,14.0,0.024999999999999998)(165.26518768012414 80.0)
(0.01,14.0,0.024999999999999998)(164.71710765032904 86.0)
(0.01,14.0,0.024999999999999998)(164.80416864020776 90.0)
(0.01,14.0,0.024999999999999998)(164.86946438261685 82.0)
(0.01,14.0,0.024999999999999998)(164.56186355822385 93.0)
(0.01,14.0,0.024999999999999998)(164.56186355822385 91.0)
(0.01,14.0,0.024999999999999998)(164.34084160033294 92.0)
(0.01,14.0,0.024999999999999998)(164.01057348461043 93.0)
(0.01,14.0,0.024999999999999998)(163.97149702927817 108.0)
(0.01,14.0,0.024999999999999998)(163.97149702927817 117.0)
(0.01,14.0,0.024999999999999998)(163.7192817675284 129.0)
(0.01,14.0,0.024999999999999998)(163.7192817675284 135.0)
(0.01,14.0,0.024999999999999998)(163.7192817675284 143.0)
(0.01,14.0,0.024999999999999998)(163.59309276528995 147.0)
(0.01,14.0,0.024999999999999998)(163.59309276528995 146.0)
(0.01,14.0,0.024999999999999998)(163.00077957174088 147.0)
(0.01,14.0,0.024999999999999998)(163.59309276528995 148.0)
(0.01,14.0,0.024999999999999998)(163.59309276528995 153.0)
(0.01,14.0,0.024999999999999998)(163.97149702927817 149.0)
(0.01,14.0,0.024999999999999998)(163.85412336558437 141.0)
(0.01,14.0,0.024999999999999998)(163.85412336558437 151.0)
(0.01,14.0,0.024999999999999998)(163.42315045753986 139.0)
(0.01,14.0,0.024999999999999998)(163.85412336558437 140.0)
(0.01,14.0,0.024999999999999998)(163.42315045753986 142.0)
(0.01,14.0,0.024999999999999998)(163.42315045753986 137.0)
(0.01,14.0,0.024999999999999998)(163.93240603439224 147.0)
(0.01,14.0,0.024999999999999998)(163.36654111190964 154.0)
(0.01,14.0,0.024999999999999998)(163.44491570500955 152.0)
(0.01,14.0,0.024999999999999998)(163.87588861305406 147.0)
(0.01,14.0,0.024999999999999998)(163.9149938364165 138.0)
(0.01,14.0,0.024999999999999998)(163.87588861305406 150.0)
(0.01,14.0,0.024999999999999998)(162.96143076406904 154.0)
(0.01,14.0,0.024999999999999998)(162.96143076406904 155.0)
(0.01,14.0,0.024999999999999998)(163.39285047330867 140.0)
(0.01,14.0,0.024999999999999998)(163.523443973387 142.0)
(0.01,14.0,0.024999999999999998)(163.39285047330867 144.0)
(0.01 14.0 0.027999999999999997)(149.11685967878284 201.0)
(0.01,14.0,0.027999999999999997)(165.85989181798615 1.0)
(0.01,14.0,0.027999999999999997)(165.85989181798615 25.0)
(0.01,14.0,0.027999999999999997)(165.81921881755773 49.0)
(0.01,14.0,0.027999999999999997)(165.81921881755773 54.0)
(0.01,14.0,0.027999999999999997)(165.613645065603 68.0)
(0.01,14.0,0.027999999999999997)(165.613645065603 69.0)
(0.01,14.0,0.027999999999999997)(165.30945694696206 78.0)
(0.01,14.0,0.027999999999999997)(164.741192986383 88.0)
(0.01,14.0,0.027999999999999997)(165.3747526893711 78.0)
(0.01,14.0,0.027999999999999997)(164.86946438261685 82.0)
(0.01,14.0,0.027999999999999997)(164.76063814526842 92.0)
(0.01,14.0,0.027999999999999997)(164.43127207340575 94.0)
(0.01,14.0,0.027999999999999997)(164.23201536298453 95.0)
(0.01,14.0,0.027999999999999997)(164.01057348461043 96.0)
(0.01,14.0,0.027999999999999997)(163.97149702927817 118.0)
(0.01,14.0,0.027999999999999997)(163.97149702927817 128.0)
(0.01,14.0,0.027999999999999997)(163.7192817675284 137.0)
(0.01,14.0,0.027999999999999997)(163.7192817675284 143.0)
(0.01,14.0,0.027999999999999997)(163.4668523147056 141.0)
(0.01,14.0,0.027999999999999997)(163.59309276528995 150.0)
(0.01,14.0,0.027999999999999997)(163.38840204690706 153.0)
(0.01,14.0,0.027999999999999997)(163.38840204690706 152.0)
(0.01,14.0,0.027999999999999997)(163.3317568541135 160.0)
(0.01,14.0,0.027999999999999997)(163.3317568541135 161.0)
(0.01,14.0,0.027999999999999997)(163.53650842323083 158.0)
(0.01,14.0,0.027999999999999997)(163.9149938364165 153.0)
(0.01,14.0,0.027999999999999997)(163.9149938364165 151.0)
(0.01,14.0,0.027999999999999997)(163.0179274782462 146.0)
(0.01,14.0,0.027999999999999997)(163.7975920133138 148.0)
(0.01,14.0,0.027999999999999997)(163.7975920133138 145.0)
(0.01,14.0,0.027999999999999997)(163.85412336558437 150.0)
(0.01,14.0,0.027999999999999997)(163.36654111190964 152.0)
(0.01,14.0,0.027999999999999997)(163.85412336558437 149.0)
(0.01,14.0,0.027999999999999997)(163.36654111190964 154.0)
(0.01,14.0,0.027999999999999997)(163.42315045753986 153.0)
(0.01,14.0,0.027999999999999997)(163.48410046707724 153.0)
(0.01,14.0,0.027999999999999997)(163.93240603439224 148.0)
(0.01,14.0,0.027999999999999997)(163.50151266505299 153.0)
(0.01,14.0,0.027999999999999997)(163.42315045753986 155.0)
(0.01,14.0,0.027999999999999997)(163.87588861305406 152.0)
(0.01,14.0,0.027999999999999997)(163.48410046707724 157.0)
(0.01,14.0,0.027999999999999997)(163.9149938364165 147.0)
(0.01,14.0,0.027999999999999997)(163.39285047330867 154.0)
(0.01,14.0,0.027999999999999997)(162.96143076406904 152.0)
(0.01,14.0,0.027999999999999997)(163.3013848676087 152.0)
(0.01,14.0,0.027999999999999997)(165.85989181798615 24.0)
(0.01 14.0 0.030999999999999996)(149.86714757642406 201.0)
(0.01,14.0,0.030999999999999996)(165.85989181798615 3.0)
(0.01,14.0,0.030999999999999996)(165.85989181798615 27.0)
(0.01,14.0,0.030999999999999996)(165.81921881755773 49.0)
(0.01,14.0,0.030999999999999996)(165.81921881755773 57.0)
(0.01,14.0,0.030999999999999996)(165.613645065603 73.0)
(0.01,14.0,0.030999999999999996)(165.30945694696206 78.0)
(0.01,14.0,0.030999999999999996)(165.06930045289695 84.0)
(0.01,14.0,0.030999999999999996)(165.46181367924987 78.0)
(0.01,14.0,0.030999999999999996)(164.71710765032904 90.0)
(0.01,14.0,0.030999999999999996)(164.85001922373138 88.0)
(0.01,14.0,0.030999999999999996)(164.76063814526842 90.0)
(0.01,14.0,0.030999999999999996)(164.56186355822385 94.0)
(0.01,14.0,0.030999999999999996)(164.23201536298453 95.0)
(0.01,14.0,0.030999999999999996)(164.01057348461043 96.0)
(0.01,14.0,0.030999999999999996)(163.97149702927817 114.0)
(0.01,14.0,0.030999999999999996)(163.7192817675284 125.0)
(0.01,14.0,0.030999999999999996)(163.7192817675284 133.0)
(0.01,14.0,0.030999999999999996)(163.57568056731424 140.0)
(0.01,14.0,0.030999999999999996)(163.57568056731424 144.0)
(0.01,14.0,0.030999999999999996)(163.19681231980147 150.0)
(0.01,14.0,0.030999999999999996)(163.1792546009923 150.0)
(0.01,14.0,0.030999999999999996)(163.44944011672982 149.0)
(0.01,14.0,0.030999999999999996)(163.17925460099227 150.0)
(0.01,14.0,0.030999999999999996)(163.1225753662021 157.0)
(0.01,14.0,0.030999999999999996)(163.1225753662021 158.0)
(0.01,14.0,0.030999999999999996)(163.1225753662021 159.0)
(0.01,14.0,0.030999999999999996)(163.02659633541046 162.0)
(0.01,14.0,0.030999999999999996)(163.02659633541046 161.0)
(0.01,14.0,0.030999999999999996)(163.1225753662021 154.0)
(0.01,14.0,0.030999999999999996)(163.3928307710996 150.0)
(0.01,14.0,0.030999999999999996)(163.2969880075344 159.0)
(0.01,14.0,0.030999999999999996)(163.2969880075344 156.0)
(0.01,14.0,0.030999999999999996)(163.3928307710996 146.0)
(0.01,14.0,0.030999999999999996)(163.2969880075344 148.0)
(0.01,14.0,0.030999999999999996)(163.20545133093825 148.0)
(0.01,14.0,0.030999999999999996)(163.17933303397467 148.0)
(0.01,14.0,0.030999999999999996)(163.0877509702506 151.0)
(0.01,14.0,0.030999999999999996)(162.33282779965265 152.0)
(0.01,14.0,0.030999999999999996)(163.2359897652469 148.0)
(0.01,14.0,0.030999999999999996)(162.76501608971492 160.0)
(0.01,14.0,0.030999999999999996)(162.9264162074733 151.0)
(0.01,14.0,0.030999999999999996)(162.91341704856805 152.0)
(0.01,14.0,0.030999999999999996)(162.9831064201697 149.0)
(0.01,14.0,0.030999999999999996)(162.66037153963396 157.0)
(0.01,14.0,0.030999999999999996)(163.0921936111135 150.0)
(0.01,14.0,0.030999999999999996)(162.5381702437457 160.0)
(0.01,14.0,0.030999999999999996)(163.49297061166922 154.0)
(0.01,14.0,0.030999999999999996)(162.73886922129145 158.0)
(0.01,14.0,0.030999999999999996)(162.60362894632303 163.0)
(0.01,14.0,0.030999999999999996)(165.85989181798615 1.0)
(0.01,14.0,0.030999999999999996)(163.31440020551017 157.0)
(0.01,14.0,0.030999999999999996)(163.37103365951165 152.0)
(0.01,14.0,0.030999999999999996)(163.41459601856928 160.0)
(0.01,14.0,0.030999999999999996)(162.7478791606514 154.0)
(0.01,14.0,0.030999999999999996)(163.45379316622376 151.0)
(0.01,14.0,0.030999999999999996)(162.89594486101575 154.0)
(0.01,14.0,0.030999999999999996)(162.22855621052264 162.0)
(0.01,14.0,0.030999999999999996)(162.621365456415 156.0)
(0.01,14.0,0.030999999999999996)(162.78717861324392 162.0)
(0.01,14.0,0.030999999999999996)(162.78717861324392 153.0)
(0.01 14.0 0.033999999999999996)(146.72612581394588 209.0)
(0.01,14.0,0.033999999999999996)(165.85989181798615 3.0)
(0.01,14.0,0.033999999999999996)(165.85989181798615 30.0)
(0.01,14.0,0.033999999999999996)(165.81921881755773 49.0)
(0.01,14.0,0.033999999999999996)(165.81921881755773 60.0)
(0.01,14.0,0.033999999999999996)(165.613645065603 75.0)
(0.01,14.0,0.033999999999999996)(165.46181367924987 79.0)
(0.01,14.0,0.033999999999999996)(165.41828318431047 83.0)
(0.01,14.0,0.033999999999999996)(165.15636144277568 85.0)
(0.01,14.0,0.033999999999999996)(164.71710765032904 92.0)
(0.01,14.0,0.033999999999999996)(164.76063814526842 99.0)
(0.01,14.0,0.033999999999999996)(164.23201536298453 101.0)
(0.01,14.0,0.033999999999999996)(164.34084160033294 96.0)
(0.01,14.0,0.033999999999999996)(164.01057348461043 99.0)
(0.01,14.0,0.033999999999999996)(163.97149702927817 118.0)
(0.01,14.0,0.033999999999999996)(163.7192817675284 133.0)
(0.01,14.0,0.033999999999999996)(163.57568056731424 136.0)
(0.01,14.0,0.033999999999999996)(163.57568056731424 143.0)
(0.01,14.0,0.033999999999999996)(163.09210401974457 147.0)
(0.01,14.0,0.033999999999999996)(163.39279890698134 149.0)
(0.01,14.0,0.033999999999999996)(163.20980438043222 152.0)
(0.01,14.0,0.033999999999999996)(163.17925460099227 166.0)
(0.01,14.0,0.033999999999999996)(163.17925460099227 159.0)
(0.01,14.0,0.033999999999999996)(162.89125452503905 160.0)
(0.01,14.0,0.033999999999999996)(162.77323345260191 163.0)
(0.01,14.0,0.033999999999999996)(162.89125452503905 158.0)
(0.01,14.0,0.033999999999999996)(162.79517152611442 164.0)
(0.01,14.0,0.033999999999999996)(163.17925460099227 162.0)
(0.01,14.0,0.033999999999999996)(162.89125452503905 155.0)
(0.01,14.0,0.033999999999999996)(163.08329735148143 153.0)
(0.01,14.0,0.033999999999999996)(163.33185621406622 155.0)
(0.01,14.0,0.033999999999999996)(163.1225753662021 155.0)
(0.01,14.0,0.033999999999999996)(163.44944011672982 148.0)
(0.01,14.0,0.033999999999999996)(163.0222432859165 155.0)
(0.01,14.0,0.033999999999999996)(163.1967452319504 153.0)
(0.01,14.0,0.033999999999999996)(162.92622171175717 155.0)
(0.01,14.0,0.033999999999999996)(162.80839363476449 157.0)
(0.01,14.0,0.033999999999999996)(162.71664380918074 158.0)
(0.01,14.0,0.033999999999999996)(162.987418889965 155.0)
(0.01,14.0,0.033999999999999996)(162.16601067857763 160.0)
(0.01,14.0,0.033999999999999996)(162.96553163534824 156.0)
(0.01,14.0,0.033999999999999996)(162.33669193861834 166.0)
(0.01,14.0,0.033999999999999996)(162.4153248124689 163.0)
(0.01,14.0,0.033999999999999996)(162.4938906309283 159.0)
(0.01,14.0,0.033999999999999996)(163.04400853338618 164.0)
(0.01,14.0,0.033999999999999996)(162.66440721525348 164.0)
(0.01,14.0,0.033999999999999996)(162.28839885421309 167.0)
(0.01,14.0,0.033999999999999996)(161.57968664602217 170.0)
(0.01,14.0,0.033999999999999996)(162.27122483398287 159.0)
(0.01,14.0,0.033999999999999996)(162.27122483398287 161.0)
(0.01,14.0,0.033999999999999996)(162.349808938619 164.0)
(0.01,14.0,0.033999999999999996)(165.85989181798615 1.0)
(0.01,14.0,0.033999999999999996)(165.85989181798615 19.0)
(0.01,14.0,0.033999999999999996)(163.162119147921 167.0)
(0.01,14.0,0.033999999999999996)(162.2842839824647 169.0)
(0.01,14.0,0.033999999999999996)(161.35332807233746 174.0)
(0.01,14.0,0.033999999999999996)(162.11061134789335 170.0)
(0.01,14.0,0.033999999999999996)(162.25357445826162 174.0)
(0.01,14.0,0.033999999999999996)(162.2842839824647 172.0)
(0.01,14.0,0.033999999999999996)(161.35332807233746 173.0)
(0.01,14.0,0.033999999999999996)(161.4715277402985 169.0)
(0.01 14.0 0.037)(139.85702414845395 217.0)
(0.01,14.0,0.037)(165.85989181798615 3.0)
(0.01,14.0,0.037)(165.85989181798615 30.0)
(0.01,14.0,0.037)(165.81921881755773 50.0)
(0.01,14.0,0.037)(165.81921881755773 65.0)
(0.01,14.0,0.037)(165.613645065603 83.0)
(0.01,14.0,0.037)(165.30945694696206 98.0)
(0.01,14.0,0.037)(165.22165718518477 93.0)
(0.01,14.0,0.037)(164.92015946105727 111.0)
(0.01,14.0,0.037)(165.22665265749367 98.0)
(0.01,14.0,0.037)(164.50417786696855 109.0)
(0.01,14.0,0.037)(164.52295341447663 110.0)
(0.01,14.0,0.037)(164.30184305530645 114.0)
(0.01,14.0,0.037)(163.97149702927817 116.0)
(0.01,14.0,0.037)(163.97149702927817 121.0)
(0.01,14.0,0.037)(163.7192817675284 133.0)
(0.01,14.0,0.037)(163.57568056731424 139.0)
(0.01,14.0,0.037)(163.39279890698134 144.0)
(0.01,14.0,0.037)(163.20980438043222 157.0)
(0.01,14.0,0.037)(162.69505138775392 160.0)
(0.01,14.0,0.037)(163.1792546009923 164.0)
(0.01,14.0,0.037)(163.14869366316574 166.0)
(0.01,14.0,0.037)(162.77323345260191 167.0)
(0.01,14.0,0.037)(162.77323345260191 162.0)
(0.01,14.0,0.037)(162.77323345260191 159.0)
(0.01,14.0,0.037)(162.77323345260191 155.0)
(0.01,14.0,0.037)(163.14869366316574 152.0)
(0.01,14.0,0.037)(163.09200345046935 165.0)
(0.01,14.0,0.037)(163.35362146153588 162.0)
(0.01,14.0,0.037)(162.58091205546492 158.0)
(0.01,14.0,0.037)(162.62030042847888 159.0)
(0.01,14.0,0.037)(162.3710311302516 158.0)
(0.01,14.0,0.037)(162.71646125742626 161.0)
(0.01,14.0,0.037)(163.29263495804045 160.0)
(0.01,14.0,0.037)(162.99164993231187 159.0)
(0.01,14.0,0.037)(162.75146820513226 160.0)
(0.01,14.0,0.037)(163.1967452319504 158.0)
(0.01,14.0,0.037)(162.6596794726488 161.0)
(0.01,14.0,0.037)(162.90866672301482 155.0)
(0.01,14.0,0.037)(162.54173461001952 162.0)
(0.01,14.0,0.037)(162.987418889965 161.0)
(0.01,14.0,0.037)(162.16601067857763 163.0)
(0.01,14.0,0.037)(162.2402682832071 162.0)
(0.01,14.0,0.037)(162.80429744184613 167.0)
(0.01,14.0,0.037)(162.987418889965 168.0)
(0.01,14.0,0.037)(161.78494730386194 167.0)
(0.01,14.0,0.037)(161.3954325074591 174.0)
(0.01,14.0,0.037)(161.43460995290454 165.0)
(0.01,14.0,0.037)(162.50233703313322 172.0)
(0.01,14.0,0.037)(161.14971438101574 169.0)
(0.01,14.0,0.037)(162.96553163534824 169.0)
(0.01,14.0,0.037)(161.14971438101574 176.0)
(0.01,14.0,0.037)(161.6058049429858 171.0)
(0.01,14.0,0.037)(161.6058049429858 173.0)
(0.01,14.0,0.037)(165.85989181798615 1.0)
(0.01,14.0,0.037)(161.98659873665628 173.0)
(0.01,14.0,0.037)(161.544517034596 177.0)
(0.01,14.0,0.037)(162.28059120572541 176.0)
(0.01,14.0,0.037)(161.32502628564245 176.0)
(0.01,14.0,0.037)(161.8642441273598 177.0)
(0.01,14.0,0.037)(160.93246562094268 172.0)
(0.01,14.0,0.037)(161.496280687339 176.0)
(0.01,14.0,0.037)(160.5106938636684 179.0)
(0.01,14.0,0.037)(161.98236396921666 175.0)
(0.01,14.0,0.037)(161.05078416752443 174.0)
(0.01,14.0,0.037)(160.9847022148699 177.0)
(0.01,14.0,0.037)(161.27427516314822 172.0)
(0.01,14.0,0.037)(164.99027340292272 116.0)
(0.01 14.0 0.04)(136.84392445344182 226.0)
(0.01,14.0,0.04)(165.85989181798615 3.0)
(0.01,14.0,0.04)(165.85989181798615 32.0)
(0.01,14.0,0.04)(165.81921881755773 52.0)
(0.01,14.0,0.04)(165.613645065603 69.0)
(0.01,14.0,0.04)(165.613645065603 87.0)
(0.01,14.0,0.04)(165.41828318431047 98.0)
(0.01,14.0,0.04)(165.27018315243302 100.0)
(0.01,14.0,0.04)(164.95884546107985 106.0)
(0.01,14.0,0.04)(164.52295341447663 108.0)
(0.01,14.0,0.04)(164.52295341447663 114.0)
(0.01,14.0,0.04)(164.19301681795807 109.0)
(0.01,14.0,0.04)(163.97149702927817 120.0)
(0.01,14.0,0.04)(163.97149702927817 133.0)
(0.01,14.0,0.04)(163.57568056731424 136.0)
(0.01,14.0,0.04)(163.39279890698134 146.0)
(0.01,14.0,0.04)(162.53798622817484 157.0)
(0.01,14.0,0.04)(162.37174554831512 158.0)
(0.01,14.0,0.04)(162.17924118928588 166.0)
(0.01,14.0,0.04)(162.7558212546262 166.0)
(0.01,14.0,0.04)(162.7558212546262 168.0)
(0.01,14.0,0.04)(162.27909693703467 169.0)
(0.01,14.0,0.04)(162.16536341018846 167.0)
(0.01,14.0,0.04)(162.09512711276489 170.0)
(0.01,14.0,0.04)(161.9548875963519 167.0)
(0.01,14.0,0.04)(162.27909693703467 171.0)
(0.01,14.0,0.04)(161.67021372114087 167.0)
(0.01,14.0,0.04)(161.38139774670276 174.0)
(0.01,14.0,0.04)(161.04329067122896 176.0)
(0.01,14.0,0.04)(162.4979839836393 162.0)
(0.01,14.0,0.04)(163.02235465856634 160.0)
(0.01,14.0,0.04)(162.90894199192704 162.0)
(0.01,14.0,0.04)(161.52979097408388 168.0)
(0.01,14.0,0.04)(163.1226649575711 160.0)
(0.01,14.0,0.04)(161.74928172303746 169.0)
(0.01,14.0,0.04)(162.0646557663073 167.0)
(0.01,14.0,0.04)(161.77540002000106 169.0)
(0.01,14.0,0.04)(161.6045502453945 170.0)
(0.01,14.0,0.04)(161.65715457265907 170.0)
(0.01,14.0,0.04)(161.48626047914456 171.0)
(0.01,14.0,0.04)(160.93384849834493 172.0)
(0.01,14.0,0.04)(161.19735859472348 177.0)
(0.01,14.0,0.04)(161.70068506759844 167.0)
(0.01,14.0,0.04)(162.85221987036027 171.0)
(0.01,14.0,0.04)(161.297889426036 176.0)
(0.01,14.0,0.04)(161.04791028618246 169.0)
(0.01,14.0,0.04)(161.4124696254168 170.0)
(0.01,14.0,0.04)(159.97960416703663 173.0)
(0.01,14.0,0.04)(162.13053901423697 174.0)
(0.01,14.0,0.04)(161.4124696254168 175.0)
(0.01,14.0,0.04)(161.7928122179768 168.0)
(0.01,14.0,0.04)(160.8994686757026 174.0)
(0.01,14.0,0.04)(160.28323998912398 173.0)
(0.01,14.0,0.04)(161.32898979054914 178.0)
(0.01,14.0,0.04)(161.45064987294757 179.0)
(0.01,14.0,0.04)(160.49475500689502 182.0)
(0.01,14.0,0.04)(159.8124745935748 183.0)
(0.01,14.0,0.04)(160.46813501346222 182.0)
(0.01,14.0,0.04)(165.71273897290453 36.0)
(0.01,14.0,0.04)(165.85989181798615 1.0)
(0.01,14.0,0.04)(159.9192215986671 182.0)
(0.01,14.0,0.04)(159.9192215986671 184.0)
(0.01,14.0,0.04)(163.3621238708964 161.0)
(0.01,14.0,0.04)(160.75509367511447 179.0)
(0.01,14.0,0.04)(159.5649275125353 184.0)
(0.01,14.0,0.04)(162.06106158456038 175.0)
(0.01 14.0 0.043000000000000003)(136.373615617333 228.0)
(0.01,14.0,0.043000000000000003)(165.85989181798615 3.0)
(0.01,14.0,0.043000000000000003)(165.81921881755773 41.0)
(0.01,14.0,0.043000000000000003)(165.81921881755773 61.0)
(0.01,14.0,0.043000000000000003)(165.613645065603 79.0)
(0.01,14.0,0.043000000000000003)(165.613645065603 99.0)
(0.01,14.0,0.043000000000000003)(164.89320220059486 110.0)
(0.01,14.0,0.043000000000000003)(164.37774115202842 110.0)
(0.01,14.0,0.043000000000000003)(164.53029616393218 119.0)
(0.01,14.0,0.043000000000000003)(163.86709421353703 122.0)
(0.01,14.0,0.043000000000000003)(163.55821893625287 120.0)
(0.01,14.0,0.043000000000000003)(162.9440969990757 127.0)
(0.01,14.0,0.043000000000000003)(163.004789896782 133.0)
(0.01,14.0,0.043000000000000003)(161.99228694191808 138.0)
(0.01,14.0,0.043000000000000003)(162.13638692040414 138.0)
(0.01,14.0,0.043000000000000003)(161.99228694191808 151.0)
(0.01,14.0,0.043000000000000003)(161.72083827512765 158.0)
(0.01,14.0,0.043000000000000003)(160.84941495610505 166.0)
(0.01,14.0,0.043000000000000003)(161.21734279527422 169.0)
(0.01,14.0,0.043000000000000003)(160.65622432539087 170.0)
(0.01,14.0,0.043000000000000003)(160.53346979375914 170.0)
(0.01,14.0,0.043000000000000003)(159.95311090464878 174.0)
(0.01,14.0,0.043000000000000003)(159.95311090464878 176.0)
(0.01,14.0,0.043000000000000003)(159.8388862162896 177.0)
(0.01,14.0,0.043000000000000003)(161.0914571627737 174.0)
(0.01,14.0,0.043000000000000003)(160.81537677039898 172.0)
(0.01,14.0,0.043000000000000003)(160.80628112682385 180.0)
(0.01,14.0,0.043000000000000003)(158.9913975059551 180.0)
(0.01,14.0,0.043000000000000003)(160.17081327868846 178.0)
(0.01,14.0,0.043000000000000003)(160.05622242941257 183.0)
(0.01,14.0,0.043000000000000003)(159.39538710325388 181.0)
(0.01,14.0,0.043000000000000003)(158.14030988539028 185.0)
(0.01,14.0,0.043000000000000003)(159.764352853357 183.0)
(0.01,14.0,0.043000000000000003)(159.22706047460272 185.0)
(0.01,14.0,0.043000000000000003)(159.66315227459103 184.0)
(0.01,14.0,0.043000000000000003)(158.84467688349665 184.0)
(0.01,14.0,0.043000000000000003)(159.1667107508395 181.0)
(0.01,14.0,0.043000000000000003)(159.11823423725434 182.0)
(0.01,14.0,0.043000000000000003)(159.0169122205135 184.0)
(0.01,14.0,0.043000000000000003)(158.8981570186653 185.0)
(0.01,14.0,0.043000000000000003)(158.7880872400755 186.0)
(0.01,14.0,0.043000000000000003)(158.6562318407374 186.0)
(0.01,14.0,0.043000000000000003)(158.39615490984446 187.0)
(0.01,14.0,0.043000000000000003)(158.3389011923423 188.0)
(0.01,14.0,0.043000000000000003)(158.0213972921895 192.0)
(0.01,14.0,0.043000000000000003)(157.90752093298295 191.0)
(0.01,14.0,0.043000000000000003)(156.82676900145364 190.0)
(0.01,14.0,0.043000000000000003)(165.85989181798615 1.0)
(0.01,14.0,0.043000000000000003)(159.71120718125064 187.0)
(0.01,14.0,0.043000000000000003)(157.64785714029193 196.0)
(0.01,14.0,0.043000000000000003)(157.47501145272113 190.0)
(0.01,14.0,0.043000000000000003)(158.34558633368627 189.0)
(0.01,14.0,0.043000000000000003)(157.26819323362506 195.0)
(0.01,14.0,0.043000000000000003)(156.79828808922142 192.0)
(0.01,14.0,0.043000000000000003)(156.5287346590371 195.0)
(0.01,14.0,0.043000000000000003)(156.497448078981 196.0)
(0.01,14.0,0.043000000000000003)(156.43568628743614 196.0)
(0.01,14.0,0.043000000000000003)(157.7429045135348 196.0)
(0.01,14.0,0.043000000000000003)(155.93274929070827 200.0)
(0.01,14.0,0.043000000000000003)(165.85989181798615 9.0)
(0.01,14.0,0.043000000000000003)(157.14497452464596 198.0)
(0.01,14.0,0.043000000000000003)(157.87704958652532 196.0)
(0.01 14.0 0.046000000000000006)(134.44656517153854 226.0)
(0.01,14.0,0.046000000000000006)(165.85989181798615 3.0)
(0.01,14.0,0.046000000000000006)(165.81921881755773 43.0)
(0.01,14.0,0.046000000000000006)(165.81921881755773 61.0)
(0.01,14.0,0.046000000000000006)(165.613645065603 83.0)
(0.01,14.0,0.046000000000000006)(165.613645065603 104.0)
(0.01,14.0,0.046000000000000006)(165.18841377392076 111.0)
(0.01,14.0,0.046000000000000006)(165.26518768012414 109.0)
(0.01,14.0,0.046000000000000006)(164.59559190634124 125.0)
(0.01,14.0,0.046000000000000006)(163.71473748124922 127.0)
(0.01,14.0,0.046000000000000006)(163.55821893625287 130.0)
(0.01,14.0,0.046000000000000006)(162.96561245133654 134.0)
(0.01,14.0,0.046000000000000006)(162.38965101045625 132.0)
(0.01,14.0,0.046000000000000006)(161.99228694191808 138.0)
(0.01,14.0,0.046000000000000006)(161.99228694191808 149.0)
(0.01,14.0,0.046000000000000006)(161.8699163517696 162.0)
(0.01,14.0,0.046000000000000006)(161.2307547465797 166.0)
(0.01,14.0,0.046000000000000006)(160.84941495610505 172.0)
(0.01,14.0,0.046000000000000006)(160.6653548677192 174.0)
(0.01,14.0,0.046000000000000006)(160.83635580762325 174.0)
(0.01,14.0,0.046000000000000006)(160.53346979375914 179.0)
(0.01,14.0,0.046000000000000006)(159.8519453647714 183.0)
(0.01,14.0,0.046000000000000006)(159.73769721973463 184.0)
(0.01,14.0,0.046000000000000006)(159.73769721973463 185.0)
(0.01,14.0,0.046000000000000006)(159.73769721973463 186.0)
(0.01,14.0,0.046000000000000006)(159.8388862162896 184.0)
(0.01,14.0,0.046000000000000006)(159.73769721973463 187.0)
(0.01,14.0,0.046000000000000006)(160.71447042179298 185.0)
(0.01,14.0,0.046000000000000006)(160.99062391340746 181.0)
(0.01,14.0,0.046000000000000006)(160.71447042179298 182.0)
(0.01,14.0,0.046000000000000006)(159.26683088920007 189.0)
(0.01,14.0,0.046000000000000006)(160.8767018132097 186.0)
(0.01,14.0,0.046000000000000006)(160.60047672737485 185.0)
(0.01,14.0,0.046000000000000006)(159.13940118874896 191.0)
(0.01,14.0,0.046000000000000006)(160.23656669865673 185.0)
(0.01,14.0,0.046000000000000006)(158.62447650037723 192.0)
(0.01,14.0,0.046000000000000006)(158.17375402447726 194.0)
(0.01,14.0,0.046000000000000006)(158.83597078450876 195.0)
(0.01,14.0,0.046000000000000006)(158.20995867729332 195.0)
(0.01,14.0,0.046000000000000006)(158.26723144279538 194.0)
(0.01,14.0,0.046000000000000006)(158.37807863778772 192.0)
(0.01,14.0,0.046000000000000006)(158.22437935674023 191.0)
(0.01,14.0,0.046000000000000006)(157.54409429632597 198.0)
(0.01,14.0,0.046000000000000006)(157.7341984145469 197.0)
(0.01,14.0,0.046000000000000006)(158.237438505222 192.0)
(0.01,14.0,0.046000000000000006)(157.90246622278335 196.0)
(0.01,14.0,0.046000000000000006)(157.45193861697703 199.0)
(0.01,14.0,0.046000000000000006)(158.44905073304818 194.0)
(0.01,14.0,0.046000000000000006)(157.13474684735172 198.0)
(0.01,14.0,0.046000000000000006)(158.0156455096257 195.0)
(0.01,14.0,0.046000000000000006)(156.57840834920816 199.0)
(0.01,14.0,0.046000000000000006)(156.65595580306604 197.0)
(0.01,14.0,0.046000000000000006)(158.48888252894082 194.0)
(0.01,14.0,0.046000000000000006)(157.3482070690988 199.0)
(0.01,14.0,0.046000000000000006)(158.1496991064591 196.0)
(0.01,14.0,0.046000000000000006)(157.78405630539547 192.0)
(0.01,14.0,0.046000000000000006)(156.76442662662464 195.0)
(0.01,14.0,0.046000000000000006)(158.40486100883234 188.0)
(0.01,14.0,0.046000000000000006)(157.43091500948358 196.0)
(0.01,14.0,0.046000000000000006)(157.51000721089898 194.0)
(0.01,14.0,0.046000000000000006)(165.85989181798615 1.0)
(0.01,14.0,0.046000000000000006)(163.91585444366126 150.0)
(0.01,14.0,0.046000000000000006)(155.32155626720052 199.0)
(0.01,14.0,0.046000000000000006)(157.05980658404934 194.0)
(0.01,14.0,0.046000000000000006)(157.96270269687332 193.0)
(0.01,14.0,0.046000000000000006)(158.31278289537872 198.0)
(0.01 14.0 0.04900000000000001)(134.6677864398181 232.0)
(0.01,14.0,0.04900000000000001)(165.85989181798615 6.0)
(0.01,14.0,0.04900000000000001)(165.81921881755773 43.0)
(0.01,14.0,0.04900000000000001)(165.81921881755773 61.0)
(0.01,14.0,0.04900000000000001)(165.613645065603 83.0)
(0.01,14.0,0.04900000000000001)(165.613645065603 105.0)
(0.01,14.0,0.04900000000000001)(164.74084546830704 123.0)
(0.01,14.0,0.04900000000000001)(164.6080605601551 116.0)
(0.01,14.0,0.04900000000000001)(164.3749497316828 129.0)
(0.01,14.0,0.04900000000000001)(163.55821893625287 130.0)
(0.01,14.0,0.04900000000000001)(162.9440969990757 128.0)
(0.01,14.0,0.04900000000000001)(162.38965101045625 135.0)
(0.01,14.0,0.04900000000000001)(162.13638692040414 137.0)
(0.01,14.0,0.04900000000000001)(161.99228694191808 141.0)
(0.01,14.0,0.04900000000000001)(161.61201203777924 159.0)
(0.01,14.0,0.04900000000000001)(161.2176955980979 165.0)
(0.01,14.0,0.04900000000000001)(161.18687144881667 175.0)
(0.01,14.0,0.04900000000000001)(161.02035244650966 180.0)
(0.01,14.0,0.04900000000000001)(161.02035244650966 179.0)
(0.01,14.0,0.04900000000000001)(160.53346979375914 181.0)
(0.01,14.0,0.04900000000000001)(160.53346979375914 183.0)
(0.01,14.0,0.04900000000000001)(159.95311090464878 184.0)
(0.01,14.0,0.04900000000000001)(159.95311090464878 185.0)
(0.01,14.0,0.04900000000000001)(159.95311090464878 187.0)
(0.01,14.0,0.04900000000000001)(159.75946246720434 188.0)
(0.01,14.0,0.04900000000000001)(159.24245912553113 188.0)
(0.01,14.0,0.04900000000000001)(161.20531920937586 185.0)
(0.01,14.0,0.04900000000000001)(158.90312410462943 192.0)
(0.01,14.0,0.04900000000000001)(160.45163099917585 182.0)
(0.01,14.0,0.04900000000000001)(159.74183029545767 188.0)
(0.01,14.0,0.04900000000000001)(159.67185837357889 188.0)
(0.01,14.0,0.04900000000000001)(160.22005023019565 188.0)
(0.01,14.0,0.04900000000000001)(160.929313487155 185.0)
(0.01,14.0,0.04900000000000001)(160.31625524674823 186.0)
(0.01,14.0,0.04900000000000001)(158.87326158721362 190.0)
(0.01,14.0,0.04900000000000001)(158.86951212012488 193.0)
(0.01,14.0,0.04900000000000001)(159.03611926602142 190.0)
(0.01,14.0,0.04900000000000001)(158.30909391996573 192.0)
(0.01,14.0,0.04900000000000001)(158.40182153906204 192.0)
(0.01,14.0,0.04900000000000001)(158.45470757011367 190.0)
(0.01,14.0,0.04900000000000001)(158.19022862422915 192.0)
(0.01,14.0,0.04900000000000001)(157.9038649558532 191.0)
(0.01,14.0,0.04900000000000001)(158.3358714462058 193.0)
(0.01,14.0,0.04900000000000001)(158.70474987052603 192.0)
(0.01,14.0,0.04900000000000001)(158.3358714462058 196.0)
(0.01,14.0,0.04900000000000001)(165.85989181798615 1.0)
(0.01,14.0,0.04900000000000001)(156.5633947787752 197.0)
(0.01,14.0,0.04900000000000001)(165.36858009311874 96.0)
(0.01,14.0,0.04900000000000001)(156.94804225173675 199.0)
(0.01,14.0,0.04900000000000001)(157.22692377455476 195.0)
(0.01,14.0,0.04900000000000001)(158.27661595066746 192.0)
(0.01,14.0,0.04900000000000001)(157.79006390137738 187.0)
(0.01,14.0,0.04900000000000001)(157.59994229977087 195.0)
(0.01,14.0,0.04900000000000001)(156.53227247493254 199.0)
(0.01,14.0,0.04900000000000001)(157.79006390137738 194.0)
(0.01,14.0,0.04900000000000001)(156.30261453396875 198.0)
(0.01,14.0,0.04900000000000001)(165.85989181798615 12.0)
(0.01 14.0 0.05200000000000001)(132.15385156712733 235.0)
(0.01,14.0,0.05200000000000001)(165.85989181798615 6.0)
(0.01,14.0,0.05200000000000001)(165.81921881755773 44.0)
(0.01,14.0,0.05200000000000001)(165.81921881755773 67.0)
(0.01,14.0,0.05200000000000001)(165.5625499683084 92.0)
(0.01,14.0,0.05200000000000001)(165.5625499683084 106.0)
(0.01,14.0,0.05200000000000001)(165.1369739076404 115.0)
(0.01,14.0,0.05200000000000001)(164.78568007670773 129.0)
(0.01,14.0,0.05200000000000001)(163.8364006870641 127.0)
(0.01,14.0,0.05200000000000001)(163.5365221147535 132.0)
(0.01,14.0,0.05200000000000001)(162.76535337619768 131.0)
(0.01,14.0,0.05200000000000001)(162.54251489118155 136.0)
(0.01,14.0,0.05200000000000001)(162.13638692040414 138.0)
(0.01,14.0,0.05200000000000001)(161.61201203777924 149.0)
(0.01,14.0,0.05200000000000001)(161.61201203777924 162.0)
(0.01,14.0,0.05200000000000001)(161.2176955980979 168.0)
(0.01,14.0,0.05200000000000001)(161.02035244650966 170.0)
(0.01,14.0,0.05200000000000001)(160.7175914616465 177.0)
(0.01,14.0,0.05200000000000001)(159.97589769619455 179.0)
(0.01,14.0,0.05200000000000001)(159.7687059028509 187.0)
(0.01,14.0,0.05200000000000001)(159.7687059028509 186.0)
(0.01,14.0,0.05200000000000001)(159.3196550844495 188.0)
(0.01,14.0,0.05200000000000001)(158.47952207950576 193.0)
(0.01,14.0,0.05200000000000001)(158.82353597200566 194.0)
(0.01,14.0,0.05200000000000001)(159.138188777302 192.0)
(0.01,14.0,0.05200000000000001)(158.30708729712498 196.0)
(0.01,14.0,0.05200000000000001)(159.5488696672296 192.0)
(0.01,14.0,0.05200000000000001)(158.98583204501418 192.0)
(0.01,14.0,0.05200000000000001)(159.6544461756031 187.0)
(0.01,14.0,0.05200000000000001)(159.44269940225223 192.0)
(0.01,14.0,0.05200000000000001)(159.70341016044188 189.0)
(0.01,14.0,0.05200000000000001)(158.90189086289652 188.0)
(0.01,14.0,0.05200000000000001)(158.3619897431694 194.0)
(0.01,14.0,0.05200000000000001)(159.6391715971413 193.0)
(0.01,14.0,0.05200000000000001)(158.96467562658626 190.0)
(0.01,14.0,0.05200000000000001)(159.445