(1.0E-12 15.0 0.01)(63.07693199520658 21.0)
(1.0E-12 15.0 0.02)(63.03025880802586 21.0)
(1.0E-12 15.0 0.03)(62.43538323362471 46.0)
(1.0E-12 15.0 0.04)(61.871082967626464 53.0)
(1.0E-12 15.0 0.05)(61.23706195005199 52.0)
(1.0E-12 15.0 0.060000000000000005)(61.69049626037969 51.0)
(1.0E-12 15.0 0.07)(61.455365508360096 52.0)
(1.0E-12 15.0 0.08)(58.9931110681948 62.0)
(1.0E-12 15.0 0.09)(51.027475192562484 75.0)
(1.0E-12 15.0 0.09999999999999999)(47.92188278202121 81.0)
(1.0E-12 15.0 0.10999999999999999)(37.896586260467075 90.0)
(1.0E-12 15.0 0.11999999999999998)(34.31291935702371 96.0)
(1.0E-12 15.0 0.12999999999999998)(34.116000150692784 97.0)
(1.0E-12 15.0 0.13999999999999999)(34.44138247489159 94.0)
(1.0E-12 15.0 0.15)(32.704163026448505 97.0)
(1.0E-12 15.0 0.16)(32.563941250744335 101.0)
(1.0E-12 15.0 0.17)(32.276601374864015 102.0)
(1.0E-12 15.0 0.18000000000000002)(31.526454340009764 105.0)
(1.0E-12 15.0 0.19000000000000003)(29.686575023850672 108.0)
(1.0E-12 15.0 0.20000000000000004)(28.394147039561695 116.0)
(1.0E-12 15.0 0.21000000000000005)(27.125910358377954 117.0)
(1.0E-12 15.0 0.22000000000000006)(27.615582688847333 116.0)
(1.0E-12 15.0 0.23000000000000007)(20.897427276681096 119.0)
(1.0E-12 15.0 0.24000000000000007)(20.540179994615947 120.0)
(1.0E-12 15.0 0.25000000000000006)(20.432937433466492 121.0)
(1.0E-12 15.0 0.26000000000000006)(20.432937433466492 122.0)
(1.0E-12 15.0 0.2700000000000001)(20.282499078385698 122.0)
(1.0E-12 15.0 0.2800000000000001)(19.234638570167142 123.0)
(1.0E-12 15.0 0.2900000000000001)(19.622143898079912 122.0)
(1.0E-12 20.0 0.01)(63.07693199520658 21.0)
(1.0E-12 20.0 0.02)(63.03025880802586 21.0)
(1.0E-12 20.0 0.03)(62.33348760187631 49.0)
(1.0E-12 20.0 0.04)(61.26955462614294 55.0)
(1.0E-12 20.0 0.05)(61.23706195005199 52.0)
(1.0E-12 20.0 0.060000000000000005)(61.69049626037969 51.0)
(1.0E-12 20.0 0.07)(61.455365508360096 52.0)
(1.0E-12 20.0 0.08)(58.9931110681948 62.0)
(1.0E-12 20.0 0.09)(51.027475192562484 75.0)
(1.0E-12 20.0 0.09999999999999999)(47.92188278202121 81.0)
(1.0E-12 20.0 0.10999999999999999)(37.896586260467075 90.0)
(1.0E-12 20.0 0.11999999999999998)(34.31291935702371 96.0)
(1.0E-12 20.0 0.12999999999999998)(34.116000150692784 97.0)
(1.0E-12 20.0 0.13999999999999999)(34.44138247489159 94.0)
(1.0E-12 20.0 0.15)(34.203720584884735 95.0)
(1.0E-12 20.0 0.16)(34.096808903324764 98.0)
(1.0E-12 20.0 0.17)(33.17014618445746 103.0)
(1.0E-12 20.0 0.18000000000000002)(31.62650323107104 104.0)
(1.0E-12 20.0 0.19000000000000003)(29.360502727630532 109.0)
(1.0E-12 20.0 0.20000000000000004)(28.394147039561695 116.0)
(1.0E-12 20.0 0.21000000000000005)(27.125910358377954 117.0)
(1.0E-12 20.0 0.22000000000000006)(27.615582688847333 116.0)
(1.0E-12 20.0 0.23000000000000007)(20.995820603628857 118.0)
(1.0E-12 20.0 0.24000000000000007)(20.772470203681962 119.0)
(1.0E-12 20.0 0.25000000000000006)(20.663996679978183 120.0)
(1.0E-12 20.0 0.26000000000000006)(20.663996679978183 121.0)
(1.0E-12 20.0 0.2700000000000001)(20.282499078385698 122.0)
(1.0E-12 20.0 0.2800000000000001)(19.320657669224488 124.0)
(1.0E-12 20.0 0.2900000000000001)(19.320657669224488 124.0)
(1.0E-12 25.0 0.01)(63.07693199520658 21.0)
(1.0E-12 25.0 0.02)(63.03025880802586 21.0)
(1.0E-12 25.0 0.03)(61.07703180915441 56.0)
(1.0E-12 25.0 0.04)(61.07703180915441 56.0)
(1.0E-12 25.0 0.05)(59.97325233815776 56.0)
(1.0E-12 25.0 0.060000000000000005)(61.69049626037969 51.0)
(1.0E-12 25.0 0.07)(61.455365508360096 52.0)
(1.0E-12 25.0 0.08)(58.9931110681948 62.0)
(1.0E-12 25.0 0.09)(51.027475192562484 75.0)
(1.0E-12 25.0 0.09999999999999999)(47.92188278202121 81.0)
(1.0E-12 25.0 0.10999999999999999)(37.896586260467075 90.0)
(1.0E-12 25.0 0.11999999999999998)(34.31291935702371 96.0)
(1.0E-12 25.0 0.12999999999999998)(34.116000150692784 97.0)
(1.0E-12 25.0 0.13999999999999999)(34.44138247489159 94.0)
(1.0E-12 25.0 0.15)(34.203720584884735 95.0)
(1.0E-12 25.0 0.16)(34.096808903324764 98.0)
(1.0E-12 25.0 0.17)(33.17014618445746 103.0)
(1.0E-12 25.0 0.18000000000000002)(31.19903802730654 105.0)
(1.0E-12 25.0 0.19000000000000003)(28.935934094470053 110.0)
(1.0E-12 25.0 0.20000000000000004)(28.394147039561695 116.0)
(1.0E-12 25.0 0.21000000000000005)(27.125910358377954 117.0)
(1.0E-12 25.0 0.22000000000000006)(27.615582688847333 116.0)
(1.0E-12 25.0 0.23000000000000007)(20.995820603628857 118.0)
(1.0E-12 25.0 0.24000000000000007)(20.772470203681962 119.0)
(1.0E-12 25.0 0.25000000000000006)(20.663996679978183 120.0)
(1.0E-12 25.0 0.26000000000000006)(20.663996679978183 121.0)
(1.0E-12 25.0 0.2700000000000001)(20.282499078385698 122.0)
(1.0E-12 25.0 0.2800000000000001)(19.320657669224488 124.0)
(1.0E-12 25.0 0.2900000000000001)(19.320657669224488 124.0)
(1.0E-12 30.0 0.01)(63.07693199520658 21.0)
(1.0E-12 30.0 0.02)(63.03025880802586 21.0)
(1.0E-12 30.0 0.03)(61.07703180915441 56.0)
(1.0E-12 30.0 0.04)(61.07703180915441 56.0)
(1.0E-12 30.0 0.05)(59.97325233815776 56.0)
(1.0E-12 30.0 0.060000000000000005)(60.86823620337783 53.0)
(1.0E-12 30.0 0.07)(60.4496256816593 54.0)
(1.0E-12 30.0 0.08)(58.9931110681948 62.0)
(1.0E-12 30.0 0.09)(51.027475192562484 75.0)
(1.0E-12 30.0 0.09999999999999999)(47.92188278202121 81.0)
(1.0E-12 30.0 0.10999999999999999)(37.896586260467075 90.0)
(1.0E-12 30.0 0.11999999999999998)(34.31291935702371 96.0)
(1.0E-12 30.0 0.12999999999999998)(34.116000150692784 97.0)
(1.0E-12 30.0 0.13999999999999999)(34.44138247489159 94.0)
(1.0E-12 30.0 0.15)(34.203720584884735 95.0)
(1.0E-12 30.0 0.16)(34.096808903324764 98.0)
(1.0E-12 30.0 0.17)(33.17014618445746 103.0)
(1.0E-12 30.0 0.18000000000000002)(31.19903802730654 105.0)
(1.0E-12 30.0 0.19000000000000003)(28.935934094470053 110.0)
(1.0E-12 30.0 0.20000000000000004)(28.394147039561695 116.0)
(1.0E-12 30.0 0.21000000000000005)(27.125910358377954 117.0)
(1.0E-12 30.0 0.22000000000000006)(27.615582688847333 116.0)
(1.0E-12 30.0 0.23000000000000007)(20.995820603628857 118.0)
(1.0E-12 30.0 0.24000000000000007)(20.772470203681962 119.0)
(1.0E-12 30.0 0.25000000000000006)(20.663996679978183 120.0)
(1.0E-12 30.0 0.26000000000000006)(20.663996679978183 121.0)
(1.0E-12 30.0 0.2700000000000001)(20.282499078385698 122.0)
(1.0E-12 30.0 0.2800000000000001)(19.320657669224488 124.0)
(1.0E-12 30.0 0.2900000000000001)(19.320657669224488 124.0)
(1.0E-12 35.0 0.01)(63.07693199520658 19.0)
(1.0E-12 35.0 0.02)(63.03025880802586 21.0)
(1.0E-12 35.0 0.03)(60.72958330111397 59.0)
(1.0E-12 35.0 0.04)(61.07703180915441 56.0)
(1.0E-12 35.0 0.05)(57.426160407688 60.0)
(1.0E-12 35.0 0.060000000000000005)(60.60557158816556 55.0)
(1.0E-12 35.0 0.07)(60.131950222702756 56.0)
(1.0E-12 35.0 0.08)(58.9931110681948 63.0)
(1.0E-12 35.0 0.09)(43.915443841174934 77.0)
(1.0E-12 35.0 0.09999999999999999)(37.84190086495205 85.0)
(1.0E-12 35.0 0.10999999999999999)(37.896586260467075 90.0)
(1.0E-12 35.0 0.11999999999999998)(34.31291935702371 96.0)
(1.0E-12 35.0 0.12999999999999998)(31.433115074935316 96.0)
(1.0E-12 35.0 0.13999999999999999)(30.093181014833775 97.0)
(1.0E-12 35.0 0.15)(29.86140947654653 98.0)
(1.0E-12 35.0 0.16)(29.625051292850745 101.0)
(1.0E-12 35.0 0.17)(29.029905675127 105.0)
(1.0E-12 35.0 0.18000000000000002)(31.19903802730654 105.0)
(1.0E-12 35.0 0.19000000000000003)(28.935934094470053 110.0)
(1.0E-12 35.0 0.20000000000000004)(28.680731819570727 114.0)
(1.0E-12 35.0 0.21000000000000005)(28.223214957951342 115.0)
(1.0E-12 35.0 0.22000000000000006)(27.615582688847333 116.0)
(1.0E-12 35.0 0.23000000000000007)(20.995820603628857 118.0)
(1.0E-12 35.0 0.24000000000000007)(20.772470203681962 119.0)
(1.0E-12 35.0 0.25000000000000006)(20.663996679978183 120.0)
(1.0E-12 35.0 0.26000000000000006)(20.663996679978183 121.0)
(1.0E-12 35.0 0.2700000000000001)(20.282499078385698 122.0)
(1.0E-12 35.0 0.2800000000000001)(19.320657669224488 124.0)
(1.0E-12 35.0 0.2900000000000001)(19.320657669224488 124.0)
(1.0E-12 40.0 0.01)(63.07693199520658 23.0)
(1.0E-12 40.0 0.02)(63.03025880802586 21.0)
(1.0E-12 40.0 0.03)(60.72958330111397 57.0)
(1.0E-12 40.0 0.04)(60.72958330111397 59.0)
(1.0E-12 40.0 0.05)(57.426160407688 60.0)
(1.0E-12 40.0 0.060000000000000005)(58.89769528626027 57.0)
(1.0E-12 40.0 0.07)(60.131950222702756 56.0)
(1.0E-12 40.0 0.08)(58.9931110681948 63.0)
(1.0E-12 40.0 0.09)(43.915443841174934 77.0)
(1.0E-12 40.0 0.09999999999999999)(37.84190086495205 85.0)
(1.0E-12 40.0 0.10999999999999999)(33.50235387397399 92.0)
(1.0E-12 40.0 0.11999999999999998)(28.52767849114515 98.0)
(1.0E-12 40.0 0.12999999999999998)(28.287660768672964 100.0)
(1.0E-12 40.0 0.13999999999999999)(30.093181014833775 97.0)
(1.0E-12 40.0 0.15)(29.86140947654653 98.0)
(1.0E-12 40.0 0.16)(29.625051292850745 101.0)
(1.0E-12 40.0 0.17)(29.029905675127 105.0)
(1.0E-12 40.0 0.18000000000000002)(29.746465003731757 107.0)
(1.0E-12 40.0 0.19000000000000003)(26.27396491660556 112.0)
(1.0E-12 40.0 0.20000000000000004)(28.680731819570727 114.0)
(1.0E-12 40.0 0.21000000000000005)(28.223214957951342 115.0)
(1.0E-12 40.0 0.22000000000000006)(28.223214957951342 115.0)
(1.0E-12 40.0 0.23000000000000007)(21.411418456663938 117.0)
(1.0E-12 40.0 0.24000000000000007)(21.19363893640703 118.0)
(1.0E-12 40.0 0.25000000000000006)(21.087710611564404 119.0)
(1.0E-12 40.0 0.26000000000000006)(21.087710611564404 120.0)
(1.0E-12 40.0 0.2700000000000001)(20.828393600769274 122.0)
(1.0E-12 40.0 0.2800000000000001)(19.774159215261633 123.0)
(1.0E-12 40.0 0.2900000000000001)(19.320657669224488 124.0)
(1.0E-12 45.0 0.01)(63.07693199520658 23.0)
(1.0E-12 45.0 0.02)(63.03025880802586 21.0)
(1.0E-12 45.0 0.03)(60.72958330111397 57.0)
(1.0E-12 45.0 0.04)(60.72958330111397 59.0)
(1.0E-12 45.0 0.05)(55.799498774962174 68.0)
(1.0E-12 45.0 0.060000000000000005)(58.89769528626027 57.0)
(1.0E-12 45.0 0.07)(60.131950222702756 56.0)
(1.0E-12 45.0 0.08)(58.9931110681948 63.0)
(1.0E-12 45.0 0.09)(43.915443841174934 77.0)
(1.0E-12 45.0 0.09999999999999999)(37.84190086495205 85.0)
(1.0E-12 45.0 0.10999999999999999)(33.50235387397399 92.0)
(1.0E-12 45.0 0.11999999999999998)(28.52767849114515 98.0)
(1.0E-12 45.0 0.12999999999999998)(28.287660768672964 100.0)
(1.0E-12 45.0 0.13999999999999999)(27.653491968244154 101.0)
(1.0E-12 45.0 0.15)(27.414646777453296 102.0)
(1.0E-12 45.0 0.16)(27.414646777453296 102.0)
(1.0E-12 45.0 0.17)(29.029905675127 105.0)
(1.0E-12 45.0 0.18000000000000002)(27.193328840041623 108.0)
(1.0E-12 45.0 0.19000000000000003)(26.27396491660556 112.0)
(1.0E-12 45.0 0.20000000000000004)(28.680731819570727 114.0)
(1.0E-12 45.0 0.21000000000000005)(28.223214957951342 115.0)
(1.0E-12 45.0 0.22000000000000006)(28.223214957951342 115.0)
(1.0E-12 45.0 0.23000000000000007)(21.411418456663938 117.0)
(1.0E-12 45.0 0.24000000000000007)(21.19363893640703 118.0)
(1.0E-12 45.0 0.25000000000000006)(21.087710611564404 119.0)
(1.0E-12 45.0 0.26000000000000006)(21.087710611564404 120.0)
(1.0E-12 45.0 0.2700000000000001)(20.828393600769274 122.0)
(1.0E-12 45.0 0.2800000000000001)(19.774159215261633 123.0)
(1.0E-12 45.0 0.2900000000000001)(19.774159215261633 123.0)
(1.0E-12 50.0 0.01)(63.07693199520658 23.0)
(1.0E-12 50.0 0.02)(63.03025880802586 21.0)
(1.0E-12 50.0 0.03)(60.72958330111397 57.0)
(1.0E-12 50.0 0.04)(60.72958330111397 57.0)
(1.0E-12 50.0 0.05)(55.799498774962174 68.0)
(1.0E-12 50.0 0.060000000000000005)(58.89769528626027 57.0)
(1.0E-12 50.0 0.07)(58.3535281227391 58.0)
(1.0E-12 50.0 0.08)(57.884300327522986 64.0)
(1.0E-12 50.0 0.09)(43.915443841174934 77.0)
(1.0E-12 50.0 0.09999999999999999)(37.84190086495205 85.0)
(1.0E-12 50.0 0.10999999999999999)(33.50235387397399 92.0)
(1.0E-12 50.0 0.11999999999999998)(28.52767849114515 98.0)
(1.0E-12 50.0 0.12999999999999998)(28.287660768672964 100.0)
(1.0E-12 50.0 0.13999999999999999)(27.653491968244154 101.0)
(1.0E-12 50.0 0.15)(27.414646777453296 102.0)
(1.0E-12 50.0 0.16)(27.414646777453296 102.0)
(1.0E-12 50.0 0.17)(27.161700958045056 103.0)
(1.0E-12 50.0 0.18000000000000002)(27.193328840041623 108.0)
(1.0E-12 50.0 0.19000000000000003)(26.27396491660556 112.0)
(1.0E-12 50.0 0.20000000000000004)(28.680731819570727 114.0)
(1.0E-12 50.0 0.21000000000000005)(28.223214957951342 115.0)
(1.0E-12 50.0 0.22000000000000006)(28.223214957951342 115.0)
(1.0E-12 50.0 0.23000000000000007)(21.411418456663938 117.0)
(1.0E-12 50.0 0.24000000000000007)(21.19363893640703 118.0)
(1.0E-12 50.0 0.25000000000000006)(21.087710611564404 119.0)
(1.0E-12 50.0 0.26000000000000006)(21.087710611564404 120.0)
(1.0E-12 50.0 0.2700000000000001)(20.828393600769274 122.0)
(1.0E-12 50.0 0.2800000000000001)(19.774159215261633 123.0)
(1.0E-12 50.0 0.2900000000000001)(19.774159215261633 123.0)
(1.0E-12 55.0 0.01)(63.07693199520658 23.0)
(1.0E-12 55.0 0.02)(63.03025880802586 21.0)
(1.0E-12 55.0 0.03)(60.72958330111397 57.0)
(1.0E-12 55.0 0.04)(60.72958330111397 57.0)
(1.0E-12 55.0 0.05)(58.77983181081638 64.0)
(1.0E-12 55.0 0.060000000000000005)(56.446142664865164 66.0)
(1.0E-12 55.0 0.07)(58.3535281227391 58.0)
(1.0E-12 55.0 0.08)(57.884300327522986 64.0)
(1.0E-12 55.0 0.09)(43.669868170361234 80.0)
(1.0E-12 55.0 0.09999999999999999)(37.53502652600001 88.0)
(1.0E-12 55.0 0.10999999999999999)(32.565262404722255 94.0)
(1.0E-12 55.0 0.11999999999999998)(28.52767849114515 98.0)
(1.0E-12 55.0 0.12999999999999998)(28.287660768672964 100.0)
(1.0E-12 55.0 0.13999999999999999)(27.653491968244154 101.0)
(1.0E-12 55.0 0.15)(27.414646777453296 102.0)
(1.0E-12 55.0 0.16)(27.414646777453296 102.0)
(1.0E-12 55.0 0.17)(27.161700958045056 103.0)
(1.0E-12 55.0 0.18000000000000002)(25.26555404520311 108.0)
(1.0E-12 55.0 0.19000000000000003)(21.368342622084647 113.0)
(1.0E-12 55.0 0.20000000000000004)(28.680731819570727 114.0)
(1.0E-12 55.0 0.21000000000000005)(28.223214957951342 115.0)
(1.0E-12 55.0 0.22000000000000006)(28.223214957951342 115.0)
(1.0E-12 55.0 0.23000000000000007)(21.411418456663938 117.0)
(1.0E-12 55.0 0.24000000000000007)(21.19363893640703 118.0)
(1.0E-12 55.0 0.25000000000000006)(21.087710611564404 119.0)
(1.0E-12 55.0 0.26000000000000006)(21.087710611564404 120.0)
(1.0E-12 55.0 0.2700000000000001)(20.828393600769274 122.0)
(1.0E-12 55.0 0.2800000000000001)(19.774159215261633 123.0)
(1.0E-12 55.0 0.2900000000000001)(19.774159215261633 123.0)
(1.0E-12 60.0 0.01)(63.07693199520658 23.0)
(1.0E-12 60.0 0.02)(63.03025880802586 21.0)
(1.0E-12 60.0 0.03)(60.72958330111397 57.0)
(1.0E-12 60.0 0.04)(60.47444650591199 58.0)
(1.0E-12 60.0 0.05)(58.30213798788036 65.0)
(1.0E-12 60.0 0.060000000000000005)(56.446142664865164 66.0)
(1.0E-12 60.0 0.07)(58.3535281227391 58.0)
(1.0E-12 60.0 0.08)(57.884300327522986 64.0)
(1.0E-12 60.0 0.09)(43.669868170361234 80.0)
(1.0E-12 60.0 0.09999999999999999)(37.53502652600001 88.0)
(1.0E-12 60.0 0.10999999999999999)(32.565262404722255 94.0)
(1.0E-12 60.0 0.11999999999999998)(27.592276779590858 100.0)
(1.0E-12 60.0 0.12999999999999998)(27.356387636235766 102.0)
(1.0E-12 60.0 0.13999999999999999)(27.356387636235766 102.0)
(1.0E-12 60.0 0.15)(27.121469184717416 103.0)
(1.0E-12 60.0 0.16)(27.47095087388432 100.0)
(1.0E-12 60.0 0.17)(27.161700958045056 103.0)
(1.0E-12 60.0 0.18000000000000002)(25.26555404520311 108.0)
(1.0E-12 60.0 0.19000000000000003)(21.368342622084647 113.0)
(1.0E-12 60.0 0.20000000000000004)(28.680731819570727 114.0)
(1.0E-12 60.0 0.21000000000000005)(28.223214957951342 115.0)
(1.0E-12 60.0 0.22000000000000006)(28.223214957951342 115.0)
(1.0E-12 60.0 0.23000000000000007)(21.411418456663938 117.0)
(1.0E-12 60.0 0.24000000000000007)(21.19363893640703 118.0)
(1.0E-12 60.0 0.25000000000000006)(21.087710611564404 119.0)
(1.0E-12 60.0 0.26000000000000006)(21.087710611564404 120.0)
(1.0E-12 60.0 0.2700000000000001)(20.828393600769274 122.0)
(1.0E-12 60.0 0.2800000000000001)(19.774159215261633 123.0)
(1.0E-12 60.0 0.2900000000000001)(19.774159215261633 123.0)
(1.0E-12 65.0 0.01)(63.07693199520658 23.0)
(1.0E-12 65.0 0.02)(63.01650861089896 29.0)
(1.0E-12 65.0 0.03)(60.72958330111397 57.0)
(1.0E-12 65.0 0.04)(60.47444650591199 58.0)
(1.0E-12 65.0 0.05)(58.30213798788036 65.0)
(1.0E-12 65.0 0.060000000000000005)(56.446142664865164 66.0)
(1.0E-12 65.0 0.07)(55.89616704466477 67.0)
(1.0E-12 65.0 0.08)(54.91491945852512 75.0)
(1.0E-12 65.0 0.09)(43.669868170361234 80.0)
(1.0E-12 65.0 0.09999999999999999)(37.53502652600001 88.0)
(1.0E-12 65.0 0.10999999999999999)(32.565262404722255 94.0)
(1.0E-12 65.0 0.11999999999999998)(27.592276779590858 100.0)
(1.0E-12 65.0 0.12999999999999998)(27.356387636235766 102.0)
(1.0E-12 65.0 0.13999999999999999)(27.356387636235766 102.0)
(1.0E-12 65.0 0.15)(27.121469184717416 103.0)
(1.0E-12 65.0 0.16)(27.47095087388432 100.0)
(1.0E-12 65.0 0.17)(26.87121987241992 104.0)
(1.0E-12 65.0 0.18000000000000002)(24.86050385025365 109.0)
(1.0E-12 65.0 0.19000000000000003)(20.94427877649288 114.0)
(1.0E-12 65.0 0.20000000000000004)(28.680731819570727 114.0)
(1.0E-12 65.0 0.21000000000000005)(28.223214957951342 115.0)
(1.0E-12 65.0 0.22000000000000006)(28.223214957951342 115.0)
(1.0E-12 65.0 0.23000000000000007)(21.411418456663938 117.0)
(1.0E-12 65.0 0.24000000000000007)(21.19363893640703 118.0)
(1.0E-12 65.0 0.25000000000000006)(21.087710611564404 119.0)
(1.0E-12 65.0 0.26000000000000006)(21.087710611564404 120.0)
(1.0E-12 65.0 0.2700000000000001)(20.828393600769274 122.0)
(1.0E-12 65.0 0.2800000000000001)(19.774159215261633 123.0)
(1.0E-12 65.0 0.2900000000000001)(19.774159215261633 123.0)
(1.0E-12 70.0 0.01)(63.07693199520658 23.0)
(1.0E-12 70.0 0.02)(63.01650861089896 29.0)
(1.0E-12 70.0 0.03)(60.72958330111397 57.0)
(1.0E-12 70.0 0.04)(60.47444650591199 58.0)
(1.0E-12 70.0 0.05)(58.30213798788036 65.0)
(1.0E-12 70.0 0.060000000000000005)(56.446142664865164 66.0)
(1.0E-12 70.0 0.07)(55.89616704466477 67.0)
(1.0E-12 70.0 0.08)(54.91491945852512 75.0)
(1.0E-12 70.0 0.09)(40.175786048674595 83.0)
(1.0E-12 70.0 0.09999999999999999)(34.09237334296671 91.0)
(1.0E-12 70.0 0.10999999999999999)(32.565262404722255 94.0)
(1.0E-12 70.0 0.11999999999999998)(27.592276779590858 100.0)
(1.0E-12 70.0 0.12999999999999998)(27.356387636235766 102.0)
(1.0E-12 70.0 0.13999999999999999)(27.356387636235766 102.0)
(1.0E-12 70.0 0.15)(27.121469184717416 103.0)
(1.0E-12 70.0 0.16)(27.47095087388432 100.0)
(1.0E-12 70.0 0.17)(26.87121987241992 104.0)
(1.0E-12 70.0 0.18000000000000002)(24.86050385025365 109.0)
(1.0E-12 70.0 0.19000000000000003)(20.94427877649288 114.0)
(1.0E-12 70.0 0.20000000000000004)(28.680731819570727 114.0)
(1.0E-12 70.0 0.21000000000000005)(28.223214957951342 115.0)
(1.0E-12 70.0 0.22000000000000006)(28.223214957951342 115.0)
(1.0E-12 70.0 0.23000000000000007)(21.411418456663938 117.0)
(1.0E-12 70.0 0.24000000000000007)(21.19363893640703 118.0)
(1.0E-12 70.0 0.25000000000000006)(21.087710611564404 119.0)
(1.0E-12 70.0 0.26000000000000006)(21.087710611564404 120.0)
(1.0E-12 70.0 0.2700000000000001)(20.828393600769274 122.0)
(1.0E-12 70.0 0.2800000000000001)(19.774159215261633 123.0)
(1.0E-12 70.0 0.2900000000000001)(19.774159215261633 123.0)
(1.0E-12 75.0 0.01)(63.07693199520658 23.0)
(1.0E-12 75.0 0.02)(63.01650861089896 29.0)
(1.0E-12 75.0 0.03)(60.72958330111397 57.0)
(1.0E-12 75.0 0.04)(60.47444650591199 58.0)
(1.0E-12 75.0 0.05)(58.30213798788036 65.0)
(1.0E-12 75.0 0.060000000000000005)(56.446142664865164 66.0)
(1.0E-12 75.0 0.07)(55.89616704466477 67.0)
(1.0E-12 75.0 0.08)(54.91491945852512 75.0)
(1.0E-12 75.0 0.09)(40.175786048674595 83.0)
(1.0E-12 75.0 0.09999999999999999)(34.09237334296671 91.0)
(1.0E-12 75.0 0.10999999999999999)(30.358884791463396 96.0)
(1.0E-12 75.0 0.11999999999999998)(32.35327968220606 100.0)
(1.0E-12 75.0 0.12999999999999998)(26.608316264886575 102.0)
(1.0E-12 75.0 0.13999999999999999)(26.608316264886575 102.0)
(1.0E-12 75.0 0.15)(27.121469184717416 103.0)
(1.0E-12 75.0 0.16)(27.47095087388432 100.0)
(1.0E-12 75.0 0.17)(26.87121987241992 104.0)
(1.0E-12 75.0 0.18000000000000002)(24.86050385025365 109.0)
(1.0E-12 75.0 0.19000000000000003)(20.94427877649288 114.0)
(1.0E-12 75.0 0.20000000000000004)(28.680731819570727 114.0)
(1.0E-12 75.0 0.21000000000000005)(28.223214957951342 115.0)
(1.0E-12 75.0 0.22000000000000006)(28.223214957951342 115.0)
(1.0E-12 75.0 0.23000000000000007)(21.411418456663938 117.0)
(1.0E-12 75.0 0.24000000000000007)(21.19363893640703 118.0)
(1.0E-12 75.0 0.25000000000000006)(21.087710611564404 119.0)
(1.0E-12 75.0 0.26000000000000006)(21.087710611564404 120.0)
(1.0E-12 75.0 0.2700000000000001)(20.828393600769274 122.0)
(1.0E-12 75.0 0.2800000000000001)(19.774159215261633 123.0)
(1.0E-12 75.0 0.2900000000000001)(19.774159215261633 123.0)
(1.0E-12 80.0 0.01)(63.07693199520658 23.0)
(1.0E-12 80.0 0.02)(63.01650861089896 29.0)
(1.0E-12 80.0 0.03)(60.72958330111397 57.0)
(1.0E-12 80.0 0.04)(60.47444650591199 58.0)
(1.0E-12 80.0 0.05)(58.30213798788036 65.0)
(1.0E-12 80.0 0.060000000000000005)(56.446142664865164 66.0)
(1.0E-12 80.0 0.07)(55.89616704466477 67.0)
(1.0E-12 80.0 0.08)(54.91491945852512 75.0)
(1.0E-12 80.0 0.09)(40.175786048674595 83.0)
(1.0E-12 80.0 0.09999999999999999)(34.09237334296671 91.0)
(1.0E-12 80.0 0.10999999999999999)(31.57857519128783 96.0)
(1.0E-12 80.0 0.11999999999999998)(35.374179024792234 98.0)
(1.0E-12 80.0 0.12999999999999998)(26.608316264886575 102.0)
(1.0E-12 80.0 0.13999999999999999)(26.608316264886575 102.0)
(1.0E-12 80.0 0.15)(26.382837774016867 103.0)
(1.0E-12 80.0 0.16)(27.47095087388432 100.0)
(1.0E-12 80.0 0.17)(26.87121987241992 104.0)
(1.0E-12 80.0 0.18000000000000002)(24.86050385025365 109.0)
(1.0E-12 80.0 0.19000000000000003)(20.94427877649288 114.0)
(1.0E-12 80.0 0.20000000000000004)(27.65607897134468 115.0)
(1.0E-12 80.0 0.21000000000000005)(20.04395042616663 118.0)
(1.0E-12 80.0 0.22000000000000006)(28.223214957951342 115.0)
(1.0E-12 80.0 0.23000000000000007)(21.411418456663938 117.0)
(1.0E-12 80.0 0.24000000000000007)(21.19363893640703 118.0)
(1.0E-12 80.0 0.25000000000000006)(21.087710611564404 119.0)
(1.0E-12 80.0 0.26000000000000006)(21.087710611564404 120.0)
(1.0E-12 80.0 0.2700000000000001)(20.828393600769274 122.0)
(1.0E-12 80.0 0.2800000000000001)(19.774159215261633 123.0)
(1.0E-12 80.0 0.2900000000000001)(19.774159215261633 123.0)
(1.0E-12 85.0 0.01)(63.07693199520658 23.0)
(1.0E-12 85.0 0.02)(63.01650861089896 29.0)
(1.0E-12 85.0 0.03)(60.72958330111397 57.0)
(1.0E-12 85.0 0.04)(60.47444650591199 58.0)
(1.0E-12 85.0 0.05)(58.30213798788036 65.0)
(1.0E-12 85.0 0.060000000000000005)(56.446142664865164 66.0)
(1.0E-12 85.0 0.07)(55.89616704466477 67.0)
(1.0E-12 85.0 0.08)(54.779514412679994 76.0)
(1.0E-12 85.0 0.09)(39.89700371621759 84.0)
(1.0E-12 85.0 0.09999999999999999)(35.94183708855013 90.0)
(1.0E-12 85.0 0.10999999999999999)(35.57189484972599 96.0)
(1.0E-12 85.0 0.11999999999999998)(33.20335956258476 100.0)
(1.0E-12 85.0 0.12999999999999998)(29.522129707902593 101.0)
(1.0E-12 85.0 0.13999999999999999)(26.608316264886575 102.0)
(1.0E-12 85.0 0.15)(26.382837774016867 103.0)
(1.0E-12 85.0 0.16)(26.726205842336256 100.0)
(1.0E-12 85.0 0.17)(26.139106024671662 104.0)
(1.0E-12 85.0 0.18000000000000002)(24.113623788223514 109.0)
(1.0E-12 85.0 0.19000000000000003)(20.464520056456884 115.0)
(1.0E-12 85.0 0.20000000000000004)(27.65607897134468 115.0)
(1.0E-12 85.0 0.21000000000000005)(20.04395042616663 118.0)
(1.0E-12 85.0 0.22000000000000006)(20.04395042616663 118.0)
(1.0E-12 85.0 0.23000000000000007)(20.04395042616663 118.0)
(1.0E-12 85.0 0.24000000000000007)(21.19363893640703 118.0)
(1.0E-12 85.0 0.25000000000000006)(21.087710611564404 119.0)
(1.0E-12 85.0 0.26000000000000006)(21.087710611564404 120.0)
(1.0E-12 85.0 0.2700000000000001)(20.828393600769274 122.0)
(1.0E-12 85.0 0.2800000000000001)(19.774159215261633 123.0)
(1.0E-12 85.0 0.2900000000000001)(19.774159215261633 123.0)
(1.0E-12 90.0 0.01)(63.07693199520658 23.0)
(1.0E-12 90.0 0.02)(63.01650861089896 29.0)
(1.0E-12 90.0 0.03)(60.72958330111397 57.0)
(1.0E-12 90.0 0.04)(60.47444650591199 58.0)
(1.0E-12 90.0 0.05)(58.30213798788036 65.0)
(1.0E-12 90.0 0.060000000000000005)(56.446142664865164 66.0)
(1.0E-12 90.0 0.07)(55.89616704466477 67.0)
(1.0E-12 90.0 0.08)(54.779514412679994 76.0)
(1.0E-12 90.0 0.09)(39.89700371621759 84.0)
(1.0E-12 90.0 0.09999999999999999)(35.390885400409346 91.0)
(1.0E-12 90.0 0.10999999999999999)(41.170373313284315 96.0)
(1.0E-12 90.0 0.11999999999999998)(38.690176585652594 100.0)
(1.0E-12 90.0 0.12999999999999998)(29.474324381861113 101.0)
(1.0E-12 90.0 0.13999999999999999)(23.99805406020725 101.0)
(1.0E-12 90.0 0.15)(26.382837774016867 103.0)
(1.0E-12 90.0 0.16)(26.726205842336256 100.0)
(1.0E-12 90.0 0.17)(26.139106024671662 104.0)
(1.0E-12 90.0 0.18000000000000002)(24.113623788223514 109.0)
(1.0E-12 90.0 0.19000000000000003)(20.464520056456884 115.0)
(1.0E-12 90.0 0.20000000000000004)(28.689883393656835 112.0)
(1.0E-12 90.0 0.21000000000000005)(28.361196904141032 114.0)
(1.0E-12 90.0 0.22000000000000006)(20.04395042616663 118.0)
(1.0E-12 90.0 0.23000000000000007)(20.04395042616663 118.0)
(1.0E-12 90.0 0.24000000000000007)(19.847449789729495 119.0)
(1.0E-12 90.0 0.25000000000000006)(19.751351134782077 120.0)
(1.0E-12 90.0 0.26000000000000006)(21.087710611564404 120.0)
(1.0E-12 90.0 0.2700000000000001)(20.828393600769274 122.0)
(1.0E-12 90.0 0.2800000000000001)(19.774159215261633 123.0)
(1.0E-12 90.0 0.2900000000000001)(19.774159215261633 123.0)
(1.0E-12 95.0 0.01)(63.07693199520658 23.0)
(1.0E-12 95.0 0.02)(63.01650861089896 29.0)
(1.0E-12 95.0 0.03)(60.72958330111397 57.0)
(1.0E-12 95.0 0.04)(60.47444650591199 58.0)
(1.0E-12 95.0 0.05)(58.30213798788036 65.0)
(1.0E-12 95.0 0.060000000000000005)(56.446142664865164 66.0)
(1.0E-12 95.0 0.07)(55.89616704466477 67.0)
(1.0E-12 95.0 0.08)(54.779514412679994 76.0)
(1.0E-12 95.0 0.09)(39.89700371621759 84.0)
(1.0E-12 95.0 0.09999999999999999)(35.390885400409346 91.0)
(1.0E-12 95.0 0.10999999999999999)(41.170373313284315 96.0)
(1.0E-12 95.0 0.11999999999999998)(38.690176585652594 100.0)
(1.0E-12 95.0 0.12999999999999998)(29.474324381861113 101.0)
(1.0E-12 95.0 0.13999999999999999)(29.474324381861113 101.0)
(1.0E-12 95.0 0.15)(29.474324381861113 101.0)
(1.0E-12 95.0 0.16)(29.474324381861113 101.0)
(1.0E-12 95.0 0.17)(29.703373899125523 104.0)
(1.0E-12 95.0 0.18000000000000002)(30.04867958277371 107.0)
(1.0E-12 95.0 0.19000000000000003)(29.260244049580255 108.0)
(1.0E-12 95.0 0.20000000000000004)(28.689883393656835 112.0)
(1.0E-12 95.0 0.21000000000000005)(28.361196904141032 114.0)
(1.0E-12 95.0 0.22000000000000006)(28.361196904141032 114.0)
(1.0E-12 95.0 0.23000000000000007)(28.446653979567156 113.0)
(1.0E-12 95.0 0.24000000000000007)(21.95156159650702 116.0)
(1.0E-12 95.0 0.25000000000000006)(21.85546294155961 117.0)
(1.0E-12 95.0 0.26000000000000006)(19.483277236705195 120.0)
(1.0E-12 95.0 0.2700000000000001)(19.25071377662042 122.0)
(1.0E-12 95.0 0.2800000000000001)(18.49583152681784 124.0)
(1.0E-12 95.0 0.2900000000000001)(18.49583152681784 124.0)
(1.0E-12 100.0 0.01)(63.07693199520658 23.0)
(1.0E-12 100.0 0.02)(63.01650861089896 29.0)
(1.0E-12 100.0 0.03)(60.72958330111397 57.0)
(1.0E-12 100.0 0.04)(60.47444650591199 58.0)
(1.0E-12 100.0 0.05)(58.30213798788036 65.0)
(1.0E-12 100.0 0.060000000000000005)(56.446142664865164 66.0)
(1.0E-12 100.0 0.07)(55.89616704466477 67.0)
(1.0E-12 100.0 0.08)(54.779514412679994 76.0)
(1.0E-12 100.0 0.09)(39.89700371621759 84.0)
(1.0E-12 100.0 0.09999999999999999)(35.390885400409346 91.0)
(1.0E-12 100.0 0.10999999999999999)(41.170373313284315 96.0)
(1.0E-12 100.0 0.11999999999999998)(38.690176585652594 100.0)
(1.0E-12 100.0 0.12999999999999998)(29.474324381861113 101.0)
(1.0E-12 100.0 0.13999999999999999)(29.474324381861113 101.0)
(1.0E-12 100.0 0.15)(29.474324381861113 101.0)
(1.0E-12 100.0 0.16)(29.474324381861113 101.0)
(1.0E-12 100.0 0.17)(29.703373899125523 104.0)
(1.0E-12 100.0 0.18000000000000002)(30.04867958277371 107.0)
(1.0E-12 100.0 0.19000000000000003)(29.260244049580255 108.0)
(1.0E-12 100.0 0.20000000000000004)(28.689883393656835 112.0)
(1.0E-12 100.0 0.21000000000000005)(28.361196904141032 114.0)
(1.0E-12 100.0 0.22000000000000006)(28.361196904141032 114.0)
(1.0E-12 100.0 0.23000000000000007)(28.446653979567156 113.0)
(1.0E-12 100.0 0.24000000000000007)(21.95156159650702 116.0)
(1.0E-12 100.0 0.25000000000000006)(21.85546294155961 117.0)
(1.0E-12 100.0 0.26000000000000006)(19.483277236705195 120.0)
(1.0E-12 100.0 0.2700000000000001)(19.25071377662042 122.0)
(1.0E-12 100.0 0.2800000000000001)(19.25071377662042 122.0)
(1.0E-12 100.0 0.2900000000000001)(19.25071377662042 122.0)
(1.0E-12 105.0 0.01)(63.07693199520658 23.0)
(1.0E-12 105.0 0.02)(63.01650861089896 29.0)
(1.0E-12 105.0 0.03)(60.72958330111397 57.0)
(1.0E-12 105.0 0.04)(60.47444650591199 58.0)
(1.0E-12 105.0 0.05)(58.30213798788036 65.0)
(1.0E-12 105.0 0.060000000000000005)(56.446142664865164 66.0)
(1.0E-12 105.0 0.07)(55.89616704466477 67.0)
(1.0E-12 105.0 0.08)(54.779514412679994 76.0)
(1.0E-12 105.0 0.09)(39.89700371621759 84.0)
(1.0E-12 105.0 0.09999999999999999)(35.390885400409346 91.0)
(1.0E-12 105.0 0.10999999999999999)(41.170373313284315 96.0)
(1.0E-12 105.0 0.11999999999999998)(38.690176585652594 100.0)
(1.0E-12 105.0 0.12999999999999998)(29.474324381861113 101.0)
(1.0E-12 105.0 0.13999999999999999)(29.474324381861113 101.0)
(1.0E-12 105.0 0.15)(29.474324381861113 101.0)
(1.0E-12 105.0 0.16)(29.474324381861113 101.0)
(1.0E-12 105.0 0.17)(29.703373899125523 104.0)
(1.0E-12 105.0 0.18000000000000002)(30.04867958277371 107.0)
(1.0E-12 105.0 0.19000000000000003)(29.260244049580255 108.0)
(1.0E-12 105.0 0.20000000000000004)(28.689883393656835 112.0)
(1.0E-12 105.0 0.21000000000000005)(28.361196904141032 114.0)
(1.0E-12 105.0 0.22000000000000006)(28.361196904141032 114.0)
(1.0E-12 105.0 0.23000000000000007)(28.446653979567156 113.0)
(1.0E-12 105.0 0.24000000000000007)(21.95156159650702 116.0)
(1.0E-12 105.0 0.25000000000000006)(21.85546294155961 117.0)
(1.0E-12 105.0 0.26000000000000006)(19.483277236705195 120.0)
(1.0E-12 105.0 0.2700000000000001)(19.25071377662042 122.0)
(1.0E-12 105.0 0.2800000000000001)(19.25071377662042 122.0)
(1.0E-12 105.0 0.2900000000000001)(19.25071377662042 122.0)
(1.0E-12 110.0 0.01)(63.07693199520658 23.0)
(1.0E-12 110.0 0.02)(63.01650861089896 29.0)
(1.0E-12 110.0 0.03)(60.72958330111397 57.0)
(1.0E-12 110.0 0.04)(60.47444650591199 58.0)
(1.0E-12 110.0 0.05)(58.30213798788036 65.0)
(1.0E-12 110.0 0.060000000000000005)(56.446142664865164 66.0)
(1.0E-12 110.0 0.07)(55.89616704466477 67.0)
(1.0E-12 110.0 0.08)(54.779514412679994 76.0)
(1.0E-12 110.0 0.09)(39.89700371621759 84.0)
(1.0E-12 110.0 0.09999999999999999)(35.390885400409346 91.0)
(1.0E-12 110.0 0.10999999999999999)(41.170373313284315 96.0)
(1.0E-12 110.0 0.11999999999999998)(38.690176585652594 100.0)
(1.0E-12 110.0 0.12999999999999998)(29.474324381861113 101.0)
(1.0E-12 110.0 0.13999999999999999)(29.474324381861113 101.0)
(1.0E-12 110.0 0.15)(29.474324381861113 101.0)
(1.0E-12 110.0 0.16)(29.474324381861113 101.0)
(1.0E-12 110.0 0.17)(29.703373899125523 104.0)
(1.0E-12 110.0 0.18000000000000002)(30.04867958277371 107.0)
(1.0E-12 110.0 0.19000000000000003)(29.260244049580255 108.0)
(1.0E-12 110.0 0.20000000000000004)(28.689883393656835 112.0)
(1.0E-12 110.0 0.21000000000000005)(28.361196904141032 114.0)
(1.0E-12 110.0 0.22000000000000006)(28.361196904141032 114.0)
(1.0E-12 110.0 0.23000000000000007)(28.446653979567156 113.0)
(1.0E-12 110.0 0.24000000000000007)(21.95156159650702 116.0)
(1.0E-12 110.0 0.25000000000000006)(21.85546294155961 117.0)
(1.0E-12 110.0 0.26000000000000006)(19.483277236705195 120.0)
(1.0E-12 110.0 0.2700000000000001)(19.25071377662042 122.0)
(1.0E-12 110.0 0.2800000000000001)(19.25071377662042 122.0)
(1.0E-12 110.0 0.2900000000000001)(19.25071377662042 122.0)
(1.0E-12 115.0 0.01)(63.07693199520658 23.0)
(1.0E-12 115.0 0.02)(63.01650861089896 29.0)
(1.0E-12 115.0 0.03)(60.72958330111397 57.0)
(1.0E-12 115.0 0.04)(60.47444650591199 58.0)
(1.0E-12 115.0 0.05)(58.30213798788036 65.0)
(1.0E-12 115.0 0.060000000000000005)(56.446142664865164 66.0)
(1.0E-12 115.0 0.07)(55.89616704466477 67.0)
(1.0E-12 115.0 0.08)(54.779514412679994 76.0)
(1.0E-12 115.0 0.09)(39.89700371621759 84.0)
(1.0E-12 115.0 0.09999999999999999)(35.390885400409346 91.0)
(1.0E-12 115.0 0.10999999999999999)(41.170373313284315 96.0)
(1.0E-12 115.0 0.11999999999999998)(38.690176585652594 100.0)
(1.0E-12 115.0 0.12999999999999998)(29.474324381861113 101.0)
(1.0E-12 115.0 0.13999999999999999)(29.474324381861113 101.0)
(1.0E-12 115.0 0.15)(29.474324381861113 101.0)
(1.0E-12 115.0 0.16)(29.474324381861113 101.0)
(1.0E-12 115.0 0.17)(29.703373899125523 104.0)
(1.0E-12 115.0 0.18000000000000002)(30.04867958277371 107.0)
(1.0E-12 115.0 0.19000000000000003)(29.260244049580255 108.0)
(1.0E-12 115.0 0.20000000000000004)(28.689883393656835 112.0)
(1.0E-12 115.0 0.21000000000000005)(28.361196904141032 114.0)
(1.0E-12 115.0 0.22000000000000006)(28.361196904141032 114.0)
(1.0E-12 115.0 0.23000000000000007)(28.446653979567156 113.0)
(1.0E-12 115.0 0.24000000000000007)(21.95156159650702 116.0)
(1.0E-12 115.0 0.25000000000000006)(21.85546294155961 117.0)
(1.0E-12 115.0 0.26000000000000006)(19.483277236705195 120.0)
(1.0E-12 115.0 0.2700000000000001)(19.25071377662042 122.0)
(1.0E-12 115.0 0.2800000000000001)(19.25071377662042 122.0)
(1.0E-12 115.0 0.2900000000000001)(19.25071377662042 122.0)
(1.0E-12 120.0 0.01)(63.07693199520658 23.0)
(1.0E-12 120.0 0.02)(63.01650861089896 29.0)
(1.0E-12 120.0 0.03)(60.72958330111397 57.0)
(1.0E-12 120.0 0.04)(60.47444650591199 58.0)
(1.0E-12 120.0 0.05)(58.30213798788036 65.0)
(1.0E-12 120.0 0.060000000000000005)(56.446142664865164 66.0)
(1.0E-12 120.0 0.07)(55.89616704466477 67.0)
(1.0E-12 120.0 0.08)(54.779514412679994 76.0)
(1.0E-12 120.0 0.09)(39.89700371621759 84.0)
(1.0E-12 120.0 0.09999999999999999)(35.390885400409346 91.0)
(1.0E-12 120.0 0.10999999999999999)(41.170373313284315 96.0)
(1.0E-12 120.0 0.11999999999999998)(38.690176585652594 100.0)
(1.0E-12 120.0 0.12999999999999998)(29.474324381861113 101.0)
(1.0E-12 120.0 0.13999999999999999)(29.474324381861113 101.0)
(1.0E-12 120.0 0.15)(29.474324381861113 101.0)
(1.0E-12 120.0 0.16)(29.474324381861113 101.0)
(1.0E-12 120.0 0.17)(29.703373899125523 104.0)
(1.0E-12 120.0 0.18000000000000002)(30.04867958277371 107.0)
(1.0E-12 120.0 0.19000000000000003)(29.260244049580255 108.0)
(1.0E-12 120.0 0.20000000000000004)(28.689883393656835 112.0)
(1.0E-12 120.0 0.21000000000000005)(28.361196904141032 114.0)
(1.0E-12 120.0 0.22000000000000006)(28.361196904141032 114.0)
(1.0E-12 120.0 0.23000000000000007)(28.446653979567156 113.0)
(1.0E-12 120.0 0.24000000000000007)(21.95156159650702 116.0)
(1.0E-12 120.0 0.25000000000000006)(21.85546294155961 117.0)
(1.0E-12 120.0 0.26000000000000006)(19.483277236705195 120.0)
(1.0E-12 120.0 0.2700000000000001)(19.25071377662042 122.0)
(1.0E-12 120.0 0.2800000000000001)(19.25071377662042 122.0)
(1.0E-12 120.0 0.2900000000000001)(19.25071377662042 122.0)
(1.0E-12 125.0 0.01)(63.07693199520658 23.0)
(1.0E-12 125.0 0.02)(63.01650861089896 29.0)
(1.0E-12 125.0 0.03)(60.72958330111397 57.0)
(1.0E-12 125.0 0.04)(60.47444650591199 58.0)
(1.0E-12 125.0 0.05)(58.30213798788036 65.0)
(1.0E-12 125.0 0.060000000000000005)(56.446142664865164 66.0)
(1.0E-12 125.0 0.07)(55.89616704466477 67.0)
(1.0E-12 125.0 0.08)(54.779514412679994 76.0)
(1.0E-12 125.0 0.09)(39.89700371621759 84.0)
(1.0E-12 125.0 0.09999999999999999)(35.390885400409346 91.0)
(1.0E-12 125.0 0.10999999999999999)(41.170373313284315 96.0)
(1.0E-12 125.0 0.11999999999999998)(38.690176585652594 100.0)
(1.0E-12 125.0 0.12999999999999998)(29.474324381861113 101.0)
(1.0E-12 125.0 0.13999999999999999)(29.474324381861113 101.0)
(1.0E-12 125.0 0.15)(29.474324381861113 101.0)
(1.0E-12 125.0 0.16)(29.474324381861113 101.0)
(1.0E-12 125.0 0.17)(29.703373899125523 104.0)
(1.0E-12 125.0 0.18000000000000002)(30.04867958277371 107.0)
(1.0E-12 125.0 0.19000000000000003)(29.260244049580255 108.0)
(1.0E-12 125.0 0.20000000000000004)(28.689883393656835 112.0)
(1.0E-12 125.0 0.21000000000000005)(28.361196904141032 114.0)
(1.0E-12 125.0 0.22000000000000006)(28.361196904141032 114.0)
(1.0E-12 125.0 0.23000000000000007)(28.446653979567156 113.0)
(1.0E-12 125.0 0.24000000000000007)(21.95156159650702 116.0)
(1.0E-12 125.0 0.25000000000000006)(21.85546294155961 117.0)
(1.0E-12 125.0 0.26000000000000006)(19.483277236705195 120.0)
(1.0E-12 125.0 0.2700000000000001)(19.25071377662042 122.0)
(1.0E-12 125.0 0.2800000000000001)(19.25071377662042 122.0)
(1.0E-12 125.0 0.2900000000000001)(19.25071377662042 122.0)
(1.0E-12 130.0 0.01)(61.023753483977885 37.0)
(1.0E-12 130.0 0.02)(63.01650861089896 29.0)
(1.0E-12 130.0 0.03)(60.72958330111397 57.0)
(1.0E-12 130.0 0.04)(60.47444650591199 58.0)
(1.0E-12 130.0 0.05)(58.30213798788036 65.0)
(1.0E-12 130.0 0.060000000000000005)(56.446142664865164 66.0)
(1.0E-12 130.0 0.07)(55.89616704466477 67.0)
(1.0E-12 130.0 0.08)(54.779514412679994 76.0)
(1.0E-12 130.0 0.09)(39.89700371621759 84.0)
(1.0E-12 130.0 0.09999999999999999)(35.390885400409346 91.0)
(1.0E-12 130.0 0.10999999999999999)(41.170373313284315 96.0)
(1.0E-12 130.0 0.11999999999999998)(38.690176585652594 100.0)
(1.0E-12 130.0 0.12999999999999998)(29.474324381861113 101.0)
(1.0E-12 130.0 0.13999999999999999)(29.474324381861113 101.0)
(1.0E-12 130.0 0.15)(29.474324381861113 101.0)
(1.0E-12 130.0 0.16)(29.474324381861113 101.0)
(1.0E-12 130.0 0.17)(29.703373899125523 104.0)
(1.0E-12 130.0 0.18000000000000002)(30.04867958277371 107.0)
(1.0E-12 130.0 0.19000000000000003)(29.260244049580255 108.0)
(1.0E-12 130.0 0.20000000000000004)(28.689883393656835 112.0)
(1.0E-12 130.0 0.21000000000000005)(28.361196904141032 114.0)
(1.0E-12 130.0 0.22000000000000006)(28.361196904141032 114.0)
(1.0E-12 130.0 0.23000000000000007)(28.446653979567156 113.0)
(1.0E-12 130.0 0.24000000000000007)(21.95156159650702 116.0)
(1.0E-12 130.0 0.25000000000000006)(21.85546294155961 117.0)
(1.0E-12 130.0 0.26000000000000006)(19.483277236705195 120.0)
(1.0E-12 130.0 0.2700000000000001)(19.25071377662042 122.0)
(1.0E-12 130.0 0.2800000000000001)(19.25071377662042 122.0)
(1.0E-12 130.0 0.2900000000000001)(19.25071377662042 122.0)
(1.0E-12 135.0 0.01)(61.023753483977885 37.0)
(1.0E-12 135.0 0.02)(63.01650861089896 29.0)
(1.0E-12 135.0 0.03)(60.72958330111397 57.0)
(1.0E-12 135.0 0.04)(60.47444650591199 58.0)
(1.0E-12 135.0 0.05)(58.30213798788036 65.0)
(1.0E-12 135.0 0.060000000000000005)(56.446142664865164 66.0)
(1.0E-12 135.0 0.07)(55.89616704466477 67.0)
(1.0E-12 135.0 0.08)(54.779514412679994 76.0)
(1.0E-12 135.0 0.09)(39.89700371621759 84.0)
(1.0E-12 135.0 0.09999999999999999)(35.390885400409346 91.0)
(1.0E-12 135.0 0.10999999999999999)(41.170373313284315 96.0)
(1.0E-12 135.0 0.11999999999999998)(38.690176585652594 100.0)
(1.0E-12 135.0 0.12999999999999998)(29.474324381861113 101.0)
(1.0E-12 135.0 0.13999999999999999)(29.474324381861113 101.0)
(1.0E-12 135.0 0.15)(29.474324381861113 101.0)
(1.0E-12 135.0 0.16)(29.474324381861113 101.0)
(1.0E-12 135.0 0.17)(29.703373899125523 104.0)
(1.0E-12 135.0 0.18000000000000002)(30.04867958277371 107.0)
(1.0E-12 135.0 0.19000000000000003)(29.260244049580255 108.0)
(1.0E-12 135.0 0.20000000000000004)(28.689883393656835 112.0)
(1.0E-12 135.0 0.21000000000000005)(28.361196904141032 114.0)
(1.0E-12 135.0 0.22000000000000006)(28.361196904141032 114.0)
(1.0E-12 135.0 0.23000000000000007)(28.446653979567156 113.0)
(1.0E-12 135.0 0.24000000000000007)(21.95156159650702 116.0)
(1.0E-12 135.0 0.25000000000000006)(21.85546294155961 117.0)
(1.0E-12 135.0 0.26000000000000006)(19.483277236705195 120.0)
(1.0E-12 135.0 0.2700000000000001)(19.25071377662042 122.0)
(1.0E-12 135.0 0.2800000000000001)(19.25071377662042 122.0)
(1.0E-12 135.0 0.2900000000000001)(19.25071377662042 122.0)
(1.0E-12 140.0 0.01)(61.023753483977885 37.0)
(1.0E-12 140.0 0.02)(63.01650861089896 29.0)
(1.0E-12 140.0 0.03)(60.72958330111397 57.0)
(1.0E-12 140.0 0.04)(60.47444650591199 58.0)
(1.0E-12 140.0 0.05)(58.30213798788036 65.0)
(1.0E-12 140.0 0.060000000000000005)(56.446142664865164 66.0)
(1.0E-12 140.0 0.07)(55.89616704466477 67.0)
(1.0E-12 140.0 0.08)(54.779514412679994 76.0)
(1.0E-12 140.0 0.09)(39.89700371621759 84.0)
(1.0E-12 140.0 0.09999999999999999)(35.390885400409346 91.0)
(1.0E-12 140.0 0.10999999999999999)(41.170373313284315 96.0)
(1.0E-12 140.0 0.11999999999999998)(38.690176585652594 100.0)
(1.0E-12 140.0 0.12999999999999998)(29.474324381861113 101.0)
(1.0E-12 140.0 0.13999999999999999)(29.474324381861113 101.0)
(1.0E-12 140.0 0.15)(29.474324381861113 101.0)
(1.0E-12 140.0 0.16)(29.474324381861113 101.0)
(1.0E-12 140.0 0.17)(29.703373899125523 104.0)
(1.0E-12 140.0 0.18000000000000002)(30.04867958277371 107.0)
(1.0E-12 140.0 0.19000000000000003)(29.260244049580255 108.0)
(1.0E-12 140.0 0.20000000000000004)(28.689883393656835 112.0)
(1.0E-12 140.0 0.21000000000000005)(28.361196904141032 114.0)
(1.0E-12 140.0 0.22000000000000006)(28.361196904141032 114.0)
(1.0E-12 140.0 0.23000000000000007)(28.446653979567156 113.0)
(1.0E-12 140.0 0.24000000000000007)(21.95156159650702 116.0)
(1.0E-12 140.0 0.25000000000000006)(21.85546294155961 117.0)
(1.0E-12 140.0 0.26000000000000006)(19.483277236705195 120.0)
(1.0E-12 140.0 0.2700000000000001)(19.25071377662042 122.0)
(1.0E-12 140.0 0.2800000000000001)(19.25071377662042 122.0)
(1.0E-12 140.0 0.2900000000000001)(19.25071377662042 122.0)
(1.0E-12 145.0 0.01)(61.023753483977885 37.0)
(1.0E-12 145.0 0.02)(63.01650861089896 29.0)
(1.0E-12 145.0 0.03)(60.72958330111397 57.0)
(1.0E-12 145.0 0.04)(60.47444650591199 58.0)
(1.0E-12 145.0 0.05)(58.30213798788036 65.0)
(1.0E-12 145.0 0.060000000000000005)(56.446142664865164 66.0)
(1.0E-12 145.0 0.07)(55.89616704466477 67.0)
(1.0E-12 145.0 0.08)(54.779514412679994 76.0)
(1.0E-12 145.0 0.09)(39.89700371621759 84.0)
(1.0E-12 145.0 0.09999999999999999)(35.390885400409346 91.0)
(1.0E-12 145.0 0.10999999999999999)(41.170373313284315 96.0)
(1.0E-12 145.0 0.11999999999999998)(38.690176585652594 100.0)
(1.0E-12 145.0 0.12999999999999998)(29.474324381861113 101.0)
(1.0E-12 145.0 0.13999999999999999)(29.474324381861113 101.0)
(1.0E-12 145.0 0.15)(29.474324381861113 101.0)
(1.0E-12 145.0 0.16)(29.474324381861113 101.0)
(1.0E-12 145.0 0.17)(29.703373899125523 104.0)
(1.0E-12 145.0 0.18000000000000002)(30.04867958277371 107.0)
(1.0E-12 145.0 0.19000000000000003)(29.260244049580255 108.0)
(1.0E-12 145.0 0.20000000000000004)(28.689883393656835 112.0)
(1.0E-12 145.0 0.21000000000000005)(28.361196904141032 114.0)
(1.0E-12 145.0 0.22000000000000006)(28.361196904141032 114.0)
(1.0E-12 145.0 0.23000000000000007)(28.446653979567156 113.0)
(1.0E-12 145.0 0.24000000000000007)(21.95156159650702 116.0)
(1.0E-12 145.0 0.25000000000000006)(21.85546294155961 117.0)
(1.0E-12 145.0 0.26000000000000006)(19.483277236705195 120.0)
(1.0E-12 145.0 0.2700000000000001)(19.25071377662042 122.0)
(1.0E-12 145.0 0.2800000000000001)(19.25071377662042 122.0)
(1.0E-12 145.0 0.2900000000000001)(19.25071377662042 122.0)
(1.0E-12 150.0 0.01)(61.023753483977885 37.0)
(1.0E-12 150.0 0.02)(63.01650861089896 29.0)
(1.0E-12 150.0 0.03)(60.72958330111397 57.0)
(1.0E-12 150.0 0.04)(60.47444650591199 58.0)
(1.0E-12 150.0 0.05)(58.30213798788036 65.0)
(1.0E-12 150.0 0.060000000000000005)(56.446142664865164 66.0)
(1.0E-12 150.0 0.07)(55.89616704466477 67.0)
(1.0E-12 150.0 0.08)(54.779514412679994 76.0)
(1.0E-12 150.0 0.09)(39.89700371621759 84.0)
(1.0E-12 150.0 0.09999999999999999)(35.390885400409346 91.0)
(1.0E-12 150.0 0.10999999999999999)(41.170373313284315 96.0)
(1.0E-12 150.0 0.11999999999999998)(38.690176585652594 100.0)
(1.0E-12 150.0 0.12999999999999998)(29.474324381861113 101.0)
(1.0E-12 150.0 0.13999999999999999)(29.474324381861113 101.0)
(1.0E-12 150.0 0.15)(29.474324381861113 101.0)
(1.0E-12 150.0 0.16)(29.474324381861113 101.0)
(1.0E-12 150.0 0.17)(29.703373899125523 104.0)
(1.0E-12 150.0 0.18000000000000002)(30.04867958277371 107.0)
(1.0E-12 150.0 0.19000000000000003)(29.260244049580255 108.0)
(1.0E-12 150.0 0.20000000000000004)(28.689883393656835 112.0)
(1.0E-12 150.0 0.21000000000000005)(28.361196904141032 114.0)
(1.0E-12 150.0 0.22000000000000006)(28.361196904141032 114.0)
(1.0E-12 150.0 0.23000000000000007)(28.446653979567156 113.0)
(1.0E-12 150.0 0.24000000000000007)(21.95156159650702 116.0)
(1.0E-12 150.0 0.25000000000000006)(21.85546294155961 117.0)
(1.0E-12 150.0 0.26000000000000006)(19.483277236705195 120.0)
(1.0E-12 150.0 0.2700000000000001)(19.25071377662042 122.0)
(1.0E-12 150.0 0.2800000000000001)(19.25071377662042 122.0)
(1.0E-12 150.0 0.2900000000000001)(19.25071377662042 122.0)
(1.0E-12 155.0 0.01)(61.023753483977885 37.0)
(1.0E-12 155.0 0.02)(63.01650861089896 29.0)
(1.0E-12 155.0 0.03)(60.72958330111397 57.0)
(1.0E-12 155.0 0.04)(60.47444650591199 58.0)
(1.0E-12 155.0 0.05)(58.30213798788036 65.0)
(1.0E-12 155.0 0.060000000000000005)(56.446142664865164 66.0)
(1.0E-12 155.0 0.07)(55.89616704466477 67.0)
(1.0E-12 155.0 0.08)(54.779514412679994 76.0)
(1.0E-12 155.0 0.09)(39.89700371621759 84.0)
(1.0E-12 155.0 0.09999999999999999)(35.390885400409346 91.0)
(1.0E-12 155.0 0.10999999999999999)(41.170373313284315 96.0)
(1.0E-12 155.0 0.11999999999999998)(38.690176585652594 100.0)
(1.0E-12 155.0 0.12999999999999998)(29.474324381861113 101.0)
(1.0E-12 155.0 0.13999999999999999)(29.474324381861113 101.0)
(1.0E-12 155.0 0.15)(29.474324381861113 101.0)
(1.0E-12 155.0 0.16)(29.474324381861113 101.0)
(1.0E-12 155.0 0.17)(29.703373899125523 104.0)
(1.0E-12 155.0 0.18000000000000002)(30.04867958277371 107.0)
(1.0E-12 155.0 0.19000000000000003)(29.260244049580255 108.0)
(1.0E-12 155.0 0.20000000000000004)(28.689883393656835 112.0)
(1.0E-12 155.0 0.21000000000000005)(28.361196904141032 114.0)
(1.0E-12 155.0 0.22000000000000006)(28.361196904141032 114.0)
(1.0E-12 155.0 0.23000000000000007)(28.446653979567156 113.0)
(1.0E-12 155.0 0.24000000000000007)(21.95156159650702 116.0)
(1.0E-12 155.0 0.25000000000000006)(21.85546294155961 117.0)
(1.0E-12 155.0 0.26000000000000006)(19.483277236705195 120.0)
(1.0E-12 155.0 0.2700000000000001)(19.25071377662042 122.0)
(1.0E-12 155.0 0.2800000000000001)(19.25071377662042 122.0)
(1.0E-12 155.0 0.2900000000000001)(19.25071377662042 122.0)
(1.0E-12 160.0 0.01)(61.023753483977885 37.0)
(1.0E-12 160.0 0.02)(57.56836054488233 46.0)
(1.0E-12 160.0 0.03)(60.72958330111397 57.0)
(1.0E-12 160.0 0.04)(60.47444650591199 58.0)
(1.0E-12 160.0 0.05)(58.30213798788036 65.0)
(1.0E-12 160.0 0.060000000000000005)(56.446142664865164 66.0)
(1.0E-12 160.0 0.07)(55.89616704466477 67.0)
(1.0E-12 160.0 0.08)(54.779514412679994 76.0)
(1.0E-12 160.0 0.09)(39.89700371621759 84.0)
(1.0E-12 160.0 0.09999999999999999)(35.390885400409346 91.0)
(1.0E-12 160.0 0.10999999999999999)(41.170373313284315 96.0)
(1.0E-12 160.0 0.11999999999999998)(38.690176585652594 100.0)
(1.0E-12 160.0 0.12999999999999998)(29.474324381861113 101.0)
(1.0E-12 160.0 0.13999999999999999)(29.474324381861113 101.0)
(1.0E-12 160.0 0.15)(29.474324381861113 101.0)
(1.0E-12 160.0 0.16)(29.474324381861113 101.0)
(1.0E-12 160.0 0.17)(29.703373899125523 104.0)
(1.0E-12 160.0 0.18000000000000002)(30.04867958277371 107.0)
(1.0E-12 160.0 0.19000000000000003)(29.260244049580255 108.0)
(1.0E-12 160.0 0.20000000000000004)(28.689883393656835 112.0)
(1.0E-12 160.0 0.21000000000000005)(28.361196904141032 114.0)
(1.0E-12 160.0 0.22000000000000006)(28.361196904141032 114.0)
(1.0E-12 160.0 0.23000000000000007)(28.446653979567156 113.0)
(1.0E-12 160.0 0.24000000000000007)(21.95156159650702 116.0)
(1.0E-12 160.0 0.25000000000000006)(21.85546294155961 117.0)
(1.0E-12 160.0 0.26000000000000006)(19.483277236705195 120.0)
(1.0E-12 160.0 0.2700000000000001)(19.25071377662042 122.0)
(1.0E-12 160.0 0.2800000000000001)(19.25071377662042 122.0)
(1.0E-12 160.0 0.2900000000000001)(19.25071377662042 122.0)
(1.0E-12 165.0 0.01)(61.023753483977885 37.0)
(1.0E-12 165.0 0.02)(57.56836054488233 46.0)
(1.0E-12 165.0 0.03)(60.72958330111397 57.0)
(1.0E-12 165.0 0.04)(60.47444650591199 58.0)
(1.0E-12 165.0 0.05)(58.30213798788036 65.0)
(1.0E-12 165.0 0.060000000000000005)(56.446142664865164 66.0)
(1.0E-12 165.0 0.07)(55.89616704466477 67.0)
(1.0E-12 165.0 0.08)(54.779514412679994 76.0)
(1.0E-12 165.0 0.09)(39.89700371621759 84.0)
(1.0E-12 165.0 0.09999999999999999)(35.390885400409346 91.0)
(1.0E-12 165.0 0.10999999999999999)(41.170373313284315 96.0)
(1.0E-12 165.0 0.11999999999999998)(38.690176585652594 100.0)
(1.0E-12 165.0 0.12999999999999998)(29.474324381861113 101.0)
(1.0E-12 165.0 0.13999999999999999)(29.474324381861113 101.0)
(1.0E-12 165.0 0.15)(29.474324381861113 101.0)
(1.0E-12 165.0 0.16)(29.474324381861113 101.0)
(1.0E-12 165.0 0.17)(29.703373899125523 104.0)
(1.0E-12 165.0 0.18000000000000002)(30.04867958277371 107.0)
(1.0E-12 165.0 0.19000000000000003)(29.260244049580255 108.0)
(1.0E-12 165.0 0.20000000000000004)(28.689883393656835 112.0)
(1.0E-12 165.0 0.21000000000000005)(28.361196904141032 114.0)
(1.0E-12 165.0 0.22000000000000006)(28.361196904141032 114.0)
(1.0E-12 165.0 0.23000000000000007)(28.446653979567156 113.0)
(1.0E-12 165.0 0.24000000000000007)(21.95156159650702 116.0)
(1.0E-12 165.0 0.25000000000000006)(21.85546294155961 117.0)
(1.0E-12 165.0 0.26000000000000006)(19.483277236705195 120.0)
(1.0E-12 165.0 0.2700000000000001)(19.25071377662042 122.0)
(1.0E-12 165.0 0.2800000000000001)(19.25071377662042 122.0)
(1.0E-12 165.0 0.2900000000000001)(19.25071377662042 122.0)
(1.0E-12 170.0 0.01)(61.023753483977885 37.0)
(1.0E-12 170.0 0.02)(57.56836054488233 46.0)
(1.0E-12 170.0 0.03)(60.72958330111397 57.0)
(1.0E-12 170.0 0.04)(60.47444650591199 58.0)
(1.0E-12 170.0 0.05)(58.30213798788036 65.0)
(1.0E-12 170.0 0.060000000000000005)(56.446142664865164 66.0)
(1.0E-12 170.0 0.07)(55.89616704466477 67.0)
(1.0E-12 170.0 0.08)(54.779514412679994 76.0)
(1.0E-12 170.0 0.09)(39.89700371621759 84.0)
(1.0E-12 170.0 0.09999999999999999)(35.390885400409346 91.0)
(1.0E-12 170.0 0.10999999999999999)(41.170373313284315 96.0)
(1.0E-12 170.0 0.11999999999999998)(38.690176585652594 100.0)
(1.0E-12 170.0 0.12999999999999998)(29.474324381861113 101.0)
(1.0E-12 170.0 0.13999999999999999)(29.474324381861113 101.0)
(1.0E-12 170.0 0.15)(29.474324381861113 101.0)
(1.0E-12 170.0 0.16)(29.474324381861113 101.0)
(1.0E-12 170.0 0.17)(29.703373899125523 104.0)
(1.0E-12 170.0 0.18000000000000002)(30.04867958277371 107.0)
(1.0E-12 170.0 0.19000000000000003)(29.260244049580255 108.0)
(1.0E-12 170.0 0.20000000000000004)(28.689883393656835 112.0)
(1.0E-12 170.0 0.21000000000000005)(28.361196904141032 114.0)
(1.0E-12 170.0 0.22000000000000006)(28.361196904141032 114.0)
(1.0E-12 170.0 0.23000000000000007)(28.446653979567156 113.0)
(1.0E-12 170.0 0.24000000000000007)(21.95156159650702 116.0)
(1.0E-12 170.0 0.25000000000000006)(21.85546294155961 117.0)
(1.0E-12 170.0 0.26000000000000006)(19.483277236705195 120.0)
(1.0E-12 170.0 0.2700000000000001)(19.25071377662042 122.0)
(1.0E-12 170.0 0.2800000000000001)(19.25071377662042 122.0)
(1.0E-12 170.0 0.2900000000000001)(19.25071377662042 122.0)
(1.0E-12 175.0 0.01)(61.023753483977885 37.0)
(1.0E-12 175.0 0.02)(57.56836054488233 46.0)
(1.0E-12 175.0 0.03)(60.72958330111397 57.0)
(1.0E-12 175.0 0.04)(60.47444650591199 58.0)
(1.0E-12 175.0 0.05)(58.30213798788036 65.0)
(1.0E-12 175.0 0.060000000000000005)(56.446142664865164 66.0)
(1.0E-12 175.0 0.07)(55.89616704466477 67.0)
(1.0E-12 175.0 0.08)(54.779514412679994 76.0)
(1.0E-12 175.0 0.09)(39.89700371621759 84.0)
(1.0E-12 175.0 0.09999999999999999)(35.390885400409346 91.0)
(1.0E-12 175.0 0.10999999999999999)(41.170373313284315 96.0)
(1.0E-12 175.0 0.11999999999999998)(38.690176585652594 100.0)
(1.0E-12 175.0 0.12999999999999998)(29.474324381861113 101.0)
(1.0E-12 175.0 0.13999999999999999)(29.474324381861113 101.0)
(1.0E-12 175.0 0.15)(29.474324381861113 101.0)
(1.0E-12 175.0 0.16)(29.474324381861113 101.0)
(1.0E-12 175.0 0.17)(29.703373899125523 104.0)
(1.0E-12 175.0 0.18000000000000002)(30.04867958277371 107.0)
(1.0E-12 175.0 0.19000000000000003)(29.260244049580255 108.0)
(1.0E-12 175.0 0.20000000000000004)(28.689883393656835 112.0)
(1.0E-12 175.0 0.21000000000000005)(28.361196904141032 114.0)
(1.0E-12 175.0 0.22000000000000006)(28.361196904141032 114.0)
(1.0E-12 175.0 0.23000000000000007)(28.446653979567156 113.0)
(1.0E-12 175.0 0.24000000000000007)(21.95156159650702 116.0)
(1.0E-12 175.0 0.25000000000000006)(21.85546294155961 117.0)
(1.0E-12 175.0 0.26000000000000006)(19.483277236705195 120.0)
(1.0E-12 175.0 0.2700000000000001)(19.25071377662042 122.0)
(1.0E-12 175.0 0.2800000000000001)(19.25071377662042 122.0)
(1.0E-12 175.0 0.2900000000000001)(19.25071377662042 122.0)
(1.0E-12 180.0 0.01)(61.023753483977885 37.0)
(1.0E-12 180.0 0.02)(57.56836054488233 46.0)
(1.0E-12 180.0 0.03)(53.102561006014696 58.0)
(1.0E-12 180.0 0.04)(60.47444650591199 58.0)
(1.0E-12 180.0 0.05)(58.30213798788036 65.0)
(1.0E-12 180.0 0.060000000000000005)(56.446142664865164 66.0)
(1.0E-12 180.0 0.07)(55.89616704466477 67.0)
(1.0E-12 180.0 0.08)(54.779514412679994 76.0)
(1.0E-12 180.0 0.09)(39.89700371621759 84.0)
(1.0E-12 180.0 0.09999999999999999)(35.390885400409346 91.0)
(1.0E-12 180.0 0.10999999999999999)(41.170373313284315 96.0)
(1.0E-12 180.0 0.11999999999999998)(38.690176585652594 100.0)
(1.0E-12 180.0 0.12999999999999998)(29.474324381861113 101.0)
(1.0E-12 180.0 0.13999999999999999)(29.474324381861113 101.0)
(1.0E-12 180.0 0.15)(29.474324381861113 101.0)
(1.0E-12 180.0 0.16)(29.474324381861113 101.0)
(1.0E-12 180.0 0.17)(29.703373899125523 104.0)
(1.0E-12 180.0 0.18000000000000002)(30.04867958277371 107.0)
(1.0E-12 180.0 0.19000000000000003)(29.260244049580255 108.0)
(1.0E-12 180.0 0.20000000000000004)(28.689883393656835 112.0)
(1.0E-12 180.0 0.21000000000000005)(28.361196904141032 114.0)
(1.0E-12 180.0 0.22000000000000006)(28.361196904141032 114.0)
(1.0E-12 180.0 0.23000000000000007)(28.446653979567156 113.0)
(1.0E-12 180.0 0.24000000000000007)(21.95156159650702 116.0)
(1.0E-12 180.0 0.25000000000000006)(21.85546294155961 117.0)
(1.0E-12 180.0 0.26000000000000006)(19.483277236705195 120.0)
(1.0E-12 180.0 0.2700000000000001)(19.25071377662042 122.0)
(1.0E-12 180.0 0.2800000000000001)(19.25071377662042 122.0)
(1.0E-12 180.0 0.2900000000000001)(19.25071377662042 122.0)
(1.0E-12 185.0 0.01)(61.023753483977885 37.0)
(1.0E-12 185.0 0.02)(57.56836054488233 46.0)
(1.0E-12 185.0 0.03)(53.102561006014696 58.0)
(1.0E-12 185.0 0.04)(60.47444650591199 58.0)
(1.0E-12 185.0 0.05)(58.30213798788036 65.0)
(1.0E-12 185.0 0.060000000000000005)(56.446142664865164 66.0)
(1.0E-12 185.0 0.07)(55.89616704466477 67.0)
(1.0E-12 185.0 0.08)(54.779514412679994 76.0)
(1.0E-12 185.0 0.09)(39.89700371621759 84.0)
(1.0E-12 185.0 0.09999999999999999)(35.390885400409346 91.0)
(1.0E-12 185.0 0.10999999999999999)(41.170373313284315 96.0)
(1.0E-12 185.0 0.11999999999999998)(38.690176585652594 100.0)
(1.0E-12 185.0 0.12999999999999998)(29.474324381861113 101.0)
(1.0E-12 185.0 0.13999999999999999)(29.474324381861113 101.0)
(1.0E-12 185.0 0.15)(29.474324381861113 101.0)
(1.0E-12 185.0 0.16)(29.474324381861113 101.0)
(1.0E-12 185.0 0.17)(29.703373899125523 104.0)
(1.0E-12 185.0 0.18000000000000002)(30.04867958277371 107.0)
(1.0E-12 185.0 0.19000000000000003)(29.260244049580255 108.0)
(1.0E-12 185.0 0.20000000000000004)(28.689883393656835 112.0)
(1.0E-12 185.0 0.21000000000000005)(28.361196904141032 114.0)
(1.0E-12 185.0 0.22000000000000006)(28.361196904141032 114.0)
(1.0E-12 185.0 0.23000000000000007)(28.446653979567156 113.0)
(1.0E-12 185.0 0.24000000000000007)(21.95156159650702 116.0)
(1.0E-12 185.0 0.25000000000000006)(21.85546294155961 117.0)
(1.0E-12 185.0 0.26000000000000006)(19.483277236705195 120.0)
(1.0E-12 185.0 0.2700000000000001)(19.25071377662042 122.0)
(1.0E-12 185.0 0.2800000000000001)(19.25071377662042 122.0)
(1.0E-12 185.0 0.2900000000000001)(19.25071377662042 122.0)
(1.0E-12 190.0 0.01)(61.023753483977885 37.0)
(1.0E-12 190.0 0.02)(57.56836054488233 46.0)
(1.0E-12 190.0 0.03)(53.102561006014696 58.0)
(1.0E-12 190.0 0.04)(60.47444650591199 58.0)
(1.0E-12 190.0 0.05)(58.30213798788036 65.0)
(1.0E-12 190.0 0.060000000000000005)(56.446142664865164 66.0)
(1.0E-12 190.0 0.07)(55.89616704466477 67.0)
(1.0E-12 190.0 0.08)(54.779514412679994 76.0)
(1.0E-12 190.0 0.09)(39.89700371621759 84.0)
(1.0E-12 190.0 0.09999999999999999)(35.390885400409346 91.0)
(1.0E-12 190.0 0.10999999999999999)(41.170373313284315 96.0)
(1.0E-12 190.0 0.11999999999999998)(38.690176585652594 100.0)
(1.0E-12 190.0 0.12999999999999998)(29.474324381861113 101.0)
(1.0E-12 190.0 0.13999999999999999)(29.474324381861113 101.0)
(1.0E-12 190.0 0.15)(29.474324381861113 101.0)
(1.0E-12 190.0 0.16)(29.474324381861113 101.0)
(1.0E-12 190.0 0.17)(29.703373899125523 104.0)
(1.0E-12 190.0 0.18000000000000002)(30.04867958277371 107.0)
(1.0E-12 190.0 0.19000000000000003)(29.260244049580255 108.0)
(1.0E-12 190.0 0.20000000000000004)(28.689883393656835 112.0)
(1.0E-12 190.0 0.21000000000000005)(28.361196904141032 114.0)
(1.0E-12 190.0 0.22000000000000006)(28.361196904141032 114.0)
(1.0E-12 190.0 0.23000000000000007)(28.446653979567156 113.0)
(1.0E-12 190.0 0.24000000000000007)(21.95156159650702 116.0)
(1.0E-12 190.0 0.25000000000000006)(21.85546294155961 117.0)
(1.0E-12 190.0 0.26000000000000006)(19.483277236705195 120.0)
(1.0E-12 190.0 0.2700000000000001)(19.25071377662042 122.0)
(1.0E-12 190.0 0.2800000000000001)(19.25071377662042 122.0)
(1.0E-12 190.0 0.2900000000000001)(19.25071377662042 122.0)
(1.0E-12 195.0 0.01)(61.023753483977885 37.0)
(1.0E-12 195.0 0.02)(57.56836054488233 46.0)
(1.0E-12 195.0 0.03)(53.102561006014696 58.0)
(1.0E-12 195.0 0.04)(52.29376166171379 64.0)
(1.0E-12 195.0 0.05)(58.30213798788036 65.0)
(1.0E-12 195.0 0.060000000000000005)(56.446142664865164 66.0)
(1.0E-12 195.0 0.07)(55.89616704466477 67.0)
(1.0E-12 195.0 0.08)(54.779514412679994 76.0)
(1.0E-12 195.0 0.09)(39.89700371621759 84.0)
(1.0E-12 195.0 0.09999999999999999)(35.390885400409346 91.0)
(1.0E-12 195.0 0.10999999999999999)(41.170373313284315 96.0)
(1.0E-12 195.0 0.11999999999999998)(38.690176585652594 100.0)
(1.0E-12 195.0 0.12999999999999998)(29.474324381861113 101.0)
(1.0E-12 195.0 0.13999999999999999)(29.474324381861113 101.0)
(1.0E-12 195.0 0.15)(29.474324381861113 101.0)
(1.0E-12 195.0 0.16)(29.474324381861113 101.0)
(1.0E-12 195.0 0.17)(29.703373899125523 104.0)
(1.0E-12 195.0 0.18000000000000002)(30.04867958277371 107.0)
(1.0E-12 195.0 0.19000000000000003)(29.260244049580255 108.0)
(1.0E-12 195.0 0.20000000000000004)(28.689883393656835 112.0)
(1.0E-12 195.0 0.21000000000000005)(28.361196904141032 114.0)
(1.0E-12 195.0 0.22000000000000006)(28.361196904141032 114.0)
(1.0E-12 195.0 0.23000000000000007)(28.446653979567156 113.0)
(1.0E-12 195.0 0.24000000000000007)(21.95156159650702 116.0)
(1.0E-12 195.0 0.25000000000000006)(21.85546294155961 117.0)
(1.0E-12 195.0 0.26000000000000006)(19.483277236705195 120.0)
(1.0E-12 195.0 0.2700000000000001)(19.25071377662042 122.0)
(1.0E-12 195.0 0.2800000000000001)(19.25071377662042 122.0)
(1.0E-12 195.0 0.2900000000000001)(19.25071377662042 122.0)
(1.0E-12 200.0 0.01)(61.023753483977885 37.0)
(1.0E-12 200.0 0.02)(57.56836054488233 46.0)
(1.0E-12 200.0 0.03)(53.102561006014696 58.0)
(1.0E-12 200.0 0.04)(52.29376166171379 64.0)
(1.0E-12 200.0 0.05)(58.30213798788036 65.0)
(1.0E-12 200.0 0.060000000000000005)(56.446142664865164 66.0)
(1.0E-12 200.0 0.07)(55.89616704466477 67.0)
(1.0E-12 200.0 0.08)(54.779514412679994 76.0)
(1.0E-12 200.0 0.09)(39.89700371621759 84.0)
(1.0E-12 200.0 0.09999999999999999)(35.390885400409346 91.0)
(1.0E-12 200.0 0.10999999999999999)(41.170373313284315 96.0)
(1.0E-12 200.0 0.11999999999999998)(38.690176585652594 100.0)
(1.0E-12 200.0 0.12999999999999998)(29.474324381861113 101.0)
(1.0E-12 200.0 0.13999999999999999)(29.474324381861113 101.0)
(1.0E-12 200.0 0.15)(29.474324381861113 101.0)
(1.0E-12 200.0 0.16)(29.474324381861113 101.0)
(1.0E-12 200.0 0.17)(29.703373899125523 104.0)
(1.0E-12 200.0 0.18000000000000002)(30.04867958277371 107.0)
(1.0E-12 200.0 0.19000000000000003)(29.260244049580255 108.0)
(1.0E-12 200.0 0.20000000000000004)(28.689883393656835 112.0)
(1.0E-12 200.0 0.21000000000000005)(28.361196904141032 114.0)
(1.0E-12 200.0 0.22000000000000006)(28.361196904141032 114.0)
(1.0E-12 200.0 0.23000000000000007)(28.446653979567156 113.0)
(1.0E-12 200.0 0.24000000000000007)(21.95156159650702 116.0)
(1.0E-12 200.0 0.25000000000000006)(21.85546294155961 117.0)
(1.0E-12 200.0 0.26000000000000006)(19.483277236705195 120.0)
(1.0E-12 200.0 0.2700000000000001)(19.25071377662042 122.0)
(1.0E-12 200.0 0.2800000000000001)(19.25071377662042 122.0)
(1.0E-12 200.0 0.2900000000000001)(19.25071377662042 122.0)
(1.0E-12 205.0 0.01)(61.023753483977885 37.0)
(1.0E-12 205.0 0.02)(57.56836054488233 46.0)
(1.0E-12 205.0 0.03)(53.102561006014696 58.0)
(1.0E-12 205.0 0.04)(52.29376166171379 64.0)
(1.0E-12 205.0 0.05)(58.30213798788036 65.0)
(1.0E-12 205.0 0.060000000000000005)(56.446142664865164 66.0)
(1.0E-12 205.0 0.07)(55.89616704466477 67.0)
(1.0E-12 205.0 0.08)(54.779514412679994 76.0)
(1.0E-12 205.0 0.09)(39.89700371621759 84.0)
(1.0E-12 205.0 0.09999999999999999)(35.390885400409346 91.0)
(1.0E-12 205.0 0.10999999999999999)(41.170373313284315 96.0)
(1.0E-12 205.0 0.11999999999999998)(38.690176585652594 100.0)
(1.0E-12 205.0 0.12999999999999998)(29.474324381861113 101.0)
(1.0E-12 205.0 0.13999999999999999)(29.474324381861113 101.0)
(1.0E-12 205.0 0.15)(29.474324381861113 101.0)
(1.0E-12 205.0 0.16)(29.474324381861113 101.0)
(1.0E-12 205.0 0.17)(29.703373899125523 104.0)
(1.0E-12 205.0 0.18000000000000002)(30.04867958277371 107.0)
(1.0E-12 205.0 0.19000000000000003)(29.260244049580255 108.0)
(1.0E-12 205.0 0.20000000000000004)(28.689883393656835 112.0)
(1.0E-12 205.0 0.21000000000000005)(28.361196904141032 114.0)
(1.0E-12 205.0 0.22000000000000006)(28.361196904141032 114.0)
(1.0E-12 205.0 0.23000000000000007)(28.446653979567156 113.0)
(1.0E-12 205.0 0.24000000000000007)(21.95156159650702 116.0)
(1.0E-12 205.0 0.25000000000000006)(21.85546294155961 117.0)
(1.0E-12 205.0 0.26000000000000006)(19.483277236705195 120.0)
(1.0E-12 205.0 0.2700000000000001)(19.25071377662042 122.0)
(1.0E-12 205.0 0.2800000000000001)(19.25071377662042 122.0)
(1.0E-12 205.0 0.2900000000000001)(19.25071377662042 122.0)
(1.0E-12 210.0 0.01)(61.023753483977885 37.0)
(1.0E-12 210.0 0.02)(57.56836054488233 46.0)
(1.0E-12 210.0 0.03)(53.102561006014696 58.0)
(1.0E-12 210.0 0.04)(52.29376166171379 64.0)
(1.0E-12 210.0 0.05)(58.30213798788036 65.0)
(1.0E-12 210.0 0.060000000000000005)(56.446142664865164 66.0)
(1.0E-12 210.0 0.07)(55.89616704466477 67.0)
(1.0E-12 210.0 0.08)(54.779514412679994 76.0)
(1.0E-12 210.0 0.09)(39.89700371621759 84.0)
(1.0E-12 210.0 0.09999999999999999)(35.390885400409346 91.0)
(1.0E-12 210.0 0.10999999999999999)(41.170373313284315 96.0)
(1.0E-12 210.0 0.11999999999999998)(38.690176585652594 100.0)
(1.0E-12 210.0 0.12999999999999998)(29.474324381861113 101.0)
(1.0E-12 210.0 0.13999999999999999)(29.474324381861113 101.0)
(1.0E-12 210.0 0.15)(29.474324381861113 101.0)
(1.0E-12 210.0 0.16)(29.474324381861113 101.0)
(1.0E-12 210.0 0.17)(29.703373899125523 104.0)
(1.0E-12 210.0 0.18000000000000002)(30.04867958277371 107.0)
(1.0E-12 210.0 0.19000000000000003)(29.260244049580255 108.0)
(1.0E-12 210.0 0.20000000000000004)(28.689883393656835 112.0)
(1.0E-12 210.0 0.21000000000000005)(28.361196904141032 114.0)
(1.0E-12 210.0 0.22000000000000006)(28.361196904141032 114.0)
(1.0E-12 210.0 0.23000000000000007)(28.446653979567156 113.0)
(1.0E-12 210.0 0.24000000000000007)(21.95156159650702 116.0)
(1.0E-12 210.0 0.25000000000000006)(21.85546294155961 117.0)
(1.0E-12 210.0 0.26000000000000006)(19.483277236705195 120.0)
(1.0E-12 210.0 0.2700000000000001)(19.25071377662042 122.0)
(1.0E-12 210.0 0.2800000000000001)(19.25071377662042 122.0)
(1.0E-12 210.0 0.2900000000000001)(19.25071377662042 122.0)
(1.0E-12 215.0 0.01)(61.023753483977885 37.0)
(1.0E-12 215.0 0.02)(57.56836054488233 46.0)
(1.0E-12 215.0 0.03)(53.102561006014696 58.0)
(1.0E-12 215.0 0.04)(52.29376166171379 64.0)
(1.0E-12 215.0 0.05)(46.73013663690693 68.0)
(1.0E-12 215.0 0.060000000000000005)(56.446142664865164 66.0)
(1.0E-12 215.0 0.07)(55.89616704466477 67.0)
(1.0E-12 215.0 0.08)(54.779514412679994 76.0)
(1.0E-12 215.0 0.09)(39.89700371621759 84.0)
(1.0E-12 215.0 0.09999999999999999)(35.390885400409346 91.0)
(1.0E-12 215.0 0.10999999999999999)(41.170373313284315 96.0)
(1.0E-12 215.0 0.11999999999999998)(38.690176585652594 100.0)
(1.0E-12 215.0 0.12999999999999998)(29.474324381861113 101.0)
(1.0E-12 215.0 0.13999999999999999)(29.474324381861113 101.0)
(1.0E-12 215.0 0.15)(29.474324381861113 101.0)
(1.0E-12 215.0 0.16)(29.474324381861113 101.0)
(1.0E-12 215.0 0.17)(29.703373899125523 104.0)
(1.0E-12 215.0 0.18000000000000002)(30.04867958277371 107.0)
(1.0E-12 215.0 0.19000000000000003)(29.260244049580255 108.0)
(1.0E-12 215.0 0.20000000000000004)(28.689883393656835 112.0)
(1.0E-12 215.0 0.21000000000000005)(28.361196904141032 114.0)
(1.0E-12 215.0 0.22000000000000006)(28.361196904141032 114.0)
(1.0E-12 215.0 0.23000000000000007)(28.446653979567156 113.0)
(1.0E-12 215.0 0.24000000000000007)(21.95156159650702 116.0)
(1.0E-12 215.0 0.25000000000000006)(21.85546294155961 117.0)
(1.0E-12 215.0 0.26000000000000006)(19.483277236705195 120.0)
(1.0E-12 215.0 0.2700000000000001)(19.25071377662042 122.0)
(1.0E-12 215.0 0.2800000000000001)(19.25071377662042 122.0)
(1.0E-12 215.0 0.2900000000000001)(19.25071377662042 122.0)
(1.0E-12 220.0 0.01)(61.023753483977885 37.0)
(1.0E-12 220.0 0.02)(57.56836054488233 46.0)
(1.0E-12 220.0 0.03)(53.102561006014696 58.0)
(1.0E-12 220.0 0.04)(52.29376166171379 64.0)
(1.0E-12 220.0 0.05)(46.73013663690693 68.0)
(1.0E-12 220.0 0.060000000000000005)(56.446142664865164 66.0)
(1.0E-12 220.0 0.07)(55.89616704466477 67.0)
(1.0E-12 220.0 0.08)(54.779514412679994 76.0)
(1.0E-12 220.0 0.09)(39.89700371621759 84.0)
(1.0E-12 220.0 0.09999999999999999)(35.390885400409346 91.0)
(1.0E-12 220.0 0.10999999999999999)(41.170373313284315 96.0)
(1.0E-12 220.0 0.11999999999999998)(38.690176585652594 100.0)
(1.0E-12 220.0 0.12999999999999998)(29.474324381861113 101.0)
(1.0E-12 220.0 0.13999999999999999)(29.474324381861113 101.0)
(1.0E-12 220.0 0.15)(29.474324381861113 101.0)
(1.0E-12 220.0 0.16)(29.474324381861113 101.0)
(1.0E-12 220.0 0.17)(29.703373899125523 104.0)
(1.0E-12 220.0 0.18000000000000002)(30.04867958277371 107.0)
(1.0E-12 220.0 0.19000000000000003)(29.260244049580255 108.0)
(1.0E-12 220.0 0.20000000000000004)(28.689883393656835 112.0)
(1.0E-12 220.0 0.21000000000000005)(28.361196904141032 114.0)
(1.0E-12 220.0 0.22000000000000006)(28.361196904141032 114.0)
(1.0E-12 220.0 0.23000000000000007)(28.446653979567156 113.0)
(1.0E-12 220.0 0.24000000000000007)(21.95156159650702 116.0)
(1.0E-12 220.0 0.25000000000000006)(21.85546294155961 117.0)
(1.0E-12 220.0 0.26000000000000006)(19.483277236705195 120.0)
(1.0E-12 220.0 0.2700000000000001)(19.25071377662042 122.0)
(1.0E-12 220.0 0.2800000000000001)(19.25071377662042 122.0)
(1.0E-12 220.0 0.2900000000000001)(19.25071377662042 122.0)
(1.0E-12 225.0 0.01)(61.023753483977885 37.0)
(1.0E-12 225.0 0.02)(57.56836054488233 46.0)
(1.0E-12 225.0 0.03)(53.102561006014696 58.0)
(1.0E-12 225.0 0.04)(52.29376166171379 64.0)
(1.0E-12 225.0 0.05)(46.73013663690693 68.0)
(1.0E-12 225.0 0.060000000000000005)(56.446142664865164 66.0)
(1.0E-12 225.0 0.07)(55.89616704466477 67.0)
(1.0E-12 225.0 0.08)(54.779514412679994 76.0)
(1.0E-12 225.0 0.09)(39.89700371621759 84.0)
(1.0E-12 225.0 0.09999999999999999)(35.390885400409346 91.0)
(1.0E-12 225.0 0.10999999999999999)(41.170373313284315 96.0)
(1.0E-12 225.0 0.11999999999999998)(38.690176585652594 100.0)
(1.0E-12 225.0 0.12999999999999998)(29.474324381861113 101.0)
(1.0E-12 225.0 0.13999999999999999)(29.474324381861113 101.0)
(1.0E-12 225.0 0.15)(29.474324381861113 101.0)
(1.0E-12 225.0 0.16)(29.474324381861113 101.0)
(1.0E-12 225.0 0.17)(29.703373899125523 104.0)
(1.0E-12 225.0 0.18000000000000002)(30.04867958277371 107.0)
(1.0E-12 225.0 0.19000000000000003)(29.260244049580255 108.0)
(1.0E-12 225.0 0.20000000000000004)(28.689883393656835 112.0)
(1.0E-12 225.0 0.21000000000000005)(28.361196904141032 114.0)
(1.0E-12 225.0 0.22000000000000006)(28.361196904141032 114.0)
(1.0E-12 225.0 0.23000000000000007)(28.446653979567156 113.0)
(1.0E-12 225.0 0.24000000000000007)(21.95156159650702 116.0)
(1.0E-12 225.0 0.25000000000000006)(21.85546294155961 117.0)
(1.0E-12 225.0 0.26000000000000006)(19.483277236705195 120.0)
(1.0E-12 225.0 0.2700000000000001)(19.25071377662042 122.0)
(1.0E-12 225.0 0.2800000000000001)(19.25071377662042 122.0)
(1.0E-12 225.0 0.2900000000000001)(19.25071377662042 122.0)
(1.0E-12 230.0 0.01)(61.023753483977885 37.0)
(1.0E-12 230.0 0.02)(57.56836054488233 46.0)
(1.0E-12 230.0 0.03)(53.102561006014696 58.0)
(1.0E-12 230.0 0.04)(52.29376166171379 64.0)
(1.0E-12 230.0 0.05)(46.73013663690693 68.0)
(1.0E-12 230.0 0.060000000000000005)(41.20939781288217 69.0)
(1.0E-12 230.0 0.07)(55.89616704466477 67.0)
(1.0E-12 230.0 0.08)(54.779514412679994 76.0)
(1.0E-12 230.0 0.09)(39.89700371621759 84.0)
(1.0E-12 230.0 0.09999999999999999)(35.390885400409346 91.0)
(1.0E-12 230.0 0.10999999999999999)(41.170373313284315 96.0)
(1.0E-12 230.0 0.11999999999999998)(38.690176585652594 100.0)
(1.0E-12 230.0 0.12999999999999998)(29.474324381861113 101.0)
(1.0E-12 230.0 0.13999999999999999)(29.474324381861113 101.0)
(1.0E-12 230.0 0.15)(29.474324381861113 101.0)
(1.0E-12 230.0 0.16)(29.474324381861113 101.0)
(1.0E-12 230.0 0.17)(29.703373899125523 104.0)
(1.0E-12 230.0 0.18000000000000002)(30.04867958277371 107.0)
(1.0E-12 230.0 0.19000000000000003)(29.260244049580255 108.0)
(1.0E-12 230.0 0.20000000000000004)(28.689883393656835 112.0)
(1.0E-12 230.0 0.21000000000000005)(28.361196904141032 114.0)
(1.0E-12 230.0 0.22000000000000006)(28.361196904141032 114.0)
(1.0E-12 230.0 0.23000000000000007)(28.446653979567156 113.0)
(1.0E-12 230.0 0.24000000000000007)(21.95156159650702 116.0)
(1.0E-12 230.0 0.25000000000000006)(21.85546294155961 117.0)
(1.0E-12 230.0 0.26000000000000006)(19.483277236705195 120.0)
(1.0E-12 230.0 0.2700000000000001)(19.25071377662042 122.0)
(1.0E-12 230.0 0.2800000000000001)(19.25071377662042 122.0)
(1.0E-12 230.0 0.2900000000000001)(19.25071377662042 122.0)
(1.0E-12 235.0 0.01)(61.023753483977885 37.0)
(1.0E-12 235.0 0.02)(57.56836054488233 46.0)
(1.0E-12 235.0 0.03)(53.102561006014696 58.0)
(1.0E-12 235.0 0.04)(52.29376166171379 64.0)
(1.0E-12 235.0 0.05)(46.73013663690693 68.0)
(1.0E-12 235.0 0.060000000000000005)(41.20939781288217 69.0)
(1.0E-12 235.0 0.07)(55.89616704466477 67.0)
(1.0E-12 235.0 0.08)(54.779514412679994 76.0)
(1.0E-12 235.0 0.09)(39.89700371621759 84.0)
(1.0E-12 235.0 0.09999999999999999)(35.390885400409346 91.0)
(1.0E-12 235.0 0.10999999999999999)(41.170373313284315 96.0)
(1.0E-12 235.0 0.11999999999999998)(38.690176585652594 100.0)
(1.0E-12 235.0 0.12999999999999998)(29.474324381861113 101.0)
(1.0E-12 235.0 0.13999999999999999)(29.474324381861113 101.0)
(1.0E-12 235.0 0.15)(29.474324381861113 101.0)
(1.0E-12 235.0 0.16)(29.474324381861113 101.0)
(1.0E-12 235.0 0.17)(29.703373899125523 104.0)
(1.0E-12 235.0 0.18000000000000002)(30.04867958277371 107.0)
(1.0E-12 235.0 0.19000000000000003)(29.260244049580255 108.0)
(1.0E-12 235.0 0.20000000000000004)(28.689883393656835 112.0)
(1.0E-12 235.0 0.21000000000000005)(28.361196904141032 114.0)
(1.0E-12 235.0 0.22000000000000006)(28.361196904141032 114.0)
(1.0E-12 235.0 0.23000000000000007)(28.446653979567156 113.0)
(1.0E-12 235.0 0.24000000000000007)(21.95156159650702 116.0)
(1.0E-12 235.0 0.25000000000000006)(21.85546294155961 117.0)
(1.0E-12 235.0 0.26000000000000006)(19.483277236705195 120.0)
(1.0E-12 235.0 0.2700000000000001)(19.25071377662042 122.0)
(1.0E-12 235.0 0.2800000000000001)(19.25071377662042 122.0)
(1.0E-12 235.0 0.2900000000000001)(19.25071377662042 122.0)
(1.0E-12 240.0 0.01)(61.023753483977885 37.0)
(1.0E-12 240.0 0.02)(57.56836054488233 46.0)
(1.0E-12 240.0 0.03)(53.102561006014696 58.0)
(1.0E-12 240.0 0.04)(52.29376166171379 64.0)
(1.0E-12 240.0 0.05)(46.73013663690693 68.0)
(1.0E-12 240.0 0.060000000000000005)(41.20939781288217 69.0)
(1.0E-12 240.0 0.07)(55.89616704466477 67.0)
(1.0E-12 240.0 0.08)(54.779514412679994 76.0)
(1.0E-12 240.0 0.09)(39.89700371621759 84.0)
(1.0E-12 240.0 0.09999999999999999)(35.390885400409346 91.0)
(1.0E-12 240.0 0.10999999999999999)(41.170373313284315 96.0)
(1.0E-12 240.0 0.11999999999999998)(38.690176585652594 100.0)
(1.0E-12 240.0 0.12999999999999998)(29.474324381861113 101.0)
(1.0E-12 240.0 0.13999999999999999)(29.474324381861113 101.0)
(1.0E-12 240.0 0.15)(29.474324381861113 101.0)
(1.0E-12 240.0 0.16)(29.474324381861113 101.0)
(1.0E-12 240.0 0.17)(29.703373899125523 104.0)
(1.0E-12 240.0 0.18000000000000002)(30.04867958277371 107.0)
(1.0E-12 240.0 0.19000000000000003)(29.260244049580255 108.0)
(1.0E-12 240.0 0.20000000000000004)(28.689883393656835 112.0)
(1.0E-12 240.0 0.21000000000000005)(28.361196904141032 114.0)
(1.0E-12 240.0 0.22000000000000006)(28.361196904141032 114.0)
(1.0E-12 240.0 0.23000000000000007)(28.446653979567156 113.0)
(1.0E-12 240.0 0.24000000000000007)(21.95156159650702 116.0)
(1.0E-12 240.0 0.25000000000000006)(21.85546294155961 117.0)
(1.0E-12 240.0 0.26000000000000006)(19.483277236705195 120.0)
(1.0E-12 240.0 0.2700000000000001)(19.25071377662042 122.0)
(1.0E-12 240.0 0.2800000000000001)(19.25071377662042 122.0)
(1.0E-12 240.0 0.2900000000000001)(19.25071377662042 122.0)
(1.0E-12 245.0 0.01)(61.023753483977885 37.0)
(1.0E-12 245.0 0.02)(57.56836054488233 46.0)
(1.0E-12 245.0 0.03)(53.102561006014696 58.0)
(1.0E-12 245.0 0.04)(52.29376166171379 64.0)
(1.0E-12 245.0 0.05)(46.73013663690693 68.0)
(1.0E-12 245.0 0.060000000000000005)(41.20939781288217 69.0)
(1.0E-12 245.0 0.07)(39.58814698710687 71.0)
(1.0E-12 245.0 0.08)(54.779514412679994 76.0)
(1.0E-12 245.0 0.09)(39.89700371621759 84.0)
(1.0E-12 245.0 0.09999999999999999)(35.390885400409346 91.0)
(1.0E-12 245.0 0.10999999999999999)(41.170373313284315 96.0)
(1.0E-12 245.0 0.11999999999999998)(38.690176585652594 100.0)
(1.0E-12 245.0 0.12999999999999998)(29.474324381861113 101.0)
(1.0E-12 245.0 0.13999999999999999)(29.474324381861113 101.0)
(1.0E-12 245.0 0.15)(29.474324381861113 101.0)
(1.0E-12 245.0 0.16)(29.474324381861113 101.0)
(1.0E-12 245.0 0.17)(29.703373899125523 104.0)
(1.0E-12 245.0 0.18000000000000002)(30.04867958277371 107.0)
(1.0E-12 245.0 0.19000000000000003)(29.260244049580255 108.0)
(1.0E-12 245.0 0.20000000000000004)(28.689883393656835 112.0)
(1.0E-12 245.0 0.21000000000000005)(28.361196904141032 114.0)
(1.0E-12 245.0 0.22000000000000006)(28.361196904141032 114.0)
(1.0E-12 245.0 0.23000000000000007)(28.446653979567156 113.0)
(1.0E-12 245.0 0.24000000000000007)(21.95156159650702 116.0)
(1.0E-12 245.0 0.25000000000000006)(21.85546294155961 117.0)
(1.0E-12 245.0 0.26000000000000006)(19.483277236705195 120.0)
(1.0E-12 245.0 0.2700000000000001)(19.25071377662042 122.0)
(1.0E-12 245.0 0.2800000000000001)(19.25071377662042 122.0)
(1.0E-12 245.0 0.2900000000000001)(19.25071377662042 122.0)
(1.0E-12 250.0 0.01)(61.023753483977885 37.0)
(1.0E-12 250.0 0.02)(57.56836054488233 46.0)
(1.0E-12 250.0 0.03)(53.102561006014696 58.0)
(1.0E-12 250.0 0.04)(52.29376166171379 64.0)
(1.0E-12 250.0 0.05)(46.73013663690693 68.0)
(1.0E-12 250.0 0.060000000000000005)(41.20939781288217 69.0)
(1.0E-12 250.0 0.07)(39.58814698710687 71.0)
(1.0E-12 250.0 0.08)(54.779514412679994 76.0)
(1.0E-12 250.0 0.09)(39.89700371621759 84.0)
(1.0E-12 250.0 0.09999999999999999)(35.390885400409346 91.0)
(1.0E-12 250.0 0.10999999999999999)(41.170373313284315 96.0)
(1.0E-12 250.0 0.11999999999999998)(38.690176585652594 100.0)
(1.0E-12 250.0 0.12999999999999998)(29.474324381861113 101.0)
(1.0E-12 250.0 0.13999999999999999)(29.474324381861113 101.0)
(1.0E-12 250.0 0.15)(29.474324381861113 101.0)
(1.0E-12 250.0 0.16)(29.474324381861113 101.0)
(1.0E-12 250.0 0.17)(29.703373899125523 104.0)
(1.0E-12 250.0 0.18000000000000002)(30.04867958277371 107.0)
(1.0E-12 250.0 0.19000000000000003)(29.260244049580255 108.0)
(1.0E-12 250.0 0.20000000000000004)(28.689883393656835 112.0)
(1.0E-12 250.0 0.21000000000000005)(28.361196904141032 114.0)
(1.0E-12 250.0 0.22000000000000006)(28.361196904141032 114.0)
(1.0E-12 250.0 0.23000000000000007)(28.446653979567156 113.0)
(1.0E-12 250.0 0.24000000000000007)(21.95156159650702 116.0)
(1.0E-12 250.0 0.25000000000000006)(21.85546294155961 117.0)
(1.0E-12 250.0 0.26000000000000006)(19.483277236705195 120.0)
(1.0E-12 250.0 0.2700000000000001)(19.25071377662042 122.0)
(1.0E-12 250.0 0.2800000000000001)(19.25071377662042 122.0)
(1.0E-12 250.0 0.2900000000000001)(19.25071377662042 122.0)
(1.0E-12 255.0 0.01)(61.023753483977885 37.0)
(1.0E-12 255.0 0.02)(57.56836054488233 46.0)
(1.0E-12 255.0 0.03)(53.102561006014696 58.0)
(1.0E-12 255.0 0.04)(52.29376166171379 64.0)
(1.0E-12 255.0 0.05)(46.73013663690693 68.0)
(1.0E-12 255.0 0.060000000000000005)(41.20939781288217 69.0)
(1.0E-12 255.0 0.07)(39.58814698710687 71.0)
(1.0E-12 255.0 0.08)(36.652693314643514 78.0)
(1.0E-12 255.0 0.09)(39.89700371621759 84.0)
(1.0E-12 255.0 0.09999999999999999)(35.390885400409346 91.0)
(1.0E-12 255.0 0.10999999999999999)(41.170373313284315 96.0)
(1.0E-12 255.0 0.11999999999999998)(38.690176585652594 100.0)
(1.0E-12 255.0 0.12999999999999998)(29.474324381861113 101.0)
(1.0E-12 255.0 0.13999999999999999)(29.474324381861113 101.0)
(1.0E-12 255.0 0.15)(29.474324381861113 101.0)
(1.0E-12 255.0 0.16)(29.474324381861113 101.0)
(1.0E-12 255.0 0.17)(29.703373899125523 104.0)
(1.0E-12 255.0 0.18000000000000002)(30.04867958277371 107.0)
(1.0E-12 255.0 0.19000000000000003)(29.260244049580255 108.0)
(1.0E-12 255.0 0.20000000000000004)(28.689883393656835 112.0)
(1.0E-12 255.0 0.21000000000000005)(28.361196904141032 114.0)
(1.0E-12 255.0 0.22000000000000006)(28.361196904141032 114.0)
(1.0E-12 255.0 0.23000000000000007)(28.446653979567156 113.0)
(1.0E-12 255.0 0.24000000000000007)(21.95156159650702 116.0)
(1.0E-12 255.0 0.25000000000000006)(21.85546294155961 117.0)
(1.0E-12 255.0 0.26000000000000006)(19.483277236705195 120.0)
(1.0E-12 255.0 0.2700000000000001)(19.25071377662042 122.0)
(1.0E-12 255.0 0.2800000000000001)(19.25071377662042 122.0)
(1.0E-12 255.0 0.2900000000000001)(19.25071377662042 122.0)
(1.0E-12 260.0 0.01)(61.023753483977885 37.0)
(1.0E-12 260.0 0.02)(57.56836054488233 46.0)
(1.0E-12 260.0 0.03)(53.102561006014696 58.0)
(1.0E-12 260.0 0.04)(52.29376166171379 64.0)
(1.0E-12 260.0 0.05)(46.73013663690693 68.0)
(1.0E-12 260.0 0.060000000000000005)(41.20939781288217 69.0)
(1.0E-12 260.0 0.07)(39.58814698710687 71.0)
(1.0E-12 260.0 0.08)(36.652693314643514 78.0)
(1.0E-12 260.0 0.09)(35.71702989969659 81.0)
(1.0E-12 260.0 0.09999999999999999)(35.390885400409346 91.0)
(1.0E-12 260.0 0.10999999999999999)(41.170373313284315 96.0)
(1.0E-12 260.0 0.11999999999999998)(38.690176585652594 100.0)
(1.0E-12 260.0 0.12999999999999998)(29.474324381861113 101.0)
(1.0E-12 260.0 0.13999999999999999)(29.474324381861113 101.0)
(1.0E-12 260.0 0.15)(29.474324381861113 101.0)
(1.0E-12 260.0 0.16)(29.474324381861113 101.0)
(1.0E-12 260.0 0.17)(29.703373899125523 104.0)
(1.0E-12 260.0 0.18000000000000002)(30.04867958277371 107.0)
(1.0E-12 260.0 0.19000000000000003)(29.260244049580255 108.0)
(1.0E-12 260.0 0.20000000000000004)(28.689883393656835 112.0)
(1.0E-12 260.0 0.21000000000000005)(28.361196904141032 114.0)
(1.0E-12 260.0 0.22000000000000006)(28.361196904141032 114.0)
(1.0E-12 260.0 0.23000000000000007)(28.446653979567156 113.0)
(1.0E-12 260.0 0.24000000000000007)(21.95156159650702 116.0)
(1.0E-12 260.0 0.25000000000000006)(21.85546294155961 117.0)
(1.0E-12 260.0 0.26000000000000006)(19.483277236705195 120.0)
(1.0E-12 260.0 0.2700000000000001)(19.25071377662042 122.0)
(1.0E-12 260.0 0.2800000000000001)(19.25071377662042 122.0)
(1.0E-12 260.0 0.2900000000000001)(19.25071377662042 122.0)
(1.0E-12 265.0 0.01)(61.023753483977885 37.0)
(1.0E-12 265.0 0.02)(57.56836054488233 46.0)
(1.0E-12 265.0 0.03)(53.102561006014696 58.0)
(1.0E-12 265.0 0.04)(52.29376166171379 64.0)
(1.0E-12 265.0 0.05)(46.73013663690693 68.0)
(1.0E-12 265.0 0.060000000000000005)(41.20939781288217 69.0)
(1.0E-12 265.0 0.07)(39.58814698710687 71.0)
(1.0E-12 265.0 0.08)(36.652693314643514 78.0)
(1.0E-12 265.0 0.09)(35.71702989969659 81.0)
(1.0E-12 265.0 0.09999999999999999)(35.15342327344148 87.0)
(1.0E-12 265.0 0.10999999999999999)(41.170373313284315 96.0)
(1.0E-12 265.0 0.11999999999999998)(38.690176585652594 100.0)
(1.0E-12 265.0 0.12999999999999998)(29.474324381861113 101.0)
(1.0E-12 265.0 0.13999999999999999)(29.474324381861113 101.0)
(1.0E-12 265.0 0.15)(29.474324381861113 101.0)
(1.0E-12 265.0 0.16)(29.474324381861113 101.0)
(1.0E-12 265.0 0.17)(29.703373899125523 104.0)
(1.0E-12 265.0 0.18000000000000002)(30.04867958277371 107.0)
(1.0E-12 265.0 0.19000000000000003)(29.260244049580255 108.0)
(1.0E-12 265.0 0.20000000000000004)(28.689883393656835 112.0)
(1.0E-12 265.0 0.21000000000000005)(28.361196904141032 114.0)
(1.0E-12 265.0 0.22000000000000006)(28.361196904141032 114.0)
(1.0E-12 265.0 0.23000000000000007)(28.446653979567156 113.0)
(1.0E-12 265.0 0.24000000000000007)(21.95156159650702 116.0)
(1.0E-12 265.0 0.25000000000000006)(21.85546294155961 117.0)
(1.0E-12 265.0 0.26000000000000006)(19.483277236705195 120.0)
(1.0E-12 265.0 0.2700000000000001)(19.25071377662042 122.0)
(1.0E-12 265.0 0.2800000000000001)(19.25071377662042 122.0)
(1.0E-12 265.0 0.2900000000000001)(19.25071377662042 122.0)
(1.0E-12 270.0 0.01)(61.023753483977885 37.0)
(1.0E-12 270.0 0.02)(57.56836054488233 46.0)
(1.0E-12 270.0 0.03)(53.102561006014696 58.0)
(1.0E-12 270.0 0.04)(52.29376166171379 64.0)
(1.0E-12 270.0 0.05)(46.73013663690693 68.0)
(1.0E-12 270.0 0.060000000000000005)(41.20939781288217 69.0)
(1.0E-12 270.0 0.07)(39.58814698710687 71.0)
(1.0E-12 270.0 0.08)(36.652693314643514 78.0)
(1.0E-12 270.0 0.09)(35.71702989969659 81.0)
(1.0E-12 270.0 0.09999999999999999)(35.15342327344148 87.0)
(1.0E-12 270.0 0.10999999999999999)(41.170373313284315 96.0)
(1.0E-12 270.0 0.11999999999999998)(38.690176585652594 100.0)
(1.0E-12 270.0 0.12999999999999998)(29.474324381861113 101.0)
(1.0E-12 270.0 0.13999999999999999)(29.474324381861113 101.0)
(1.0E-12 270.0 0.15)(29.474324381861113 101.0)
(1.0E-12 270.0 0.16)(29.474324381861113 101.0)
(1.0E-12 270.0 0.17)(29.703373899125523 104.0)
(1.0E-12 270.0 0.18000000000000002)(30.04867958277371 107.0)
(1.0E-12 270.0 0.19000000000000003)(29.260244049580255 108.0)
(1.0E-12 270.0 0.20000000000000004)(28.689883393656835 112.0)
(1.0E-12 270.0 0.21000000000000005)(28.361196904141032 114.0)
(1.0E-12 270.0 0.22000000000000006)(28.361196904141032 114.0)
(1.0E-12 270.0 0.23000000000000007)(28.446653979567156 113.0)
(1.0E-12 270.0 0.24000000000000007)(21.95156159650702 116.0)
(1.0E-12 270.0 0.25000000000000006)(21.85546294155961 117.0)
(1.0E-12 270.0 0.26000000000000006)(19.483277236705195 120.0)
(1.0E-12 270.0 0.2700000000000001)(19.25071377662042 122.0)
(1.0E-12 270.0 0.2800000000000001)(19.25071377662042 122.0)
(1.0E-12 270.0 0.2900000000000001)(19.25071377662042 122.0)
(1.0E-12 275.0 0.01)(61.023753483977885 37.0)
(1.0E-12 275.0 0.02)(57.56836054488233 46.0)
(1.0E-12 275.0 0.03)(53.102561006014696 58.0)
(1.0E-12 275.0 0.04)(52.29376166171379 64.0)
(1.0E-12 275.0 0.05)(46.73013663690693 68.0)
(1.0E-12 275.0 0.060000000000000005)(41.20939781288217 69.0)
(1.0E-12 275.0 0.07)(39.58814698710687 71.0)
(1.0E-12 275.0 0.08)(36.652693314643514 78.0)
(1.0E-12 275.0 0.09)(35.71702989969659 81.0)
(1.0E-12 275.0 0.09999999999999999)(35.15342327344148 87.0)
(1.0E-12 275.0 0.10999999999999999)(27.814250917488508 97.0)
(1.0E-12 275.0 0.11999999999999998)(38.690176585652594 100.0)
(1.0E-12 275.0 0.12999999999999998)(29.474324381861113 101.0)
(1.0E-12 275.0 0.13999999999999999)(29.474324381861113 101.0)
(1.0E-12 275.0 0.15)(29.474324381861113 101.0)
(1.0E-12 275.0 0.16)(29.474324381861113 101.0)
(1.0E-12 275.0 0.17)(29.703373899125523 104.0)
(1.0E-12 275.0 0.18000000000000002)(30.04867958277371 107.0)
(1.0E-12 275.0 0.19000000000000003)(29.260244049580255 108.0)
(1.0E-12 275.0 0.20000000000000004)(28.689883393656835 112.0)
(1.0E-12 275.0 0.21000000000000005)(28.361196904141032 114.0)
(1.0E-12 275.0 0.22000000000000006)(28.361196904141032 114.0)
(1.0E-12 275.0 0.23000000000000007)(28.446653979567156 113.0)
(1.0E-12 275.0 0.24000000000000007)(21.95156159650702 116.0)
(1.0E-12 275.0 0.25000000000000006)(21.85546294155961 117.0)
(1.0E-12 275.0 0.26000000000000006)(19.483277236705195 120.0)
(1.0E-12 275.0 0.2700000000000001)(19.25071377662042 122.0)
(1.0E-12 275.0 0.2800000000000001)(19.25071377662042 122.0)
(1.0E-12 275.0 0.2900000000000001)(19.25071377662042 122.0)
(1.0E-12 280.0 0.01)(61.023753483977885 37.0)
(1.0E-12 280.0 0.02)(57.56836054488233 46.0)
(1.0E-12 280.0 0.03)(53.102561006014696 58.0)
(1.0E-12 280.0 0.04)(52.29376166171379 64.0)
(1.0E-12 280.0 0.05)(46.73013663690693 68.0)
(1.0E-12 280.0 0.060000000000000005)(41.20939781288217 69.0)
(1.0E-12 280.0 0.07)(39.58814698710687 71.0)
(1.0E-12 280.0 0.08)(36.652693314643514 78.0)
(1.0E-12 280.0 0.09)(35.71702989969659 81.0)
(1.0E-12 280.0 0.09999999999999999)(35.15342327344148 87.0)
(1.0E-12 280.0 0.10999999999999999)(27.814250917488508 97.0)
(1.0E-12 280.0 0.11999999999999998)(28.392928644132024 97.0)
(1.0E-12 280.0 0.12999999999999998)(29.474324381861113 101.0)
(1.0E-12 280.0 0.13999999999999999)(29.474324381861113 101.0)
(1.0E-12 280.0 0.15)(29.474324381861113 101.0)
(1.0E-12 280.0 0.16)(29.474324381861113 101.0)
(1.0E-12 280.0 0.17)(29.703373899125523 104.0)
(1.0E-12 280.0 0.18000000000000002)(30.04867958277371 107.0)
(1.0E-12 280.0 0.19000000000000003)(29.260244049580255 108.0)
(1.0E-12 280.0 0.20000000000000004)(28.689883393656835 112.0)
(1.0E-12 280.0 0.21000000000000005)(28.361196904141032 114.0)
(1.0E-12 280.0 0.22000000000000006)(28.361196904141032 114.0)
(1.0E-12 280.0 0.23000000000000007)(28.446653979567156 113.0)
(1.0E-12 280.0 0.24000000000000007)(21.95156159650702 116.0)
(1.0E-12 280.0 0.25000000000000006)(21.85546294155961 117.0)
(1.0E-12 280.0 0.26000000000000006)(19.483277236705195 120.0)
(1.0E-12 280.0 0.2700000000000001)(19.25071377662042 122.0)
(1.0E-12 280.0 0.2800000000000001)(19.25071377662042 122.0)
(1.0E-12 280.0 0.2900000000000001)(19.25071377662042 122.0)
(1.0E-12 285.0 0.01)(61.023753483977885 37.0)
(1.0E-12 285.0 0.02)(57.56836054488233 46.0)
(1.0E-12 285.0 0.03)(53.102561006014696 58.0)
(1.0E-12 285.0 0.04)(52.29376166171379 64.0)
(1.0E-12 285.0 0.05)(46.73013663690693 68.0)
(1.0E-12 285.0 0.060000000000000005)(41.20939781288217 69.0)
(1.0E-12 285.0 0.07)(39.58814698710687 71.0)
(1.0E-12 285.0 0.08)(36.652693314643514 78.0)
(1.0E-12 285.0 0.09)(35.71702989969659 81.0)
(1.0E-12 285.0 0.09999999999999999)(35.15342327344148 87.0)
(1.0E-12 285.0 0.10999999999999999)(27.814250917488508 97.0)
(1.0E-12 285.0 0.11999999999999998)(28.392928644132024 97.0)
(1.0E-12 285.0 0.12999999999999998)(25.37150387209333 100.0)
(1.0E-12 285.0 0.13999999999999999)(29.474324381861113 101.0)
(1.0E-12 285.0 0.15)(29.474324381861113 101.0)
(1.0E-12 285.0 0.16)(29.474324381861113 101.0)
(1.0E-12 285.0 0.17)(29.703373899125523 104.0)
(1.0E-12 285.0 0.18000000000000002)(30.04867958277371 107.0)
(1.0E-12 285.0 0.19000000000000003)(29.260244049580255 108.0)
(1.0E-12 285.0 0.20000000000000004)(28.689883393656835 112.0)
(1.0E-12 285.0 0.21000000000000005)(28.361196904141032 114.0)
(1.0E-12 285.0 0.22000000000000006)(28.361196904141032 114.0)
(1.0E-12 285.0 0.23000000000000007)(28.446653979567156 113.0)
(1.0E-12 285.0 0.24000000000000007)(21.95156159650702 116.0)
(1.0E-12 285.0 0.25000000000000006)(21.85546294155961 117.0)
(1.0E-12 285.0 0.26000000000000006)(19.483277236705195 120.0)
(1.0E-12 285.0 0.2700000000000001)(19.25071377662042 122.0)
(1.0E-12 285.0 0.2800000000000001)(19.25071377662042 122.0)
(1.0E-12 285.0 0.2900000000000001)(19.25071377662042 122.0)
(1.0E-12 290.0 0.01)(61.023753483977885 37.0)
(1.0E-12 290.0 0.02)(57.56836054488233 46.0)
(1.0E-12 290.0 0.03)(53.102561006014696 58.0)
(1.0E-12 290.0 0.04)(52.29376166171379 64.0)
(1.0E-12 290.0 0.05)(46.73013663690693 68.0)
(1.0E-12 290.0 0.060000000000000005)(41.20939781288217 69.0)
(1.0E-12 290.0 0.07)(39.58814698710687 71.0)
(1.0E-12 290.0 0.08)(36.652693314643514 78.0)
(1.0E-12 290.0 0.09)(35.71702989969659 81.0)
(1.0E-12 290.0 0.09999999999999999)(35.15342327344148 87.0)
(1.0E-12 290.0 0.10999999999999999)(27.814250917488508 97.0)
(1.0E-12 290.0 0.11999999999999998)(28.392928644132024 97.0)
(1.0E-12 290.0 0.12999999999999998)(25.37150387209333 100.0)
(1.0E-12 290.0 0.13999999999999999)(25.396419526193295 102.0)
(1.0E-12 290.0 0.15)(29.474324381861113 101.0)
(1.0E-12 290.0 0.16)(29.474324381861113 101.0)
(1.0E-12 290.0 0.17)(29.703373899125523 104.0)
(1.0E-12 290.0 0.18000000000000002)(30.04867958277371 107.0)
(1.0E-12 290.0 0.19000000000000003)(29.260244049580255 108.0)
(1.0E-12 290.0 0.20000000000000004)(28.689883393656835 112.0)
(1.0E-12 290.0 0.21000000000000005)(28.361196904141032 114.0)
(1.0E-12 290.0 0.22000000000000006)(28.361196904141032 114.0)
(1.0E-12 290.0 0.23000000000000007)(28.446653979567156 113.0)
(1.0E-12 290.0 0.24000000000000007)(21.95156159650702 116.0)
(1.0E-12 290.0 0.25000000000000006)(21.85546294155961 117.0)
(1.0E-12 290.0 0.26000000000000006)(19.483277236705195 120.0)
(1.0E-12 290.0 0.2700000000000001)(19.25071377662042 122.0)
(1.0E-12 290.0 0.2800000000000001)(19.25071377662042 122.0)
(1.0E-12 290.0 0.2900000000000001)(19.25071377662042 122.0)
(1.0E-12 295.0 0.01)(61.023753483977885 37.0)
(1.0E-12 295.0 0.02)(57.56836054488233 46.0)
(1.0E-12 295.0 0.03)(53.102561006014696 58.0)
(1.0E-12 295.0 0.04)(52.29376166171379 64.0)
(1.0E-12 295.0 0.05)(46.73013663690693 68.0)
(1.0E-12 295.0 0.060000000000000005)(41.20939781288217 69.0)
(1.0E-12 295.0 0.07)(39.58814698710687 71.0)
(1.0E-12 295.0 0.08)(36.652693314643514 78.0)
(1.0E-12 295.0 0.09)(35.71702989969659 81.0)
(1.0E-12 295.0 0.09999999999999999)(35.15342327344148 87.0)
(1.0E-12 295.0 0.10999999999999999)(27.814250917488508 97.0)
(1.0E-12 295.0 0.11999999999999998)(28.392928644132024 97.0)
(1.0E-12 295.0 0.12999999999999998)(25.37150387209333 100.0)
(1.0E-12 295.0 0.13999999999999999)(25.396419526193295 102.0)
(1.0E-12 295.0 0.15)(29.474324381861113 101.0)
(1.0E-12 295.0 0.16)(29.474324381861113 101.0)
(1.0E-12 295.0 0.17)(29.703373899125523 104.0)
(1.0E-12 295.0 0.18000000000000002)(30.04867958277371 107.0)
(1.0E-12 295.0 0.19000000000000003)(29.260244049580255 108.0)
(1.0E-12 295.0 0.20000000000000004)(28.689883393656835 112.0)
(1.0E-12 295.0 0.21000000000000005)(28.361196904141032 114.0)
(1.0E-12 295.0 0.22000000000000006)(28.361196904141032 114.0)
(1.0E-12 295.0 0.23000000000000007)(28.446653979567156 113.0)
(1.0E-12 295.0 0.24000000000000007)(21.95156159650702 116.0)
(1.0E-12 295.0 0.25000000000000006)(21.85546294155961 117.0)
(1.0E-12 295.0 0.26000000000000006)(19.483277236705195 120.0)
(1.0E-12 295.0 0.2700000000000001)(19.25071377662042 122.0)
(1.0E-12 295.0 0.2800000000000001)(19.25071377662042 122.0)
(1.0E-12 295.0 0.2900000000000001)(19.25071377662042 122.0)
(1.0E-12 15.0 0.3)(19.03576566324848 122.0)
(1.0E-12 15.0 0.31)(19.03576566324848 122.0)
(1.0E-12 15.0 0.32)(18.49194980750653 128.0)
(1.0E-12 15.0 0.33)(18.197403993313948 128.0)
(1.0E-12 15.0 0.34)(18.02564643195271 129.0)
(1.0E-12 15.0 0.35000000000000003)(17.519223823450876 128.0)
(1.0E-12 15.0 0.36000000000000004)(17.519223823450876 128.0)
(1.0E-12 15.0 0.37000000000000005)(17.343837960419354 130.0)
(1.0E-12 15.0 0.38000000000000006)(17.343837960419354 131.0)
(1.0E-12 15.0 0.39000000000000007)(16.326260700714368 133.0)
(1.0E-12 15.0 0.4000000000000001)(16.326260700714368 132.0)
(1.0E-12 15.0 0.4100000000000001)(17.457525457867654 132.0)
(1.0E-12 15.0 0.4200000000000001)(17.457525457867654 132.0)
(1.0E-12 15.0 0.4300000000000001)(24.161085853212978 119.0)
(1.0E-12 15.0 0.4400000000000001)(20.93816675680554 121.0)
(1.0E-12 15.0 0.4500000000000001)(20.527075145184398 124.0)
(1.0E-12 15.0 0.46000000000000013)(20.227714598524763 125.0)
(1.0E-12 15.0 0.47000000000000014)(20.227714598524763 125.0)
(1.0E-12 15.0 0.48000000000000015)(20.227714598524763 125.0)
(1.0E-12 15.0 0.49000000000000016)(19.080515194383896 127.0)
(1.0E-12 15.0 0.5000000000000001)(19.080515194383896 127.0)
(1.0E-12 15.0 0.5100000000000001)(19.080515194383896 127.0)
(1.0E-12 15.0 0.5200000000000001)(19.080515194383896 127.0)
(1.0E-12 15.0 0.5300000000000001)(19.080515194383896 127.0)
(1.0E-12 15.0 0.5400000000000001)(19.080515194383896 127.0)
(1.0E-12 15.0 0.5500000000000002)(19.080515194383896 127.0)
(1.0E-12 15.0 0.5600000000000002)(19.00902672328431 128.0)
(1.0E-12 15.0 0.5700000000000002)(16.943434539431472 134.0)
(1.0E-12 15.0 0.5800000000000002)(16.556331113543802 140.0)
(1.0E-12 15.0 0.5900000000000002)(22.676585812057986 134.0)
(1.0E-12 20.0 0.3)(19.320657669224488 124.0)
(1.0E-12 20.0 0.31)(19.320657669224488 124.0)
(1.0E-12 20.0 0.32)(19.372157007066296 126.0)
(1.0E-12 20.0 0.33)(18.683496085411612 128.0)
(1.0E-12 20.0 0.34)(18.571826143449936 129.0)
(1.0E-12 20.0 0.35000000000000003)(17.65240894781389 130.0)
(1.0E-12 20.0 0.36000000000000004)(16.132525077280476 133.0)
(1.0E-12 20.0 0.37000000000000005)(16.14696409558645 134.0)
(1.0E-12 20.0 0.38000000000000006)(16.14696409558645 134.0)
(1.0E-12 20.0 0.39000000000000007)(16.036686545247523 137.0)
(1.0E-12 20.0 0.4000000000000001)(16.31591837849902 134.0)
(1.0E-12 20.0 0.4100000000000001)(19.43367467599506 130.0)
(1.0E-12 20.0 0.4200000000000001)(17.742579837815192 133.0)
(1.0E-12 20.0 0.4300000000000001)(21.86367223739421 120.0)
(1.0E-12 20.0 0.4400000000000001)(20.93816675680554 121.0)
(1.0E-12 20.0 0.4500000000000001)(20.527075145184398 124.0)
(1.0E-12 20.0 0.46000000000000013)(20.227714598524763 125.0)
(1.0E-12 20.0 0.47000000000000014)(20.227714598524763 125.0)
(1.0E-12 20.0 0.48000000000000015)(20.227714598524763 125.0)
(1.0E-12 20.0 0.49000000000000016)(19.080515194383896 127.0)
(1.0E-12 20.0 0.5000000000000001)(19.080515194383896 127.0)
(1.0E-12 20.0 0.5100000000000001)(19.080515194383896 127.0)
(1.0E-12 20.0 0.5200000000000001)(19.080515194383896 127.0)
(1.0E-12 20.0 0.5300000000000001)(19.080515194383896 127.0)
(1.0E-12 20.0 0.5400000000000001)(19.080515194383896 127.0)
(1.0E-12 20.0 0.5500000000000002)(19.080515194383896 127.0)
(1.0E-12 20.0 0.5600000000000002)(19.00902672328431 128.0)
(1.0E-12 20.0 0.5700000000000002)(16.903414957066992 135.0)
(1.0E-12 20.0 0.5800000000000002)(16.969385842961756 136.0)
(1.0E-12 20.0 0.5900000000000002)(22.676585812057986 134.0)
(1.0E-12 25.0 0.3)(19.320657669224488 124.0)
(1.0E-12 25.0 0.31)(19.320657669224488 124.0)
(1.0E-12 25.0 0.32)(19.372157007066296 126.0)
(1.0E-12 25.0 0.33)(18.87426072115086 127.0)
(1.0E-12 25.0 0.34)(18.761352520483044 128.0)
(1.0E-12 25.0 0.35000000000000003)(17.877240636841186 129.0)
(1.0E-12 25.0 0.36000000000000004)(16.376470548462436 131.0)
(1.0E-12 25.0 0.37000000000000005)(16.229845621119768 133.0)
(1.0E-12 25.0 0.38000000000000006)(16.328368702367108 132.0)
(1.0E-12 25.0 0.39000000000000007)(16.199785642695296 134.0)
(1.0E-12 25.0 0.4000000000000001)(16.199785642695296 134.0)
(1.0E-12 25.0 0.4100000000000001)(16.276093913019512 134.0)
(1.0E-12 25.0 0.4200000000000001)(16.276093913019512 134.0)
(1.0E-12 25.0 0.4300000000000001)(20.193865712651185 128.0)
(1.0E-12 25.0 0.4400000000000001)(20.264833769354627 122.0)
(1.0E-12 25.0 0.4500000000000001)(18.17596286801997 130.0)
(1.0E-12 25.0 0.46000000000000013)(20.227714598524763 125.0)
(1.0E-12 25.0 0.47000000000000014)(20.227714598524763 125.0)
(1.0E-12 25.0 0.48000000000000015)(20.227714598524763 125.0)
(1.0E-12 25.0 0.49000000000000016)(18.862506730941327 131.0)
(1.0E-12 25.0 0.5000000000000001)(19.33009899931382 125.0)
(1.0E-12 25.0 0.5100000000000001)(19.33009899931382 125.0)
(1.0E-12 25.0 0.5200000000000001)(19.33009899931382 125.0)
(1.0E-12 25.0 0.5300000000000001)(19.33009899931382 125.0)
(1.0E-12 25.0 0.5400000000000001)(19.33009899931382 125.0)
(1.0E-12 25.0 0.5500000000000002)(19.33009899931382 125.0)
(1.0E-12 25.0 0.5600000000000002)(19.00902672328431 128.0)
(1.0E-12 25.0 0.5700000000000002)(16.8226371232668 136.0)
(1.0E-12 25.0 0.5800000000000002)(16.79252788213484 139.0)
(1.0E-12 25.0 0.5900000000000002)(22.676585812057986 134.0)
(1.0E-12 30.0 0.3)(19.320657669224488 124.0)
(1.0E-12 30.0 0.31)(19.320657669224488 124.0)
(1.0E-12 30.0 0.32)(19.17909441235122 127.0)
(1.0E-12 30.0 0.33)(18.683496085411612 128.0)
(1.0E-12 30.0 0.34)(18.571826143449936 129.0)
(1.0E-12 30.0 0.35000000000000003)(17.693921348024308 130.0)
(1.0E-12 30.0 0.36000000000000004)(16.2248509398298 132.0)
(1.0E-12 30.0 0.37000000000000005)(16.394311101178356 129.0)
(1.0E-12 30.0 0.38000000000000006)(16.47331649834195 130.0)
(1.0E-12 30.0 0.39000000000000007)(16.33226152412068 132.0)
(1.0E-12 30.0 0.4000000000000001)(16.361099701204807 130.0)
(1.0E-12 30.0 0.4100000000000001)(16.276093913019512 134.0)
(1.0E-12 30.0 0.4200000000000001)(16.276093913019512 134.0)
(1.0E-12 30.0 0.4300000000000001)(20.193865712651185 128.0)
(1.0E-12 30.0 0.4400000000000001)(18.913183426982975 129.0)
(1.0E-12 30.0 0.4500000000000001)(18.273283411859264 130.0)
(1.0E-12 30.0 0.46000000000000013)(18.273283411859264 130.0)
(1.0E-12 30.0 0.47000000000000014)(18.145562609814533 131.0)
(1.0E-12 30.0 0.48000000000000015)(18.114420035785955 131.0)
(1.0E-12 30.0 0.49000000000000016)(18.862506730941327 131.0)
(1.0E-12 30.0 0.5000000000000001)(18.862506730941327 131.0)
(1.0E-12 30.0 0.5100000000000001)(18.862506730941327 131.0)
(1.0E-12 30.0 0.5200000000000001)(18.862506730941327 131.0)
(1.0E-12 30.0 0.5300000000000001)(18.862506730941327 131.0)
(1.0E-12 30.0 0.5400000000000001)(17.90076925153868 132.0)
(1.0E-12 30.0 0.5500000000000002)(17.816857452450332 128.0)
(1.0E-12 30.0 0.5600000000000002)(17.750726261703978 129.0)
(1.0E-12 30.0 0.5700000000000002)(16.026633124360238 137.0)
(1.0E-12 30.0 0.5800000000000002)(16.046943310320586 141.0)
(1.0E-12 30.0 0.5900000000000002)(22.676585812057986 134.0)
(1.0E-12 35.0 0.3)(19.320657669224488 124.0)
(1.0E-12 35.0 0.31)(19.320657669224488 124.0)
(1.0E-12 35.0 0.32)(19.17909441235122 127.0)
(1.0E-12 35.0 0.33)(18.683496085411612 128.0)
(1.0E-12 35.0 0.34)(18.571826143449936 129.0)
(1.0E-12 35.0 0.35000000000000003)(17.693921348024308 130.0)
(0.01 1.0 0.01)(60.23935616863884 43.0)
(0.01 1.0 0.02)(59.66008238039703 51.0)
(0.01 1.0 0.03)(59.36318056900885 61.0)
(0.01 1.0 0.04)(55.27846275509154 73.0)
(0.01 1.0 0.05)(41.07433703863156 80.0)
(0.01 1.0 0.060000000000000005)(58.02242184848355 70.0)
(0.01 1.0 0.07)(38.251219359121976 77.0)
(0.01 1.0 0.08)(38.53254539414455 84.0)
(0.01 1.0 0.09)(35.21372036164982 90.0)
(0.01 1.0 0.09999999999999999)(34.313519328439355 99.0)
(0.01 1.0 0.10999999999999999)(30.988451663657862 113.0)
(0.01 1.0 0.11999999999999998)(36.07974682759479 105.0)
(0.01 1.0 0.12999999999999998)(36.066745748894014 109.0)
(0.01 1.0 0.13999999999999999)(33.365999251326535 115.0)
(0.01 1.0 0.15)(35.798070072418355 108.0)
(0.01 1.0 0.16)(31.246987913132806 110.0)
(0.01 1.0 0.17)(35.62410500103204 112.0)
(0.01 1.0 0.18000000000000002)(34.467013007334316 118.0)
(0.01 1.0 0.19000000000000003)(33.92487070732863 121.0)
(0.01 1.0 0.20000000000000004)(33.49943811751146 125.0)
(0.01 1.0 0.21000000000000005)(34.472810590992665 123.0)
(0.01 1.0 0.22000000000000006)(34.18848033333164 118.0)
(0.01 1.0 0.23000000000000007)(33.81879471151485 121.0)
(0.01 1.0 0.24000000000000007)(33.576593690485375 123.0)
(0.01 6.0 0.01)(60.26309726840606 42.0)
(0.01 6.0 0.02)(59.85589719430535 49.0)
(0.01 6.0 0.03)(54.32864258593801 66.0)
(0.01 6.0 0.04)(52.59253823447402 75.0)
(0.01 6.0 0.05)(38.19501628981471 83.0)
(0.01 6.0 0.060000000000000005)(42.76067348563215 80.0)
(0.01 6.0 0.07)(37.76114932176872 82.0)
(0.01 6.0 0.08)(37.766521910057236 86.0)
(0.01 6.0 0.09)(33.66701196148605 92.0)
(0.01 6.0 0.09999999999999999)(29.229546611131124 106.0)
(0.01 6.0 0.10999999999999999)(23.070416879462176 106.0)
(0.01 6.0 0.11999999999999998)(22.172278616066066 111.0)
(0.01 6.0 0.12999999999999998)(21.970330084524882 112.0)
(0.01 6.0 0.13999999999999999)(21.83158841075964 113.0)
(0.01 6.0 0.15)(20.798192268267478 115.0)
(0.01 6.0 0.16)(20.60966601141179 113.0)
(0.01 6.0 0.17)(22.50136913057861 118.0)
(0.01 6.0 0.18000000000000002)(18.72618191269432 127.0)
(0.01 6.0 0.19000000000000003)(18.107055614099988 128.0)
(0.01 6.0 0.20000000000000004)(17.841350839247188 132.0)
(0.01 6.0 0.21000000000000005)(17.833565195740043 132.0)
(0.01 6.0 0.22000000000000006)(18.19837800839523 130.0)
(0.01 6.0 0.23000000000000007)(19.816307215700935 125.0)
(0.01 6.0 0.24000000000000007)(18.360429102759873 128.0)
(0.01 11.0 0.01)(60.26309726840606 42.0)
(0.01 11.0 0.02)(59.85589719430535 49.0)
(0.01 11.0 0.03)(53.12495729877482 63.0)
(0.01 11.0 0.04)(53.36877591498368 68.0)
(0.01 11.0 0.05)(37.58437867123787 82.0)
(0.01 11.0 0.060000000000000005)(44.418683036864934 72.0)
(0.01 11.0 0.07)(37.91965422327849 75.0)
(0.01 11.0 0.08)(37.789628492150314 84.0)
(0.01 11.0 0.09)(36.88562325974961 88.0)
(0.01 11.0 0.09999999999999999)(33.83496530951108 100.0)
(0.01 11.0 0.10999999999999999)(23.544864860820795 107.0)
(0.01 11.0 0.11999999999999998)(22.577610278082027 109.0)
(0.01 11.0 0.12999999999999998)(22.687456753412242 107.0)
(0.01 11.0 0.13999999999999999)(22.118941328506278 107.0)
(0.01 11.0 0.15)(21.767989083357413 108.0)
(0.01 11.0 0.16)(21.49931866785145 107.0)
(0.01 11.0 0.17)(22.020143341255842 115.0)
(0.01 11.0 0.18000000000000002)(21.467380535666507 116.0)
(0.01 11.0 0.19000000000000003)(21.323441993748606 117.0)
(0.01 11.0 0.20000000000000004)(20.952670786540345 120.0)
(0.01 11.0 0.21000000000000005)(18.110948435853555 130.0)
(0.01 11.0 0.22000000000000006)(18.11859558556263 131.0)
(0.01 11.0 0.23000000000000007)(20.98459248406676 119.0)
(0.01 11.0 0.24000000000000007)(20.345747344000934 121.0)
(0.01 16.0 0.01)(60.721681996740635 40.0)
(0.01 16.0 0.02)(55.59994122888255 52.0)
(0.01 16.0 0.03)(53.12495729877482 63.0)
(0.01 16.0 0.04)(50.667203588419945 68.0)
(0.01 16.0 0.05)(35.23793146163575 76.0)
(0.01 16.0 0.060000000000000005)(44.418683036864934 72.0)
(0.01 16.0 0.07)(37.973810694973324 73.0)
(0.01 16.0 0.08)(37.789628492150314 84.0)
(0.01 16.0 0.09)(36.88562325974961 88.0)
(0.01 16.0 0.09999999999999999)(34.81638613613792 95.0)
(0.01 16.0 0.10999999999999999)(23.171019209203536 104.0)
(0.01 16.0 0.11999999999999998)(22.895663216727254 106.0)
(0.01 16.0 0.12999999999999998)(23.0062630419183 104.0)
(0.01 16.0 0.13999999999999999)(21.76712781069152 109.0)
(0.01 16.0 0.15)(22.13501454166539 106.0)
(0.01 16.0 0.16)(21.07142155848544 110.0)
(0.01 16.0 0.17)(21.58594520931065 112.0)
(0.01 16.0 0.18000000000000002)(20.709089936432115 116.0)
(0.01 16.0 0.19000000000000003)(19.804499735572158 120.0)
(0.01 16.0 0.20000000000000004)(20.241267587295223 121.0)
(0.01 16.0 0.21000000000000005)(19.687844097833064 120.0)
(0.01 16.0 0.22000000000000006)(17.847050035492472 128.0)
(0.01 16.0 0.23000000000000007)(20.54214301959891 120.0)
(0.01 16.0 0.24000000000000007)(20.213252229112207 121.0)
(0.01 21.0 0.01)(60.796981060198256 38.0)
(0.01 21.0 0.02)(56.50176858949131 51.0)
(0.01 21.0 0.03)(46.93741526099236 61.0)
(0.01 21.0 0.04)(49.56788371776039 67.0)
(0.01 21.0 0.05)(37.973810694973324 73.0)
(0.01 21.0 0.060000000000000005)(44.418683036864934 72.0)
(0.01 21.0 0.07)(37.973810694973324 73.0)
(0.01 21.0 0.08)(34.68312403455348 82.0)
(0.01 21.0 0.09)(33.58688829251462 86.0)
(0.01 21.0 0.09999999999999999)(31.80256793294102 95.0)
(0.01 21.0 0.10999999999999999)(23.029450758353065 103.0)
(0.01 21.0 0.11999999999999998)(23.023493561343074 103.0)
(0.01 21.0 0.12999999999999998)(23.0062630419183 104.0)
(0.01 21.0 0.13999999999999999)(21.76712781069152 109.0)
(0.01 21.0 0.15)(22.13501454166539 106.0)
(0.01 21.0 0.16)(21.07142155848544 110.0)
(0.01 21.0 0.17)(21.58594520931065 110.0)
(0.01 21.0 0.18000000000000002)(20.691408948250803 117.0)
(0.01 21.0 0.19000000000000003)(19.94894946580697 118.0)
(0.01 21.0 0.20000000000000004)(20.34378392239399 119.0)
(0.01 21.0 0.21000000000000005)(20.97681692741856 119.0)
(0.01 21.0 0.22000000000000006)(19.988706013189898 119.0)
(0.01 21.0 0.23000000000000007)(20.645109068952124 118.0)
(0.01 21.0 0.24000000000000007)(20.441790334253138 119.0)
(0.01 26.0 0.01)(60.796981060198256 38.0)
(0.01 26.0 0.02)(56.91927348502913 47.0)
(0.01 26.0 0.03)(46.93741526099236 61.0)
(0.01 26.0 0.04)(49.56788371776039 67.0)
(0.01 26.0 0.05)(45.787770020668724 69.0)
(0.01 26.0 0.060000000000000005)(41.20939781288217 69.0)
(0.01 26.0 0.07)(37.973810694973324 73.0)
(0.01 26.0 0.08)(34.68312403455348 82.0)
(0.01 26.0 0.09)(33.58688829251462 86.0)
(0.01 26.0 0.09999999999999999)(31.80256793294102 95.0)
(0.01 26.0 0.10999999999999999)(23.029450758353065 103.0)
(0.01 26.0 0.11999999999999998)(24.073544852560122 101.0)
(0.01 26.0 0.12999999999999998)(23.856081875918594 104.0)
(0.01 26.0 0.13999999999999999)(26.13449693579338 102.0)
(0.01 26.0 0.15)(22.13501454166539 106.0)
(0.01 26.0 0.16)(21.07142155848544 110.0)
(0.01 26.0 0.17)(21.58594520931065 110.0)
(0.01 26.0 0.18000000000000002)(20.691408948250803 115.0)
(0.01 26.0 0.19000000000000003)(19.94894946580697 118.0)
(0.01 26.0 0.20000000000000004)(20.5103441281685 118.0)
(0.01 26.0 0.21000000000000005)(21.211198283270118 117.0)
(0.01 26.0 0.22000000000000006)(20.15692349725018 118.0)
(0.01 26.0 0.23000000000000007)(20.446575159519977 119.0)
(0.01 26.0 0.24000000000000007)(20.243256424820963 120.0)
(0.01 31.0 0.01)(60.796981060198256 38.0)
(0.01 31.0 0.02)(56.91927348502913 47.0)
(0.01 31.0 0.03)(51.46747310465145 59.0)
(0.01 31.0 0.04)(49.56788371776039 67.0)
(0.01 31.0 0.05)(45.787770020668724 69.0)
(0.01 31.0 0.060000000000000005)(41.20939781288217 69.0)
(0.01 31.0 0.07)(39.58814698710687 71.0)
(0.01 31.0 0.08)(38.532837904022614 77.0)
(0.01 31.0 0.09)(35.71702989969659 81.0)
(0.01 31.0 0.09999999999999999)(35.00160322505218 85.0)
(0.01 31.0 0.10999999999999999)(25.646449798475842 98.0)
(0.01 31.0 0.11999999999999998)(27.881697106576283 97.0)
(0.01 31.0 0.12999999999999998)(26.842626126920717 100.0)
(0.01 31.0 0.13999999999999999)(25.169006020270455 103.0)
(0.01 31.0 0.15)(23.08129414449708 104.0)
(0.01 31.0 0.16)(20.87436461109947 111.0)
(0.01 31.0 0.17)(21.58594520931065 110.0)
(0.01 31.0 0.18000000000000002)(20.691408948250803 115.0)
(0.01 31.0 0.19000000000000003)(19.94894946580697 118.0)
(0.01 31.0 0.20000000000000004)(20.5103441281685 118.0)
(0.01 31.0 0.21000000000000005)(21.211198283270118 117.0)
(0.01 31.0 0.22000000000000006)(21.211198283270118 117.0)
(0.01 31.0 0.23000000000000007)(20.446575159519977 119.0)
(0.01 31.0 0.24000000000000007)(20.243256424820963 120.0)
(0.01 36.0 0.01)(61.023753483977885 37.0)
(0.01 36.0 0.02)(56.91927348502913 47.0)
(0.01 36.0 0.03)(51.46747310465145 59.0)
(0.01 36.0 0.04)(49.56788371776039 67.0)
(0.01 36.0 0.05)(46.73013663690693 68.0)
(0.01 36.0 0.060000000000000005)(41.20939781288217 69.0)
(0.01 36.0 0.07)(39.58814698710687 71.0)
(0.01 36.0 0.08)(36.652693314643514 78.0)
(0.01 36.0 0.09)(35.71702989969659 81.0)
(0.01 36.0 0.09999999999999999)(35.00160322505218 85.0)
(0.01 36.0 0.10999999999999999)(29.35502806069522 96.0)
(0.01 36.0 0.11999999999999998)(25.71131517511647 97.0)
(0.01 36.0 0.12999999999999998)(26.321096718904137 99.0)
(0.01 36.0 0.13999999999999999)(25.396419526193295 102.0)
(0.01 36.0 0.15)(25.182288434883333 97.0)
(0.01 36.0 0.16)(22.493567493589502 102.0)
(0.01 36.0 0.17)(22.323858045685615 108.0)
(0.01 36.0 0.18000000000000002)(22.423496702025215 111.0)
(0.01 36.0 0.19000000000000003)(21.179904208777284 109.0)
(0.01 36.0 0.20000000000000004)(20.5103441281685 118.0)
(0.01 36.0 0.21000000000000005)(21.211198283270118 117.0)
(0.01 36.0 0.22000000000000006)(21.211198283270118 117.0)
(0.01 36.0 0.23000000000000007)(20.446575159519977 119.0)
(0.01 36.0 0.24000000000000007)(20.243256424820963 120.0)
(0.01 41.0 0.01)(61.023753483977885 37.0)
(0.01 41.0 0.02)(56.91927348502913 47.0)
(0.01 41.0 0.03)(51.46747310465145 59.0)
(0.01 41.0 0.04)(49.56788371776039 67.0)
(0.01 41.0 0.05)(46.73013663690693 68.0)
(0.01 41.0 0.060000000000000005)(41.20939781288217 69.0)
(0.01 41.0 0.07)(39.58814698710687 71.0)
(0.01 41.0 0.08)(36.652693314643514 78.0)
(0.01 41.0 0.09)(35.71702989969659 81.0)
(0.01 41.0 0.09999999999999999)(35.15342327344148 87.0)
(0.01 41.0 0.10999999999999999)(27.814250917488508 97.0)
(0.01 41.0 0.11999999999999998)(28.392928644132024 97.0)
(0.01 41.0 0.12999999999999998)(26.321096718904137 99.0)
(0.01 41.0 0.13999999999999999)(25.396419526193295 102.0)
(0.01 41.0 0.15)(24.226943155906124 100.0)
(0.01 41.0 0.16)(23.638156380565615 102.0)
(0.01 41.0 0.17)(23.009570393341967 108.0)
(0.01 41.0 0.18000000000000002)(22.82095328665229 108.0)
(0.01 41.0 0.19000000000000003)(21.179904208777284 109.0)
(0.01 41.0 0.20000000000000004)(20.434571076850077 117.0)
(0.01 41.0 0.21000000000000005)(22.96617363502495 105.0)
(0.01 41.0 0.22000000000000006)(21.870228797146737 106.0)
(0.01 41.0 0.23000000000000007)(21.495909384089792 114.0)
(0.01 41.0 0.24000000000000007)(21.279332589802625 115.0)
(0.01 46.0 0.01)(61.023753483977885 37.0)
(0.01 46.0 0.02)(56.91927348502913 47.0)
(0.01 46.0 0.03)(51.46747310465145 59.0)
(0.01 46.0 0.04)(49.71010026595024 66.0)
(0.01 46.0 0.05)(46.73013663690693 68.0)
(0.01 46.0 0.060000000000000005)(41.20939781288217 69.0)
(0.01 46.0 0.07)(39.58814698710687 71.0)
(0.01 46.0 0.08)(36.652693314643514 78.0)
(0.01 46.0 0.09)(35.71702989969659 81.0)
(0.01 46.0 0.09999999999999999)(35.15342327344148 87.0)
(0.01 46.0 0.10999999999999999)(27.814250917488508 97.0)
(0.01 46.0 0.11999999999999998)(28.392928644132024 97.0)
(0.01 46.0 0.12999999999999998)(25.37150387209333 100.0)
(0.01 46.0 0.13999999999999999)(25.396419526193295 102.0)
(0.01 46.0 0.15)(23.71410949279883 101.0)
(0.01 46.0 0.16)(23.779780045315604 102.0)
(0.01 46.0 0.17)(23.33698367688521 107.0)
(0.01 46.0 0.18000000000000002)(23.469896074351105 103.0)
(0.01 46.0 0.19000000000000003)(21.55023177562956 110.0)
(0.01 46.0 0.20000000000000004)(23.64555181872609 114.0)
(0.01 46.0 0.21000000000000005)(23.170527282081505 104.0)
(0.01 1.0 0.01)(60.23935616863884 43.0)
(0.01 1.0 0.02)(59.66008238039703 51.0)
(0.01 1.0 0.03)(59.36318056900885 61.0)
(0.01 1.0 0.04)(55.27846275509154 73.0)
(0.01 1.0 0.05)(41.07433703863156 80.0)
(0.01 1.0 0.060000000000000005)(58.02242184848355 70.0)
(0.01 1.0 0.07)(38.251219359121976 77.0)
(0.01 1.0 0.08)(38.53254539414455 84.0)
(0.01 1.0 0.09)(35.21372036164982 90.0)
(0.01 1.0 0.09999999999999999)(34.313519328439355 99.0)
(0.01 1.0 0.10999999999999999)(30.988451663657862 113.0)
(0.01 1.0 0.11999999999999998)(36.07974682759479 105.0)
(0.01 1.0 0.12999999999999998)(36.066745748894014 109.0)
(0.01 1.0 0.13999999999999999)(33.365999251326535 115.0)
(0.01 1.0 0.15)(35.798070072418355 108.0)
(0.01 1.0 0.16)(31.246987913132806 110.0)
(0.01 1.0 0.17)(35.62410500103204 112.0)
(0.01 1.0 0.18000000000000002)(34.467013007334316 118.0)
(0.01 1.0 0.19000000000000003)(33.92487070732863 121.0)
(0.01 1.0 0.20000000000000004)(33.49943811751146 125.0)
(0.01 1.0 0.21000000000000005)(34.472810590992665 123.0)
(0.01 1.0 0.22000000000000006)(34.18848033333164 118.0)
(0.01 1.0 0.23000000000000007)(33.81879471151485 121.0)
(0.01 1.0 0.24000000000000007)(33.576593690485375 123.0)
(0.01 6.0 0.01)(60.26309726840606 42.0)
(0.01 6.0 0.02)(59.85589719430535 49.0)
(0.01 6.0 0.03)(54.32864258593801 66.0)
(0.01 6.0 0.04)(52.59253823447402 75.0)
(0.01 6.0 0.05)(38.19501628981471 83.0)
(0.01 6.0 0.060000000000000005)(42.76067348563215 80.0)
(0.01 6.0 0.07)(37.76114932176872 82.0)
(0.01 6.0 0.08)(37.766521910057236 86.0)
(0.01 6.0 0.09)(33.66701196148605 92.0)
(0.01 6.0 0.09999999999999999)(29.229546611131124 106.0)
(0.01 6.0 0.10999999999999999)(23.070416879462176 106.0)
(0.01 6.0 0.11999999999999998)(22.172278616066066 111.0)
(0.01 6.0 0.12999999999999998)(21.970330084524882 112.0)
(0.01 6.0 0.13999999999999999)(21.83158841075964 113.0)
(0.01 6.0 0.15)(20.798192268267478 115.0)
(0.01 6.0 0.16)(20.60966601141179 113.0)
(0.01 6.0 0.17)(22.50136913057861 118.0)
(0.01 6.0 0.18000000000000002)(18.72618191269432 127.0)
(0.01 6.0 0.19000000000000003)(18.107055614099988 128.0)
(0.01 6.0 0.20000000000000004)(17.841350839247188 132.0)
(0.01 6.0 0.21000000000000005)(17.833565195740043 132.0)
(0.01 6.0 0.22000000000000006)(18.19837800839523 130.0)
(0.01 6.0 0.23000000000000007)(19.816307215700935 125.0)
(0.01 6.0 0.24000000000000007)(18.360429102759873 128.0)
(0.01 11.0 0.01)(60.26309726840606 42.0)
(0.01 11.0 0.02)(59.85589719430535 49.0)
(0.01 11.0 0.03)(53.12495729877482 63.0)
(0.01 11.0 0.04)(53.36877591498368 68.0)
(0.01 11.0 0.05)(37.58437867123787 82.0)
(0.01 11.0 0.060000000000000005)(44.418683036864934 72.0)
(0.01 11.0 0.07)(37.91965422327849 75.0)
(0.01 11.0 0.08)(37.789628492150314 84.0)
(0.01 11.0 0.09)(36.88562325974961 88.0)
(0.01 11.0 0.09999999999999999)(33.83496530951108 100.0)
(0.01 11.0 0.10999999999999999)(23.544864860820795 107.0)
(0.01 11.0 0.11999999999999998)(22.577610278082027 109.0)
(0.01 11.0 0.12999999999999998)(22.687456753412242 107.0)
(0.01 11.0 0.13999999999999999)(22.118941328506278 107.0)
(0.01 11.0 0.15)(21.767989083357413 108.0)
(0.01 11.0 0.16)(21.49931866785145 107.0)
(0.01 11.0 0.17)(22.020143341255842 115.0)
(0.01 11.0 0.18000000000000002)(21.467380535666507 116.0)
(0.01 11.0 0.19000000000000003)(21.323441993748606 117.0)
(0.01 11.0 0.20000000000000004)(20.952670786540345 120.0)
(0.01 11.0 0.21000000000000005)(18.110948435853555 130.0)
(0.01 11.0 0.22000000000000006)(18.11859558556263 131.0)
(0.01 11.0 0.23000000000000007)(20.98459248406676 119.0)
(0.01 11.0 0.24000000000000007)(20.345747344000934 121.0)
(0.01 16.0 0.01)(60.721681996740635 40.0)
(0.01 16.0 0.02)(55.59994122888255 52.0)
(0.01 16.0 0.03)(53.12495729877482 63.0)
(0.01 16.0 0.04)(50.667203588419945 68.0)
(0.01 16.0 0.05)(35.23793146163575 76.0)
(0.01 16.0 0.060000000000000005)(44.418683036864934 72.0)
(0.01 16.0 0.07)(37.973810694973324 73.0)
(0.01 16.0 0.08)(37.789628492150314 84.0)
(0.01 16.0 0.09)(36.88562325974961 88.0)
(0.01 16.0 0.09999999999999999)(34.81638613613792 95.0)
(0.01 16.0 0.10999999999999999)(23.171019209203536 104.0)
(0.01 16.0 0.11999999999999998)(22.895663216727254 106.0)
(0.01 16.0 0.12999999999999998)(23.0062630419183 104.0)
(0.01 16.0 0.13999999999999999)(21.76712781069152 109.0)
(0.01 16.0 0.15)(22.13501454166539 106.0)
(0.01 16.0 0.16)(21.07142155848544 110.0)
(0.01 16.0 0.17)(21.58594520931065 112.0)
(0.01 16.0 0.18000000000000002)(20.709089936432115 116.0)
(0.01 16.0 0.19000000000000003)(19.804499735572158 120.0)
(0.01 16.0 0.20000000000000004)(20.241267587295223 121.0)
(0.01 16.0 0.21000000000000005)(19.687844097833064 120.0)
(0.01 16.0 0.22000000000000006)(17.847050035492472 128.0)
(0.01 16.0 0.23000000000000007)(20.54214301959891 120.0)
(0.01 16.0 0.24000000000000007)(20.213252229112207 121.0)
(0.01 21.0 0.01)(60.796981060198256 38.0)
(0.01 21.0 0.02)(56.50176858949131 51.0)
(0.01 21.0 0.03)(46.93741526099236 61.0)
(0.01 21.0 0.04)(49.56788371776039 67.0)
(0.01 21.0 0.05)(37.973810694973324 73.0)
(0.01 21.0 0.060000000000000005)(44.418683036864934 72.0)
(0.01 21.0 0.07)(37.973810694973324 73.0)
(0.01 21.0 0.08)(34.68312403455348 82.0)
(0.01 21.0 0.09)(33.58688829251462 86.0)
(0.01 21.0 0.09999999999999999)(31.80256793294102 95.0)
(0.01 21.0 0.10999999999999999)(23.029450758353065 103.0)
(0.01 21.0 0.11999999999999998)(23.023493561343074 103.0)
(0.01 21.0 0.12999999999999998)(23.0062630419183 104.0)
(0.01 21.0 0.13999999999999999)(21.76712781069152 109.0)
(0.01 21.0 0.15)(22.13501454166539 106.0)
(0.01 21.0 0.16)(21.07142155848544 110.0)
(0.01 21.0 0.17)(21.58594520931065 110.0)
(0.01 21.0 0.18000000000000002)(20.691408948250803 117.0)
(0.01 21.0 0.19000000000000003)(19.94894946580697 118.0)
(0.01 21.0 0.20000000000000004)(20.34378392239399 119.0)
(0.01 21.0 0.21000000000000005)(20.97681692741856 119.0)
(0.01 21.0 0.22000000000000006)(19.988706013189898 119.0)
(0.01 21.0 0.23000000000000007)(20.645109068952124 118.0)
(0.01 21.0 0.24000000000000007)(20.441790334253138 119.0)
(0.01 26.0 0.01)(60.796981060198256 38.0)
(0.01 26.0 0.02)(56.91927348502913 47.0)
(0.01 26.0 0.03)(46.93741526099236 61.0)
(0.01 26.0 0.04)(49.56788371776039 67.0)
(0.01 26.0 0.05)(45.787770020668724 69.0)
(0.01 26.0 0.060000000000000005)(41.20939781288217 69.0)
(0.01 26.0 0.07)(37.973810694973324 73.0)
(0.01 26.0 0.08)(34.68312403455348 82.0)
(0.01 26.0 0.09)(33.58688829251462 86.0)
(0.01 26.0 0.09999999999999999)(31.80256793294102 95.0)
(0.01 26.0 0.10999999999999999)(23.029450758353065 103.0)
(0.01 26.0 0.11999999999999998)(24.073544852560122 101.0)
(0.01 26.0 0.12999999999999998)(23.856081875918594 104.0)
(0.01 26.0 0.13999999999999999)(26.13449693579338 102.0)
(0.01 26.0 0.15)(22.13501454166539 106.0)
(0.01 26.0 0.16)(21.07142155848544 110.0)
(0.01 26.0 0.17)(21.58594520931065 110.0)
(0.01 26.0 0.18000000000000002)(20.691408948250803 115.0)
(0.01 26.0 0.19000000000000003)(19.94894946580697 118.0)
(0.01 26.0 0.20000000000000004)(20.5103441281685 118.0)
(0.01 26.0 0.21000000000000005)(21.211198283270118 117.0)
(0.01 26.0 0.22000000000000006)(20.15692349725018 118.0)
(0.01 26.0 0.23000000000000007)(20.446575159519977 119.0)
(0.01 26.0 0.24000000000000007)(20.243256424820963 120.0)
(0.01 31.0 0.01)(60.796981060198256 38.0)
(0.01 31.0 0.02)(56.91927348502913 47.0)
(0.01 31.0 0.03)(51.46747310465145 59.0)
(0.01 31.0 0.04)(49.56788371776039 67.0)
(0.01 31.0 0.05)(45.787770020668724 69.0)
(0.01 31.0 0.060000000000000005)(41.20939781288217 69.0)
(0.01 31.0 0.07)(39.58814698710687 71.0)
(0.01 31.0 0.08)(38.532837904022614 77.0)
(0.01 31.0 0.09)(35.71702989969659 81.0)
(0.01 31.0 0.09999999999999999)(35.00160322505218 85.0)
(0.01 31.0 0.10999999999999999)(25.646449798475842 98.0)
(0.01 31.0 0.11999999999999998)(27.881697106576283 97.0)
(0.01 31.0 0.12999999999999998)(26.842626126920717 100.0)
(0.01 31.0 0.13999999999999999)(25.169006020270455 103.0)
(0.01 31.0 0.15)(23.08129414449708 104.0)
(0.01 31.0 0.16)(20.87436461109947 111.0)
(0.01 31.0 0.17)(21.58594520931065 110.0)
(0.01 31.0 0.18000000000000002)(20.691408948250803 115.0)
(0.01 31.0 0.19000000000000003)(19.94894946580697 118.0)
(0.01 31.0 0.20000000000000004)(20.5103441281685 118.0)
(0.01 31.0 0.21000000000000005)(21.211198283270118 117.0)
(0.01 31.0 0.22000000000000006)(21.211198283270118 117.0)
(0.01 31.0 0.23000000000000007)(20.446575159519977 119.0)
(0.01 31.0 0.24000000000000007)(20.243256424820963 120.0)
(0.01 36.0 0.01)(61.023753483977885 37.0)
(0.01 36.0 0.02)(56.91927348502913 47.0)
(0.01 36.0 0.03)(51.46747310465145 59.0)
(0.01 36.0 0.04)(49.56788371776039 67.0)
(0.01 36.0 0.05)(46.73013663690693 68.0)
(0.01 36.0 0.060000000000000005)(41.20939781288217 69.0)
(0.01 36.0 0.07)(39.58814698710687 71.0)
(0.01 36.0 0.08)(36.652693314643514 78.0)
(0.01 36.0 0.09)(35.71702989969659 81.0)
(0.01 36.0 0.09999999999999999)(35.00160322505218 85.0)
(0.01 36.0 0.10999999999999999)(29.35502806069522 96.0)
(0.01 36.0 0.11999999999999998)(25.71131517511647 97.0)
(0.01 36.0 0.12999999999999998)(26.321096718904137 99.0)
(0.01 36.0 0.13999999999999999)(25.396419526193295 102.0)
(0.01 36.0 0.15)(25.182288434883333 97.0)
(0.01 36.0 0.16)(22.493567493589502 102.0)
(0.01 36.0 0.17)(22.323858045685615 108.0)
(0.01 36.0 0.18000000000000002)(22.423496702025215 111.0)
(0.01 36.0 0.19000000000000003)(21.179904208777284 109.0)
(0.01 36.0 0.20000000000000004)(20.5103441281685 118.0)
(0.01 36.0 0.21000000000000005)(21.211198283270118 117.0)
(0.01 36.0 0.22000000000000006)(21.211198283270118 117.0)
(0.01 36.0 0.23000000000000007)(20.446575159519977 119.0)
(0.01 36.0 0.24000000000000007)(20.243256424820963 120.0)
(0.01 41.0 0.01)(61.023753483977885 37.0)
(0.01 41.0 0.02)(56.91927348502913 47.0)
(0.01 41.0 0.03)(51.46747310465145 59.0)
(0.01 41.0 0.04)(49.56788371776039 67.0)
(0.01 41.0 0.05)(46.73013663690693 68.0)
(0.01 41.0 0.060000000000000005)(41.20939781288217 69.0)
(0.01 41.0 0.07)(39.58814698710687 71.0)
(0.01 41.0 0.08)(36.652693314643514 78.0)
(0.01 41.0 0.09)(35.71702989969659 81.0)
(0.01 41.0 0.09999999999999999)(35.15342327344148 87.0)
(0.01 41.0 0.10999999999999999)(27.814250917488508 97.0)
(0.01 41.0 0.11999999999999998)(28.392928644132024 97.0)
(0.01 41.0 0.12999999999999998)(26.321096718904137 99.0)
(0.01 41.0 0.13999999999999999)(25.396419526193295 102.0)
(0.01 41.0 0.15)(24.226943155906124 100.0)
(0.01 41.0 0.16)(23.638156380565615 102.0)
(0.01 41.0 0.17)(23.009570393341967 108.0)
(0.01 41.0 0.18000000000000002)(22.82095328665229 108.0)
(0.01 41.0 0.19000000000000003)(21.179904208777284 109.0)
(0.01 41.0 0.20000000000000004)(20.434571076850077 117.0)
(0.01 41.0 0.21000000000000005)(22.96617363502495 105.0)
(0.01 41.0 0.22000000000000006)(21.870228797146737 106.0)
(0.01 41.0 0.23000000000000007)(21.495909384089792 114.0)
(0.01 41.0 0.24000000000000007)(21.279332589802625 115.0)
(0.01 46.0 0.01)(61.023753483977885 37.0)
(0.01 46.0 0.02)(56.91927348502913 47.0)
(0.01 46.0 0.03)(51.46747310465145 59.0)
(0.01 46.0 0.04)(49.71010026595024 66.0)
(0.01 46.0 0.05)(46.73013663690693 68.0)
(0.01 46.0 0.060000000000000005)(41.20939781288217 69.0)
(0.01 46.0 0.07)(39.58814698710687 71.0)
(0.01 46.0 0.08)(36.652693314643514 78.0)
(0.01 46.0 0.09)(35.71702989969659 81.0)
(0.01 46.0 0.09999999999999999)(35.15342327344148 87.0)
(0.01 46.0 0.10999999999999999)(27.814250917488508 97.0)
(0.01 46.0 0.11999999999999998)(28.392928644132024 97.0)
(0.01 46.0 0.12999999999999998)(25.37150387209333 100.0)
(0.01 46.0 0.13999999999999999)(25.396419526193295 102.0)
(0.01 46.0 0.15)(23.71410949279883 101.0)
(0.01 46.0 0.16)(23.779780045315604 102.0)
(0.01 46.0 0.17)(23.33698367688521 107.0)
(0.01 46.0 0.18000000000000002)(23.469896074351105 103.0)
(0.01 46.0 0.19000000000000003)(21.55023177562956 110.0)
(0.01 46.0 0.20000000000000004)(23.64555181872609 114.0)
(0.01 46.0 0.21000000000000005)(23.170527282081505 104.0)
(0.01 3.0 0.01)(60.23935616863884 43.0)
(0.01 3.0 0.02)(59.66008238039703 51.0)
(0.01 3.0 0.03)(59.36318056900885 61.0)
(0.01 3.0 0.04)(51.603046602240696 75.0)
(0.01 3.0 0.05)(35.19173863754697 87.0)
(0.01 3.0 0.060000000000000005)(43.81232056698593 79.0)
(0.01 3.0 0.07)(37.76114932176872 82.0)
(0.01 3.0 0.08)(37.37297183559187 88.0)
(0.01 3.0 0.09)(32.86261340146183 95.0)
(0.01 3.0 0.09999999999999999)(30.074513412803555 110.0)
(0.01 3.0 0.10999999999999999)(22.39973308470242 112.0)
(0.01 3.0 0.11999999999999998)(23.073895397942263 111.0)
(0.01 3.0 0.12999999999999998)(22.495707749261197 113.0)
(0.01 3.0 0.13999999999999999)(20.777163053001633 119.0)
(0.01 3.0 0.15)(24.572891193975856 118.0)
(0.01 3.0 0.16)(19.850659738470203 117.0)
(0.01 3.0 0.17)(20.44905510669602 126.0)
(0.01 3.0 0.18000000000000002)(20.131991308949456 127.0)
(0.01 3.0 0.19000000000000003)(19.98944886390254 128.0)
(0.01 3.0 0.20000000000000004)(20.580259363304364 129.0)
(0.01 3.0 0.21000000000000005)(19.52863287805013 133.0)
(0.01 3.0 0.22000000000000006)(24.597220576251836 127.0)
(0.01 3.0 0.23000000000000007)(24.56348220908951 123.0)
(0.01 3.0 0.24000000000000007)(19.21956947954862 133.0)
(0.01 8.0 0.01)(60.26309726840606 42.0)
(0.01 8.0 0.02)(59.85589719430535 49.0)
(0.01 8.0 0.03)(54.55421535716426 64.0)
(0.01 8.0 0.04)(53.22645944183882 71.0)
(0.01 8.0 0.05)(39.5568159837329 80.0)
(0.01 8.0 0.060000000000000005)(42.815666635474265 77.0)
(0.01 8.0 0.07)(38.82151155230269 79.0)
(0.01 8.0 0.08)(37.766521910057236 86.0)
(0.01 8.0 0.09)(33.199660400439605 93.0)
(0.01 8.0 0.09999999999999999)(29.229546611131124 106.0)
(0.01 8.0 0.10999999999999999)(22.420738962791507 107.0)
(0.01 8.0 0.11999999999999998)(22.172278616066066 111.0)
(0.01 8.0 0.12999999999999998)(21.55319905778589 111.0)
(0.01 8.0 0.13999999999999999)(21.327170885239994 114.0)
(0.01 8.0 0.15)(21.135611468447365 116.0)
(0.01 8.0 0.16)(20.906338314757114 114.0)
(0.01 8.0 0.17)(22.109691705261216 117.0)
(0.01 8.0 0.18000000000000002)(18.727801766880987 127.0)
(0.01 8.0 0.19000000000000003)(17.987451468614374 129.0)
(0.01 8.0 0.20000000000000004)(17.725183399596656 133.0)
(0.01 8.0 0.21000000000000005)(17.786851334697182 132.0)
(0.01 8.0 0.22000000000000006)(18.19837800839523 130.0)
(0.01 8.0 0.23000000000000007)(19.85899924012218 124.0)
(0.01 1.0 0.01)(60.23935616863884 43.0)
(0.01 1.0 0.02)(59.66008238039703 51.0)
(0.01 1.0 0.03)(59.36318056900885 61.0)
(0.01 1.0 0.04)(55.27846275509154 73.0)
(0.01 1.0 0.05)(41.07433703863156 80.0)
(0.01 1.0 0.060000000000000005)(58.02242184848355 70.0)
(0.01 1.0 0.07)(38.251219359121976 77.0)
(0.01 1.0 0.08)(38.53254539414455 84.0)
(0.01 1.0 0.09)(35.21372036164982 90.0)
(0.01 1.0 0.09999999999999999)(34.313519328439355 99.0)
(0.01 1.0 0.10999999999999999)(30.988451663657862 113.0)
(0.01 1.0 0.11999999999999998)(36.07974682759479 105.0)
(0.01 1.0 0.12999999999999998)(36.066745748894014 109.0)
(0.01 1.0 0.13999999999999999)(33.365999251326535 115.0)
(0.01 1.0 0.15)(35.798070072418355 108.0)
(0.01 1.0 0.16)(31.246987913132806 110.0)
(0.01 1.0 0.17)(35.62410500103204 112.0)
(0.01 1.0 0.18000000000000002)(34.467013007334316 118.0)
(0.01 1.0 0.19000000000000003)(33.92487070732863 121.0)
(0.01 1.0 0.20000000000000004)(33.49943811751146 125.0)
(0.01 1.0 0.21000000000000005)(34.472810590992665 123.0)
(0.01 1.0 0.22000000000000006)(34.18848033333164 118.0)
(0.01 1.0 0.23000000000000007)(33.81879471151485 121.0)
(0.01 1.0 0.24000000000000007)(33.576593690485375 123.0)
(0.01 6.0 0.01)(60.26309726840606 42.0)
(0.01 6.0 0.02)(59.85589719430535 49.0)
(0.01 6.0 0.03)(54.32864258593801 66.0)
(0.01 6.0 0.04)(52.59253823447402 75.0)
(0.01 6.0 0.05)(38.19501628981471 83.0)
(0.01 6.0 0.060000000000000005)(42.76067348563215 80.0)
(0.01 6.0 0.07)(37.76114932176872 82.0)
(0.01 6.0 0.08)(37.766521910057236 86.0)
(0.01 6.0 0.09)(33.66701196148605 92.0)
(0.01 6.0 0.09999999999999999)(29.229546611131124 106.0)
(0.01 6.0 0.10999999999999999)(23.070416879462176 106.0)
(0.01 6.0 0.11999999999999998)(22.172278616066066 111.0)
(0.01 6.0 0.12999999999999998)(21.970330084524882 112.0)
(0.01 6.0 0.13999999999999999)(21.83158841075964 113.0)
(0.01 6.0 0.15)(20.798192268267478 115.0)
(0.01 6.0 0.16)(20.60966601141179 113.0)
(0.01 6.0 0.17)(22.50136913057861 118.0)
(0.01 6.0 0.18000000000000002)(18.72618191269432 127.0)
(0.01 6.0 0.19000000000000003)(18.107055614099988 128.0)
(0.01 6.0 0.20000000000000004)(17.841350839247188 132.0)
(0.01 6.0 0.21000000000000005)(17.833565195740043 132.0)
(0.01 6.0 0.22000000000000006)(18.19837800839523 130.0)
(0.01 6.0 0.23000000000000007)(19.816307215700935 125.0)
(0.01 6.0 0.24000000000000007)(18.360429102759873 128.0)
(0.01 11.0 0.01)(60.26309726840606 42.0)
(0.01 11.0 0.02)(59.85589719430535 49.0)
(0.01 11.0 0.03)(53.12495729877482 63.0)
(0.01 11.0 0.04)(53.36877591498368 68.0)
(0.01 11.0 0.05)(37.58437867123787 82.0)
(0.01 11.0 0.060000000000000005)(44.418683036864934 72.0)
(0.01 11.0 0.07)(37.91965422327849 75.0)
(0.01 11.0 0.08)(37.789628492150314 84.0)
(0.01 11.0 0.09)(36.88562325974961 88.0)
(0.01 11.0 0.09999999999999999)(33.83496530951108 100.0)
(0.01 11.0 0.10999999999999999)(23.544864860820795 107.0)
(0.01 11.0 0.11999999999999998)(22.577610278082027 109.0)
(0.01 11.0 0.12999999999999998)(22.687456753412242 107.0)
(0.01 11.0 0.13999999999999999)(22.118941328506278 107.0)
(0.01 11.0 0.15)(21.767989083357413 108.0)
(0.01 11.0 0.16)(21.49931866785145 107.0)
(0.01 11.0 0.17)(22.020143341255842 115.0)
(0.01 11.0 0.18000000000000002)(21.467380535666507 116.0)
(0.01 11.0 0.19000000000000003)(21.323441993748606 117.0)
(0.01 11.0 0.20000000000000004)(20.952670786540345 120.0)
(0.01 11.0 0.21000000000000005)(18.110948435853555 130.0)
(0.01 11.0 0.22000000000000006)(18.11859558556263 131.0)
(0.01 11.0 0.23000000000000007)(20.98459248406676 119.0)
(0.01 11.0 0.24000000000000007)(20.345747344000934 121.0)
(0.01 16.0 0.01)(60.721681996740635 40.0)
(0.01 16.0 0.02)(55.59994122888255 52.0)
(0.01 16.0 0.03)(53.12495729877482 63.0)
(0.01 16.0 0.04)(50.667203588419945 68.0)
(0.01 16.0 0.05)(35.23793146163575 76.0)
(0.01 16.0 0.060000000000000005)(44.418683036864934 72.0)
(0.01 16.0 0.07)(37.973810694973324 73.0)
(0.01 16.0 0.08)(37.789628492150314 84.0)
(0.01 16.0 0.09)(36.88562325974961 88.0)
(0.01 16.0 0.09999999999999999)(34.81638613613792 95.0)
(0.01 16.0 0.10999999999999999)(23.171019209203536 104.0)
(0.01 16.0 0.11999999999999998)(22.895663216727254 106.0)
(0.01 16.0 0.12999999999999998)(23.0062630419183 104.0)
(0.01 16.0 0.13999999999999999)(21.76712781069152 109.0)
(0.01 16.0 0.15)(22.13501454166539 106.0)
(0.01 16.0 0.16)(21.07142155848544 110.0)
(0.01 16.0 0.17)(21.58594520931065 112.0)
(0.01 16.0 0.18000000000000002)(20.709089936432115 116.0)
(0.01 16.0 0.19000000000000003)(19.804499735572158 120.0)
(0.01 16.0 0.20000000000000004)(20.241267587295223 121.0)
(0.01 16.0 0.21000000000000005)(19.687844097833064 120.0)
(0.01 16.0 0.22000000000000006)(17.847050035492472 128.0)
(0.01 16.0 0.23000000000000007)(20.54214301959891 120.0)
(0.01 16.0 0.24000000000000007)(20.213252229112207 121.0)
(0.01 21.0 0.01)(60.796981060198256 38.0)
(0.01 21.0 0.02)(56.50176858949131 51.0)
(0.01 21.0 0.03)(46.93741526099236 61.0)
(0.01 21.0 0.04)(49.56788371776039 67.0)
(0.01 21.0 0.05)(37.973810694973324 73.0)
(0.01 21.0 0.060000000000000005)(44.418683036864934 72.0)
(0.01 21.0 0.07)(37.973810694973324 73.0)
(0.01 21.0 0.08)(34.68312403455348 82.0)
(0.01 21.0 0.09)(33.58688829251462 86.0)
(0.01 21.0 0.09999999999999999)(31.80256793294102 95.0)
(0.01 21.0 0.10999999999999999)(23.029450758353065 103.0)
(0.01 21.0 0.11999999999999998)(23.023493561343074 103.0)
(0.01 21.0 0.12999999999999998)(23.0062630419183 104.0)
(0.01 21.0 0.13999999999999999)(21.76712781069152 109.0)
(0.01 21.0 0.15)(22.13501454166539 106.0)
(0.01 21.0 0.16)(21.07142155848544 110.0)
(0.01 21.0 0.17)(21.58594520931065 110.0)
(0.01 21.0 0.18000000000000002)(20.691408948250803 117.0)
(0.01 21.0 0.19000000000000003)(19.94894946580697 118.0)
(0.01 21.0 0.20000000000000004)(20.34378392239399 119.0)
(0.01 21.0 0.21000000000000005)(20.97681692741856 119.0)
(0.01 21.0 0.22000000000000006)(19.988706013189898 119.0)
(0.01 21.0 0.23000000000000007)(20.645109068952124 118.0)
(0.01 21.0 0.24000000000000007)(20.441790334253138 119.0)
(0.01 26.0 0.01)(60.796981060198256 38.0)
(0.01 26.0 0.02)(56.91927348502913 47.0)
(0.01 26.0 0.03)(46.93741526099236 61.0)
(0.01 26.0 0.04)(49.56788371776039 67.0)
(0.01 26.0 0.05)(45.787770020668724 69.0)
(0.01 26.0 0.060000000000000005)(41.20939781288217 69.0)
(0.01 26.0 0.07)(37.973810694973324 73.0)
(0.01 26.0 0.08)(34.68312403455348 82.0)
(0.01 26.0 0.09)(33.58688829251462 86.0)
(0.01 26.0 0.09999999999999999)(31.80256793294102 95.0)
(0.01 26.0 0.10999999999999999)(23.029450758353065 103.0)
(0.01 26.0 0.11999999999999998)(24.073544852560122 101.0)
(0.01 26.0 0.12999999999999998)(23.856081875918594 104.0)
(0.01 26.0 0.13999999999999999)(26.13449693579338 102.0)
(0.01 26.0 0.15)(22.13501454166539 106.0)
(0.01 26.0 0.16)(21.07142155848544 110.0)
(0.01 26.0 0.17)(21.58594520931065 110.0)
(0.01 26.0 0.18000000000000002)(20.691408948250803 115.0)
(0.01 26.0 0.19000000000000003)(19.94894946580697 118.0)
(0.01 26.0 0.20000000000000004)(20.5103441281685 118.0)
(0.01 26.0 0.21000000000000005)(21.211198283270118 117.0)
(0.01 26.0 0.22000000000000006)(20.15692349725018 118.0)
(0.01 26.0 0.23000000000000007)(20.446575159519977 119.0)
(0.01 26.0 0.24000000000000007)(20.243256424820963 120.0)
(0.01 31.0 0.01)(60.796981060198256 38.0)
(0.01 31.0 0.02)(56.91927348502913 47.0)
(0.01 31.0 0.03)(51.46747310465145 59.0)
(0.01 31.0 0.04)(49.56788371776039 67.0)
(0.01 31.0 0.05)(45.787770020668724 69.0)
(0.01 31.0 0.060000000000000005)(41.20939781288217 69.0)
(0.01 31.0 0.07)(39.58814698710687 71.0)
(0.01 31.0 0.08)(38.532837904022614 77.0)
(0.01 31.0 0.09)(35.71702989969659 81.0)
(0.01 31.0 0.09999999999999999)(35.00160322505218 85.0)
(0.01 31.0 0.10999999999999999)(25.646449798475842 98.0)
(0.01 31.0 0.11999999999999998)(27.881697106576283 97.0)
(0.01 31.0 0.12999999999999998)(26.842626126920717 100.0)
(0.01 31.0 0.13999999999999999)(25.169006020270455 103.0)
(0.01 31.0 0.15)(23.08129414449708 104.0)
(0.01 31.0 0.16)(20.87436461109947 111.0)
(0.01 31.0 0.17)(21.58594520931065 110.0)
(0.01 31.0 0.18000000000000002)(20.691408948250803 115.0)
(0.01 31.0 0.19000000000000003)(19.94894946580697 118.0)
(0.01 31.0 0.20000000000000004)(20.5103441281685 118.0)
(0.01 31.0 0.21000000000000005)(21.211198283270118 117.0)
(0.01 31.0 0.22000000000000006)(21.211198283270118 117.0)
(0.01 31.0 0.23000000000000007)(20.446575159519977 119.0)
(0.01 31.0 0.24000000000000007)(20.243256424820963 120.0)
(0.01 36.0 0.01)(61.023753483977885 37.0)
(0.01 36.0 0.02)(56.91927348502913 47.0)
(0.01 36.0 0.03)(51.46747310465145 59.0)
(0.01 36.0 0.04)(49.56788371776039 67.0)
(0.01 36.0 0.05)(46.73013663690693 68.0)
(0.01 36.0 0.060000000000000005)(41.20939781288217 69.0)
(0.01 36.0 0.07)(39.58814698710687 71.0)
(0.01 36.0 0.08)(36.652693314643514 78.0)
(0.01 36.0 0.09)(35.71702989969659 81.0)
(0.01 36.0 0.09999999999999999)(35.00160322505218 85.0)
(0.01 36.0 0.10999999999999999)(29.35502806069522 96.0)
(0.01 36.0 0.11999999999999998)(25.71131517511647 97.0)
(0.01 36.0 0.12999999999999998)(26.321096718904137 99.0)
(0.01 36.0 0.13999999999999999)(25.396419526193295 102.0)
(0.01 36.0 0.15)(25.182288434883333 97.0)
(0.01 36.0 0.16)(22.493567493589502 102.0)
(0.01 36.0 0.17)(22.323858045685615 108.0)
(0.01 36.0 0.18000000000000002)(22.423496702025215 111.0)
(0.01 36.0 0.19000000000000003)(21.179904208777284 109.0)
(0.01 36.0 0.20000000000000004)(20.5103441281685 118.0)
(0.01 36.0 0.21000000000000005)(21.211198283270118 117.0)
(0.01 36.0 0.22000000000000006)(21.211198283270118 117.0)
(0.01 36.0 0.23000000000000007)(20.446575159519977 119.0)
(0.01 36.0 0.24000000000000007)(20.243256424820963 120.0)
(0.01 41.0 0.01)(61.023753483977885 37.0)
(0.01 41.0 0.02)(56.91927348502913 47.0)
(0.01 41.0 0.03)(51.46747310465145 59.0)
(0.01 41.0 0.04)(49.56788371776039 67.0)
(0.01 41.0 0.05)(46.73013663690693 68.0)
(0.01 41.0 0.060000000000000005)(41.20939781288217 69.0)
(0.01 41.0 0.07)(39.58814698710687 71.0)
(0.01 41.0 0.08)(36.652693314643514 78.0)
(0.01 41.0 0.09)(35.71702989969659 81.0)
(0.01 41.0 0.09999999999999999)(35.15342327344148 87.0)
(0.01 41.0 0.10999999999999999)(27.814250917488508 97.0)
(0.01 41.0 0.11999999999999998)(28.392928644132024 97.0)
(0.01 41.0 0.12999999999999998)(26.321096718904137 99.0)
(0.01 41.0 0.13999999999999999)(25.396419526193295 102.0)
(0.01 41.0 0.15)(24.226943155906124 100.0)
(0.01 41.0 0.16)(23.638156380565615 102.0)
(0.01 41.0 0.17)(23.009570393341967 108.0)
(0.01 41.0 0.18000000000000002)(22.82095328665229 108.0)
(0.01 41.0 0.19000000000000003)(21.179904208777284 109.0)
(0.01 41.0 0.20000000000000004)(20.434571076850077 117.0)
(0.01 41.0 0.21000000000000005)(22.96617363502495 105.0)
(0.01 41.0 0.22000000000000006)(21.870228797146737 106.0)
(0.01 41.0 0.23000000000000007)(21.495909384089792 114.0)
(0.01 41.0 0.24000000000000007)(21.279332589802625 115.0)
(0.01 46.0 0.01)(61.023753483977885 37.0)
(0.01 46.0 0.02)(56.91927348502913 47.0)
(0.01 46.0 0.03)(51.46747310465145 59.0)
(0.01 46.0 0.04)(49.71010026595024 66.0)
(0.01 46.0 0.05)(46.73013663690693 68.0)
(0.01 46.0 0.060000000000000005)(41.20939781288217 69.0)
(0.01 46.0 0.07)(39.58814698710687 71.0)
(0.01 46.0 0.08)(36.652693314643514 78.0)
(0.01 46.0 0.09)(35.71702989969659 81.0)
(0.01 46.0 0.09999999999999999)(35.15342327344148 87.0)
(0.01 46.0 0.10999999999999999)(27.814250917488508 97.0)
(0.01 46.0 0.11999999999999998)(28.392928644132024 97.0)
(0.01 46.0 0.12999999999999998)(25.37150387209333 100.0)
(0.01 46.0 0.13999999999999999)(25.396419526193295 102.0)
(0.01 46.0 0.15)(23.71410949279883 101.0)
(0.01 46.0 0.16)(23.779780045315604 102.0)
(0.01 46.0 0.17)(23.33698367688521 107.0)
(0.01 46.0 0.18000000000000002)(23.469896074351105 103.0)
(0.01 46.0 0.19000000000000003)(21.55023177562956 110.0)
(0.01 46.0 0.20000000000000004)(23.64555181872609 114.0)
(0.01 46.0 0.21000000000000005)(23.170527282081505 104.0)
(0.01 3.0 0.01)(60.23935616863884 43.0)
(0.01 3.0 0.02)(59.66008238039703 51.0)
(0.01 3.0 0.03)(59.36318056900885 61.0)
(0.01 3.0 0.04)(51.603046602240696 75.0)
(0.01 3.0 0.05)(35.19173863754697 87.0)
(0.01 3.0 0.060000000000000005)(43.81232056698593 79.0)
(0.01 3.0 0.07)(37.76114932176872 82.0)
(0.01 3.0 0.08)(37.37297183559187 88.0)
(0.01 3.0 0.09)(32.86261340146183 95.0)
(0.01 3.0 0.09999999999999999)(30.074513412803555 110.0)
(0.01 3.0 0.10999999999999999)(22.39973308470242 112.0)
(0.01 3.0 0.11999999999999998)(23.073895397942263 111.0)
(0.01 3.0 0.12999999999999998)(22.495707749261197 113.0)
(0.01 3.0 0.13999999999999999)(20.777163053001633 119.0)
(0.01 3.0 0.15)(24.572891193975856 118.0)
(0.01 3.0 0.16)(19.850659738470203 117.0)
(0.01 3.0 0.17)(20.44905510669602 126.0)
(0.01 3.0 0.18000000000000002)(20.131991308949456 127.0)
(0.01 3.0 0.19000000000000003)(19.98944886390254 128.0)
(0.01 3.0 0.20000000000000004)(20.580259363304364 129.0)
(0.01 3.0 0.21000000000000005)(19.52863287805013 133.0)
(0.01 3.0 0.22000000000000006)(24.597220576251836 127.0)
(0.01 3.0 0.23000000000000007)(24.56348220908951 123.0)
(0.01 3.0 0.24000000000000007)(19.21956947954862 133.0)
(0.01 8.0 0.01)(60.26309726840606 42.0)
(0.01 8.0 0.02)(59.85589719430535 49.0)
(0.01 8.0 0.03)(54.55421535716426 64.0)
(0.01 8.0 0.04)(53.22645944183882 71.0)
(0.01 8.0 0.05)(39.5568159837329 80.0)
(0.01 8.0 0.060000000000000005)(42.815666635474265 77.0)
(0.01 8.0 0.07)(38.82151155230269 79.0)
(0.01 8.0 0.08)(37.766521910057236 86.0)
(0.01 8.0 0.09)(33.199660400439605 93.0)
(0.01 8.0 0.09999999999999999)(29.229546611131124 106.0)
(0.01 8.0 0.10999999999999999)(22.420738962791507 107.0)
(0.01 8.0 0.11999999999999998)(22.172278616066066 111.0)
(0.01 8.0 0.12999999999999998)(21.55319905778589 111.0)
(0.01 8.0 0.13999999999999999)(21.327170885239994 114.0)
(0.01 8.0 0.15)(21.135611468447365 116.0)
(0.01 8.0 0.16)(20.906338314757114 114.0)
(0.01 8.0 0.17)(22.109691705261216 117.0)
(0.01 8.0 0.18000000000000002)(18.727801766880987 127.0)
(0.01 8.0 0.19000000000000003)(17.987451468614374 129.0)
(0.01 8.0 0.20000000000000004)(17.725183399596656 133.0)
(0.01 8.0 0.21000000000000005)(17.786851334697182 132.0)
(0.01 8.0 0.22000000000000006)(18.19837800839523 130.0)
(0.01 8.0 0.23000000000000007)(19.85899924012218 124.0)
(0.01 8.0 0.24000000000000007)(18.360429102759873 128.0)
(0.01 13.0 0.01)(60.26309726840606 42.0)
(0.01 13.0 0.02)(59.85589719430535 49.0)
(0.01 13.0 0.03)(53.12495729877482 63.0)
(0.01 13.0 0.04)(50.667203588419945 68.0)
(0.01 13.0 0.05)(34.82315979777019 79.0)
(0.01 13.0 0.060000000000000005)(44.418683036864934 72.0)
(0.01 13.0 0.07)(37.91965422327849 75.0)
(0.01 13.0 0.08)(37.789628492150314 84.0)
(0.01 13.0 0.09)(36.88562325974961 88.0)
(0.01 13.0 0.09999999999999999)(34.81638613613792 95.0)
(0.01 13.0 0.10999999999999999)(23.562594375114323 106.0)
(0.01 13.0 0.11999999999999998)(22.577610278082027 109.0)
(0.01 13.0 0.12999999999999998)(22.687456753412242 107.0)
(0.01 13.0 0.13999999999999999)(22.118941328506278 107.0)
(0.01 13.0 0.15)(21.806917300893115 108.0)
(0.01 13.0 0.16)(21.602468518476083 106.0)
(0.01 13.0 0.17)(22.48875939509556 111.0)
(0.01 13.0 0.18000000000000002)(21.654218096420095 117.0)
(0.01 13.0 0.19000000000000003)(21.323441993748606 117.0)
(0.01 13.0 0.20000000000000004)(20.952670786540345 120.0)
(0.01 13.0 0.21000000000000005)(19.832164813199824 123.0)
(0.01 13.0 0.22000000000000006)(18.11859558556263 131.0)
(0.01 13.0 0.23000000000000007)(19.917391566425746 120.0)
(0.01 13.0 0.24000000000000007)(19.60060846221503 121.0)
(0.01 18.0 0.01)(60.721681996740635 40.0)
(0.01 18.0 0.02)(56.50176858949131 51.0)
(0.01 18.0 0.03)(46.93741526099236 61.0)
(0.01 18.0 0.04)(49.12939195573118 70.0)
(0.01 18.0 0.05)(35.23793146163575 76.0)
(0.01 18.0 0.060000000000000005)(44.418683036864934 72.0)
(0.01 18.0 0.07)(37.973810694973324 73.0)
(0.01 18.0 0.08)(34.68312403455348 82.0)
(0.01 18.0 0.09)(37.025066876282104 85.0)
(0.01 18.0 0.09999999999999999)(34.95501863222329 92.0)
(0.01 18.0 0.10999999999999999)(23.29930710003007 101.0)
(0.01 18.0 0.11999999999999998)(23.023493561343074 103.0)
(0.01 18.0 0.12999999999999998)(23.0062630419183 104.0)
(0.01 18.0 0.13999999999999999)(21.76712781069152 109.0)
(0.01 18.0 0.15)(22.13501454166539 106.0)
(0.01 18.0 0.16)(21.07142155848544 110.0)
(0.01 18.0 0.17)(21.58594520931065 112.0)
(0.01 18.0 0.18000000000000002)(20.691408948250803 117.0)
(0.01 18.0 0.19000000000000003)(19.94894946580697 118.0)
(0.01 18.0 0.20000000000000004)(20.34378392239399 119.0)
(0.01 18.0 0.21000000000000005)(21.040298787541776 118.0)
(0.01 18.0 0.22000000000000006)(19.988706013189898 119.0)
(0.01 18.0 0.23000000000000007)(20.54214301959891 120.0)
(0.01 18.0 0.24000000000000007)(20.213252229112207 121.0)
(0.01 23.0 0.01)(60.796981060198256 38.0)
(0.01 23.0 0.02)(56.50176858949131 51.0)
(0.01 23.0 0.03)(46.93741526099236 61.0)
(0.01 23.0 0.04)(49.56788371776039 67.0)
(0.01 23.0 0.05)(37.973810694973324 73.0)
(0.01 23.0 0.060000000000000005)(44.418683036864934 72.0)
(0.01 23.0 0.07)(37.973810694973324 73.0)
(0.01 23.0 0.08)(34.68312403455348 82.0)
(0.01 23.0 0.09)(33.58688829251462 86.0)
(0.01 23.0 0.09999999999999999)(31.80256793294102 95.0)
(0.01 23.0 0.10999999999999999)(23.029450758353065 103.0)
(0.01 23.0 0.11999999999999998)(23.087846771041047 102.0)
(0.01 23.0 0.12999999999999998)(23.0062630419183 104.0)
(0.01 23.0 0.13999999999999999)(21.76712781069152 109.0)
(0.01 23.0 0.15)(22.13501454166539 106.0)
(0.01 23.0 0.16)(21.07142155848544 110.0)
(0.01 23.0 0.17)(21.58594520931065 110.0)
(0.01 23.0 0.18000000000000002)(20.691408948250803 115.0)
(0.01 23.0 0.19000000000000003)(19.94894946580697 118.0)
(0.01 23.0 0.20000000000000004)(20.34378392239399 119.0)
(0.01 23.0 0.21000000000000005)(20.97681692741856 119.0)
(0.01 23.0 0.22000000000000006)(19.988706013189898 119.0)
(0.01 23.0 0.23000000000000007)(20.645109068952124 118.0)
(0.01 23.0 0.24000000000000007)(20.441790334253138 119.0)
(0.01 28.0 0.01)(60.796981060198256 38.0)
(0.01 28.0 0.02)(56.91927348502913 47.0)
(0.01 28.0 0.03)(47.4630732603497 60.0)
(0.01 28.0 0.04)(49.56788371776039 67.0)
(0.01 28.0 0.05)(45.787770020668724 69.0)
(0.01 28.0 0.060000000000000005)(41.20939781288217 69.0)
(0.01 28.0 0.07)(37.973810694973324 73.0)
(0.01 28.0 0.08)(36.39117354205674 79.0)
(0.01 28.0 0.09)(35.28700903034282 82.0)
(0.01 28.0 0.09999999999999999)(33.36107572758673 91.0)
(0.01 28.0 0.10999999999999999)(23.029450758353065 103.0)
(0.01 28.0 0.11999999999999998)(24.073544852560122 101.0)
(0.01 28.0 0.12999999999999998)(24.0643346588834 103.0)
(0.01 28.0 0.13999999999999999)(25.169006020270455 103.0)
(0.01 28.0 0.15)(26.01857424647474 101.0)
(0.01 28.0 0.16)(21.07142155848544 110.0)
(0.01 28.0 0.17)(21.58594520931065 110.0)
(0.01 28.0 0.18000000000000002)(20.691408948250803 115.0)
(0.01 28.0 0.19000000000000003)(19.94894946580697 118.0)
(0.01 28.0 0.20000000000000004)(20.5103441281685 118.0)
(0.01 28.0 0.21000000000000005)(21.211198283270118 117.0)
(0.01 28.0 0.22000000000000006)(21.211198283270118 117.0)
(0.01 28.0 0.23000000000000007)(20.446575159519977 119.0)
(0.01 28.0 0.24000000000000007)(20.243256424820963 120.0)
(0.01 33.0 0.01)(60.796981060198256 38.0)
(0.01 33.0 0.02)(56.91927348502913 47.0)
(0.01 33.0 0.03)(51.46747310465145 59.0)
(0.01 33.0 0.04)(49.56788371776039 67.0)
(0.01 33.0 0.05)(45.787770020668724 69.0)
(0.01 33.0 0.060000000000000005)(41.20939781288217 69.0)
(0.01 33.0 0.07)(39.58814698710687 71.0)
(0.01 33.0 0.08)(38.532837904022614 77.0)
(0.01 33.0 0.09)(35.71702989969659 81.0)
(0.01 33.0 0.09999999999999999)(35.00160322505218 85.0)
(0.01 33.0 0.10999999999999999)(29.35502806069522 96.0)
(0.01 33.0 0.11999999999999998)(25.390150238193673 99.0)
(0.01 33.0 0.12999999999999998)(25.415208046388884 101.0)
(0.01 33.0 0.13999999999999999)(23.52547983417425 102.0)
(0.01 33.0 0.15)(23.08129414449708 104.0)
(0.01 33.0 0.16)(20.87436461109947 111.0)
(0.01 33.0 0.17)(21.58594520931065 110.0)
(0.01 33.0 0.18000000000000002)(20.691408948250803 115.0)
(0.01 33.0 0.19000000000000003)(19.94894946580697 118.0)
(0.01 33.0 0.20000000000000004)(20.5103441281685 118.0)
(0.01 33.0 0.21000000000000005)(21.211198283270118 117.0)
(0.01 33.0 0.22000000000000006)(21.211198283270118 117.0)
(0.01 33.0 0.23000000000000007)(20.446575159519977 119.0)
(0.01 33.0 0.24000000000000007)(20.243256424820963 120.0)
(0.01 38.0 0.01)(61.023753483977885 37.0)
(0.01 38.0 0.02)(56.91927348502913 47.0)
(0.01 38.0 0.03)(51.46747310465145 59.0)
(0.01 38.0 0.04)(49.56788371776039 67.0)
(0.01 38.0 0.05)(46.73013663690693 68.0)
(0.01 38.0 0.060000000000000005)(41.20939781288217 69.0)
(0.01 38.0 0.07)(39.58814698710687 71.0)
(0.01 38.0 0.08)(36.652693314643514 78.0)
(0.01 38.0 0.09)(35.71702989969659 81.0)
(0.01 38.0 0.09999999999999999)(35.00160322505218 85.0)
(0.01 38.0 0.10999999999999999)(29.35502806069522 96.0)
(0.01 38.0 0.11999999999999998)(25.71131517511647 97.0)
(0.01 38.0 0.12999999999999998)(26.321096718904137 99.0)
(0.01 38.0 0.13999999999999999)(25.396419526193295 102.0)
(0.01 38.0 0.15)(24.226943155906124 100.0)
(0.01 38.0 0.16)(23.638156380565615 102.0)
(0.01 38.0 0.17)(22.323858045685615 108.0)
(0.01 38.0 0.18000000000000002)(22.423496702025215 111.0)
(0.01 38.0 0.19000000000000003)(21.179904208777284 109.0)
(0.01 38.0 0.20000000000000004)(20.434571076850077 117.0)
(0.01 38.0 0.21000000000000005)(21.211198283270118 117.0)
(0.01 38.0 0.22000000000000006)(21.211198283270118 117.0)
(0.01 38.0 0.23000000000000007)(20.446575159519977 119.0)
(0.01 38.0 0.24000000000000007)(20.243256424820963 120.0)
(0.01 43.0 0.01)(61.023753483977885 37.0)
(0.01 43.0 0.02)(56.91927348502913 47.0)
(0.01 43.0 0.03)(51.46747310465145 59.0)
(0.01 43.0 0.04)(49.56788371776039 67.0)
(0.01 43.0 0.05)(46.73013663690693 68.0)
(0.01 43.0 0.060000000000000005)(41.20939781288217 69.0)
(0.01 43.0 0.07)(39.58814698710687 71.0)
(0.01 43.0 0.08)(36.652693314643514 78.0)
(0.01 43.0 0.09)(35.71702989969659 81.0)
(0.01 43.0 0.09999999999999999)(35.15342327344148 87.0)
(0.01 43.0 0.10999999999999999)(27.814250917488508 97.0)
(0.01 43.0 0.11999999999999998)(28.392928644132024 97.0)
(0.01 43.0 0.12999999999999998)(25.37150387209333 100.0)
(0.01 43.0 0.13999999999999999)(25.396419526193295 102.0)
(0.01 43.0 0.15)(23.71410949279883 101.0)
(0.01 43.0 0.16)(23.638156380565615 102.0)
(0.01 43.0 0.17)(23.33698367688521 107.0)
(0.01 43.0 0.18000000000000002)(22.82095328665229 108.0)
(0.01 43.0 0.19000000000000003)(22.28020416502634 105.0)
(0.01 43.0 0.20000000000000004)(23.284702628827972 115.0)
(0.01 43.0 0.21000000000000005)(23.170527282081505 104.0)
(0.01 43.0 0.22000000000000006)(21.870228797146737 106.0)
(0.01 43.0 0.23000000000000007)(21.495909384089792 114.0)
(0.01 43.0 0.24000000000000007)(21.279332589802625 115.0)
(0.01 48.0 0.01)(61.023753483977885 37.0)
(0.01 48.0 0.02)(56.91927348502913 47.0)
(0.01 48.0 0.03)(51.46747310465145 59.0)
(0.01 48.0 0.04)(49.71010026595024 66.0)
(0.01 48.0 0.05)(46.73013663690693 68.0)
(0.01 48.0 0.060000000000000005)(41.20939781288217 69.0)
(0.01 48.0 0.07)(39.58814698710687 71.0)
(0.01 48.0 0.08)(36.652693314643514 78.0)
(0.01 48.0 0.09)(35.71702989969659 81.0)
(0.01 48.0 0.09999999999999999)(35.15342327344148 87.0)
(0.01 48.0 0.10999999999999999)(27.814250917488508 97.0)
(0.01 48.0 0.11999999999999998)(28.392928644132024 97.0)
(0.01 48.0 0.12999999999999998)(25.37150387209333 100.0)
(0.01 48.0 0.13999999999999999)(25.396419526193295 102.0)
(0.01 48.0 0.15)(23.71410949279883 101.0)

(0.01 3.0 0.3)(24.25707468493094 131.0)
(0.01 3.0 0.31)(24.178030239498266 132.0)
(0.01 3.0 0.32)(26.393226815423642 132.0)
(0.01 3.0 0.33)(33.07567919984314 121.0)
(0.01 3.0 0.34)(23.276187034489624 131.0)
(0.01 3.0 0.35000000000000003)(17.78097304317223 137.0)
(0.01 1.0 0.01)(60.23935616863884 43.0)
(0.01 1.0 0.02)(59.66008238039703 51.0)
(0.01 1.0 0.03)(59.36318056900885 61.0)
(0.01 1.0 0.04)(55.27846275509154 73.0)
(0.01 1.0 0.05)(41.07433703863156 80.0)
(0.01 1.0 0.060000000000000005)(58.02242184848355 70.0)
(0.01 1.0 0.07)(38.251219359121976 77.0)
(0.01 1.0 0.08)(38.53254539414455 84.0)
(0.01 1.0 0.09)(35.21372036164982 90.0)
(0.01 1.0 0.09999999999999999)(34.313519328439355 99.0)
(0.01 1.0 0.10999999999999999)(30.988451663657862 113.0)
(0.01 1.0 0.11999999999999998)(36.07974682759479 105.0)
(0.01 1.0 0.12999999999999998)(36.066745748894014 109.0)
(0.01 1.0 0.13999999999999999)(33.365999251326535 115.0)
(0.01 1.0 0.15)(35.798070072418355 108.0)
(0.01 1.0 0.16)(31.246987913132806 110.0)
(0.01 1.0 0.17)(35.62410500103204 112.0)
(0.01 1.0 0.18000000000000002)(34.467013007334316 118.0)
(0.01 1.0 0.19000000000000003)(33.92487070732863 121.0)
(0.01 1.0 0.20000000000000004)(33.49943811751146 125.0)
(0.01 1.0 0.21000000000000005)(34.472810590992665 123.0)
(0.01 1.0 0.22000000000000006)(34.18848033333164 118.0)
(0.01 1.0 0.23000000000000007)(33.81879471151485 121.0)
(0.01 1.0 0.24000000000000007)(33.576593690485375 123.0)
(0.01 6.0 0.01)(60.26309726840606 42.0)
(0.01 6.0 0.02)(59.85589719430535 49.0)
(0.01 6.0 0.03)(54.32864258593801 66.0)
(0.01 6.0 0.04)(52.59253823447402 75.0)
(0.01 6.0 0.05)(38.19501628981471 83.0)
(0.01 6.0 0.060000000000000005)(42.76067348563215 80.0)
(0.01 6.0 0.07)(37.76114932176872 82.0)
(0.01 6.0 0.08)(37.766521910057236 86.0)
(0.01 6.0 0.09)(33.66701196148605 92.0)
(0.01 6.0 0.09999999999999999)(29.229546611131124 106.0)
(0.01 6.0 0.10999999999999999)(23.070416879462176 106.0)
(0.01 6.0 0.11999999999999998)(22.172278616066066 111.0)
(0.01 6.0 0.12999999999999998)(21.970330084524882 112.0)
(0.01 6.0 0.13999999999999999)(21.83158841075964 113.0)
(0.01 6.0 0.15)(20.798192268267478 115.0)
(0.01 6.0 0.16)(20.60966601141179 113.0)
(0.01 6.0 0.17)(22.50136913057861 118.0)
(0.01 6.0 0.18000000000000002)(18.72618191269432 127.0)
(0.01 6.0 0.19000000000000003)(18.107055614099988 128.0)
(0.01 6.0 0.20000000000000004)(17.841350839247188 132.0)
(0.01 6.0 0.21000000000000005)(17.833565195740043 132.0)
(0.01 6.0 0.22000000000000006)(18.19837800839523 130.0)
(0.01 6.0 0.23000000000000007)(19.816307215700935 125.0)
(0.01 6.0 0.24000000000000007)(18.360429102759873 128.0)
(0.01 11.0 0.01)(60.26309726840606 42.0)
(0.01 11.0 0.02)(59.85589719430535 49.0)
(0.01 11.0 0.03)(53.12495729877482 63.0)
(0.01 11.0 0.04)(53.36877591498368 68.0)
(0.01 11.0 0.05)(37.58437867123787 82.0)
(0.01 11.0 0.060000000000000005)(44.418683036864934 72.0)
(0.01 11.0 0.07)(37.91965422327849 75.0)
(0.01 11.0 0.08)(37.789628492150314 84.0)
(0.01 11.0 0.09)(36.88562325974961 88.0)
(0.01 11.0 0.09999999999999999)(33.83496530951108 100.0)
(0.01 11.0 0.10999999999999999)(23.544864860820795 107.0)
(0.01 11.0 0.11999999999999998)(22.577610278082027 109.0)
(0.01 11.0 0.12999999999999998)(22.687456753412242 107.0)
(0.01 11.0 0.13999999999999999)(22.118941328506278 107.0)
(0.01 11.0 0.15)(21.767989083357413 108.0)
(0.01 11.0 0.16)(21.49931866785145 107.0)
(0.01 11.0 0.17)(22.020143341255842 115.0)
(0.01 11.0 0.18000000000000002)(21.467380535666507 116.0)
(0.01 11.0 0.19000000000000003)(21.323441993748606 117.0)
(0.01 11.0 0.20000000000000004)(20.952670786540345 120.0)
(0.01 11.0 0.21000000000000005)(18.110948435853555 130.0)
(0.01 11.0 0.22000000000000006)(18.11859558556263 131.0)
(0.01 11.0 0.23000000000000007)(20.98459248406676 119.0)
(0.01 11.0 0.24000000000000007)(20.345747344000934 121.0)
(0.01 16.0 0.01)(60.721681996740635 40.0)
(0.01 16.0 0.02)(55.59994122888255 52.0)
(0.01 16.0 0.03)(53.12495729877482 63.0)
(0.01 16.0 0.04)(50.667203588419945 68.0)
(0.01 16.0 0.05)(35.23793146163575 76.0)
(0.01 16.0 0.060000000000000005)(44.418683036864934 72.0)
(0.01 16.0 0.07)(37.973810694973324 73.0)
(0.01 16.0 0.08)(37.789628492150314 84.0)
(0.01 16.0 0.09)(36.88562325974961 88.0)
(0.01 16.0 0.09999999999999999)(34.81638613613792 95.0)
(0.01 16.0 0.10999999999999999)(23.171019209203536 104.0)
(0.01 16.0 0.11999999999999998)(22.895663216727254 106.0)
(0.01 16.0 0.12999999999999998)(23.0062630419183 104.0)
(0.01 16.0 0.13999999999999999)(21.76712781069152 109.0)
(0.01 16.0 0.15)(22.13501454166539 106.0)
(0.01 16.0 0.16)(21.07142155848544 110.0)
(0.01 16.0 0.17)(21.58594520931065 112.0)
(0.01 16.0 0.18000000000000002)(20.709089936432115 116.0)
(0.01 16.0 0.19000000000000003)(19.804499735572158 120.0)
(0.01 16.0 0.20000000000000004)(20.241267587295223 121.0)
(0.01 16.0 0.21000000000000005)(19.687844097833064 120.0)
(0.01 16.0 0.22000000000000006)(17.847050035492472 128.0)
(0.01 16.0 0.23000000000000007)(20.54214301959891 120.0)
(0.01 16.0 0.24000000000000007)(20.213252229112207 121.0)
(0.01 21.0 0.01)(60.796981060198256 38.0)
(0.01 21.0 0.02)(56.50176858949131 51.0)
(0.01 21.0 0.03)(46.93741526099236 61.0)
(0.01 21.0 0.04)(49.56788371776039 67.0)
(0.01 21.0 0.05)(37.973810694973324 73.0)
(0.01 21.0 0.060000000000000005)(44.418683036864934 72.0)
(0.01 21.0 0.07)(37.973810694973324 73.0)
(0.01 21.0 0.08)(34.68312403455348 82.0)
(0.01 21.0 0.09)(33.58688829251462 86.0)
(0.01 21.0 0.09999999999999999)(31.80256793294102 95.0)
(0.01 21.0 0.10999999999999999)(23.029450758353065 103.0)
(0.01 21.0 0.11999999999999998)(23.023493561343074 103.0)
(0.01 21.0 0.12999999999999998)(23.0062630419183 104.0)
(0.01 21.0 0.13999999999999999)(21.76712781069152 109.0)
(0.01 21.0 0.15)(22.13501454166539 106.0)
(0.01 21.0 0.16)(21.07142155848544 110.0)
(0.01 21.0 0.17)(21.58594520931065 110.0)
(0.01 21.0 0.18000000000000002)(20.691408948250803 117.0)
(0.01 21.0 0.19000000000000003)(19.94894946580697 118.0)
(0.01 21.0 0.20000000000000004)(20.34378392239399 119.0)
(0.01 21.0 0.21000000000000005)(20.97681692741856 119.0)
(0.01 21.0 0.22000000000000006)(19.988706013189898 119.0)
(0.01 21.0 0.23000000000000007)(20.645109068952124 118.0)
(0.01 21.0 0.24000000000000007)(20.441790334253138 119.0)
(0.01 26.0 0.01)(60.796981060198256 38.0)
(0.01 26.0 0.02)(56.91927348502913 47.0)
(0.01 26.0 0.03)(46.93741526099236 61.0)
(0.01 26.0 0.04)(49.56788371776039 67.0)
(0.01 26.0 0.05)(45.787770020668724 69.0)
(0.01 26.0 0.060000000000000005)(41.20939781288217 69.0)
(0.01 26.0 0.07)(37.973810694973324 73.0)
(0.01 26.0 0.08)(34.68312403455348 82.0)
(0.01 26.0 0.09)(33.58688829251462 86.0)
(0.01 26.0 0.09999999999999999)(31.80256793294102 95.0)
(0.01 26.0 0.10999999999999999)(23.029450758353065 103.0)
(0.01 26.0 0.11999999999999998)(24.073544852560122 101.0)
(0.01 26.0 0.12999999999999998)(23.856081875918594 104.0)
(0.01 26.0 0.13999999999999999)(26.13449693579338 102.0)
(0.01 26.0 0.15)(22.13501454166539 106.0)
(0.01 26.0 0.16)(21.07142155848544 110.0)
(0.01 26.0 0.17)(21.58594520931065 110.0)
(0.01 26.0 0.18000000000000002)(20.691408948250803 115.0)
(0.01 26.0 0.19000000000000003)(19.94894946580697 118.0)
(0.01 26.0 0.20000000000000004)(20.5103441281685 118.0)
(0.01 26.0 0.21000000000000005)(21.211198283270118 117.0)
(0.01 26.0 0.22000000000000006)(20.15692349725018 118.0)
(0.01 26.0 0.23000000000000007)(20.446575159519977 119.0)
(0.01 26.0 0.24000000000000007)(20.243256424820963 120.0)
(0.01 31.0 0.01)(60.796981060198256 38.0)
(0.01 31.0 0.02)(56.91927348502913 47.0)
(0.01 31.0 0.03)(51.46747310465145 59.0)
(0.01 31.0 0.04)(49.56788371776039 67.0)
(0.01 31.0 0.05)(45.787770020668724 69.0)
(0.01 31.0 0.060000000000000005)(41.20939781288217 69.0)
(0.01 31.0 0.07)(39.58814698710687 71.0)
(0.01 31.0 0.08)(38.532837904022614 77.0)
(0.01 31.0 0.09)(35.71702989969659 81.0)
(0.01 31.0 0.09999999999999999)(35.00160322505218 85.0)
(0.01 31.0 0.10999999999999999)(25.646449798475842 98.0)
(0.01 31.0 0.11999999999999998)(27.881697106576283 97.0)
(0.01 31.0 0.12999999999999998)(26.842626126920717 100.0)
(0.01 31.0 0.13999999999999999)(25.169006020270455 103.0)
(0.01 31.0 0.15)(23.08129414449708 104.0)
(0.01 31.0 0.16)(20.87436461109947 111.0)
(0.01 31.0 0.17)(21.58594520931065 110.0)
(0.01 31.0 0.18000000000000002)(20.691408948250803 115.0)
(0.01 31.0 0.19000000000000003)(19.94894946580697 118.0)
(0.01 31.0 0.20000000000000004)(20.5103441281685 118.0)
(0.01 31.0 0.21000000000000005)(21.211198283270118 117.0)
(0.01 31.0 0.22000000000000006)(21.211198283270118 117.0)
(0.01 31.0 0.23000000000000007)(20.446575159519977 119.0)
(0.01 31.0 0.24000000000000007)(20.243256424820963 120.0)
(0.01 36.0 0.01)(61.023753483977885 37.0)
(0.01 36.0 0.02)(56.91927348502913 47.0)
(0.01 36.0 0.03)(51.46747310465145 59.0)
(0.01 36.0 0.04)(49.56788371776039 67.0)
(0.01 36.0 0.05)(46.73013663690693 68.0)
(0.01 36.0 0.060000000000000005)(41.20939781288217 69.0)
(0.01 36.0 0.07)(39.58814698710687 71.0)
(0.01 36.0 0.08)(36.652693314643514 78.0)
(0.01 36.0 0.09)(35.71702989969659 81.0)
(0.01 36.0 0.09999999999999999)(35.00160322505218 85.0)
(0.01 36.0 0.10999999999999999)(29.35502806069522 96.0)
(0.01 36.0 0.11999999999999998)(25.71131517511647 97.0)
(0.01 36.0 0.12999999999999998)(26.321096718904137 99.0)
(0.01 36.0 0.13999999999999999)(25.396419526193295 102.0)
(0.01 36.0 0.15)(25.182288434883333 97.0)
(0.01 36.0 0.16)(22.493567493589502 102.0)
(0.01 36.0 0.17)(22.323858045685615 108.0)
(0.01 36.0 0.18000000000000002)(22.423496702025215 111.0)
(0.01 36.0 0.19000000000000003)(21.179904208777284 109.0)
(0.01 36.0 0.20000000000000004)(20.5103441281685 118.0)
(0.01 36.0 0.21000000000000005)(21.211198283270118 117.0)
(0.01 36.0 0.22000000000000006)(21.211198283270118 117.0)
(0.01 36.0 0.23000000000000007)(20.446575159519977 119.0)
(0.01 36.0 0.24000000000000007)(20.243256424820963 120.0)
(0.01 41.0 0.01)(61.023753483977885 37.0)
(0.01 41.0 0.02)(56.91927348502913 47.0)
(0.01 41.0 0.03)(51.46747310465145 59.0)
(0.01 41.0 0.04)(49.56788371776039 67.0)
(0.01 41.0 0.05)(46.73013663690693 68.0)
(0.01 41.0 0.060000000000000005)(41.20939781288217 69.0)
(0.01 41.0 0.07)(39.58814698710687 71.0)
(0.01 41.0 0.08)(36.652693314643514 78.0)
(0.01 41.0 0.09)(35.71702989969659 81.0)
(0.01 41.0 0.09999999999999999)(35.15342327344148 87.0)
(0.01 41.0 0.10999999999999999)(27.814250917488508 97.0)
(0.01 41.0 0.11999999999999998)(28.392928644132024 97.0)
(0.01 41.0 0.12999999999999998)(26.321096718904137 99.0)
(0.01 41.0 0.13999999999999999)(25.396419526193295 102.0)
(0.01 41.0 0.15)(24.226943155906124 100.0)
(0.01 41.0 0.16)(23.638156380565615 102.0)
(0.01 41.0 0.17)(23.009570393341967 108.0)
(0.01 41.0 0.18000000000000002)(22.82095328665229 108.0)
(0.01 41.0 0.19000000000000003)(21.179904208777284 109.0)
(0.01 41.0 0.20000000000000004)(20.434571076850077 117.0)
(0.01 41.0 0.21000000000000005)(22.96617363502495 105.0)
(0.01 41.0 0.22000000000000006)(21.870228797146737 106.0)
(0.01 41.0 0.23000000000000007)(21.495909384089792 114.0)
(0.01 41.0 0.24000000000000007)(21.279332589802625 115.0)
(0.01 46.0 0.01)(61.023753483977885 37.0)
(0.01 46.0 0.02)(56.91927348502913 47.0)
(0.01 46.0 0.03)(51.46747310465145 59.0)
(0.01 46.0 0.04)(49.71010026595024 66.0)
(0.01 46.0 0.05)(46.73013663690693 68.0)
(0.01 46.0 0.060000000000000005)(41.20939781288217 69.0)
(0.01 46.0 0.07)(39.58814698710687 71.0)
(0.01 46.0 0.08)(36.652693314643514 78.0)
(0.01 46.0 0.09)(35.71702989969659 81.0)
(0.01 46.0 0.09999999999999999)(35.15342327344148 87.0)
(0.01 46.0 0.10999999999999999)(27.814250917488508 97.0)
(0.01 46.0 0.11999999999999998)(28.392928644132024 97.0)
(0.01 46.0 0.12999999999999998)(25.37150387209333 100.0)
(0.01 46.0 0.13999999999999999)(25.396419526193295 102.0)
(0.01 46.0 0.15)(23.71410949279883 101.0)
(0.01 46.0 0.16)(23.779780045315604 102.0)
(0.01 46.0 0.17)(23.33698367688521 107.0)
(0.01 46.0 0.18000000000000002)(23.469896074351105 103.0)
(0.01 46.0 0.19000000000000003)(21.55023177562956 110.0)
(0.01 46.0 0.20000000000000004)(23.64555181872609 114.0)
(0.01 46.0 0.21000000000000005)(23.170527282081505 104.0)
(0.01 3.0 0.01)(60.23935616863884 43.0)
(0.01 3.0 0.02)(59.66008238039703 51.0)
(0.01 3.0 0.03)(59.36318056900885 61.0)
(0.01 3.0 0.04)(51.603046602240696 75.0)
(0.01 3.0 0.05)(35.19173863754697 87.0)
(0.01 3.0 0.060000000000000005)(43.81232056698593 79.0)
(0.01 3.0 0.07)(37.76114932176872 82.0)
(0.01 3.0 0.08)(37.37297183559187 88.0)
(0.01 3.0 0.09)(32.86261340146183 95.0)
(0.01 3.0 0.09999999999999999)(30.074513412803555 110.0)
(0.01 3.0 0.10999999999999999)(22.39973308470242 112.0)
(0.01 3.0 0.11999999999999998)(23.073895397942263 111.0)
(0.01 3.0 0.12999999999999998)(22.495707749261197 113.0)
(0.01 3.0 0.13999999999999999)(20.777163053001633 119.0)
(0.01 3.0 0.15)(24.572891193975856 118.0)
(0.01 3.0 0.16)(19.850659738470203 117.0)
(0.01 3.0 0.17)(20.44905510669602 126.0)
(0.01 3.0 0.18000000000000002)(20.131991308949456 127.0)
(0.01 3.0 0.19000000000000003)(19.98944886390254 128.0)
(0.01 3.0 0.20000000000000004)(20.580259363304364 129.0)
(0.01 3.0 0.21000000000000005)(19.52863287805013 133.0)
(0.01 3.0 0.22000000000000006)(24.597220576251836 127.0)
(0.01 3.0 0.23000000000000007)(24.56348220908951 123.0)
(0.01 3.0 0.24000000000000007)(19.21956947954862 133.0)
(0.01 8.0 0.01)(60.26309726840606 42.0)
(0.01 8.0 0.02)(59.85589719430535 49.0)
(0.01 8.0 0.03)(54.55421535716426 64.0)
(0.01 8.0 0.04)(53.22645944183882 71.0)
(0.01 8.0 0.05)(39.5568159837329 80.0)
(0.01 8.0 0.060000000000000005)(42.815666635474265 77.0)
(0.01 8.0 0.07)(38.82151155230269 79.0)
(0.01 8.0 0.08)(37.766521910057236 86.0)
(0.01 8.0 0.09)(33.199660400439605 93.0)
(0.01 8.0 0.09999999999999999)(29.229546611131124 106.0)
(0.01 8.0 0.10999999999999999)(22.420738962791507 107.0)
(0.01 8.0 0.11999999999999998)(22.172278616066066 111.0)
(0.01 8.0 0.12999999999999998)(21.55319905778589 111.0)
(0.01 8.0 0.13999999999999999)(21.327170885239994 114.0)
(0.01 8.0 0.15)(21.135611468447365 116.0)
(0.01 8.0 0.16)(20.906338314757114 114.0)
(0.01 8.0 0.17)(22.109691705261216 117.0)
(0.01 8.0 0.18000000000000002)(18.727801766880987 127.0)
(0.01 8.0 0.19000000000000003)(17.987451468614374 129.0)
(0.01 8.0 0.20000000000000004)(17.725183399596656 133.0)
(0.01 8.0 0.21000000000000005)(17.786851334697182 132.0)
(0.01 8.0 0.22000000000000006)(18.19837800839523 130.0)
(0.01 8.0 0.23000000000000007)(19.85899924012218 124.0)
(0.01 8.0 0.24000000000000007)(18.360429102759873 128.0)
(0.01 13.0 0.01)(60.26309726840606 42.0)
(0.01 13.0 0.02)(59.85589719430535 49.0)
(0.01 13.0 0.03)(53.12495729877482 63.0)
(0.01 13.0 0.04)(50.667203588419945 68.0)
(0.01 13.0 0.05)(34.82315979777019 79.0)
(0.01 13.0 0.060000000000000005)(44.418683036864934 72.0)
(0.01 13.0 0.07)(37.91965422327849 75.0)
(0.01 13.0 0.08)(37.789628492150314 84.0)
(0.01 13.0 0.09)(36.88562325974961 88.0)
(0.01 13.0 0.09999999999999999)(34.81638613613792 95.0)
(0.01 13.0 0.10999999999999999)(23.562594375114323 106.0)
(0.01 13.0 0.11999999999999998)(22.577610278082027 109.0)
(0.01 13.0 0.12999999999999998)(22.687456753412242 107.0)
(0.01 13.0 0.13999999999999999)(22.118941328506278 107.0)
(0.01 13.0 0.15)(21.806917300893115 108.0)
(0.01 13.0 0.16)(21.602468518476083 106.0)
(0.01 13.0 0.17)(22.48875939509556 111.0)
(0.01 13.0 0.18000000000000002)(21.654218096420095 117.0)
(0.01 13.0 0.19000000000000003)(21.323441993748606 117.0)
(0.01 13.0 0.20000000000000004)(20.952670786540345 120.0)
(0.01 13.0 0.21000000000000005)(19.832164813199824 123.0)
(0.01 13.0 0.22000000000000006)(18.11859558556263 131.0)
(0.01 13.0 0.23000000000000007)(19.917391566425746 120.0)
(0.01 13.0 0.24000000000000007)(19.60060846221503 121.0)
(0.01 18.0 0.01)(60.721681996740635 40.0)
(0.01 18.0 0.02)(56.50176858949131 51.0)
(0.01 18.0 0.03)(46.93741526099236 61.0)
(0.01 18.0 0.04)(49.12939195573118 70.0)
(0.01 18.0 0.05)(35.23793146163575 76.0)
(0.01 18.0 0.060000000000000005)(44.418683036864934 72.0)
(0.01 18.0 0.07)(37.973810694973324 73.0)
(0.01 18.0 0.08)(34.68312403455348 82.0)
(0.01 18.0 0.09)(37.025066876282104 85.0)
(0.01 18.0 0.09999999999999999)(34.95501863222329 92.0)
(0.01 18.0 0.10999999999999999)(23.29930710003007 101.0)
(0.01 18.0 0.11999999999999998)(23.023493561343074 103.0)
(0.01 18.0 0.12999999999999998)(23.0062630419183 104.0)
(0.01 18.0 0.13999999999999999)(21.76712781069152 109.0)
(0.01 18.0 0.15)(22.13501454166539 106.0)
(0.01 18.0 0.16)(21.07142155848544 110.0)
(0.01 18.0 0.17)(21.58594520931065 112.0)
(0.01 18.0 0.18000000000000002)(20.691408948250803 117.0)
(0.01 18.0 0.19000000000000003)(19.94894946580697 118.0)
(0.01 18.0 0.20000000000000004)(20.34378392239399 119.0)
(0.01 18.0 0.21000000000000005)(21.040298787541776 118.0)
(0.01 18.0 0.22000000000000006)(19.988706013189898 119.0)
(0.01 18.0 0.23000000000000007)(20.54214301959891 120.0)
(0.01 18.0 0.24000000000000007)(20.213252229112207 121.0)
(0.01 23.0 0.01)(60.796981060198256 38.0)
(0.01 23.0 0.02)(56.50176858949131 51.0)
(0.01 23.0 0.03)(46.93741526099236 61.0)
(0.01 23.0 0.04)(49.56788371776039 67.0)
(0.01 23.0 0.05)(37.973810694973324 73.0)
(0.01 23.0 0.060000000000000005)(44.418683036864934 72.0)
(0.01 23.0 0.07)(37.973810694973324 73.0)
(0.01 23.0 0.08)(34.68312403455348 82.0)
(0.01 23.0 0.09)(33.58688829251462 86.0)
(0.01 23.0 0.09999999999999999)(31.80256793294102 95.0)
(0.01 23.0 0.10999999999999999)(23.029450758353065 103.0)
(0.01 23.0 0.11999999999999998)(23.087846771041047 102.0)
(0.01 23.0 0.12999999999999998)(23.0062630419183 104.0)
(0.01 23.0 0.13999999999999999)(21.76712781069152 109.0)
(0.01 23.0 0.15)(22.13501454166539 106.0)
(0.01 23.0 0.16)(21.07142155848544 110.0)
(0.01 23.0 0.17)(21.58594520931065 110.0)
(0.01 23.0 0.18000000000000002)(20.691408948250803 115.0)
(0.01 23.0 0.19000000000000003)(19.94894946580697 118.0)
(0.01 23.0 0.20000000000000004)(20.34378392239399 119.0)
(0.01 23.0 0.21000000000000005)(20.97681692741856 119.0)
(0.01 23.0 0.22000000000000006)(19.988706013189898 119.0)
(0.01 23.0 0.23000000000000007)(20.645109068952124 118.0)
(0.01 23.0 0.24000000000000007)(20.441790334253138 119.0)
(0.01 28.0 0.01)(60.796981060198256 38.0)
(0.01 28.0 0.02)(56.91927348502913 47.0)
(0.01 28.0 0.03)(47.4630732603497 60.0)
(0.01 28.0 0.04)(49.56788371776039 67.0)
(0.01 28.0 0.05)(45.787770020668724 69.0)
(0.01 28.0 0.060000000000000005)(41.20939781288217 69.0)
(0.01 28.0 0.07)(37.973810694973324 73.0)
(0.01 28.0 0.08)(36.39117354205674 79.0)
(0.01 28.0 0.09)(35.28700903034282 82.0)
(0.01 28.0 0.09999999999999999)(33.36107572758673 91.0)
(0.01 28.0 0.10999999999999999)(23.029450758353065 103.0)
(0.01 28.0 0.11999999999999998)(24.073544852560122 101.0)
(0.01 28.0 0.12999999999999998)(24.0643346588834 103.0)
(0.01 28.0 0.13999999999999999)(25.169006020270455 103.0)
(0.01 28.0 0.15)(26.01857424647474 101.0)
(0.01 28.0 0.16)(21.07142155848544 110.0)
(0.01 28.0 0.17)(21.58594520931065 110.0)
(0.01 28.0 0.18000000000000002)(20.691408948250803 115.0)
(0.01 28.0 0.19000000000000003)(19.94894946580697 118.0)
(0.01 28.0 0.20000000000000004)(20.5103441281685 118.0)
(0.01 28.0 0.21000000000000005)(21.211198283270118 117.0)
(0.01 28.0 0.22000000000000006)(21.211198283270118 117.0)
(0.01 28.0 0.23000000000000007)(20.446575159519977 119.0)
(0.01 28.0 0.24000000000000007)(20.243256424820963 120.0)
(0.01 33.0 0.01)(60.796981060198256 38.0)
(0.01 33.0 0.02)(56.91927348502913 47.0)
(0.01 33.0 0.03)(51.46747310465145 59.0)
(0.01 33.0 0.04)(49.56788371776039 67.0)
(0.01 33.0 0.05)(45.787770020668724 69.0)
(0.01 33.0 0.060000000000000005)(41.20939781288217 69.0)
(0.01 33.0 0.07)(39.58814698710687 71.0)
(0.01 33.0 0.08)(38.532837904022614 77.0)
(0.01 33.0 0.09)(35.71702989969659 81.0)
(0.01 33.0 0.09999999999999999)(35.00160322505218 85.0)
(0.01 33.0 0.10999999999999999)(29.35502806069522 96.0)
(0.01 33.0 0.11999999999999998)(25.390150238193673 99.0)
(0.01 33.0 0.12999999999999998)(25.415208046388884 101.0)
(0.01 33.0 0.13999999999999999)(23.52547983417425 102.0)
(0.01 33.0 0.15)(23.08129414449708 104.0)
(0.01 33.0 0.16)(20.87436461109947 111.0)
(0.01 33.0 0.17)(21.58594520931065 110.0)
(0.01 33.0 0.18000000000000002)(20.691408948250803 115.0)
(0.01 33.0 0.19000000000000003)(19.94894946580697 118.0)
(0.01 33.0 0.20000000000000004)(20.5103441281685 118.0)
(0.01 33.0 0.21000000000000005)(21.211198283270118 117.0)
(0.01 33.0 0.22000000000000006)(21.211198283270118 117.0)
(0.01 33.0 0.23000000000000007)(20.446575159519977 119.0)
(0.01 33.0 0.24000000000000007)(20.243256424820963 120.0)
(0.01 38.0 0.01)(61.023753483977885 37.0)
(0.01 38.0 0.02)(56.91927348502913 47.0)
(0.01 38.0 0.03)(51.46747310465145 59.0)
(0.01 38.0 0.04)(49.56788371776039 67.0)
(0.01 38.0 0.05)(46.73013663690693 68.0)
(0.01 38.0 0.060000000000000005)(41.20939781288217 69.0)
(0.01 38.0 0.07)(39.58814698710687 71.0)
(0.01 38.0 0.08)(36.652693314643514 78.0)
(0.01 38.0 0.09)(35.71702989969659 81.0)
(0.01 38.0 0.09999999999999999)(35.00160322505218 85.0)
(0.01 38.0 0.10999999999999999)(29.35502806069522 96.0)
(0.01 38.0 0.11999999999999998)(25.71131517511647 97.0)
(0.01 38.0 0.12999999999999998)(26.321096718904137 99.0)
(0.01 38.0 0.13999999999999999)(25.396419526193295 102.0)
(0.01 38.0 0.15)(24.226943155906124 100.0)
(0.01 38.0 0.16)(23.638156380565615 102.0)
(0.01 38.0 0.17)(22.323858045685615 108.0)
(0.01 38.0 0.18000000000000002)(22.423496702025215 111.0)
(0.01 38.0 0.19000000000000003)(21.179904208777284 109.0)
(0.01 38.0 0.20000000000000004)(20.434571076850077 117.0)
(0.01 38.0 0.21000000000000005)(21.211198283270118 117.0)
(0.01 38.0 0.22000000000000006)(21.211198283270118 117.0)
(0.01 38.0 0.23000000000000007)(20.446575159519977 119.0)
(0.01 38.0 0.24000000000000007)(20.243256424820963 120.0)
(0.01 43.0 0.01)(61.023753483977885 37.0)
(0.01 43.0 0.02)(56.91927348502913 47.0)
(0.01 43.0 0.03)(51.46747310465145 59.0)
(0.01 43.0 0.04)(49.56788371776039 67.0)
(0.01 43.0 0.05)(46.73013663690693 68.0)
(0.01 43.0 0.060000000000000005)(41.20939781288217 69.0)
(0.01 43.0 0.07)(39.58814698710687 71.0)
(0.01 43.0 0.08)(36.652693314643514 78.0)
(0.01 43.0 0.09)(35.71702989969659 81.0)
(0.01 43.0 0.09999999999999999)(35.15342327344148 87.0)
(0.01 43.0 0.10999999999999999)(27.814250917488508 97.0)
(0.01 43.0 0.11999999999999998)(28.392928644132024 97.0)
(0.01 43.0 0.12999999999999998)(25.37150387209333 100.0)
(0.01 43.0 0.13999999999999999)(25.396419526193295 102.0)
(0.01 43.0 0.15)(23.71410949279883 101.0)
(0.01 43.0 0.16)(23.638156380565615 102.0)
(0.01 43.0 0.17)(23.33698367688521 107.0)
(0.01 43.0 0.18000000000000002)(22.82095328665229 108.0)
(0.01 43.0 0.19000000000000003)(22.28020416502634 105.0)
(0.01 43.0 0.20000000000000004)(23.284702628827972 115.0)
(0.01 43.0 0.21000000000000005)(23.170527282081505 104.0)
(0.01 43.0 0.22000000000000006)(21.870228797146737 106.0)
(0.01 43.0 0.23000000000000007)(21.495909384089792 114.0)
(0.01 43.0 0.24000000000000007)(21.279332589802625 115.0)
(0.01 48.0 0.01)(61.023753483977885 37.0)
(0.01 48.0 0.02)(56.91927348502913 47.0)
(0.01 48.0 0.03)(51.46747310465145 59.0)
(0.01 48.0 0.04)(49.71010026595024 66.0)
(0.01 48.0 0.05)(46.73013663690693 68.0)
(0.01 48.0 0.060000000000000005)(41.20939781288217 69.0)
(0.01 48.0 0.07)(39.58814698710687 71.0)
(0.01 48.0 0.08)(36.652693314643514 78.0)
(0.01 48.0 0.09)(35.71702989969659 81.0)
(0.01 48.0 0.09999999999999999)(35.15342327344148 87.0)
(0.01 48.0 0.10999999999999999)(27.814250917488508 97.0)
(0.01 48.0 0.11999999999999998)(28.392928644132024 97.0)
(0.01 48.0 0.12999999999999998)(25.37150387209333 100.0)
(0.01 48.0 0.13999999999999999)(25.396419526193295 102.0)
(0.01 48.0 0.15)(23.71410949279883 101.0)
(0.01 48.0 0.16)(23.779780045315604 102.0)
(0.01 48.0 0.17)(23.80187017867782 101.0)
(0.01 48.0 0.18000000000000002)(23.972331486967246 106.0)
(0.01 48.0 0.19000000000000003)(21.55023177562956 110.0)
(0.01 48.0 0.20000000000000004)(23.64555181872609 114.0)
(0.01 48.0 0.21000000000000005)(23.11706141930916 105.0)
(0.01 48.0 0.22000000000000006)(21.73186482141394 111.0)
(0.01 48.0 0.23000000000000007)(24.585085558365947 107.0)
(0.01 48.0 0.24000000000000007)(21.279332589802625 115.0)
(0.01 53.0 0.01)(61.023753483977885 37.0)
(0.01 53.0 0.02)(57.56836054488233 46.0)
(0.01 53.0 0.03)(53.102561006014696 58.0)
(0.01 53.0 0.04)(49.71010026595024 66.0)
(0.01 53.0 0.05)(46.73013663690693 68.0)
(0.01 53.0 0.060000000000000005)(41.20939781288217 69.0)
(0.01 53.0 0.07)(39.58814698710687 71.0)
(0.01 53.0 0.08)(36.652693314643514 78.0)
(0.01 53.0 0.09)(35.71702989969659 81.0)
(0.01 53.0 0.09999999999999999)(35.15342327344148 87.0)
(0.01 53.0 0.10999999999999999)(27.814250917488508 97.0)
(0.01 53.0 0.11999999999999998)(28.392928644132024 97.0)
(0.01 53.0 0.12999999999999998)(25.37150387209333 100.0)
(0.01 53.0 0.13999999999999999)(25.396419526193295 102.0)
(0.01 53.0 0.15)(23.71410949279883 101.0)
(0.01 53.0 0.16)(23.779780045315604 102.0)
(0.01 53.0 0.17)(23.80187017867782 101.0)
(0.01 53.0 0.18000000000000002)(23.972331486967246 106.0)
(0.01 53.0 0.19000000000000003)(22.166105535247787 106.0)
(0.01 53.0 0.20000000000000004)(23.64555181872609 114.0)
(0.01 53.0 0.21000000000000005)(21.727971999660358 109.0)
(0.01 53.0 0.22000000000000006)(22.10027640970014 109.0)
(0.01 53.0 0.23000000000000007)(24.585085558365947 107.0)
(0.01 53.0 0.24000000000000007)(19.942720874190762 120.0)
(0.01 58.0 0.01)(61.023753483977885 37.0)
(0.01 58.0 0.02)(57.56836054488233 46.0)
(0.01 58.0 0.03)(53.102561006014696 58.0)
(0.01 58.0 0.04)(49.71010026595024 66.0)
(0.01 58.0 0.05)(46.73013663690693 68.0)
(0.01 58.0 0.060000000000000005)(41.20939781288217 69.0)
(0.01 58.0 0.07)(39.58814698710687 71.0)
(0.01 58.0 0.08)(36.652693314643514 78.0)
(0.01 58.0 0.09)(35.71702989969659 81.0)
(0.01 58.0 0.09999999999999999)(35.15342327344148 87.0)
(0.01 58.0 0.10999999999999999)(27.814250917488508 97.0)
(0.01 58.0 0.11999999999999998)(28.392928644132024 97.0)
(0.01 58.0 0.12999999999999998)(25.37150387209333 100.0)
(0.01 58.0 0.13999999999999999)(25.396419526193295 102.0)
(0.01 58.0 0.15)(23.71410949279883 101.0)
(0.01 58.0 0.16)(23.779780045315604 102.0)
(0.01 58.0 0.17)(23.80187017867782 101.0)
(0.01 58.0 0.18000000000000002)(23.972331486967246 106.0)
(0.01 58.0 0.19000000000000003)(22.166105535247787 106.0)
(0.01 58.0 0.20000000000000004)(23.64555181872609 114.0)
(0.01 58.0 0.21000000000000005)(21.727971999660358 109.0)
(0.01 58.0 0.22000000000000006)(25.448708163691812 107.0)
(0.01 58.0 0.23000000000000007)(22.42547505920445 103.0)
(0.01 58.0 0.24000000000000007)(20.332414304674334 118.0)
(0.01 63.0 0.01)(61.023753483977885 37.0)
(0.01 63.0 0.02)(57.56836054488233 46.0)
(0.01 63.0 0.03)(53.102561006014696 58.0)
(0.01 63.0 0.04)(49.71010026595024 66.0)
(0.01 63.0 0.05)(46.73013663690693 68.0)
(0.01 63.0 0.060000000000000005)(41.20939781288217 69.0)
(0.01 63.0 0.07)(39.58814698710687 71.0)
(0.01 63.0 0.08)(36.652693314643514 78.0)
(0.01 63.0 0.09)(35.71702989969659 81.0)
(0.01 63.0 0.09999999999999999)(35.15342327344148 87.0)
(0.01 63.0 0.10999999999999999)(27.814250917488508 97.0)
(0.01 63.0 0.11999999999999998)(28.392928644132024 97.0)
(0.01 63.0 0.12999999999999998)(25.37150387209333 100.0)
(0.01 63.0 0.13999999999999999)(25.396419526193295 102.0)
(0.01 63.0 0.15)(23.71410949279883 101.0)
(0.01 63.0 0.16)(23.779780045315604 102.0)
(0.01 63.0 0.17)(23.80187017867782 101.0)
(0.01 63.0 0.18000000000000002)(23.972331486967246 106.0)
(0.01 63.0 0.19000000000000003)(22.166105535247787 106.0)
(0.01 63.0 0.20000000000000004)(23.64555181872609 114.0)
(0.01 63.0 0.21000000000000005)(21.727971999660358 109.0)
(0.01 63.0 0.22000000000000006)(25.448708163691812 107.0)
(0.01 63.0 0.23000000000000007)(22.42547505920445 103.0)
(0.01 63.0 0.24000000000000007)(20.332414304674334 118.0)
(0.01 68.0 0.01)(61.023753483977885 37.0)
(0.01 68.0 0.02)(57.56836054488233 46.0)
(0.01 68.0 0.03)(53.102561006014696 58.0)
(0.01 68.0 0.04)(52.29376166171379 64.0)
(0.01 68.0 0.05)(46.73013663690693 68.0)
(0.01 68.0 0.060000000000000005)(41.20939781288217 69.0)
(0.01 68.0 0.07)(39.58814698710687 71.0)
(0.01 68.0 0.08)(36.652693314643514 78.0)
(0.01 68.0 0.09)(35.71702989969659 81.0)
(0.01 68.0 0.09999999999999999)(35.15342327344148 87.0)
(0.01 68.0 0.10999999999999999)(27.814250917488508 97.0)
(0.01 68.0 0.11999999999999998)(28.392928644132024 97.0)
(0.01 68.0 0.12999999999999998)(25.37150387209333 100.0)
(0.01 68.0 0.13999999999999999)(25.396419526193295 102.0)
(0.01 68.0 0.15)(23.71410949279883 101.0)
(0.01 68.0 0.16)(23.779780045315604 102.0)
(0.01 68.0 0.17)(23.80187017867782 101.0)
(0.01 68.0 0.18000000000000002)(23.972331486967246 106.0)
(0.01 68.0 0.19000000000000003)(22.166105535247787 106.0)
(0.01 68.0 0.20000000000000004)(23.64555181872609 114.0)
(0.01 68.0 0.21000000000000005)(21.727971999660358 109.0)
(0.01 68.0 0.22000000000000006)(25.448708163691812 107.0)
(0.01 68.0 0.23000000000000007)(22.42547505920445 103.0)
(0.01 68.0 0.24000000000000007)(20.332414304674334 118.0)
(0.01 73.0 0.01)(61.023753483977885 37.0)
(0.01 73.0 0.02)(57.56836054488233 46.0)
(0.01 73.0 0.03)(53.102561006014696 58.0)
(0.01 73.0 0.04)(52.29376166171379 64.0)
(0.01 73.0 0.05)(46.73013663690693 68.0)
(0.01 73.0 0.060000000000000005)(41.20939781288217 69.0)
(0.01 73.0 0.07)(39.58814698710687 71.0)
(0.01 73.0 0.08)(36.652693314643514 78.0)
(0.01 73.0 0.09)(35.71702989969659 81.0)
(0.01 73.0 0.09999999999999999)(35.15342327344148 87.0)
(0.01 73.0 0.10999999999999999)(27.814250917488508 97.0)
(0.01 73.0 0.11999999999999998)(28.392928644132024 97.0)
(0.01 73.0 0.12999999999999998)(25.37150387209333 100.0)
(0.01 73.0 0.13999999999999999)(25.396419526193295 102.0)
(0.01 73.0 0.15)(23.71410949279883 101.0)
(0.01 73.0 0.16)(23.779780045315604 102.0)
(0.01 73.0 0.17)(23.80187017867782 101.0)
(0.01 13.0 0.31)(18.928614841018586 133.0)
(0.01 13.0 0.32)(18.67693233079636 135.0)
(0.01 13.0 0.33)(20.150211205985585 129.0)
(0.01 13.0 0.34)(19.11172284811874 131.0)
(0.01 13.0 0.35000000000000003)(15.835620824499024 135.0)
(0.01 13.0 0.36000000000000004)(15.844861732987892 136.0)
(0.01 13.0 0.37000000000000005)(16.131384045709616 141.0)
(0.01 13.0 0.38000000000000006)(16.14022342357315 141.0)
(0.01 13.0 0.39000000000000007)(16.25048041870273 143.0)
(0.01 13.0 0.4000000000000001)(16.90499868559391 145.0)
(0.01 13.0 0.4100000000000001)(17.165361891991665 148.0)
(0.01 13.0 0.4200000000000001)(17.165361891991665 148.0)
(0.01 13.0 0.4300000000000001)(16.973447997553187 146.0)
(0.01 13.0 0.4400000000000001)(16.973447997553187 146.0)
(0.01 18.0 0.3)(18.335003242214267 129.0)
(0.01 18.0 0.31)(18.335003242214267 129.0)
(0.01 18.0 0.32)(18.61124527301572 127.0)
(0.01 18.0 0.33)(17.59330020127851 132.0)
(0.01 18.0 0.34)(19.11172284811874 131.0)
(0.01 18.0 0.35000000000000003)(19.493845810609468 128.0)
(0.01 18.0 0.36000000000000004)(18.28742772451288 131.0)
(0.01 18.0 0.37000000000000005)(17.928325888113392 137.0)
(0.01 18.0 0.38000000000000006)(16.181928690204877 139.0)
(0.01 18.0 0.39000000000000007)(16.21081781343016 138.0)
(0.01 18.0 0.4000000000000001)(16.304207034929416 138.0)
(0.01 18.0 0.4100000000000001)(16.298775381113206 142.0)
(0.01 18.0 0.4200000000000001)(16.304207034929412 141.0)
(0.01 18.0 0.4300000000000001)(16.53150067541919 143.0)
(0.01 18.0 0.4400000000000001)(16.53150067541919 143.0)
(0.01 23.0 0.3)(18.807480892063698 123.0)
(0.01 23.0 0.31)(18.807480892063698 123.0)
(0.01 23.0 0.32)(18.807480892063698 123.0)
(0.01 23.0 0.33)(18.847686911517524 121.0)
(0.01 23.0 0.34)(17.920798190258214 122.0)
(0.01 23.0 0.35000000000000003)(17.374145234751992 125.0)
(0.01 23.0 0.36000000000000004)(17.374145234751992 125.0)
(0.01 23.0 0.37000000000000005)(16.732019627330555 132.0)
(0.01 23.0 0.38000000000000006)(16.70585247065965 133.0)
(0.01 23.0 0.39000000000000007)(16.85247751810104 135.0)
(0.01 23.0 0.4000000000000001)(18.275501547719024 128.0)
(0.01 23.0 0.4100000000000001)(16.371794850106614 131.0)
(0.01 23.0 0.4200000000000001)(16.224757047412048 133.0)
(0.01 23.0 0.4300000000000001)(16.328803631608878 132.0)
(0.01 23.0 0.4400000000000001)(16.313752739380625 134.0)
(0.01 28.0 0.3)(18.825591851949437 122.0)
(0.01 28.0 0.31)(18.75275776255358 123.0)
(0.01 28.0 0.32)(19.001573184391848 121.0)
(0.01 28.0 0.33)(18.854444820252322 120.0)
(0.01 28.0 0.34)(17.926065345671145 121.0)
(0.01 28.0 0.35000000000000003)(17.066706386801055 125.0)
(0.01 28.0 0.36000000000000004)(17.377369090835593 124.0)
(0.01 28.0 0.37000000000000005)(17.255720730708376 128.0)
(0.01 28.0 0.38000000000000006)(17.224631096781316 129.0)
(0.01 28.0 0.39000000000000007)(16.85247751810104 135.0)
(0.01 28.0 0.4000000000000001)(18.275501547719024 128.0)
(0.01 28.0 0.4100000000000001)(16.371794850106614 131.0)
(0.01 28.0 0.4200000000000001)(16.224757047412048 133.0)
(0.01 28.0 0.4300000000000001)(16.328803631608878 132.0)
(0.01 28.0 0.4400000000000001)(16.328803631608878 132.0)
(0.01 33.0 0.3)(18.586470710119 123.0)
(0.01 33.0 0.31)(18.32686388123263 125.0)
(0.01 33.0 0.32)(18.470851507050416 124.0)
(0.01 33.0 0.33)(17.921254768144003 126.0)
(0.01 33.0 0.34)(17.48323831443325 123.0)
(0.01 33.0 0.35000000000000003)(16.667044194927875 127.0)
(0.01 33.0 0.36000000000000004)(16.406225137438557 126.0)
(0.01 33.0 0.37000000000000005)(16.048520465351707 132.0)
(0.01 33.0 0.38000000000000006)(17.224631096781316 129.0)
(0.01 33.0 0.39000000000000007)(16.85247751810104 135.0)
(0.01 33.0 0.4000000000000001)(18.275501547719024 128.0)
(0.01 33.0 0.4100000000000001)(17.124144824931314 134.0)
(0.01 33.0 0.4200000000000001)(16.426260252076897 137.0)
(0.01 33.0 0.4300000000000001)(17.03544014051891 135.0)
(0.01 33.0 0.4400000000000001)(16.17185109530797 135.0)
(0.01 38.0 0.3)(18.586470710119 123.0)
(0.01 38.0 0.31)(18.32686388123263 125.0)
(0.01 38.0 0.32)(18.470851507050416 124.0)
(0.01 38.0 0.33)(17.921254768144003 126.0)
(0.01 38.0 0.34)(17.48323831443325 123.0)
(0.01 38.0 0.35000000000000003)(16.667044194927875 127.0)
(0.01 38.0 0.36000000000000004)(16.667044194927875 127.0)
(0.01 38.0 0.37000000000000005)(16.677631295359834 128.0)
(0.01 38.0 0.38000000000000006)(16.939306146678422 128.0)
(0.01 38.0 0.39000000000000007)(17.635081932388953 135.0)
(0.01 38.0 0.4000000000000001)(17.833222614448268 128.0)
(0.01 38.0 0.4100000000000001)(16.80386396217338 136.0)
(0.01 38.0 0.4200000000000001)(16.323671143697272 136.0)
(0.01 38.0 0.4300000000000001)(18.070641157371792 129.0)
(0.01 38.0 0.4400000000000001)(16.894468341470574 135.0)
(0.01 43.0 0.3)(21.42979446666034 122.0)
(0.01 43.0 0.31)(21.42979446666034 122.0)
(0.01 43.0 0.32)(18.907214194651253 120.0)
(0.01 43.0 0.33)(18.3305588312491 122.0)
(0.01 43.0 0.34)(17.092577967308625 125.0)
(0.01 43.0 0.35000000000000003)(16.105616677884733 127.0)
(0.01 43.0 0.36000000000000004)(18.928158366424416 127.0)
(0.01 43.0 0.37000000000000005)(19.452336154274473 127.0)
(0.01 43.0 0.38000000000000006)(16.118761436124444 130.0)
(0.01 43.0 0.39000000000000007)(17.986672513728994 133.0)
(0.01 43.0 0.4000000000000001)(17.833222614448268 128.0)
(0.01 43.0 0.4100000000000001)(17.16253250259394 132.0)
(0.01 43.0 0.4200000000000001)(17.75215018071029 135.0)
(0.01 43.0 0.4300000000000001)(17.645700470711617 133.0)
(0.01 43.0 0.4400000000000001)(17.249253385679605 128.0)
(0.01 48.0 0.3)(21.42979446666034 122.0)
(0.01 48.0 0.31)(21.42979446666034 122.0)
(0.01 48.0 0.32)(18.907214194651253 120.0)
(0.01 48.0 0.33)(18.3305588312491 122.0)
(0.01 48.0 0.34)(17.092577967308625 125.0)
(0.01 48.0 0.35000000000000003)(16.105616677884733 127.0)
(0.01 48.0 0.36000000000000004)(18.928158366424416 127.0)
(0.01 48.0 0.37000000000000005)(19.452336154274473 127.0)
(0.01 48.0 0.38000000000000006)(19.414909397449208 128.0)
(0.01 48.0 0.39000000000000007)(17.011107041633558 132.0)
(0.01 48.0 0.4000000000000001)(19.102558093337873 127.0)
(0.01 48.0 0.4100000000000001)(18.171898107009007 128.0)
(0.01 48.0 0.4200000000000001)(17.073455672936557 128.0)
(0.01 48.0 0.4300000000000001)(17.791949739906183 132.0)
(0.01 48.0 0.4400000000000001)(17.262925397622663 130.0)
(0.01 53.0 0.3)(18.598149175379703 124.0)
(0.01 53.0 0.31)(21.42979446666034 122.0)
(0.01 53.0 0.32)(18.907214194651253 120.0)
(0.01 53.0 0.33)(18.3305588312491 122.0)
(0.01 53.0 0.34)(17.092577967308625 125.0)
(0.01 53.0 0.35000000000000003)(16.105616677884733 127.0)
(0.01 53.0 0.36000000000000004)(18.928158366424416 127.0)
(0.01 53.0 0.37000000000000005)(19.452336154274473 127.0)
(0.01 53.0 0.38000000000000006)(19.414909397449208 128.0)
(0.01 53.0 0.39000000000000007)(18.024044005244853 126.0)
(0.01 53.0 0.4000000000000001)(19.102558093337873 127.0)
(0.01 53.0 0.4100000000000001)(18.171898107009007 128.0)
(0.01 53.0 0.4200000000000001)(17.073455672936557 128.0)
(0.01 53.0 0.4300000000000001)(17.791949739906183 132.0)
(0.01 53.0 0.4400000000000001)(17.262925397622663 130.0)
(0.01 58.0 0.3)(19.137017592235157 123.0)
(0.01 58.0 0.31)(18.389354433062124 124.0)
(0.01 58.0 0.32)(18.217818093068246 124.0)
(0.01 58.0 0.33)(18.167463593108536 125.0)
(0.01 58.0 0.34)(17.660574193079857 127.0)
(0.01 58.0 0.35000000000000003)(16.105616677884733 127.0)
(0.01 58.0 0.36000000000000004)(18.928158366424416 127.0)
(0.01 58.0 0.37000000000000005)(19.452336154274473 127.0)
(0.01 58.0 0.38000000000000006)(19.414909397449208 128.0)
(0.01 58.0 0.39000000000000007)(18.024044005244853 126.0)
(0.01 58.0 0.4000000000000001)(19.102558093337873 127.0)
(0.01 58.0 0.4100000000000001)(18.171898107009007 128.0)
(0.01 58.0 0.4200000000000001)(17.073455672936557 128.0)
(0.01 58.0 0.4300000000000001)(17.791949739906183 132.0)
(0.01 58.0 0.4400000000000001)(17.262925397622663 130.0)
(0.01 63.0 0.3)(19.137017592235157 123.0)
(0.01 63.0 0.31)(18.389354433062124 124.0)
(0.01 63.0 0.32)(18.217818093068246 124.0)
(0.01 63.0 0.33)(17.78131739405781 126.0)
(0.01 63.0 0.34)(18.654066312305005 126.0)
(0.01 63.0 0.35000000000000003)(16.394508416518093 129.0)
(0.01 63.0 0.36000000000000004)(15.936688237647713 130.0)
(0.01 63.0 0.37000000000000005)(19.561335163374448 120.0)
(0.01 63.0 0.38000000000000006)(17.75594292109924 129.0)
(0.01 63.0 0.39000000000000007)(17.890978650358555 128.0)
(0.01 63.0 0.4000000000000001)(19.102558093337873 127.0)
(0.01 63.0 0.4100000000000001)(18.171898107009007 128.0)
(0.01 63.0 0.4200000000000001)(17.073455672936557 128.0)
(0.01 63.0 0.4300000000000001)(17.791949739906183 132.0)
(0.01 63.0 0.4400000000000001)(17.262925397622663 130.0)
(0.01 68.0 0.3)(19.137017592235157 123.0)
(0.01 68.0 0.31)(18.389354433062124 124.0)
(0.01 68.0 0.32)(18.217818093068246 124.0)
(0.01 68.0 0.33)(17.78131739405781 126.0)
(0.01 68.0 0.34)(18.654066312305005 126.0)
(0.01 68.0 0.35000000000000003)(16.394508416518093 129.0)
(0.01 68.0 0.36000000000000004)(15.936688237647713 130.0)
(0.01 68.0 0.37000000000000005)(19.561335163374448 120.0)
(0.01 68.0 0.38000000000000006)(17.75594292109924 129.0)
(0.01 68.0 0.39000000000000007)(17.890978650358555 128.0)
(0.01 68.0 0.4000000000000001)(17.11889099274051 129.0)
(0.01 68.0 0.4100000000000001)(17.088424268341427 133.0)
(0.01 68.0 0.4200000000000001)(18.01618523686613 133.0)
(0.01 68.0 0.4300000000000001)(17.683032416950383 132.0)
(0.01 68.0 0.4400000000000001)(17.654618382927065 130.0)
(0.01 73.0 0.3)(19.137017592235157 123.0)
(0.01 73.0 0.31)(18.389354433062124 124.0)
(0.01 73.0 0.32)(18.217818093068246 124.0)
(0.01 73.0 0.33)(17.78131739405781 126.0)
(0.01 73.0 0.34)(18.654066312305005 126.0)
(0.01 73.0 0.35000000000000003)(16.394508416518093 129.0)
(0.01 73.0 0.36000000000000004)(15.936688237647713 130.0)
(0.01 73.0 0.37000000000000005)(19.561335163374448 120.0)
(0.01 73.0 0.38000000000000006)(17.75594292109924 129.0)
(0.01 73.0 0.39000000000000007)(17.890978650358555 128.0)
(0.01 73.0 0.4000000000000001)(17.11889099274051 129.0)
(0.01 73.0 0.4100000000000001)(17.088424268341427 133.0)
(0.01 73.0 0.4200000000000001)(18.01618523686613 133.0)
(0.01 73.0 0.4300000000000001)(17.683032416950383 132.0)
(0.01 73.0 0.4400000000000001)(17.654618382927065 130.0)
(0.01 78.0 0.3)(19.137017592235157 123.0)
(0.01 78.0 0.31)(18.389354433062124 124.0)
(0.01 78.0 0.32)(18.217818093068246 124.0)
(0.01 78.0 0.33)(17.78131739405781 126.0)
(0.01 78.0 0.34)(18.654066312305005 126.0)
(0.01 78.0 0.35000000000000003)(16.394508416518093 129.0)
(0.01 78.0 0.36000000000000004)(15.936688237647713 130.0)
(0.01 78.0 0.37000000000000005)(19.561335163374448 120.0)
(0.01 78.0 0.38000000000000006)(17.75594292109924 129.0)
(0.01 78.0 0.39000000000000007)(17.890978650358555 128.0)
(0.01 78.0 0.4000000000000001)(17.11889099274051 129.0)
(0.01 78.0 0.4100000000000001)(17.088424268341427 133.0)
(0.01 78.0 0.4200000000000001)(18.01618523686613 133.0)
(0.01 78.0 0.4300000000000001)(17.683032416950383 132.0)
(0.01 78.0 0.4400000000000001)(17.654618382927065 130.0)
(0.01 83.0 0.3)(19.137017592235157 123.0)
(0.01 83.0 0.31)(18.389354433062124 124.0)
(0.01 83.0 0.32)(18.217818093068246 124.0)
(0.01 83.0 0.33)(17.78131739405781 126.0)
(0.01 83.0 0.34)(18.654066312305005 126.0)
(0.01 83.0 0.35000000000000003)(16.394508416518093 129.0)
(0.01 83.0 0.36000000000000004)(15.936688237647713 130.0)
(0.01 83.0 0.37000000000000005)(19.561335163374448 120.0)
(0.01 83.0 0.38000000000000006)(17.75594292109924 129.0)
(0.01 83.0 0.39000000000000007)(17.890978650358555 128.0)
(0.01 83.0 0.4000000000000001)(17.11889099274051 129.0)
(0.01 83.0 0.4100000000000001)(17.088424268341427 133.0)
(0.01 83.0 0.4200000000000001)(18.01618523686613 133.0)
(0.01 83.0 0.4300000000000001)(17.683032416950383 132.0)
(0.01 83.0 0.4400000000000001)(17.654618382927065 130.0)
(0.01 88.0 0.3)(19.137017592235157 123.0)
(0.01 88.0 0.31)(18.389354433062124 124.0)
(0.01 88.0 0.32)(18.217818093068246 124.0)
(0.01 88.0 0.33)(17.78131739405781 126.0)
(0.01 88.0 0.34)(18.654066312305005 126.0)
(0.01 88.0 0.35000000000000003)(16.394508416518093 129.0)
(0.01 88.0 0.36000000000000004)(15.936688237647713 130.0)
(0.01 88.0 0.37000000000000005)(19.561335163374448 120.0)
(0.01 88.0 0.38000000000000006)(17.75594292109924 129.0)
(0.01 88.0 0.39000000000000007)(17.890978650358555 128.0)
(0.01 88.0 0.4000000000000001)(17.11889099274051 129.0)
(0.01 88.0 0.4100000000000001)(17.088424268341427 133.0)
(0.01 88.0 0.4200000000000001)(18.01618523686613 133.0)
(0.01 88.0 0.4300000000000001)(17.683032416950383 132.0)
(0.01 88.0 0.4400000000000001)(17.654618382927065 130.0)
(0.01 93.0 0.3)(19.137017592235157 123.0)
(0.01 93.0 0.31)(18.389354433062124 124.0)
(0.01 93.0 0.32)(18.217818093068246 124.0)
(0.01 93.0 0.33)(17.78131739405781 126.0)
(0.01 93.0 0.34)(18.654066312305005 126.0)
(0.01 93.0 0.35000000000000003)(16.394508416518093 129.0)
(0.01 93.0 0.36000000000000004)(15.936688237647713 130.0)
(0.01 93.0 0.37000000000000005)(19.561335163374448 120.0)
(0.01 93.0 0.38000000000000006)(17.75594292109924 129.0)
(0.01 93.0 0.39000000000000007)(17.890978650358555 128.0)
(0.01 93.0 0.4000000000000001)(17.11889099274051 129.0)
(0.01 93.0 0.4100000000000001)(17.088424268341427 133.0)
(0.01 93.0 0.4200000000000001)(18.01618523686613 133.0)
(0.01 93.0 0.4300000000000001)(17.683032416950383 132.0)
(0.01 93.0 0.4400000000000001)(17.654618382927065 130.0)
(0.01 98.0 0.3)(19.137017592235157 123.0)
(0.01 98.0 0.31)(18.389354433062124 124.0)
(0.01 98.0 0.32)(18.217818093068246 124.0)
(0.01 98.0 0.33)(17.78131739405781 126.0)
(0.01 98.0 0.34)(18.654066312305005 126.0)
(0.01 98.0 0.35000000000000003)(16.394508416518093 129.0)
(0.01 98.0 0.36000000000000004)(15.936688237647713 130.0)
(0.01 98.0 0.37000000000000005)(19.561335163374448 120.0)
(0.01 98.0 0.38000000000000006)(17.75594292109924 129.0)
(0.01 98.0 0.39000000000000007)(17.890978650358555 128.0)
(0.01 98.0 0.4000000000000001)(17.11889099274051 129.0)
(0.01 98.0 0.4100000000000001)(17.088424268341427 133.0)
(0.01 98.0 0.4200000000000001)(18.01618523686613 133.0)
(0.01 98.0 0.4300000000000001)(17.683032416950383 132.0)
(0.01 98.0 0.4400000000000001)(17.654618382927065 130.0)
(0.01 103.0 0.3)(19.137017592235157 123.0)
(0.01 103.0 0.31)(18.389354433062124 124.0)
(0.01 103.0 0.32)(18.217818093068246 124.0)
(0.01 103.0 0.33)(17.78131739405781 126.0)
(0.01 103.0 0.34)(18.654066312305005 126.0)
(0.01 103.0 0.35000000000000003)(16.394508416518093 129.0)
(0.01 103.0 0.36000000000000004)(15.936688237647713 130.0)
(0.01 103.0 0.37000000000000005)(19.561335163374448 120.0)
(0.01 103.0 0.38000000000000006)(17.75594292109924 129.0)
(0.01 103.0 0.39000000000000007)(17.890978650358555 128.0)
(0.01 103.0 0.4000000000000001)(17.11889099274051 129.0)
(0.01 103.0 0.4100000000000001)(17.088424268341427 133.0)
(0.01 103.0 0.4200000000000001)(18.01618523686613 133.0)
(0.01 103.0 0.4300000000000001)(17.683032416950383 132.0)
(0.01 103.0 0.4400000000000001)(17.654618382927065 130.0)
(0.01 108.0 0.3)(19.137017592235157 123.0)
(0.01 108.0 0.31)(18.389354433062124 124.0)
(0.01 108.0 0.32)(18.217818093068246 124.0)
(0.01 108.0 0.33)(17.78131739405781 126.0)
(0.01 108.0 0.34)(18.654066312305005 126.0)
(0.01 108.0 0.35000000000000003)(16.394508416518093 129.0)
(0.01 108.0 0.36000000000000004)(15.936688237647713 130.0)
(0.01 108.0 0.37000000000000005)(19.561335163374448 120.0)
(0.01 108.0 0.38000000000000006)(17.75594292109924 129.0)
(0.01 108.0 0.39000000000000007)(17.890978650358555 128.0)
(0.01 108.0 0.4000000000000001)(17.11889099274051 129.0)
(0.01 108.0 0.4100000000000001)(17.088424268341427 133.0)
(0.01 108.0 0.4200000000000001)(18.01618523686613 133.0)
(0.01 108.0 0.4300000000000001)(17.683032416950383 132.0)
(0.01 108.0 0.4400000000000001)(17.654618382927065 130.0)
(0.01 113.0 0.3)(19.137017592235157 123.0)
(0.01 113.0 0.31)(18.389354433062124 124.0)
(0.01 113.0 0.32)(18.217818093068246 124.0)
(0.01 113.0 0.33)(17.78131739405781 126.0)
(0.01 113.0 0.34)(18.654066312305005 126.0)
(0.01 113.0 0.35000000000000003)(16.394508416518093 129.0)
(0.01 113.0 0.36000000000000004)(15.936688237647713 130.0)
(0.01 113.0 0.37000000000000005)(19.561335163374448 120.0)
(0.01 113.0 0.38000000000000006)(17.75594292109924 129.0)
(0.01 113.0 0.39000000000000007)(17.890978650358555 128.0)
(0.01 113.0 0.4000000000000001)(17.11889099274051 129.0)
(0.01 113.0 0.4100000000000001)(17.088424268341427 133.0)
(0.01 113.0 0.4200000000000001)(18.01618523686613 133.0)
(0.01 113.0 0.4300000000000001)(17.683032416950383 132.0)
(0.01 113.0 0.4400000000000001)(17.654618382927065 130.0)
(0.01 118.0 0.3)(19.137017592235157 123.0)
(0.01 118.0 0.31)(18.389354433062124 124.0)
(0.01 118.0 0.32)(18.217818093068246 124.0)
(0.01 118.0 0.33)(17.78131739405781 126.0)
(0.01 118.0 0.34)(18.654066312305005 126.0)
(0.01 118.0 0.35000000000000003)(16.394508416518093 129.0)
(0.01 118.0 0.36000000000000004)(15.936688237647713 130.0)
(0.01 118.0 0.37000000000000005)(19.561335163374448 120.0)
(0.01 118.0 0.38000000000000006)(17.75594292109924 129.0)
(0.01 118.0 0.39000000000000007)(17.890978650358555 128.0)
(0.01 118.0 0.4000000000000001)(17.11889099274051 129.0)
(0.01 118.0 0.4100000000000001)(17.088424268341427 133.0)
(0.01 118.0 0.4200000000000001)(18.01618523686613 133.0)
(0.01 118.0 0.4300000000000001)(17.683032416950383 132.0)
(0.01 118.0 0.4400000000000001)(17.654618382927065 130.0)
(0.01 123.0 0.3)(19.137017592235157 123.0)
(0.01 123.0 0.31)(18.389354433062124 124.0)
(0.01 123.0 0.32)(18.217818093068246 124.0)
(0.01 123.0 0.33)(17.78131739405781 126.0)
(0.01 123.0 0.34)(18.654066312305005 126.0)
(0.01 123.0 0.35000000000000003)(16.394508416518093 129.0)
(0.01 123.0 0.36000000000000004)(15.936688237647713 130.0)
(0.01 123.0 0.37000000000000005)(19.561335163374448 120.0)
(0.01 123.0 0.38000000000000006)(17.75594292109924 129.0)
(0.01 123.0 0.39000000000000007)(17.890978650358555 128.0)
(0.01 123.0 0.4000000000000001)(17.11889099274051 129.0)
(0.01 123.0 0.4100000000000001)(17.088424268341427 133.0)
(0.01 123.0 0.4200000000000001)(18.01618523686613 133.0)
(0.01 123.0 0.4300000000000001)(17.683032416950383 132.0)
(0.01 123.0 0.4400000000000001)(17.654618382927065 130.0)
(0.01 128.0 0.3)(19.137017592235157 123.0)
(0.01 128.0 0.31)(18.389354433062124 124.0)
(0.01 128.0 0.32)(18.217818093068246 124.0)
(0.01 128.0 0.33)(17.78131739405781 126.0)
(0.01 128.0 0.34)(18.654066312305005 126.0)
(0.01 128.0 0.35000000000000003)(16.394508416518093 129.0)
(0.01 128.0 0.36000000000000004)(15.936688237647713 130.0)
(0.01 128.0 0.37000000000000005)(19.561335163374448 120.0)
(0.01 128.0 0.38000000000000006)(17.75594292109924 129.0)
(0.01 128.0 0.39000000000000007)(17.890978650358555 128.0)
(0.01 128.0 0.4000000000000001)(17.11889099274051 129.0)
(0.01 128.0 0.4100000000000001)(17.088424268341427 133.0)
(0.01 128.0 0.4200000000000001)(18.01618523686613 133.0)
(0.01 128.0 0.4300000000000001)(17.683032416950383 132.0)
(0.01 128.0 0.4400000000000001)(17.654618382927065 130.0)
(0.01 133.0 0.3)(19.137017592235157 123.0)
(0.01 133.0 0.31)(18.389354433062124 124.0)
(0.01 133.0 0.32)(18.217818093068246 124.0)
(0.01 133.0 0.33)(17.78131739405781 126.0)
(0.01 133.0 0.34)(18.654066312305005 126.0)
(0.01 133.0 0.35000000000000003)(16.394508416518093 129.0)
(0.01 133.0 0.36000000000000004)(15.936688237647713 130.0)
(0.01 133.0 0.37000000000000005)(19.561335163374448 120.0)
(0.01 133.0 0.38000000000000006)(17.75594292109924 129.0)
(0.01 133.0 0.39000000000000007)(17.890978650358555 128.0)
(0.01 133.0 0.4000000000000001)(17.11889099274051 129.0)
(0.01 133.0 0.4100000000000001)(17.088424268341427 133.0)
(0.01 133.0 0.4200000000000001)(18.01618523686613 133.0)
(0.01 133.0 0.4300000000000001)(17.683032416950383 132.0)
(0.01 133.0 0.4400000000000001)(17.654618382927065 130.0)
(0.01 138.0 0.3)(19.137017592235157 123.0)
(0.01 138.0 0.31)(18.389354433062124 124.0)
(0.01 138.0 0.32)(18.217818093068246 124.0)
(0.01 138.0 0.33)(17.78131739405781 126.0)
(0.01 138.0 0.34)(18.654066312305005 126.0)
(0.01 138.0 0.35000000000000003)(16.394508416518093 129.0)
(0.01 138.0 0.36000000000000004)(15.936688237647713 130.0)
(0.01 138.0 0.37000000000000005)(19.561335163374448 120.0)
(0.01 138.0 0.38000000000000006)(17.75594292109924 129.0)
(0.01 138.0 0.39000000000000007)(17.890978650358555 128.0)
(0.01 138.0 0.4000000000000001)(17.11889099274051 129.0)
(0.01 138.0 0.4100000000000001)(17.088424268341427 133.0)
(0.01 138.0 0.4200000000000001)(18.01618523686613 133.0)
(0.01 138.0 0.4300000000000001)(17.683032416950383 132.0)
(0.01 138.0 0.4400000000000001)(17.654618382927065 130.0)
(0.01 143.0 0.3)(19.137017592235157 123.0)
(0.01 143.0 0.31)(18.389354433062124 124.0)
(0.01 143.0 0.32)(18.217818093068246 124.0)
(0.01 143.0 0.33)(17.78131739405781 126.0)
(0.01 143.0 0.34)(18.654066312305005 126.0)
(0.01 143.0 0.35000000000000003)(16.394508416518093 129.0)
(0.01 143.0 0.36000000000000004)(15.936688237647713 130.0)
(0.01 143.0 0.37000000000000005)(19.561335163374448 120.0)
(0.01 143.0 0.38000000000000006)(17.75594292109924 129.0)
(0.01 143.0 0.39000000000000007)(17.890978650358555 128.0)
(0.01 143.0 0.4000000000000001)(17.11889099274051 129.0)
(0.01 143.0 0.4100000000000001)(17.088424268341427 133.0)
(0.01 143.0 0.4200000000000001)(18.01618523686613 133.0)
(0.01 143.0 0.4300000000000001)(17.683032416950383 132.0)
(0.01 143.0 0.4400000000000001)(17.654618382927065 130.0)
(0.01 148.0 0.3)(19.137017592235157 123.0)
(0.01 148.0 0.31)(18.389354433062124 124.0)
(0.01 148.0 0.32)(18.217818093068246 124.0)
(0.01 148.0 0.33)(17.78131739405781 126.0)
(0.01 148.0 0.34)(18.654066312305005 126.0)
(0.01 148.0 0.35000000000000003)(16.394508416518093 129.0)
(0.01 148.0 0.36000000000000004)(15.936688237647713 130.0)
(0.01 148.0 0.37000000000000005)(19.561335163374448 120.0)
(0.01 148.0 0.38000000000000006)(17.75594292109924 129.0)
(0.01 148.0 0.39000000000000007)(17.890978650358555 128.0)
(0.01 148.0 0.4000000000000001)(17.11889099274051 129.0)
(0.01 148.0 0.4100000000000001)(17.088424268341427 133.0)
(0.01 148.0 0.4200000000000001)(18.01618523686613 133.0)
(0.01 148.0 0.4300000000000001)(17.683032416950383 132.0)
(0.01 148.0 0.4400000000000001)(17.654618382927065 130.0)
(0.01 153.0 0.3)(19.137017592235157 123.0)
(0.01 153.0 0.31)(18.389354433062124 124.0)
(0.01 153.0 0.32)(18.217818093068246 124.0)
(0.01 153.0 0.33)(17.78131739405781 126.0)
(0.01 153.0 0.34)(18.654066312305005 126.0)
(0.01 153.0 0.35000000000000003)(16.394508416518093 129.0)
(0.01 153.0 0.36000000000000004)(15.936688237647713 130.0)
(0.01 153.0 0.37000000000000005)(19.561335163374448 120.0)
(0.01 153.0 0.38000000000000006)(17.75594292109924 129.0)
(0.01 153.0 0.39000000000000007)(17.890978650358555 128.0)
(0.01 153.0 0.4000000000000001)(17.11889099274051 129.0)
(0.01 153.0 0.4100000000000001)(17.088424268341427 133.0)
(0.01 153.0 0.4200000000000001)(18.01618523686613 133.0)
(0.01 153.0 0.4300000000000001)(17.683032416950383 132.0)
(0.01 153.0 0.4400000000000001)(17.654618382927065 130.0)
(0.01 158.0 0.3)(19.137017592235157 123.0)
(0.01 158.0 0.31)(18.389354433062124 124.0)
(0.01 158.0 0.32)(18.217818093068246 124.0)
(0.01 158.0 0.33)(17.78131739405781 126.0)
(0.01 158.0 0.34)(18.654066312305005 126.0)
(0.01 158.0 0.35000000000000003)(16.394508416518093 129.0)
(0.01 158.0 0.36000000000000004)(15.936688237647713 130.0)
(0.01 158.0 0.37000000000000005)(19.561335163374448 120.0)
(0.01 158.0 0.38000000000000006)(17.75594292109924 129.0)
(0.01 158.0 0.39000000000000007)(17.890978650358555 128.0)
(0.01 158.0 0.4000000000000001)(17.11889099274051 129.0)
(0.01 158.0 0.4100000000000001)(17.088424268341427 133.0)
(0.01 158.0 0.4200000000000001)(18.01618523686613 133.0)
(0.01 158.0 0.4300000000000001)(17.683032416950383 132.0)
(0.01 158.0 0.4400000000000001)(17.654618382927065 130.0)
(0.01 163.0 0.3)(19.137017592235157 123.0)
(0.01 163.0 0.31)(18.389354433062124 124.0)
(0.01 163.0 0.32)(18.217818093068246 124.0)
(0.01 163.0 0.33)(17.78131739405781 126.0)
(0.01 163.0 0.34)(18.654066312305005 126.0)
(0.01 163.0 0.35000000000000003)(16.394508416518093 129.0)
(0.01 163.0 0.36000000000000004)(15.936688237647713 130.0)
(0.01 163.0 0.37000000000000005)(19.561335163374448 120.0)
(0.01 163.0 0.38000000000000006)(17.75594292109924 129.0)
(0.01 163.0 0.39000000000000007)(17.890978650358555 128.0)
(0.01 163.0 0.4000000000000001)(17.11889099274051 129.0)
(0.01 163.0 0.4100000000000001)(17.088424268341427 133.0)
(0.01 163.0 0.4200000000000001)(18.01618523686613 133.0)
(0.01 163.0 0.4300000000000001)(17.683032416950383 132.0)
(0.01 163.0 0.4400000000000001)(17.654618382927065 130.0)
(0.01 168.0 0.3)(19.137017592235157 123.0)
(0.01 168.0 0.31)(18.389354433062124 124.0)
(0.01 168.0 0.32)(18.217818093068246 124.0)
(0.01 168.0 0.33)(17.78131739405781 126.0)
(0.01 168.0 0.34)(18.654066312305005 126.0)
(0.01 168.0 0.35000000000000003)(16.394508416518093 129.0)
(0.01 168.0 0.36000000000000004)(15.936688237647713 130.0)
(0.01 168.0 0.37000000000000005)(19.561335163374448 120.0)
(0.01 168.0 0.38000000000000006)(17.75594292109924 129.0)
(0.01 168.0 0.39000000000000007)(17.890978650358555 128.0)
(0.01 168.0 0.4000000000000001)(17.11889099274051 129.0)
(0.01 168.0 0.4100000000000001)(17.088424268341427 133.0)
(0.01 168.0 0.4200000000000001)(18.01618523686613 133.0)
(0.01 168.0 0.4300000000000001)(17.683032416950383 132.0)
(0.01 168.0 0.4400000000000001)(17.654618382927065 130.0)
(0.01 173.0 0.3)(19.137017592235157 123.0)
(0.01 173.0 0.31)(18.389354433062124 124.0)
(0.01 173.0 0.32)(18.217818093068246 124.0)
(0.01 173.0 0.33)(17.78131739405781 126.0)
(0.01 173.0 0.34)(18.654066312305005 126.0)
(0.01 173.0 0.35000000000000003)(16.394508416518093 129.0)
(0.01 173.0 0.36000000000000004)(15.936688237647713 130.0)
(0.01 173.0 0.37000000000000005)(19.561335163374448 120.0)
(0.01 173.0 0.38000000000000006)(17.75594292109924 129.0)
(0.01 173.0 0.39000000000000007)(17.890978650358555 128.0)
(0.01 173.0 0.4000000000000001)(17.11889099274051 129.0)
(0.01 173.0 0.4100000000000001)(17.088424268341427 133.0)
(0.01 173.0 0.4200000000000001)(18.01618523686613 133.0)
(0.01 173.0 0.4300000000000001)(17.683032416950383 132.0)
(0.01 173.0 0.4400000000000001)(17.654618382927065 130.0)
(0.01 178.0 0.3)(19.137017592235157 123.0)
(0.01 178.0 0.31)(18.389354433062124 124.0)
(0.01 178.0 0.32)(18.217818093068246 124.0)
(0.01 178.0 0.33)(17.78131739405781 126.0)
(0.01 178.0 0.34)(18.654066312305005 126.0)
(0.01 178.0 0.35000000000000003)(16.394508416518093 129.0)
(0.01 178.0 0.36000000000000004)(15.936688237647713 130.0)
(0.01 178.0 0.37000000000000005)(19.561335163374448 120.0)
(0.01 178.0 0.38000000000000006)(17.75594292109924 129.0)
(0.01 178.0 0.39000000000000007)(17.890978650358555 128.0)
(0.01 178.0 0.4000000000000001)(17.11889099274051 129.0)
(0.01 178.0 0.4100000000000001)(17.088424268341427 133.0)
(0.01 178.0 0.4200000000000001)(18.01618523686613 133.0)
(0.01 178.0 0.4300000000000001)(17.683032416950383 132.0)
(0.01 178.0 0.4400000000000001)(17.654618382927065 130.0)
(0.01 183.0 0.3)(19.137017592235157 123.0)
(0.01 183.0 0.31)(18.389354433062124 124.0)
(0.01 183.0 0.32)(18.217818093068246 124.0)
(0.01 183.0 0.33)(17.78131739405781 126.0)
(0.01 183.0 0.34)(18.654066312305005 126.0)
(0.01 183.0 0.35000000000000003)(16.394508416518093 129.0)
(0.01 183.0 0.36000000000000004)(15.936688237647713 130.0)
(0.01 183.0 0.37000000000000005)(19.561335163374448 120.0)
(0.01 183.0 0.38000000000000006)(17.75594292109924 129.0)
(0.01 183.0 0.39000000000000007)(17.890978650358555 128.0)
(0.01 183.0 0.4000000000000001)(17.11889099274051 129.0)
(0.01 183.0 0.4100000000000001)(17.088424268341427 133.0)
(0.01 183.0 0.4200000000000001)(18.01618523686613 133.0)
(0.01 183.0 0.4300000000000001)(17.683032416950383 132.0)
(0.01 183.0 0.4400000000000001)(17.654618382927065 130.0)
(0.01 188.0 0.3)(19.137017592235157 123.0)
(0.01 188.0 0.31)(18.389354433062124 124.0)
(0.01 188.0 0.32)(18.217818093068246 124.0)
(0.01 188.0 0.33)(17.78131739405781 126.0)
(0.01 188.0 0.34)(18.654066312305005 126.0)
(0.01 188.0 0.35000000000000003)(16.394508416518093 129.0)
(0.01 188.0 0.36000000000000004)(15.936688237647713 130.0)
(0.01 188.0 0.37000000000000005)(19.561335163374448 120.0)
(0.01 188.0 0.38000000000000006)(17.75594292109924 129.0)
(0.01 188.0 0.39000000000000007)(17.890978650358555 128.0)
(0.01 188.0 0.4000000000000001)(17.11889099274051 129.0)
(0.01 188.0 0.4100000000000001)(17.088424268341427 133.0)
(0.01 188.0 0.4200000000000001)(18.01618523686613 133.0)
(0.01 188.0 0.4300000000000001)(17.683032416950383 132.0)
(0.01 188.0 0.4400000000000001)(17.654618382927065 130.0)
(0.01 193.0 0.3)(19.137017592235157 123.0)
(0.01 193.0 0.31)(18.389354433062124 124.0)
(0.01 193.0 0.32)(18.217818093068246 124.0)
(0.01 193.0 0.33)(17.78131739405781 126.0)
(0.01 193.0 0.34)(18.654066312305005 126.0)
(0.01 193.0 0.35000000000000003)(16.394508416518093 129.0)
(0.01 193.0 0.36000000000000004)(15.936688237647713 130.0)
(0.01 193.0 0.37000000000000005)(19.561335163374448 120.0)
(0.01 193.0 0.38000000000000006)(17.75594292109924 129.0)
(0.01 193.0 0.39000000000000007)(17.890978650358555 128.0)
(0.01 193.0 0.4000000000000001)(17.11889099274051 129.0)
(0.01 193.0 0.4100000000000001)(17.088424268341427 133.0)
(0.01 193.0 0.4200000000000001)(18.01618523686613 133.0)
(0.01 193.0 0.4300000000000001)(17.683032416950383 132.0)
(0.01 193.0 0.4400000000000001)(17.654618382927065 130.0)
(0.01 198.0 0.3)(19.137017592235157 123.0)
(0.01 198.0 0.31)(18.389354433062124 124.0)
(0.01 198.0 0.32)(18.217818093068246 124.0)
(0.01 198.0 0.33)(17.78131739405781 126.0)
(0.01 198.0 0.34)(18.654066312305005 126.0)
(0.01 198.0 0.35000000000000003)(16.394508416518093 129.0)
(0.01 198.0 0.36000000000000004)(15.936688237647713 130.0)
(0.01 198.0 0.37000000000000005)(19.561335163374448 120.0)
(0.01 198.0 0.38000000000000006)(17.75594292109924 129.0)
(0.01 198.0 0.39000000000000007)(17.890978650358555 128.0)
(0.01 198.0 0.4000000000000001)(17.11889099274051 129.0)
(0.01 198.0 0.4100000000000001)(17.088424268341427 133.0)
(0.01 198.0 0.4200000000000001)(18.01618523686613 133.0)
(0.01 198.0 0.4300000000000001)(17.683032416950383 132.0)
(0.01 198.0 0.4400000000000001)(17.654618382927065 130.0)
(0.01 203.0 0.3)(19.137017592235157 123.0)
(0.01 203.0 0.31)(18.389354433062124 124.0)
(0.01 203.0 0.32)(18.217818093068246 124.0)
(0.01 203.0 0.33)(17.78131739405781 126.0)
(0.01 203.0 0.34)(18.654066312305005 126.0)
(0.01 203.0 0.35000000000000003)(16.394508416518093 129.0)
(0.01 203.0 0.36000000000000004)(15.936688237647713 130.0)
(0.01 203.0 0.37000000000000005)(19.561335163374448 120.0)
(0.01 203.0 0.38000000000000006)(17.75594292109924 129.0)
(0.01 203.0 0.39000000000000007)(17.890978650358555 128.0)
(0.01 203.0 0.4000000000000001)(17.11889099274051 129.0)
(0.01 203.0 0.4100000000000001)(17.088424268341427 133.0)
(0.01 203.0 0.4200000000000001)(18.01618523686613 133.0)
(0.01 203.0 0.4300000000000001)(17.683032416950383 132.0)
(0.01 203.0 0.4400000000000001)(17.654618382927065 130.0)
(0.01 208.0 0.3)(19.137017592235157 123.0)
(0.01 208.0 0.31)(18.389354433062124 124.0)
(0.01 208.0 0.32)(18.217818093068246 124.0)
(0.01 208.0 0.33)(17.78131739405781 126.0)
(0.01 208.0 0.34)(18.654066312305005 126.0)
(0.01 208.0 0.35000000000000003)(16.394508416518093 129.0)
(0.01 208.0 0.36000000000000004)(15.936688237647713 130.0)
(0.01 208.0 0.37000000000000005)(19.561335163374448 120.0)
(0.01 208.0 0.38000000000000006)(17.75594292109924 129.0)
(0.01 208.0 0.39000000000000007)(17.890978650358555 128.0)
(0.01 208.0 0.4000000000000001)(17.11889099274051 129.0)
(0.01 208.0 0.4100000000000001)(17.088424268341427 133.0)
(0.01 208.0 0.4200000000000001)(18.01618523686613 133.0)
(0.01 208.0 0.4300000000000001)(17.683032416950383 132.0)
(0.01 208.0 0.4400000000000001)(17.654618382927065 130.0)
(0.01 213.0 0.3)(19.137017592235157 123.0)
(0.01 213.0 0.31)(18.389354433062124 124.0)
(0.01 213.0 0.32)(18.217818093068246 124.0)
(0.01 213.0 0.33)(17.78131739405781 126.0)
(0.01 213.0 0.34)(18.654066312305005 126.0)
(0.01 213.0 0.35000000000000003)(16.394508416518093 129.0)
(0.01 213.0 0.36000000000000004)(15.936688237647713 130.0)
(0.01 213.0 0.37000000000000005)(19.561335163374448 120.0)
(0.01 213.0 0.38000000000000006)(17.75594292109924 129.0)
(0.01 213.0 0.39000000000000007)(17.890978650358555 128.0)
(0.01 213.0 0.4000000000000001)(17.11889099274051 129.0)
(0.01 213.0 0.4100000000000001)(17.088424268341427 133.0)
(0.01 213.0 0.4200000000000001)(18.01618523686613 133.0)
(0.01 213.0 0.4300000000000001)(17.683032416950383 132.0)
(0.01 213.0 0.4400000000000001)(17.654618382927065 130.0)
(0.01 218.0 0.3)(19.137017592235157 123.0)
(0.01 218.0 0.31)(18.389354433062124 124.0)
(0.01 218.0 0.32)(18.217818093068246 124.0)
(0.01 218.0 0.33)(17.78131739405781 126.0)
(0.01 218.0 0.34)(18.654066312305005 126.0)
(0.01 218.0 0.35000000000000003)(16.394508416518093 129.0)
(0.01 218.0 0.36000000000000004)(15.936688237647713 130.0)
(0.01 218.0 0.37000000000000005)(19.561335163374448 120.0)
(0.01 218.0 0.38000000000000006)(17.75594292109924 129.0)
(0.01 218.0 0.39000000000000007)(17.890978650358555 128.0)
(0.01 218.0 0.4000000000000001)(17.11889099274051 129.0)
(0.01 218.0 0.4100000000000001)(17.088424268341427 133.0)
(0.01 218.0 0.4200000000000001)(18.01618523686613 133.0)
(0.01 218.0 0.4300000000000001)(17.683032416950383 132.0)
(0.01 218.0 0.4400000000000001)(17.654618382927065 130.0)
(0.01 223.0 0.3)(19.137017592235157 123.0)
(0.01 223.0 0.31)(18.389354433062124 124.0)
(0.01 223.0 0.32)(18.217818093068246 124.0)
(0.01 223.0 0.33)(17.78131739405781 126.0)
(0.01 223.0 0.34)(18.654066312305005 126.0)
(0.01 223.0 0.35000000000000003)(16.394508416518093 129.0)
(0.01 223.0 0.36000000000000004)(15.936688237647713 130.0)
(0.01 223.0 0.37000000000000005)(19.561335163374448 120.0)
(0.01 223.0 0.38000000000000006)(17.75594292109924 129.0)
(0.01 223.0 0.39000000000000007)(17.890978650358555 128.0)
(0.01 223.0 0.4000000000000001)(17.11889099274051 129.0)
(0.01 223.0 0.4100000000000001)(17.088424268341427 133.0)
(0.01 223.0 0.4200000000000001)(18.01618523686613 133.0)
(0.01 223.0 0.4300000000000001)(17.683032416950383 132.0)
(0.01 223.0 0.4400000000000001)(17.654618382927065 130.0)
(0.01 228.0 0.3)(19.137017592235157 123.0)
(0.01 228.0 0.31)(18.389354433062124 124.0)
(0.01 228.0 0.32)(18.217818093068246 124.0)
(0.01 228.0 0.33)(17.78131739405781 126.0)
(0.01 228.0 0.34)(18.654066312305005 126.0)
(0.01 228.0 0.35000000000000003)(16.394508416518093 129.0)
(0.01 228.0 0.36000000000000004)(15.936688237647713 130.0)
(0.01 228.0 0.37000000000000005)(19.561335163374448 120.0)
(0.01 228.0 0.38000000000000006)(17.75594292109924 129.0)
(0.01 228.0 0.39000000000000007)(17.890978650358555 128.0)
(0.01 228.0 0.4000000000000001)(17.11889099274051 129.0)
(0.01 228.0 0.4100000000000001)(17.088424268341427 133.0)
(0.01 228.0 0.4200000000000001)(18.01618523686613 133.0)
(0.01 228.0 0.4300000000000001)(17.683032416950383 132.0)
(0.01 228.0 0.4400000000000001)(17.654618382927065 130.0)
(0.01 233.0 0.3)(19.137017592235157 123.0)
(0.01 233.0 0.31)(18.389354433062124 124.0)
(0.01 233.0 0.32)(18.217818093068246 124.0)
(0.01 233.0 0.33)(17.78131739405781 126.0)
(0.01 233.0 0.34)(18.654066312305005 126.0)
(0.01 233.0 0.35000000000000003)(16.394508416518093 129.0)
(0.01 233.0 0.36000000000000004)(15.936688237647713 130.0)
(0.01 233.0 0.37000000000000005)(19.561335163374448 120.0)
(0.01 233.0 0.38000000000000006)(17.75594292109924 129.0)
(0.01 233.0 0.39000000000000007)(17.890978650358555 128.0)
(0.01 233.0 0.4000000000000001)(17.11889099274051 129.0)
(0.01 233.0 0.4100000000000001)(17.088424268341427 133.0)
(0.01 233.0 0.4200000000000001)(18.01618523686613 133.0)
(0.01 233.0 0.4300000000000001)(17.683032416950383 132.0)
(0.01 233.0 0.4400000000000001)(17.654618382927065 130.0)
(0.01 238.0 0.3)(19.137017592235157 123.0)
(0.01 238.0 0.31)(18.389354433062124 124.0)
(0.01 238.0 0.32)(18.217818093068246 124.0)
(0.01 238.0 0.33)(17.78131739405781 126.0)
(0.01 238.0 0.34)(18.654066312305005 126.0)
(0.01 238.0 0.35000000000000003)(16.394508416518093 129.0)
(0.01 238.0 0.36000000000000004)(15.936688237647713 130.0)
(0.01 238.0 0.37000000000000005)(19.561335163374448 120.0)
(0.01 238.0 0.38000000000000006)(17.75594292109924 129.0)
