(1.0E-9 10.0 0.01)(63.07693199520658 21.0)
(1.0E-9,10.0,0.01)(63.312853000090854 1.0)
(1.0E-9,10.0,0.01)(63.312853000090854 3.0)
(1.0E-9,10.0,0.01)(63.312853000090854 5.0)
(1.0E-9,10.0,0.01)(63.1358937928245 9.0)
(1.0E-9,10.0,0.01)(63.1358937928245 11.0)
(1.0E-9,10.0,0.01)(63.1358937928245 14.0)
(1.0E-9,10.0,0.01)(63.1358937928245 16.0)
(1.0E-9,10.0,0.01)(63.1358937928245 17.0)
(1.0E-9,10.0,0.01)(63.07693199520658 21.0)
(1.0E-9 10.0 0.011)(63.07693199520658 21.0)
(1.0E-9,10.0,0.011)(63.312853000090854 1.0)
(1.0E-9,10.0,0.011)(63.312853000090854 3.0)
(1.0E-9,10.0,0.011)(63.312853000090854 5.0)
(1.0E-9,10.0,0.011)(63.1358937928245 9.0)
(1.0E-9,10.0,0.011)(63.1358937928245 11.0)
(1.0E-9,10.0,0.011)(63.1358937928245 13.0)
(1.0E-9,10.0,0.011)(63.1358937928245 14.0)
(1.0E-9,10.0,0.011)(63.1358937928245 16.0)
(1.0E-9,10.0,0.011)(63.1358937928245 17.0)
(1.0E-9,10.0,0.011)(63.07693199520658 21.0)
(1.0E-9 10.0 0.012)(63.07693199520658 21.0)
(1.0E-9,10.0,0.012)(63.312853000090854 1.0)
(1.0E-9,10.0,0.012)(63.312853000090854 3.0)
(1.0E-9,10.0,0.012)(63.312853000090854 5.0)
(1.0E-9,10.0,0.012)(63.1358937928245 9.0)
(1.0E-9,10.0,0.012)(63.1358937928245 11.0)
(1.0E-9,10.0,0.012)(63.1358937928245 14.0)
(1.0E-9,10.0,0.012)(63.1358937928245 16.0)
(1.0E-9,10.0,0.012)(63.1358937928245 17.0)
(1.0E-9,10.0,0.012)(63.1358937928245 20.0)
(1.0E-9,10.0,0.012)(63.07693199520658 21.0)
(1.0E-9 10.0 0.013000000000000001)(63.07693199520658 21.0)
(1.0E-9,10.0,0.013000000000000001)(63.312853000090854 1.0)
(1.0E-9,10.0,0.013000000000000001)(63.312853000090854 3.0)
(1.0E-9,10.0,0.013000000000000001)(63.312853000090854 5.0)
(1.0E-9,10.0,0.013000000000000001)(63.1358937928245 9.0)
(1.0E-9,10.0,0.013000000000000001)(63.1358937928245 11.0)
(1.0E-9,10.0,0.013000000000000001)(63.1358937928245 14.0)
(1.0E-9,10.0,0.013000000000000001)(63.1358937928245 16.0)
(1.0E-9,10.0,0.013000000000000001)(63.1358937928245 17.0)
(1.0E-9,10.0,0.013000000000000001)(63.1358937928245 20.0)
(1.0E-9,10.0,0.013000000000000001)(63.07693199520658 21.0)
(1.0E-9 10.0 0.014000000000000002)(63.07693199520658 21.0)
(1.0E-9,10.0,0.014000000000000002)(63.312853000090854 1.0)
(1.0E-9,10.0,0.014000000000000002)(63.312853000090854 3.0)
(1.0E-9,10.0,0.014000000000000002)(63.312853000090854 5.0)
(1.0E-9,10.0,0.014000000000000002)(63.1358937928245 11.0)
(1.0E-9,10.0,0.014000000000000002)(63.1358937928245 13.0)
(1.0E-9,10.0,0.014000000000000002)(63.1358937928245 14.0)
(1.0E-9,10.0,0.014000000000000002)(63.1358937928245 16.0)
(1.0E-9,10.0,0.014000000000000002)(63.1358937928245 17.0)
(1.0E-9,10.0,0.014000000000000002)(63.07693199520658 21.0)
(1.0E-9 10.0 0.015000000000000003)(63.07693199520658 21.0)
(1.0E-9,10.0,0.015000000000000003)(63.312853000090854 1.0)
(1.0E-9,10.0,0.015000000000000003)(63.312853000090854 3.0)
(1.0E-9,10.0,0.015000000000000003)(63.312853000090854 5.0)
(1.0E-9,10.0,0.015000000000000003)(63.1358937928245 11.0)
(1.0E-9,10.0,0.015000000000000003)(63.1358937928245 14.0)
(1.0E-9,10.0,0.015000000000000003)(63.1358937928245 16.0)
(1.0E-9,10.0,0.015000000000000003)(63.1358937928245 17.0)
(1.0E-9,10.0,0.015000000000000003)(63.07693199520658 21.0)
(1.0E-9 10.0 0.016000000000000004)(63.07693199520658 21.0)
(1.0E-9,10.0,0.016000000000000004)(63.312853000090854 1.0)
(1.0E-9,10.0,0.016000000000000004)(63.312853000090854 3.0)
(1.0E-9,10.0,0.016000000000000004)(63.312853000090854 5.0)
(1.0E-9,10.0,0.016000000000000004)(63.1358937928245 9.0)
(1.0E-9,10.0,0.016000000000000004)(63.1358937928245 11.0)
(1.0E-9,10.0,0.016000000000000004)(63.1358937928245 13.0)
(1.0E-9,10.0,0.016000000000000004)(63.1358937928245 14.0)
(1.0E-9,10.0,0.016000000000000004)(63.1358937928245 16.0)
(1.0E-9,10.0,0.016000000000000004)(63.1358937928245 17.0)
(1.0E-9,10.0,0.016000000000000004)(63.07693199520658 21.0)
(1.0E-9 10.0 0.017000000000000005)(63.07693199520658 21.0)
(1.0E-9,10.0,0.017000000000000005)(63.312853000090854 1.0)
(1.0E-9,10.0,0.017000000000000005)(63.312853000090854 3.0)
(1.0E-9,10.0,0.017000000000000005)(63.312853000090854 5.0)
(1.0E-9,10.0,0.017000000000000005)(63.1358937928245 11.0)
(1.0E-9,10.0,0.017000000000000005)(63.1358937928245 14.0)
(1.0E-9,10.0,0.017000000000000005)(63.1358937928245 16.0)
(1.0E-9,10.0,0.017000000000000005)(63.1358937928245 17.0)
(1.0E-9,10.0,0.017000000000000005)(63.07693199520658 21.0)
(1.0E-9 10.0 0.018000000000000006)(63.03025880802586 23.0)
(1.0E-9,10.0,0.018000000000000006)(63.312853000090854 1.0)
(1.0E-9,10.0,0.018000000000000006)(63.312853000090854 3.0)
(1.0E-9,10.0,0.018000000000000006)(63.312853000090854 5.0)
(1.0E-9,10.0,0.018000000000000006)(63.1358937928245 9.0)
(1.0E-9,10.0,0.018000000000000006)(63.1358937928245 11.0)
(1.0E-9,10.0,0.018000000000000006)(63.1358937928245 14.0)
(1.0E-9,10.0,0.018000000000000006)(63.1358937928245 16.0)
(1.0E-9,10.0,0.018000000000000006)(63.1358937928245 17.0)
(1.0E-9,10.0,0.018000000000000006)(63.07693199520658 21.0)
(1.0E-9,10.0,0.018000000000000006)(63.07693199520658 22.0)
(1.0E-9,10.0,0.018000000000000006)(63.03025880802586 23.0)
(1.0E-9 10.0 0.019000000000000006)(63.03025880802586 23.0)
(1.0E-9,10.0,0.019000000000000006)(63.312853000090854 1.0)
(1.0E-9,10.0,0.019000000000000006)(63.312853000090854 3.0)
(1.0E-9,10.0,0.019000000000000006)(63.312853000090854 5.0)
(1.0E-9,10.0,0.019000000000000006)(63.1358937928245 9.0)
(1.0E-9,10.0,0.019000000000000006)(63.1358937928245 11.0)
(1.0E-9,10.0,0.019000000000000006)(63.1358937928245 14.0)
(1.0E-9,10.0,0.019000000000000006)(63.1358937928245 16.0)
(1.0E-9,10.0,0.019000000000000006)(63.1358937928245 17.0)
(1.0E-9,10.0,0.019000000000000006)(63.07693199520658 21.0)
(1.0E-9,10.0,0.019000000000000006)(63.07693199520658 22.0)
(1.0E-9 10.0 0.020000000000000007)(63.03025880802586 23.0)
(1.0E-9,10.0,0.020000000000000007)(63.312853000090854 1.0)
(1.0E-9,10.0,0.020000000000000007)(63.312853000090854 3.0)
(1.0E-9,10.0,0.020000000000000007)(63.312853000090854 5.0)
(1.0E-9,10.0,0.020000000000000007)(63.1358937928245 9.0)
(1.0E-9,10.0,0.020000000000000007)(63.1358937928245 11.0)
(1.0E-9,10.0,0.020000000000000007)(63.1358937928245 14.0)
(1.0E-9,10.0,0.020000000000000007)(63.1358937928245 16.0)
(1.0E-9,10.0,0.020000000000000007)(63.1358937928245 17.0)
(1.0E-9,10.0,0.020000000000000007)(63.07693199520658 21.0)
(1.0E-9,10.0,0.020000000000000007)(63.07693199520658 22.0)
(1.0E-9 10.0 0.021000000000000008)(63.03025880802586 24.0)
(1.0E-9,10.0,0.021000000000000008)(63.312853000090854 1.0)
(1.0E-9,10.0,0.021000000000000008)(63.312853000090854 3.0)
(1.0E-9,10.0,0.021000000000000008)(63.312853000090854 5.0)
(1.0E-9,10.0,0.021000000000000008)(63.1358937928245 11.0)
(1.0E-9,10.0,0.021000000000000008)(63.1358937928245 14.0)
(1.0E-9,10.0,0.021000000000000008)(63.1358937928245 16.0)
(1.0E-9,10.0,0.021000000000000008)(63.1358937928245 17.0)
(1.0E-9,10.0,0.021000000000000008)(63.07693199520658 21.0)
(1.0E-9,10.0,0.021000000000000008)(63.07693199520658 22.0)
(1.0E-9,10.0,0.021000000000000008)(63.03025880802586 23.0)
(1.0E-9,10.0,0.021000000000000008)(63.03025880802586 24.0)
(1.0E-9 10.0 0.02200000000000001)(62.86663067005866 32.0)
(1.0E-9,10.0,0.02200000000000001)(63.312853000090854 1.0)
(1.0E-9,10.0,0.02200000000000001)(63.312853000090854 5.0)
(1.0E-9,10.0,0.02200000000000001)(63.1358937928245 11.0)
(1.0E-9,10.0,0.02200000000000001)(63.1358937928245 13.0)
(1.0E-9,10.0,0.02200000000000001)(63.1358937928245 16.0)
(1.0E-9,10.0,0.02200000000000001)(63.1358937928245 17.0)
(1.0E-9,10.0,0.02200000000000001)(63.07693199520658 21.0)
(1.0E-9,10.0,0.02200000000000001)(63.07693199520658 22.0)
(1.0E-9,10.0,0.02200000000000001)(63.03025880802586 23.0)
(1.0E-9,10.0,0.02200000000000001)(63.03025880802586 24.0)
(1.0E-9,10.0,0.02200000000000001)(63.03025880802586 25.0)
(1.0E-9 10.0 0.02300000000000001)(62.96101575209007 31.0)
(1.0E-9,10.0,0.02300000000000001)(63.312853000090854 1.0)
(1.0E-9,10.0,0.02300000000000001)(63.312853000090854 5.0)
(1.0E-9,10.0,0.02300000000000001)(63.1358937928245 9.0)
(1.0E-9,10.0,0.02300000000000001)(63.1358937928245 13.0)
(1.0E-9,10.0,0.02300000000000001)(63.1358937928245 14.0)
(1.0E-9,10.0,0.02300000000000001)(63.1358937928245 16.0)
(1.0E-9,10.0,0.02300000000000001)(63.07693199520658 21.0)
(1.0E-9,10.0,0.02300000000000001)(63.07693199520658 22.0)
(1.0E-9,10.0,0.02300000000000001)(63.03025880802586 23.0)
(1.0E-9,10.0,0.02300000000000001)(63.03025880802586 24.0)
(1.0E-9 10.0 0.02400000000000001)(62.86663067005866 31.0)
(1.0E-9,10.0,0.02400000000000001)(63.312853000090854 1.0)
(1.0E-9,10.0,0.02400000000000001)(63.312853000090854 5.0)
(1.0E-9,10.0,0.02400000000000001)(63.1358937928245 11.0)
(1.0E-9,10.0,0.02400000000000001)(63.1358937928245 14.0)
(1.0E-9,10.0,0.02400000000000001)(63.1358937928245 16.0)
(1.0E-9,10.0,0.02400000000000001)(63.1358937928245 17.0)
(1.0E-9,10.0,0.02400000000000001)(63.07693199520658 22.0)
(1.0E-9,10.0,0.02400000000000001)(63.07693199520658 21.0)
(1.0E-9,10.0,0.02400000000000001)(63.03025880802586 23.0)
(1.0E-9,10.0,0.02400000000000001)(63.03025880802586 24.0)
(1.0E-9 10.0 0.025000000000000012)(62.70452548317137 34.0)
(1.0E-9,10.0,0.025000000000000012)(63.312853000090854 1.0)
(1.0E-9,10.0,0.025000000000000012)(63.312853000090854 5.0)
(1.0E-9,10.0,0.025000000000000012)(63.1358937928245 11.0)
(1.0E-9,10.0,0.025000000000000012)(63.1358937928245 14.0)
(1.0E-9,10.0,0.025000000000000012)(63.1358937928245 16.0)
(1.0E-9,10.0,0.025000000000000012)(63.1358937928245 19.0)
(1.0E-9,10.0,0.025000000000000012)(63.090035119442504 20.0)
(1.0E-9,10.0,0.025000000000000012)(63.090035119442504 21.0)
(1.0E-9,10.0,0.025000000000000012)(63.03025880802586 23.0)
(1.0E-9,10.0,0.025000000000000012)(63.03025880802586 24.0)
(1.0E-9,10.0,0.025000000000000012)(63.03025880802586 25.0)
(1.0E-9 10.0 0.026000000000000013)(62.70452548317137 34.0)
(1.0E-9,10.0,0.026000000000000013)(63.312853000090854 1.0)
(1.0E-9,10.0,0.026000000000000013)(63.312853000090854 5.0)
(1.0E-9,10.0,0.026000000000000013)(63.1358937928245 11.0)
(1.0E-9,10.0,0.026000000000000013)(63.1358937928245 14.0)
(1.0E-9,10.0,0.026000000000000013)(63.1358937928245 16.0)
(1.0E-9,10.0,0.026000000000000013)(63.1358937928245 19.0)
(1.0E-9,10.0,0.026000000000000013)(63.090035119442504 20.0)
(1.0E-9,10.0,0.026000000000000013)(63.090035119442504 21.0)
(1.0E-9,10.0,0.026000000000000013)(63.03025880802586 23.0)
(1.0E-9,10.0,0.026000000000000013)(63.03025880802586 24.0)
(1.0E-9,10.0,0.026000000000000013)(63.03025880802586 25.0)
(1.0E-9 10.0 0.027000000000000014)(62.477683564134296 45.0)
(1.0E-9,10.0,0.027000000000000014)(63.312853000090854 1.0)
(1.0E-9,10.0,0.027000000000000014)(63.312853000090854 5.0)
(1.0E-9,10.0,0.027000000000000014)(63.1358937928245 11.0)
(1.0E-9,10.0,0.027000000000000014)(63.1358937928245 14.0)
(1.0E-9,10.0,0.027000000000000014)(63.1358937928245 16.0)
(1.0E-9,10.0,0.027000000000000014)(63.1358937928245 19.0)
(1.0E-9,10.0,0.027000000000000014)(63.090035119442504 20.0)
(1.0E-9,10.0,0.027000000000000014)(63.07693199520658 22.0)
(1.0E-9,10.0,0.027000000000000014)(63.03025880802586 23.0)
(1.0E-9,10.0,0.027000000000000014)(63.03025880802586 24.0)
(1.0E-9,10.0,0.027000000000000014)(63.03025880802586 25.0)
(1.0E-9 10.0 0.028000000000000014)(62.477683564134296 45.0)
(1.0E-9,10.0,0.028000000000000014)(63.312853000090854 1.0)
(1.0E-9,10.0,0.028000000000000014)(63.312853000090854 5.0)
(1.0E-9,10.0,0.028000000000000014)(63.1358937928245 13.0)
(1.0E-9,10.0,0.028000000000000014)(63.1358937928245 16.0)
(1.0E-9,10.0,0.028000000000000014)(63.1358937928245 17.0)
(1.0E-9,10.0,0.028000000000000014)(63.07693199520658 21.0)
(1.0E-9,10.0,0.028000000000000014)(63.07693199520658 22.0)
(1.0E-9,10.0,0.028000000000000014)(63.03025880802586 24.0)
(1.0E-9,10.0,0.028000000000000014)(63.03025880802586 25.0)
(1.0E-9 10.0 0.029000000000000015)(62.477683564134296 45.0)
(1.0E-9,10.0,0.029000000000000015)(63.312853000090854 1.0)
(1.0E-9,10.0,0.029000000000000015)(63.312853000090854 5.0)
(1.0E-9,10.0,0.029000000000000015)(63.1358937928245 13.0)
(1.0E-9,10.0,0.029000000000000015)(63.1358937928245 16.0)
(1.0E-9,10.0,0.029000000000000015)(63.1358937928245 17.0)
(1.0E-9,10.0,0.029000000000000015)(63.07693199520658 21.0)
(1.0E-9,10.0,0.029000000000000015)(63.07693199520658 22.0)
(1.0E-9,10.0,0.029000000000000015)(63.03025880802586 24.0)
(1.0E-9,10.0,0.029000000000000015)(63.03025880802586 25.0)
(1.0E-9 10.0 0.030000000000000016)(62.477683564134296 43.0)
(1.0E-9,10.0,0.030000000000000016)(63.312853000090854 1.0)
(1.0E-9,10.0,0.030000000000000016)(63.312853000090854 5.0)
(1.0E-9,10.0,0.030000000000000016)(63.1358937928245 13.0)
(1.0E-9,10.0,0.030000000000000016)(63.1358937928245 16.0)
(1.0E-9,10.0,0.030000000000000016)(63.1358937928245 17.0)
(1.0E-9,10.0,0.030000000000000016)(63.07693199520658 21.0)
(1.0E-9,10.0,0.030000000000000016)(63.090035119442504 21.0)
(1.0E-9,10.0,0.030000000000000016)(63.03025880802586 23.0)
(1.0E-9,10.0,0.030000000000000016)(63.03025880802586 24.0)
(1.0E-9,10.0,0.030000000000000016)(63.03025880802586 25.0)
(1.0E-9 10.0 0.031000000000000017)(61.23706195005199 52.0)
(1.0E-9,10.0,0.031000000000000017)(63.312853000090854 1.0)
(1.0E-9,10.0,0.031000000000000017)(63.1358937928245 9.0)
(1.0E-9,10.0,0.031000000000000017)(63.1358937928245 16.0)
(1.0E-9,10.0,0.031000000000000017)(63.1358937928245 17.0)
(1.0E-9,10.0,0.031000000000000017)(63.07693199520658 21.0)
(1.0E-9,10.0,0.031000000000000017)(63.07693199520658 22.0)
(1.0E-9,10.0,0.031000000000000017)(63.03025880802586 23.0)
(1.0E-9,10.0,0.031000000000000017)(63.03025880802586 24.0)
(1.0E-9,10.0,0.031000000000000017)(63.03025880802586 25.0)
(1.0E-9 10.0 0.032000000000000015)(61.23706195005199 52.0)
(1.0E-9,10.0,0.032000000000000015)(63.312853000090854 1.0)
(1.0E-9,10.0,0.032000000000000015)(63.1358937928245 9.0)
(1.0E-9,10.0,0.032000000000000015)(63.1358937928245 14.0)
(1.0E-9,10.0,0.032000000000000015)(63.1358937928245 16.0)
(1.0E-9,10.0,0.032000000000000015)(63.1358937928245 17.0)
(1.0E-9,10.0,0.032000000000000015)(63.07693199520658 22.0)
(1.0E-9,10.0,0.032000000000000015)(63.03025880802586 23.0)
(1.0E-9,10.0,0.032000000000000015)(63.03025880802586 24.0)
(1.0E-9,10.0,0.032000000000000015)(63.03025880802586 25.0)
(1.0E-9 10.0 0.033000000000000015)(61.23706195005199 52.0)
(1.0E-9,10.0,0.033000000000000015)(63.312853000090854 1.0)
(1.0E-9,10.0,0.033000000000000015)(63.1358937928245 9.0)
(1.0E-9,10.0,0.033000000000000015)(63.1358937928245 14.0)
(1.0E-9,10.0,0.033000000000000015)(63.1358937928245 16.0)
(1.0E-9,10.0,0.033000000000000015)(63.1358937928245 17.0)
(1.0E-9,10.0,0.033000000000000015)(63.07693199520658 22.0)
(1.0E-9,10.0,0.033000000000000015)(63.03025880802586 23.0)
(1.0E-9,10.0,0.033000000000000015)(63.03025880802586 24.0)
(1.0E-9,10.0,0.033000000000000015)(63.03025880802586 25.0)
(1.0E-9 10.0 0.034000000000000016)(61.23706195005199 52.0)
(1.0E-9,10.0,0.034000000000000016)(63.312853000090854 3.0)
(1.0E-9,10.0,0.034000000000000016)(63.1358937928245 11.0)
(1.0E-9,10.0,0.034000000000000016)(63.1358937928245 16.0)
(1.0E-9,10.0,0.034000000000000016)(63.1358937928245 17.0)
(1.0E-9,10.0,0.034000000000000016)(63.07693199520658 21.0)
(1.0E-9,10.0,0.034000000000000016)(63.07693199520658 22.0)
(1.0E-9,10.0,0.034000000000000016)(63.03025880802586 23.0)
(1.0E-9,10.0,0.034000000000000016)(63.03025880802586 24.0)
(1.0E-9,10.0,0.034000000000000016)(63.03025880802586 25.0)
(1.0E-9 10.0 0.03500000000000002)(61.23706195005199 52.0)
(1.0E-9,10.0,0.03500000000000002)(63.312853000090854 3.0)
(1.0E-9,10.0,0.03500000000000002)(63.1358937928245 11.0)
(1.0E-9,10.0,0.03500000000000002)(63.1358937928245 16.0)
(1.0E-9,10.0,0.03500000000000002)(63.1358937928245 17.0)
(1.0E-9,10.0,0.03500000000000002)(63.1358937928245 20.0)
(1.0E-9,10.0,0.03500000000000002)(63.07693199520658 22.0)
(1.0E-9,10.0,0.03500000000000002)(63.03025880802586 23.0)
(1.0E-9,10.0,0.03500000000000002)(63.03025880802586 25.0)
(1.0E-9,10.0,0.03500000000000002)(63.03025880802586 24.0)
(1.0E-9 10.0 0.03600000000000002)(61.23706195005199 52.0)
(1.0E-9,10.0,0.03600000000000002)(63.312853000090854 3.0)
(1.0E-9,10.0,0.03600000000000002)(63.1358937928245 11.0)
(1.0E-9,10.0,0.03600000000000002)(63.1358937928245 16.0)
(1.0E-9,10.0,0.03600000000000002)(63.1358937928245 17.0)
(1.0E-9,10.0,0.03600000000000002)(63.1358937928245 20.0)
(1.0E-9,10.0,0.03600000000000002)(63.07693199520658 22.0)
(1.0E-9,10.0,0.03600000000000002)(63.03025880802586 23.0)
(1.0E-9,10.0,0.03600000000000002)(63.03025880802586 25.0)
(1.0E-9,10.0,0.03600000000000002)(63.03025880802586 24.0)
(1.0E-9 10.0 0.03700000000000002)(61.23706195005199 54.0)
(1.0E-9,10.0,0.03700000000000002)(63.312853000090854 3.0)
(1.0E-9,10.0,0.03700000000000002)(63.1358937928245 11.0)
(1.0E-9,10.0,0.03700000000000002)(63.1358937928245 14.0)
(1.0E-9,10.0,0.03700000000000002)(63.1358937928245 16.0)
(1.0E-9,10.0,0.03700000000000002)(63.1358937928245 20.0)
(1.0E-9,10.0,0.03700000000000002)(63.07693199520658 22.0)
(1.0E-9,10.0,0.03700000000000002)(63.03025880802586 23.0)
(1.0E-9,10.0,0.03700000000000002)(63.03025880802586 24.0)
(1.0E-9,10.0,0.03700000000000002)(63.03025880802586 25.0)
(1.0E-9 10.0 0.03800000000000002)(61.871082967626464 50.0)
(1.0E-9,10.0,0.03800000000000002)(63.312853000090854 3.0)
(1.0E-9,10.0,0.03800000000000002)(63.1358937928245 11.0)
(1.0E-9,10.0,0.03800000000000002)(63.1358937928245 16.0)
(1.0E-9,10.0,0.03800000000000002)(63.1358937928245 17.0)
(1.0E-9,10.0,0.03800000000000002)(63.07693199520658 22.0)
(1.0E-9,10.0,0.03800000000000002)(63.03025880802586 23.0)
(1.0E-9,10.0,0.03800000000000002)(63.03025880802586 24.0)
(1.0E-9,10.0,0.03800000000000002)(63.03025880802586 25.0)
(1.0E-9 10.0 0.03900000000000002)(61.871082967626464 50.0)
(1.0E-9,10.0,0.03900000000000002)(63.312853000090854 3.0)
(1.0E-9,10.0,0.03900000000000002)(63.1358937928245 11.0)
(1.0E-9,10.0,0.03900000000000002)(63.1358937928245 16.0)
(1.0E-9,10.0,0.03900000000000002)(63.1358937928245 17.0)
(1.0E-9,10.0,0.03900000000000002)(63.07693199520658 22.0)
(1.0E-9,10.0,0.03900000000000002)(63.03025880802586 23.0)
(1.0E-9,10.0,0.03900000000000002)(63.03025880802586 24.0)
(1.0E-9,10.0,0.03900000000000002)(63.03025880802586 25.0)
(1.0E-9 10.0 0.04000000000000002)(61.871082967626464 50.0)
(1.0E-9,10.0,0.04000000000000002)(63.312853000090854 3.0)
(1.0E-9,10.0,0.04000000000000002)(63.1358937928245 11.0)
(1.0E-9,10.0,0.04000000000000002)(63.1358937928245 16.0)
(1.0E-9,10.0,0.04000000000000002)(63.1358937928245 17.0)
(1.0E-9,10.0,0.04000000000000002)(63.07693199520658 22.0)
(1.0E-9,10.0,0.04000000000000002)(63.03025880802586 23.0)
(1.0E-9,10.0,0.04000000000000002)(63.03025880802586 24.0)
(1.0E-9,10.0,0.04000000000000002)(63.03025880802586 25.0)
(1.0E-9 10.0 0.04100000000000002)(61.871082967626464 50.0)
(1.0E-9,10.0,0.04100000000000002)(63.312853000090854 3.0)
(1.0E-9,10.0,0.04100000000000002)(63.1358937928245 11.0)
(1.0E-9,10.0,0.04100000000000002)(63.1358937928245 16.0)
(1.0E-9,10.0,0.04100000000000002)(63.1358937928245 17.0)
(1.0E-9,10.0,0.04100000000000002)(63.07693199520658 22.0)
(1.0E-9,10.0,0.04100000000000002)(63.03025880802586 23.0)
(1.0E-9,10.0,0.04100000000000002)(63.03025880802586 24.0)
(1.0E-9,10.0,0.04100000000000002)(63.03025880802586 25.0)
(1.0E-9 10.0 0.04200000000000002)(61.871082967626464 50.0)
(1.0E-9,10.0,0.04200000000000002)(63.312853000090854 3.0)
(1.0E-9,10.0,0.04200000000000002)(63.1358937928245 11.0)
(1.0E-9,10.0,0.04200000000000002)(63.1358937928245 16.0)
(1.0E-9,10.0,0.04200000000000002)(63.1358937928245 17.0)
(1.0E-9,10.0,0.04200000000000002)(63.07693199520658 22.0)
(1.0E-9,10.0,0.04200000000000002)(63.03025880802586 23.0)
(1.0E-9,10.0,0.04200000000000002)(63.03025880802586 24.0)
(1.0E-9,10.0,0.04200000000000002)(63.03025880802586 25.0)
(1.0E-9 10.0 0.043000000000000024)(61.871082967626464 50.0)
(1.0E-9,10.0,0.043000000000000024)(63.312853000090854 3.0)
(1.0E-9,10.0,0.043000000000000024)(63.1358937928245 11.0)
(1.0E-9,10.0,0.043000000000000024)(63.1358937928245 16.0)
(1.0E-9,10.0,0.043000000000000024)(63.1358937928245 17.0)
(1.0E-9,10.0,0.043000000000000024)(63.07693199520658 22.0)
(1.0E-9,10.0,0.043000000000000024)(63.03025880802586 23.0)
(1.0E-9,10.0,0.043000000000000024)(63.03025880802586 24.0)
(1.0E-9,10.0,0.043000000000000024)(63.03025880802586 25.0)
(1.0E-9 10.0 0.044000000000000025)(61.871082967626464 50.0)
(1.0E-9,10.0,0.044000000000000025)(63.312853000090854 3.0)
(1.0E-9,10.0,0.044000000000000025)(63.1358937928245 11.0)
(1.0E-9,10.0,0.044000000000000025)(63.1358937928245 16.0)
(1.0E-9,10.0,0.044000000000000025)(63.1358937928245 17.0)
(1.0E-9,10.0,0.044000000000000025)(63.07693199520658 22.0)
(1.0E-9,10.0,0.044000000000000025)(63.03025880802586 23.0)
(1.0E-9,10.0,0.044000000000000025)(63.03025880802586 24.0)
(1.0E-9,10.0,0.044000000000000025)(63.03025880802586 25.0)
(1.0E-9 10.0 0.045000000000000026)(61.871082967626464 50.0)
(1.0E-9,10.0,0.045000000000000026)(63.312853000090854 3.0)
(1.0E-9,10.0,0.045000000000000026)(63.1358937928245 11.0)
(1.0E-9,10.0,0.045000000000000026)(63.1358937928245 16.0)
(1.0E-9,10.0,0.045000000000000026)(63.1358937928245 17.0)
(1.0E-9,10.0,0.045000000000000026)(63.07693199520658 22.0)
(1.0E-9,10.0,0.045000000000000026)(63.03025880802586 23.0)
(1.0E-9,10.0,0.045000000000000026)(63.03025880802586 24.0)
(1.0E-9,10.0,0.045000000000000026)(63.03025880802586 25.0)
(1.0E-9 10.0 0.04600000000000003)(61.871082967626464 50.0)
(1.0E-9,10.0,0.04600000000000003)(63.312853000090854 3.0)
(1.0E-9,10.0,0.04600000000000003)(63.1358937928245 11.0)
(1.0E-9,10.0,0.04600000000000003)(63.1358937928245 16.0)
(1.0E-9,10.0,0.04600000000000003)(63.1358937928245 17.0)
(1.0E-9,10.0,0.04600000000000003)(63.07693199520658 22.0)
(1.0E-9,10.0,0.04600000000000003)(63.03025880802586 23.0)
(1.0E-9,10.0,0.04600000000000003)(63.03025880802586 24.0)
(1.0E-9,10.0,0.04600000000000003)(63.03025880802586 25.0)
(1.0E-9 10.0 0.04700000000000003)(61.871082967626464 50.0)
(1.0E-9,10.0,0.04700000000000003)(63.312853000090854 3.0)
(1.0E-9,10.0,0.04700000000000003)(63.1358937928245 11.0)
(1.0E-9,10.0,0.04700000000000003)(63.1358937928245 16.0)
(1.0E-9,10.0,0.04700000000000003)(63.1358937928245 17.0)
(1.0E-9,10.0,0.04700000000000003)(63.07693199520658 22.0)
(1.0E-9,10.0,0.04700000000000003)(63.03025880802586 23.0)
(1.0E-9,10.0,0.04700000000000003)(63.03025880802586 24.0)
(1.0E-9,10.0,0.04700000000000003)(63.03025880802586 25.0)
(1.0E-9 10.0 0.04800000000000003)(61.871082967626464 50.0)
(1.0E-9,10.0,0.04800000000000003)(63.312853000090854 3.0)
(1.0E-9,10.0,0.04800000000000003)(63.1358937928245 11.0)
(1.0E-9,10.0,0.04800000000000003)(63.1358937928245 16.0)
(1.0E-9,10.0,0.04800000000000003)(63.1358937928245 17.0)
(1.0E-9,10.0,0.04800000000000003)(63.090035119442504 21.0)
(1.0E-9,10.0,0.04800000000000003)(63.03025880802586 23.0)
(1.0E-9,10.0,0.04800000000000003)(63.03025880802586 24.0)
(1.0E-9,10.0,0.04800000000000003)(63.03025880802586 25.0)
(1.0E-9 10.0 0.04900000000000003)(61.871082967626464 50.0)
(1.0E-9,10.0,0.04900000000000003)(63.312853000090854 3.0)
(1.0E-9,10.0,0.04900000000000003)(63.1358937928245 11.0)
(1.0E-9,10.0,0.04900000000000003)(63.1358937928245 14.0)
(1.0E-9,10.0,0.04900000000000003)(63.1358937928245 16.0)
(1.0E-9,10.0,0.04900000000000003)(63.1358937928245 17.0)
(1.0E-9,10.0,0.04900000000000003)(63.07693199520658 22.0)
(1.0E-9,10.0,0.04900000000000003)(63.03025880802586 23.0)
(1.0E-9,10.0,0.04900000000000003)(63.03025880802586 24.0)
(1.0E-9,10.0,0.04900000000000003)(63.03025880802586 25.0)
(1.0E-9 10.0 0.05000000000000003)(61.871082967626464 50.0)
(1.0E-9,10.0,0.05000000000000003)(63.312853000090854 3.0)
(1.0E-9,10.0,0.05000000000000003)(63.1358937928245 11.0)
(1.0E-9,10.0,0.05000000000000003)(63.1358937928245 14.0)
(1.0E-9,10.0,0.05000000000000003)(63.1358937928245 16.0)
(1.0E-9,10.0,0.05000000000000003)(63.1358937928245 17.0)
(1.0E-9,10.0,0.05000000000000003)(63.07693199520658 22.0)
(1.0E-9,10.0,0.05000000000000003)(63.03025880802586 23.0)
(1.0E-9,10.0,0.05000000000000003)(63.03025880802586 24.0)
(1.0E-9,10.0,0.05000000000000003)(63.03025880802586 25.0)
(1.0E-9 10.0 0.05100000000000003)(61.69049626037969 51.0)
(1.0E-9,10.0,0.05100000000000003)(63.312853000090854 3.0)
(1.0E-9,10.0,0.05100000000000003)(63.1358937928245 11.0)
(1.0E-9,10.0,0.05100000000000003)(63.1358937928245 14.0)
(1.0E-9,10.0,0.05100000000000003)(63.1358937928245 16.0)
(1.0E-9,10.0,0.05100000000000003)(63.1358937928245 17.0)
(1.0E-9,10.0,0.05100000000000003)(63.1358937928245 20.0)
(1.0E-9,10.0,0.05100000000000003)(63.07693199520658 22.0)
(1.0E-9,10.0,0.05100000000000003)(63.03025880802586 23.0)
(1.0E-9,10.0,0.05100000000000003)(63.03025880802586 24.0)
(1.0E-9,10.0,0.05100000000000003)(63.03025880802586 25.0)
(1.0E-9 10.0 0.05200000000000003)(61.69049626037969 51.0)
(1.0E-9,10.0,0.05200000000000003)(63.312853000090854 3.0)
(1.0E-9,10.0,0.05200000000000003)(63.1358937928245 11.0)
(1.0E-9,10.0,0.05200000000000003)(63.1358937928245 14.0)
(1.0E-9,10.0,0.05200000000000003)(63.1358937928245 16.0)
(1.0E-9,10.0,0.05200000000000003)(63.1358937928245 17.0)
(1.0E-9,10.0,0.05200000000000003)(63.1358937928245 20.0)
(1.0E-9,10.0,0.05200000000000003)(63.07693199520658 22.0)
(1.0E-9,10.0,0.05200000000000003)(63.03025880802586 23.0)
(1.0E-9,10.0,0.05200000000000003)(63.03025880802586 24.0)
(1.0E-9,10.0,0.05200000000000003)(63.03025880802586 25.0)
(1.0E-9 10.0 0.05300000000000003)(61.69049626037969 51.0)
(1.0E-9,10.0,0.05300000000000003)(63.312853000090854 3.0)
(1.0E-9,10.0,0.05300000000000003)(63.1358937928245 11.0)
(1.0E-9,10.0,0.05300000000000003)(63.1358937928245 14.0)
(1.0E-9,10.0,0.05300000000000003)(63.1358937928245 16.0)
(1.0E-9,10.0,0.05300000000000003)(63.1358937928245 20.0)
(1.0E-9,10.0,0.05300000000000003)(63.07693199520658 22.0)
(1.0E-9,10.0,0.05300000000000003)(63.03025880802586 23.0)
(1.0E-9,10.0,0.05300000000000003)(63.03025880802586 24.0)
(1.0E-9 10.0 0.054000000000000034)(61.69049626037969 51.0)
(1.0E-9,10.0,0.054000000000000034)(63.312853000090854 3.0)
(1.0E-9,10.0,0.054000000000000034)(63.1358937928245 11.0)
(1.0E-9,10.0,0.054000000000000034)(63.1358937928245 14.0)
(1.0E-9,10.0,0.054000000000000034)(63.1358937928245 16.0)
(1.0E-9,10.0,0.054000000000000034)(63.1358937928245 20.0)
(1.0E-9,10.0,0.054000000000000034)(63.07693199520658 22.0)
(1.0E-9,10.0,0.054000000000000034)(63.03025880802586 23.0)
(1.0E-9,10.0,0.054000000000000034)(63.03025880802586 24.0)
(1.0E-9 10.0 0.055000000000000035)(61.69049626037969 51.0)
(1.0E-9,10.0,0.055000000000000035)(63.312853000090854 3.0)
(1.0E-9,10.0,0.055000000000000035)(63.1358937928245 11.0)
(1.0E-9,10.0,0.055000000000000035)(63.1358937928245 14.0)
(1.0E-9,10.0,0.055000000000000035)(63.1358937928245 16.0)
(1.0E-9,10.0,0.055000000000000035)(63.1358937928245 20.0)
(1.0E-9,10.0,0.055000000000000035)(63.07693199520658 22.0)
(1.0E-9,10.0,0.055000000000000035)(63.03025880802586 23.0)
(1.0E-9,10.0,0.055000000000000035)(63.03025880802586 24.0)
(1.0E-9,10.0,0.055000000000000035)(63.07693199520658 21.0)
(1.0E-9 10.0 0.056000000000000036)(61.69049626037969 51.0)
(1.0E-9,10.0,0.056000000000000036)(63.312853000090854 3.0)
(1.0E-9,10.0,0.056000000000000036)(63.1358937928245 11.0)
(1.0E-9,10.0,0.056000000000000036)(63.1358937928245 14.0)
(1.0E-9,10.0,0.056000000000000036)(63.1358937928245 16.0)
(1.0E-9,10.0,0.056000000000000036)(63.07693199520658 21.0)
(1.0E-9,10.0,0.056000000000000036)(63.03025880802586 23.0)
(1.0E-9,10.0,0.056000000000000036)(63.03025880802586 24.0)
(1.0E-9,10.0,0.056000000000000036)(63.07693199520658 22.0)
(1.0E-9 10.0 0.05700000000000004)(61.69049626037969 51.0)
(1.0E-9,10.0,0.05700000000000004)(63.312853000090854 3.0)
(1.0E-9,10.0,0.05700000000000004)(63.1358937928245 11.0)
(1.0E-9,10.0,0.05700000000000004)(63.1358937928245 14.0)
(1.0E-9,10.0,0.05700000000000004)(63.1358937928245 16.0)
(1.0E-9,10.0,0.05700000000000004)(63.07693199520658 21.0)
(1.0E-9,10.0,0.05700000000000004)(63.03025880802586 23.0)
(1.0E-9,10.0,0.05700000000000004)(63.07693199520658 22.0)
(1.0E-9,10.0,0.05700000000000004)(63.03025880802586 24.0)
(1.0E-9 10.0 0.05800000000000004)(61.69049626037969 51.0)
(1.0E-9,10.0,0.05800000000000004)(63.312853000090854 3.0)
(1.0E-9,10.0,0.05800000000000004)(63.1358937928245 11.0)
(1.0E-9,10.0,0.05800000000000004)(63.1358937928245 14.0)
(1.0E-9,10.0,0.05800000000000004)(63.1358937928245 16.0)
(1.0E-9,10.0,0.05800000000000004)(63.07693199520658 21.0)
(1.0E-9,10.0,0.05800000000000004)(63.03025880802586 23.0)
(1.0E-9,10.0,0.05800000000000004)(63.1358937928245 20.0)
(1.0E-9,10.0,0.05800000000000004)(63.07693199520658 24.0)
(1.0E-9 10.0 0.05900000000000004)(61.69049626037969 51.0)
(1.0E-9,10.0,0.05900000000000004)(63.312853000090854 3.0)
(1.0E-9,10.0,0.05900000000000004)(63.1358937928245 11.0)
(1.0E-9,10.0,0.05900000000000004)(63.1358937928245 14.0)
(1.0E-9,10.0,0.05900000000000004)(63.1358937928245 16.0)
(1.0E-9,10.0,0.05900000000000004)(63.07693199520658 21.0)
(1.0E-9,10.0,0.05900000000000004)(63.03025880802586 23.0)
(1.0E-9,10.0,0.05900000000000004)(63.1358937928245 20.0)
(1.0E-9,10.0,0.05900000000000004)(63.07693199520658 24.0)
(1.0E-9 10.0 0.06000000000000004)(61.69049626037969 51.0)
(1.0E-9,10.0,0.06000000000000004)(63.312853000090854 3.0)
(1.0E-9,10.0,0.06000000000000004)(63.1358937928245 11.0)
(1.0E-9,10.0,0.06000000000000004)(63.1358937928245 14.0)
(1.0E-9,10.0,0.06000000000000004)(63.1358937928245 16.0)
(1.0E-9,10.0,0.06000000000000004)(63.07693199520658 21.0)
(1.0E-9,10.0,0.06000000000000004)(63.03025880802586 23.0)
(1.0E-9,10.0,0.06000000000000004)(63.1358937928245 20.0)
(1.0E-9,10.0,0.06000000000000004)(63.07693199520658 24.0)
(1.0E-9 10.0 0.06100000000000004)(61.69049626037969 51.0)
(1.0E-9,10.0,0.06100000000000004)(63.312853000090854 3.0)
(1.0E-9,10.0,0.06100000000000004)(63.1358937928245 11.0)
(1.0E-9,10.0,0.06100000000000004)(63.1358937928245 14.0)
(1.0E-9,10.0,0.06100000000000004)(63.1358937928245 16.0)
(1.0E-9,10.0,0.06100000000000004)(63.1358937928245 20.0)
(1.0E-9,10.0,0.06100000000000004)(63.07693199520658 22.0)
(1.0E-9,10.0,0.06100000000000004)(63.03025880802586 23.0)
(1.0E-9,10.0,0.06100000000000004)(63.03025880802586 24.0)
(1.0E-9 10.0 0.06200000000000004)(61.69049626037969 51.0)
(1.0E-9,10.0,0.06200000000000004)(63.312853000090854 3.0)
(1.0E-9,10.0,0.06200000000000004)(63.1358937928245 11.0)
(1.0E-9,10.0,0.06200000000000004)(63.1358937928245 14.0)
(1.0E-9,10.0,0.06200000000000004)(63.1358937928245 16.0)
(1.0E-9,10.0,0.06200000000000004)(63.1358937928245 20.0)
(1.0E-9,10.0,0.06200000000000004)(63.07693199520658 22.0)
(1.0E-9,10.0,0.06200000000000004)(63.03025880802586 23.0)
(1.0E-9,10.0,0.06200000000000004)(63.03025880802586 24.0)
(1.0E-9,10.0,0.06200000000000004)(63.1358937928245 21.0)
(1.0E-9 10.0 0.06300000000000004)(61.69049626037969 51.0)
(1.0E-9,10.0,0.06300000000000004)(63.312853000090854 3.0)
(1.0E-9,10.0,0.06300000000000004)(63.1358937928245 11.0)
(1.0E-9,10.0,0.06300000000000004)(63.1358937928245 14.0)
(1.0E-9,10.0,0.06300000000000004)(63.1358937928245 16.0)
(1.0E-9,10.0,0.06300000000000004)(63.1358937928245 20.0)
(1.0E-9,10.0,0.06300000000000004)(63.07693199520658 22.0)
(1.0E-9,10.0,0.06300000000000004)(63.03025880802586 23.0)
(1.0E-9,10.0,0.06300000000000004)(63.03025880802586 24.0)
(1.0E-9 10.0 0.06400000000000004)(61.69049626037969 51.0)
(1.0E-9,10.0,0.06400000000000004)(63.312853000090854 3.0)
(1.0E-9,10.0,0.06400000000000004)(63.1358937928245 11.0)
(1.0E-9,10.0,0.06400000000000004)(63.1358937928245 14.0)
(1.0E-9,10.0,0.06400000000000004)(63.1358937928245 16.0)
(1.0E-9,10.0,0.06400000000000004)(63.1358937928245 20.0)
(1.0E-9,10.0,0.06400000000000004)(63.07693199520658 22.0)
(1.0E-9,10.0,0.06400000000000004)(63.03025880802586 23.0)
(1.0E-9,10.0,0.06400000000000004)(63.03025880802586 24.0)
(1.0E-9 10.0 0.06500000000000004)(61.69049626037969 51.0)
(1.0E-9,10.0,0.06500000000000004)(63.312853000090854 3.0)
(1.0E-9,10.0,0.06500000000000004)(63.1358937928245 11.0)
(1.0E-9,10.0,0.06500000000000004)(63.1358937928245 14.0)
(1.0E-9,10.0,0.06500000000000004)(63.1358937928245 16.0)
(1.0E-9,10.0,0.06500000000000004)(63.1358937928245 20.0)
(1.0E-9,10.0,0.06500000000000004)(63.07693199520658 22.0)
(1.0E-9,10.0,0.06500000000000004)(63.03025880802586 23.0)
(1.0E-9,10.0,0.06500000000000004)(63.03025880802586 24.0)
(1.0E-9 10.0 0.06600000000000004)(61.455365508360096 52.0)
(1.0E-9,10.0,0.06600000000000004)(63.312853000090854 3.0)
(1.0E-9,10.0,0.06600000000000004)(63.1358937928245 13.0)
(1.0E-9,10.0,0.06600000000000004)(63.1358937928245 16.0)
(1.0E-9,10.0,0.06600000000000004)(63.1358937928245 17.0)
(1.0E-9,10.0,0.06600000000000004)(63.07693199520658 22.0)
(1.0E-9,10.0,0.06600000000000004)(63.03025880802586 23.0)
(1.0E-9,10.0,0.06600000000000004)(63.03025880802586 24.0)
(1.0E-9,10.0,0.06600000000000004)(63.1358937928245 20.0)
(1.0E-9,10.0,0.06600000000000004)(63.1358937928245 21.0)
(1.0E-9 10.0 0.06700000000000005)(61.455365508360096 52.0)
(1.0E-9,10.0,0.06700000000000005)(63.312853000090854 3.0)
(1.0E-9,10.0,0.06700000000000005)(63.1358937928245 13.0)
(1.0E-9,10.0,0.06700000000000005)(63.1358937928245 16.0)
(1.0E-9,10.0,0.06700000000000005)(63.1358937928245 17.0)
(1.0E-9,10.0,0.06700000000000005)(63.07693199520658 22.0)
(1.0E-9,10.0,0.06700000000000005)(63.03025880802586 23.0)
(1.0E-9,10.0,0.06700000000000005)(63.03025880802586 24.0)
(1.0E-9,10.0,0.06700000000000005)(63.1358937928245 20.0)
(1.0E-9,10.0,0.06700000000000005)(63.1358937928245 21.0)
(1.0E-9 10.0 0.06800000000000005)(61.455365508360096 52.0)
(1.0E-9,10.0,0.06800000000000005)(63.312853000090854 3.0)
(1.0E-9,10.0,0.06800000000000005)(63.1358937928245 13.0)
(1.0E-9,10.0,0.06800000000000005)(63.1358937928245 16.0)
(1.0E-9,10.0,0.06800000000000005)(63.1358937928245 17.0)
(1.0E-9,10.0,0.06800000000000005)(63.07693199520658 22.0)
(1.0E-9,10.0,0.06800000000000005)(63.03025880802586 23.0)
(1.0E-9,10.0,0.06800000000000005)(63.03025880802586 24.0)
(1.0E-9,10.0,0.06800000000000005)(63.1358937928245 20.0)
(1.0E-9,10.0,0.06800000000000005)(63.1358937928245 21.0)
(1.0E-9 10.0 0.06900000000000005)(61.455365508360096 52.0)
(1.0E-9,10.0,0.06900000000000005)(63.312853000090854 3.0)
(1.0E-9,10.0,0.06900000000000005)(63.1358937928245 13.0)
(1.0E-9,10.0,0.06900000000000005)(63.1358937928245 16.0)
(1.0E-9,10.0,0.06900000000000005)(63.1358937928245 17.0)
(1.0E-9,10.0,0.06900000000000005)(63.07693199520658 22.0)
(1.0E-9,10.0,0.06900000000000005)(63.03025880802586 23.0)
(1.0E-9,10.0,0.06900000000000005)(63.03025880802586 24.0)
(1.0E-9,10.0,0.06900000000000005)(63.1358937928245 21.0)
(1.0E-9,10.0,0.06900000000000005)(63.1358937928245 20.0)
(1.0E-9 10.0 0.07000000000000005)(61.23715697465971 59.0)
(1.0E-9,10.0,0.07000000000000005)(63.312853000090854 3.0)
(1.0E-9,10.0,0.07000000000000005)(63.1358937928245 11.0)
(1.0E-9,10.0,0.07000000000000005)(63.1358937928245 17.0)
(1.0E-9,10.0,0.07000000000000005)(63.1358937928245 21.0)
(1.0E-9,10.0,0.07000000000000005)(63.1358937928245 23.0)
(1.0E-9,10.0,0.07000000000000005)(63.0764769262858 29.0)
(1.0E-9,10.0,0.07000000000000005)(63.01650861089896 32.0)
(1.0E-9,10.0,0.07000000000000005)(63.01650861089896 33.0)
(1.0E-9,10.0,0.07000000000000005)(62.6929540152837 40.0)
(1.0E-9,10.0,0.07000000000000005)(62.078221107771725 52.0)
(1.0E-9,10.0,0.07000000000000005)(62.05197293532954 55.0)
(1.0E-9,10.0,0.07000000000000005)(61.87003486146637 56.0)
(1.0E-9,10.0,0.07000000000000005)(62.6929540152837 42.0)
(1.0E-9 10.0 0.07100000000000005)(61.23715697465971 59.0)
(1.0E-9,10.0,0.07100000000000005)(63.312853000090854 1.0)
(1.0E-9,10.0,0.07100000000000005)(63.1358937928245 9.0)
(1.0E-9,10.0,0.07100000000000005)(63.1358937928245 14.0)
(1.0E-9,10.0,0.07100000000000005)(63.1358937928245 16.0)
(1.0E-9,10.0,0.07100000000000005)(63.1358937928245 22.0)
(1.0E-9,10.0,0.07100000000000005)(63.0764769262858 28.0)
(1.0E-9,10.0,0.07100000000000005)(63.0764769262858 31.0)
(1.0E-9,10.0,0.07100000000000005)(63.01650861089896 32.0)
(1.0E-9,10.0,0.07100000000000005)(63.01650861089896 33.0)
(1.0E-9,10.0,0.07100000000000005)(62.6929540152837 40.0)
(1.0E-9,10.0,0.07100000000000005)(62.66315982088463 44.0)
(1.0E-9,10.0,0.07100000000000005)(62.595704353015876 47.0)
(1.0E-9,10.0,0.07100000000000005)(62.56972239910618 50.0)
(1.0E-9 10.0 0.07200000000000005)(61.23715697465971 59.0)
(1.0E-9,10.0,0.07200000000000005)(63.312853000090854 1.0)
(1.0E-9,10.0,0.07200000000000005)(63.1358937928245 9.0)
(1.0E-9,10.0,0.07200000000000005)(63.1358937928245 14.0)
(1.0E-9,10.0,0.07200000000000005)(63.1358937928245 16.0)
(1.0E-9,10.0,0.07200000000000005)(63.1358937928245 22.0)
(1.0E-9,10.0,0.07200000000000005)(63.0764769262858 28.0)
(1.0E-9,10.0,0.07200000000000005)(63.0764769262858 31.0)
(1.0E-9,10.0,0.07200000000000005)(63.01650861089896 32.0)
(1.0E-9,10.0,0.07200000000000005)(63.01650861089896 33.0)
(1.0E-9,10.0,0.07200000000000005)(62.6929540152837 40.0)
(1.0E-9,10.0,0.07200000000000005)(62.66315982088463 44.0)
(1.0E-9,10.0,0.07200000000000005)(62.595704353015876 47.0)
(1.0E-9,10.0,0.07200000000000005)(62.56972239910618 50.0)
(1.0E-9 10.0 0.07300000000000005)(61.23715697465971 59.0)
(1.0E-9,10.0,0.07300000000000005)(63.312853000090854 1.0)
(1.0E-9,10.0,0.07300000000000005)(63.1358937928245 9.0)
(1.0E-9,10.0,0.07300000000000005)(63.1358937928245 14.0)
(1.0E-9,10.0,0.07300000000000005)(63.1358937928245 16.0)
(1.0E-9,10.0,0.07300000000000005)(63.1358937928245 22.0)
(1.0E-9,10.0,0.07300000000000005)(63.0764769262858 28.0)
(1.0E-9,10.0,0.07300000000000005)(63.0764769262858 31.0)
(1.0E-9,10.0,0.07300000000000005)(63.01650861089896 32.0)
(1.0E-9,10.0,0.07300000000000005)(63.01650861089896 33.0)
(1.0E-9,10.0,0.07300000000000005)(62.6929540152837 40.0)
(1.0E-9,10.0,0.07300000000000005)(62.595704353015876 48.0)
(1.0E-9,10.0,0.07300000000000005)(62.6929540152837 42.0)
(1.0E-9 10.0 0.07400000000000005)(61.15678210439486 62.0)
(1.0E-9,10.0,0.07400000000000005)(63.312853000090854 3.0)
(1.0E-9,10.0,0.07400000000000005)(63.1358937928245 11.0)
(1.0E-9,10.0,0.07400000000000005)(63.1358937928245 16.0)
(1.0E-9,10.0,0.07400000000000005)(63.1358937928245 22.0)
(1.0E-9,10.0,0.07400000000000005)(63.0764769262858 27.0)
(1.0E-9,10.0,0.07400000000000005)(63.0764769262858 31.0)
(1.0E-9,10.0,0.07400000000000005)(63.01650861089896 32.0)
(1.0E-9,10.0,0.07400000000000005)(63.01650861089896 33.0)
(1.0E-9,10.0,0.07400000000000005)(62.6929540152837 40.0)
(1.0E-9,10.0,0.07400000000000005)(62.595704353015876 47.0)
(1.0E-9,10.0,0.07400000000000005)(62.56972239910618 50.0)
(1.0E-9,10.0,0.07400000000000005)(62.6929540152837 42.0)
(1.0E-9 10.0 0.07500000000000005)(61.15678210439486 62.0)
(1.0E-9,10.0,0.07500000000000005)(63.312853000090854 3.0)
(1.0E-9,10.0,0.07500000000000005)(63.1358937928245 11.0)
(1.0E-9,10.0,0.07500000000000005)(63.1358937928245 16.0)
(1.0E-9,10.0,0.07500000000000005)(63.1358937928245 22.0)
(1.0E-9,10.0,0.07500000000000005)(63.0764769262858 28.0)
(1.0E-9,10.0,0.07500000000000005)(63.0764769262858 30.0)
(1.0E-9,10.0,0.07500000000000005)(63.01650861089896 33.0)
(1.0E-9,10.0,0.07500000000000005)(62.6929540152837 40.0)
(1.0E-9,10.0,0.07500000000000005)(62.595704353015876 47.0)
(1.0E-9,10.0,0.07500000000000005)(62.56972239910618 50.0)
(1.0E-9,10.0,0.07500000000000005)(62.63723115849365 47.0)
(1.0E-9,10.0,0.07500000000000005)(62.6929540152837 42.0)
(1.0E-9 10.0 0.07600000000000005)(61.15678210439486 63.0)
(1.0E-9,10.0,0.07600000000000005)(63.312853000090854 3.0)
(1.0E-9,10.0,0.07600000000000005)(63.1358937928245 13.0)
(1.0E-9,10.0,0.07600000000000005)(63.1358937928245 16.0)
(1.0E-9,10.0,0.07600000000000005)(63.1358937928245 23.0)
(1.0E-9,10.0,0.07600000000000005)(63.0764769262858 30.0)
(1.0E-9,10.0,0.07600000000000005)(63.01650861089896 32.0)
(1.0E-9,10.0,0.07600000000000005)(63.01650861089896 33.0)
(1.0E-9,10.0,0.07600000000000005)(62.6929540152837 40.0)
(1.0E-9,10.0,0.07600000000000005)(62.66315982088463 44.0)
(1.0E-9,10.0,0.07600000000000005)(62.595704353015876 47.0)
(1.0E-9,10.0,0.07600000000000005)(62.56972239910618 50.0)
(1.0E-9,10.0,0.07600000000000005)(62.6929540152837 42.0)
(1.0E-9 10.0 0.07700000000000005)(60.548527606298734 60.0)
(1.0E-9,10.0,0.07700000000000005)(63.312853000090854 3.0)
(1.0E-9,10.0,0.07700000000000005)(63.1358937928245 13.0)
(1.0E-9,10.0,0.07700000000000005)(63.1358937928245 18.0)
(1.0E-9,10.0,0.07700000000000005)(63.1358937928245 19.0)
(1.0E-9,10.0,0.07700000000000005)(63.1358937928245 26.0)
(1.0E-9,10.0,0.07700000000000005)(63.07693199520658 27.0)
(1.0E-9,10.0,0.07700000000000005)(63.01650861089896 29.0)
(1.0E-9,10.0,0.07700000000000005)(63.07693199520658 24.0)
(1.0E-9,10.0,0.07700000000000005)(63.07693199520658 28.0)
(1.0E-9,10.0,0.07700000000000005)(63.07693199520658 30.0)
(1.0E-9 10.0 0.07800000000000006)(60.548527606298734 60.0)
(1.0E-9,10.0,0.07800000000000006)(63.312853000090854 3.0)
(1.0E-9,10.0,0.07800000000000006)(63.1358937928245 13.0)
(1.0E-9,10.0,0.07800000000000006)(63.1358937928245 18.0)
(1.0E-9,10.0,0.07800000000000006)(63.1358937928245 19.0)
(1.0E-9,10.0,0.07800000000000006)(63.1358937928245 26.0)
(1.0E-9,10.0,0.07800000000000006)(63.07693199520658 27.0)
(1.0E-9,10.0,0.07800000000000006)(63.01650861089896 29.0)
(1.0E-9,10.0,0.07800000000000006)(63.07693199520658 24.0)
(1.0E-9,10.0,0.07800000000000006)(63.07693199520658 28.0)
(1.0E-9,10.0,0.07800000000000006)(63.07693199520658 30.0)
(1.0E-9 10.0 0.07900000000000006)(60.46353935395269 62.0)
(1.0E-9,10.0,0.07900000000000006)(63.312853000090854 3.0)
(1.0E-9,10.0,0.07900000000000006)(63.1358937928245 13.0)
(1.0E-9,10.0,0.07900000000000006)(63.1358937928245 18.0)
(1.0E-9,10.0,0.07900000000000006)(63.1358937928245 21.0)
(1.0E-9,10.0,0.07900000000000006)(63.07693199520658 23.0)
(1.0E-9,10.0,0.07900000000000006)(63.01650861089896 28.0)
(1.0E-9,10.0,0.07900000000000006)(63.01650861089896 29.0)
(1.0E-9,10.0,0.07900000000000006)(63.07693199520658 31.0)
(1.0E-9,10.0,0.07900000000000006)(63.07693199520658 30.0)
(1.0E-9 10.0 0.08000000000000006)(60.46353935395269 62.0)
(1.0E-9,10.0,0.08000000000000006)(63.312853000090854 3.0)
(1.0E-9,10.0,0.08000000000000006)(63.1358937928245 16.0)
(1.0E-9,10.0,0.08000000000000006)(63.1358937928245 19.0)
(1.0E-9,10.0,0.08000000000000006)(63.1358937928245 26.0)
(1.0E-9,10.0,0.08000000000000006)(63.01650861089896 28.0)
(1.0E-9,10.0,0.08000000000000006)(63.07693199520658 28.0)
(1.0E-9,10.0,0.08000000000000006)(63.07693199520658 29.0)
(1.0E-9,10.0,0.08000000000000006)(63.07693199520658 31.0)
(1.0E-9,10.0,0.08000000000000006)(63.06722645401987 34.0)
(1.0E-9,10.0,0.08000000000000006)(63.07693199520658 30.0)
(1.0E-9 10.0 0.08100000000000006)(57.50073048955072 72.0)
(1.0E-9,10.0,0.08100000000000006)(63.312853000090854 3.0)
(1.0E-9,10.0,0.08100000000000006)(63.1358937928245 18.0)
(1.0E-9,10.0,0.08100000000000006)(63.1358937928245 25.0)
(1.0E-9,10.0,0.08100000000000006)(63.01650861089896 29.0)
(1.0E-9,10.0,0.08100000000000006)(63.07693199520658 28.0)
(1.0E-9,10.0,0.08100000000000006)(63.07693199520658 30.0)
(1.0E-9,10.0,0.08100000000000006)(63.06722645401987 35.0)
(1.0E-9,10.0,0.08100000000000006)(63.07693199520658 31.0)
(1.0E-9,10.0,0.08100000000000006)(63.06722645401987 36.0)
(1.0E-9,10.0,0.08100000000000006)(63.06722645401987 34.0)
(1.0E-9 10.0 0.08200000000000006)(57.50073048955072 72.0)
(1.0E-9,10.0,0.08200000000000006)(63.312853000090854 3.0)
(1.0E-9,10.0,0.08200000000000006)(63.1358937928245 18.0)
(1.0E-9,10.0,0.08200000000000006)(63.1358937928245 25.0)
(1.0E-9,10.0,0.08200000000000006)(63.01650861089896 29.0)
(1.0E-9,10.0,0.08200000000000006)(63.07693199520658 28.0)
(1.0E-9,10.0,0.08200000000000006)(63.07693199520658 30.0)
(1.0E-9,10.0,0.08200000000000006)(63.06722645401987 33.0)
(1.0E-9,10.0,0.08200000000000006)(63.06722645401987 34.0)
(1.0E-9,10.0,0.08200000000000006)(63.06722645401987 36.0)
(1.0E-9 10.0 0.08300000000000006)(57.50073048955072 72.0)
(1.0E-9,10.0,0.08300000000000006)(63.312853000090854 3.0)
(1.0E-9,10.0,0.08300000000000006)(63.1358937928245 18.0)
(1.0E-9,10.0,0.08300000000000006)(63.1358937928245 26.0)
(1.0E-9,10.0,0.08300000000000006)(63.07693199520658 28.0)
(1.0E-9,10.0,0.08300000000000006)(63.07693199520658 31.0)
(1.0E-9,10.0,0.08300000000000006)(63.07693199520658 29.0)
(1.0E-9,10.0,0.08300000000000006)(63.07693199520658 30.0)
(1.0E-9 10.0 0.08400000000000006)(49.61943637451142 78.0)
(1.0E-9,10.0,0.08400000000000006)(63.312853000090854 3.0)
(1.0E-9,10.0,0.08400000000000006)(63.1358937928245 19.0)
(1.0E-9,10.0,0.08400000000000006)(63.0764769262858 27.0)
(1.0E-9,10.0,0.08400000000000006)(63.07693199520658 28.0)
(1.0E-9,10.0,0.08400000000000006)(63.07693199520658 29.0)
(1.0E-9,10.0,0.08400000000000006)(63.07693199520658 31.0)
(1.0E-9,10.0,0.08400000000000006)(63.07693199520658 30.0)
(1.0E-9 10.0 0.08500000000000006)(49.61943637451142 78.0)
(1.0E-9,10.0,0.08500000000000006)(63.312853000090854 3.0)
(1.0E-9,10.0,0.08500000000000006)(63.1358937928245 19.0)
(1.0E-9,10.0,0.08500000000000006)(63.0764769262858 27.0)
(1.0E-9,10.0,0.08500000000000006)(63.07693199520658 28.0)
(1.0E-9,10.0,0.08500000000000006)(63.07693199520658 29.0)
(1.0E-9,10.0,0.08500000000000006)(63.07693199520658 31.0)
(1.0E-9,10.0,0.08500000000000006)(63.07693199520658 30.0)
(1.0E-9 10.0 0.08600000000000006)(49.61943637451142 78.0)
(1.0E-9,10.0,0.08600000000000006)(63.312853000090854 3.0)
(1.0E-9,10.0,0.08600000000000006)(63.1358937928245 19.0)
(1.0E-9,10.0,0.08600000000000006)(63.0764769262858 27.0)
(1.0E-9,10.0,0.08600000000000006)(63.07693199520658 28.0)
(1.0E-9,10.0,0.08600000000000006)(63.07693199520658 29.0)
(1.0E-9,10.0,0.08600000000000006)(63.07693199520658 31.0)
(1.0E-9,10.0,0.08600000000000006)(63.07693199520658 30.0)
(1.0E-9,10.0,0.08600000000000006)(63.07693199520658 33.0)
(1.0E-9,10.0,0.08600000000000006)(63.07693199520658 32.0)
(1.0E-9 10.0 0.08700000000000006)(49.37515071602898 79.0)
(1.0E-9,10.0,0.08700000000000006)(63.312853000090854 5.0)
(1.0E-9,10.0,0.08700000000000006)(63.1358937928245 19.0)
(1.0E-9,10.0,0.08700000000000006)(63.07693199520658 27.0)
(1.0E-9,10.0,0.08700000000000006)(63.07693199520658 28.0)
(1.0E-9,10.0,0.08700000000000006)(63.07693199520658 29.0)
(1.0E-9,10.0,0.08700000000000006)(63.07693199520658 32.0)
(1.0E-9,10.0,0.08700000000000006)(63.07693199520658 30.0)
(1.0E-9,10.0,0.08700000000000006)(63.07693199520658 31.0)
(1.0E-9 10.0 0.08800000000000006)(49.37515071602898 79.0)
(1.0E-9,10.0,0.08800000000000006)(63.312853000090854 5.0)
(1.0E-9,10.0,0.08800000000000006)(63.1358937928245 19.0)
(1.0E-9,10.0,0.08800000000000006)(63.07693199520658 27.0)
(1.0E-9,10.0,0.08800000000000006)(63.07693199520658 28.0)
(1.0E-9,10.0,0.08800000000000006)(63.07693199520658 29.0)
(1.0E-9,10.0,0.08800000000000006)(63.07693199520658 32.0)
(1.0E-9,10.0,0.08800000000000006)(63.07693199520658 30.0)
(1.0E-9,10.0,0.08800000000000006)(63.07693199520658 31.0)
(1.0E-9,10.0,0.08800000000000006)(63.06722645401987 36.0)
(1.0E-9,10.0,0.08800000000000006)(63.06722645401987 35.0)
(1.0E-9 10.0 0.08900000000000007)(49.60423737011951 78.0)
(1.0E-9,10.0,0.08900000000000007)(63.312853000090854 5.0)
(1.0E-9,10.0,0.08900000000000007)(63.1358937928245 19.0)
(1.0E-9,10.0,0.08900000000000007)(63.07693199520658 27.0)
(1.0E-9,10.0,0.08900000000000007)(63.07693199520658 28.0)
(1.0E-9,10.0,0.08900000000000007)(63.07693199520658 29.0)
(1.0E-9,10.0,0.08900000000000007)(63.07693199520658 32.0)
(1.0E-9,10.0,0.08900000000000007)(63.07693199520658 30.0)
(1.0E-9,10.0,0.08900000000000007)(63.07693199520658 31.0)
(1.0E-9,10.0,0.08900000000000007)(63.06722645401987 37.0)
(1.0E-9,10.0,0.08900000000000007)(63.06722645401987 36.0)
(1.0E-9 10.0 0.09000000000000007)(49.60423737011951 78.0)
(1.0E-9,10.0,0.09000000000000007)(63.312853000090854 5.0)
(1.0E-9,10.0,0.09000000000000007)(63.1358937928245 19.0)
(1.0E-9,10.0,0.09000000000000007)(63.07693199520658 27.0)
(1.0E-9,10.0,0.09000000000000007)(63.07693199520658 28.0)
(1.0E-9,10.0,0.09000000000000007)(63.07693199520658 29.0)
(1.0E-9,10.0,0.09000000000000007)(63.07693199520658 32.0)
(1.0E-9,10.0,0.09000000000000007)(63.06722645401987 35.0)
(1.0E-9,10.0,0.09000000000000007)(63.07693199520658 33.0)
(1.0E-9,10.0,0.09000000000000007)(63.07693199520658 30.0)
(1.0E-9 10.0 0.09100000000000007)(49.60423737011951 78.0)
(1.0E-9,10.0,0.09100000000000007)(63.312853000090854 5.0)
(1.0E-9,10.0,0.09100000000000007)(63.1358937928245 19.0)
(1.0E-9,10.0,0.09100000000000007)(63.07693199520658 27.0)
(1.0E-9,10.0,0.09100000000000007)(63.07693199520658 28.0)
(1.0E-9,10.0,0.09100000000000007)(63.07693199520658 29.0)
(1.0E-9,10.0,0.09100000000000007)(63.07693199520658 32.0)
(1.0E-9,10.0,0.09100000000000007)(63.06722645401987 35.0)
(1.0E-9,10.0,0.09100000000000007)(63.07693199520658 33.0)
(1.0E-9,10.0,0.09100000000000007)(63.07693199520658 30.0)
(1.0E-9 10.0 0.09200000000000007)(49.43464378694158 79.0)
(1.0E-9,10.0,0.09200000000000007)(63.312853000090854 5.0)
(1.0E-9,10.0,0.09200000000000007)(63.1358937928245 19.0)
(1.0E-9,10.0,0.09200000000000007)(63.01650861089896 28.0)
(1.0E-9,10.0,0.09200000000000007)(63.07693199520658 28.0)
(1.0E-9,10.0,0.09200000000000007)(63.07693199520658 31.0)
(1.0E-9,10.0,0.09200000000000007)(63.07693199520658 34.0)
(1.0E-9,10.0,0.09200000000000007)(63.07693199520658 30.0)
(1.0E-9,10.0,0.09200000000000007)(63.06722645401987 36.0)
(1.0E-9,10.0,0.09200000000000007)(63.06722645401987 37.0)
(1.0E-9 10.0 0.09300000000000007)(48.97188180609896 84.0)
(1.0E-9,10.0,0.09300000000000007)(63.312853000090854 5.0)
(1.0E-9,10.0,0.09300000000000007)(63.1358937928245 21.0)
(1.0E-9,10.0,0.09300000000000007)(63.01650861089896 32.0)
(1.0E-9,10.0,0.09300000000000007)(62.633338336740074 46.0)
(1.0E-9,10.0,0.09300000000000007)(62.35684453239775 50.0)
(1.0E-9,10.0,0.09300000000000007)(61.81076996746752 55.0)
(1.0E-9,10.0,0.09300000000000007)(61.81076996746752 54.0)
(1.0E-9,10.0,0.09300000000000007)(62.22691006853085 50.0)
(1.0E-9,10.0,0.09300000000000007)(62.01101903886405 51.0)
(1.0E-9,10.0,0.09300000000000007)(62.01101903886405 53.0)
(1.0E-9 10.0 0.09400000000000007)(49.43464378694158 79.0)
(1.0E-9,10.0,0.09400000000000007)(63.312853000090854 5.0)
(1.0E-9,10.0,0.09400000000000007)(63.1358937928245 19.0)
(1.0E-9,10.0,0.09400000000000007)(63.01650861089896 28.0)
(1.0E-9,10.0,0.09400000000000007)(63.07693199520658 28.0)
(1.0E-9,10.0,0.09400000000000007)(63.07693199520658 31.0)
(1.0E-9,10.0,0.09400000000000007)(63.07693199520658 32.0)
(1.0E-9,10.0,0.09400000000000007)(63.07693199520658 30.0)
(1.0E-9,10.0,0.09400000000000007)(63.06722645401987 34.0)
(1.0E-9 10.0 0.09500000000000007)(49.43464378694158 79.0)
(1.0E-9,10.0,0.09500000000000007)(63.312853000090854 5.0)
(1.0E-9,10.0,0.09500000000000007)(63.1358937928245 19.0)
(1.0E-9,10.0,0.09500000000000007)(63.01650861089896 28.0)
(1.0E-9,10.0,0.09500000000000007)(63.07693199520658 28.0)
(1.0E-9,10.0,0.09500000000000007)(63.07693199520658 29.0)
(1.0E-9,10.0,0.09500000000000007)(63.07693199520658 32.0)
(1.0E-9,10.0,0.09500000000000007)(63.07693199520658 33.0)
(1.0E-9,10.0,0.09500000000000007)(63.07693199520658 31.0)
(1.0E-9,10.0,0.09500000000000007)(63.06722645401987 34.0)
(1.0E-9,10.0,0.09500000000000007)(63.06722645401987 36.0)
(1.0E-9 10.0 0.09600000000000007)(49.43464378694158 79.0)
(1.0E-9,10.0,0.09600000000000007)(63.312853000090854 5.0)
(1.0E-9,10.0,0.09600000000000007)(63.1358937928245 19.0)
(1.0E-9,10.0,0.09600000000000007)(63.01650861089896 28.0)
(1.0E-9,10.0,0.09600000000000007)(63.07693199520658 28.0)
(1.0E-9,10.0,0.09600000000000007)(63.07693199520658 29.0)
(1.0E-9,10.0,0.09600000000000007)(63.07693199520658 32.0)
(1.0E-9,10.0,0.09600000000000007)(63.07693199520658 30.0)
(1.0E-9,10.0,0.09600000000000007)(63.07693199520658 31.0)
(1.0E-9 10.0 0.09700000000000007)(46.15043988980439 82.0)
(1.0E-9,10.0,0.09700000000000007)(63.312853000090854 5.0)
(1.0E-9,10.0,0.09700000000000007)(63.1358937928245 21.0)
(1.0E-9,10.0,0.09700000000000007)(63.01650861089896 29.0)
(1.0E-9,10.0,0.09700000000000007)(63.07693199520658 28.0)
(1.0E-9,10.0,0.09700000000000007)(63.07693199520658 31.0)
(1.0E-9,10.0,0.09700000000000007)(63.07693199520658 30.0)
(1.0E-9,10.0,0.09700000000000007)(63.07693199520658 33.0)
(1.0E-9,10.0,0.09700000000000007)(63.06722645401987 38.0)
(1.0E-9 10.0 0.09800000000000007)(46.15043988980439 82.0)
(1.0E-9,10.0,0.09800000000000007)(63.312853000090854 5.0)
(1.0E-9,10.0,0.09800000000000007)(63.1358937928245 21.0)
(1.0E-9,10.0,0.09800000000000007)(63.01650861089896 29.0)
(1.0E-9,10.0,0.09800000000000007)(63.07693199520658 28.0)
(1.0E-9,10.0,0.09800000000000007)(63.07693199520658 31.0)
(1.0E-9,10.0,0.09800000000000007)(63.07693199520658 30.0)
(1.0E-9,10.0,0.09800000000000007)(63.07693199520658 33.0)
(1.0E-9,10.0,0.09800000000000007)(63.06722645401987 38.0)
(1.0E-9 10.0 0.09900000000000007)(41.79824614659996 83.0)
(1.0E-9,10.0,0.09900000000000007)(63.312853000090854 5.0)
(1.0E-9,10.0,0.09900000000000007)(63.1358937928245 21.0)
(1.0E-9,10.0,0.09900000000000007)(63.07693199520658 28.0)
(1.0E-9,10.0,0.09900000000000007)(63.07693199520658 29.0)
(1.0E-9,10.0,0.09900000000000007)(63.07693199520658 31.0)
(1.0E-9,10.0,0.09900000000000007)(63.07693199520658 32.0)
(1.0E-9,10.0,0.09900000000000007)(63.07693199520658 30.0)
(1.0E-9,10.0,0.09900000000000007)(63.06722645401987 37.0)
(1.0E-9,10.0,0.09900000000000007)(63.07693199520658 33.0)
(1.0E-9 10.0 0.10000000000000007)(41.79824614659996 83.0)
(1.0E-9,10.0,0.10000000000000007)(63.312853000090854 6.0)
(1.0E-9,10.0,0.10000000000000007)(63.1358937928245 21.0)
(1.0E-9,10.0,0.10000000000000007)(63.07693199520658 28.0)
(1.0E-9,10.0,0.10000000000000007)(63.07693199520658 29.0)
(1.0E-9,10.0,0.10000000000000007)(63.07693199520658 31.0)
(1.0E-9,10.0,0.10000000000000007)(63.07693199520658 32.0)
(1.0E-9,10.0,0.10000000000000007)(63.06722645401987 36.0)
(1.0E-9,10.0,0.10000000000000007)(63.06722645401987 35.0)
(1.0E-9,10.0,0.10000000000000007)(63.07693199520658 30.0)
(1.0E-9,10.0,0.10000000000000007)(63.07693199520658 33.0)
(1.0E-9 10.0 0.10100000000000008)(39.762628365355155 92.0)
(1.0E-9,10.0,0.10100000000000008)(63.312853000090854 5.0)
(1.0E-9,10.0,0.10100000000000008)(63.1358937928245 24.0)
(1.0E-9,10.0,0.10100000000000008)(63.01650861089896 34.0)
(1.0E-9,10.0,0.10100000000000008)(62.54040209381848 46.0)
(1.0E-9,10.0,0.10100000000000008)(62.44706169888543 47.0)
(1.0E-9,10.0,0.10100000000000008)(61.81076996746752 54.0)
(1.0E-9,10.0,0.10100000000000008)(63.06722645401987 36.0)
(1.0E-9,10.0,0.10100000000000008)(61.916703537044135 54.0)
(1.0E-9,10.0,0.10100000000000008)(62.01101903886405 52.0)
(1.0E-9,10.0,0.10100000000000008)(61.916703537044135 55.0)
(1.0E-9,10.0,0.10100000000000008)(62.01101903886405 51.0)
(1.0E-9,10.0,0.10100000000000008)(61.916703537044135 56.0)
(1.0E-9 10.0 0.10200000000000008)(39.762628365355155 92.0)
(1.0E-9,10.0,0.10200000000000008)(63.312853000090854 5.0)
(1.0E-9,10.0,0.10200000000000008)(63.1358937928245 24.0)
(1.0E-9,10.0,0.10200000000000008)(63.01650861089896 34.0)
(1.0E-9,10.0,0.10200000000000008)(62.45047280281832 49.0)
(1.0E-9,10.0,0.10200000000000008)(62.44706169888543 47.0)
(1.0E-9,10.0,0.10200000000000008)(62.552080559079194 45.0)
(1.0E-9,10.0,0.10200000000000008)(63.06722645401987 36.0)
(1.0E-9,10.0,0.10200000000000008)(62.60022933060055 45.0)
(1.0E-9,10.0,0.10200000000000008)(62.60022933060055 43.0)
(1.0E-9,10.0,0.10200000000000008)(62.552080559079194 46.0)
(1.0E-9 10.0 0.10300000000000008)(39.762628365355155 92.0)
(1.0E-9,10.0,0.10300000000000008)(63.312853000090854 5.0)
(1.0E-9,10.0,0.10300000000000008)(63.1358937928245 24.0)
(1.0E-9,10.0,0.10300000000000008)(63.01650861089896 34.0)
(1.0E-9,10.0,0.10300000000000008)(62.45047280281832 49.0)
(1.0E-9,10.0,0.10300000000000008)(62.46215126807903 49.0)
(1.0E-9,10.0,0.10300000000000008)(62.552080559079194 45.0)
(1.0E-9,10.0,0.10300000000000008)(63.06722645401987 37.0)
(1.0E-9,10.0,0.10300000000000008)(62.5260217010217 46.0)
(1.0E-9,10.0,0.10300000000000008)(62.60022933060055 43.0)
(1.0E-9 10.0 0.10400000000000008)(39.762628365355155 92.0)
(1.0E-9,10.0,0.10400000000000008)(63.312853000090854 5.0)
(1.0E-9,10.0,0.10400000000000008)(63.1358937928245 24.0)
(1.0E-9,10.0,0.10400000000000008)(63.01650861089896 34.0)
(1.0E-9,10.0,0.10400000000000008)(62.45047280281832 49.0)
(1.0E-9,10.0,0.10400000000000008)(62.46215126807903 49.0)
(1.0E-9,10.0,0.10400000000000008)(62.552080559079194 45.0)
(1.0E-9,10.0,0.10400000000000008)(63.06722645401987 37.0)
(1.0E-9,10.0,0.10400000000000008)(62.5260217010217 46.0)
(1.0E-9,10.0,0.10400000000000008)(62.60022933060055 43.0)
(1.0E-9 10.0 0.10500000000000008)(39.762628365355155 92.0)
(1.0E-9,10.0,0.10500000000000008)(63.312853000090854 5.0)
(1.0E-9,10.0,0.10500000000000008)(63.1358937928245 24.0)
(1.0E-9,10.0,0.10500000000000008)(63.01650861089896 34.0)
(1.0E-9,10.0,0.10500000000000008)(62.45047280281832 49.0)
(1.0E-9,10.0,0.10500000000000008)(62.46215126807903 49.0)
(1.0E-9,10.0,0.10500000000000008)(62.6450168020008 44.0)
(1.0E-9,10.0,0.10500000000000008)(63.06722645401987 37.0)
(1.0E-9,10.0,0.10500000000000008)(62.6450168020008 47.0)
(1.0E-9,10.0,0.10500000000000008)(62.6450168020008 45.0)
(1.0E-9,10.0,0.10500000000000008)(62.6450168020008 46.0)
(1.0E-9 10.0 0.10600000000000008)(39.762628365355155 92.0)
(1.0E-9,10.0,0.10600000000000008)(63.312853000090854 5.0)
(1.0E-9,10.0,0.10600000000000008)(63.1358937928245 24.0)
(1.0E-9,10.0,0.10600000000000008)(63.01650861089896 34.0)
(1.0E-9,10.0,0.10600000000000008)(62.45047280281832 49.0)
(1.0E-9,10.0,0.10600000000000008)(62.46215126807903 49.0)
(1.0E-9,10.0,0.10600000000000008)(62.6450168020008 44.0)
(1.0E-9,10.0,0.10600000000000008)(63.06722645401987 37.0)
(1.0E-9,10.0,0.10600000000000008)(63.06722645401987 42.0)
(1.0E-9,10.0,0.10600000000000008)(62.6450168020008 45.0)
(1.0E-9 10.0 0.10700000000000008)(34.170806762968745 91.0)
(1.0E-9,10.0,0.10700000000000008)(63.312853000090854 6.0)
(1.0E-9,10.0,0.10700000000000008)(63.1358937928245 26.0)
(1.0E-9,10.0,0.10700000000000008)(63.07693199520658 28.0)
(1.0E-9,10.0,0.10700000000000008)(63.07693199520658 29.0)
(1.0E-9,10.0,0.10700000000000008)(63.07693199520658 31.0)
(1.0E-9,10.0,0.10700000000000008)(63.07693199520658 30.0)
(1.0E-9,10.0,0.10700000000000008)(63.07693199520658 32.0)
(1.0E-9,10.0,0.10700000000000008)(63.06722645401987 37.0)
(1.0E-9 10.0 0.10800000000000008)(34.170806762968745 91.0)
(1.0E-9,10.0,0.10800000000000008)(63.312853000090854 6.0)
(1.0E-9,10.0,0.10800000000000008)(63.1358937928245 26.0)
(1.0E-9,10.0,0.10800000000000008)(63.07693199520658 28.0)
(1.0E-9,10.0,0.10800000000000008)(63.07693199520658 29.0)
(1.0E-9,10.0,0.10800000000000008)(63.07693199520658 31.0)
(1.0E-9,10.0,0.10800000000000008)(63.06722645401987 34.0)
(1.0E-9,10.0,0.10800000000000008)(63.06722645401987 35.0)
(1.0E-9,10.0,0.10800000000000008)(63.07693199520658 30.0)
(1.0E-9,10.0,0.10800000000000008)(63.312853000090854 1.0)
(1.0E-9,10.0,0.10800000000000008)(63.07693199520658 32.0)
(1.0E-9,10.0,0.10800000000000008)(63.07693199520658 33.0)
(1.0E-9,10.0,0.10800000000000008)(63.06722645401987 39.0)
(1.0E-9 10.0 0.10900000000000008)(33.36662924969925 92.0)
(1.0E-9,10.0,0.10900000000000008)(63.312853000090854 6.0)
(1.0E-9,10.0,0.10900000000000008)(63.1358937928245 26.0)
(1.0E-9,10.0,0.10900000000000008)(63.07693199520658 28.0)
(1.0E-9,10.0,0.10900000000000008)(63.07693199520658 29.0)
(1.0E-9,10.0,0.10900000000000008)(63.07693199520658 31.0)
(1.0E-9,10.0,0.10900000000000008)(63.06722645401987 34.0)
(1.0E-9,10.0,0.10900000000000008)(63.07693199520658 30.0)
(1.0E-9,10.0,0.10900000000000008)(63.06722645401987 35.0)
(1.0E-9,10.0,0.10900000000000008)(63.312853000090854 1.0)
(1.0E-9,10.0,0.10900000000000008)(63.06722645401987 33.0)
(1.0E-9,10.0,0.10900000000000008)(63.07693199520658 32.0)
(1.0E-9,10.0,0.10900000000000008)(63.06722645401987 38.0)
(1.0E-9 10.0 0.11000000000000008)(31.523602968818278 94.0)
(1.0E-9,10.0,0.11000000000000008)(63.1358937928245 9.0)
(1.0E-9,10.0,0.11000000000000008)(63.07693199520658 27.0)
(1.0E-9,10.0,0.11000000000000008)(63.07693199520658 30.0)
(1.0E-9,10.0,0.11000000000000008)(63.07693199520658 31.0)
(1.0E-9,10.0,0.11000000000000008)(63.06722645401987 34.0)
(1.0E-9,10.0,0.11000000000000008)(63.06722645401987 35.0)
(1.0E-9,10.0,0.11000000000000008)(63.06722645401987 37.0)
(1.0E-9,10.0,0.11000000000000008)(63.312853000090854 1.0)
(1.0E-9,10.0,0.11000000000000008)(63.06722645401987 36.0)
(1.0E-9,10.0,0.11000000000000008)(63.07693199520658 32.0)
(1.0E-9 10.0 0.11100000000000008)(31.523602968818278 94.0)
(1.0E-9,10.0,0.11100000000000008)(63.1358937928245 9.0)
(1.0E-9,10.0,0.11100000000000008)(63.07693199520658 27.0)
(1.0E-9,10.0,0.11100000000000008)(63.07693199520658 30.0)
(1.0E-9,10.0,0.11100000000000008)(63.07693199520658 31.0)
(1.0E-9,10.0,0.11100000000000008)(63.06722645401987 34.0)
(1.0E-9,10.0,0.11100000000000008)(63.06722645401987 35.0)
(1.0E-9,10.0,0.11100000000000008)(63.06722645401987 37.0)
(1.0E-9,10.0,0.11100000000000008)(63.312853000090854 1.0)
(1.0E-9,10.0,0.11100000000000008)(63.06722645401987 36.0)
(1.0E-9,10.0,0.11100000000000008)(63.07693199520658 32.0)
(1.0E-9 10.0 0.11200000000000009)(31.451148171290367 95.0)
(1.0E-9,10.0,0.11200000000000009)(63.1358937928245 11.0)
(1.0E-9,10.0,0.11200000000000009)(63.01650861089896 29.0)
(1.0E-9,10.0,0.11200000000000009)(63.01650861089896 33.0)
(1.0E-9,10.0,0.11200000000000009)(63.00661529850565 35.0)
(1.0E-9,10.0,0.11200000000000009)(63.00661529850565 36.0)
(1.0E-9,10.0,0.11200000000000009)(63.312853000090854 1.0)
(1.0E-9,10.0,0.11200000000000009)(63.00661529850565 37.0)
(1.0E-9,10.0,0.11200000000000009)(63.00661529850565 38.0)
(1.0E-9,10.0,0.11200000000000009)(63.01650861089896 32.0)
(1.0E-9,10.0,0.11200000000000009)(63.00661529850565 41.0)
(1.0E-9,10.0,0.11200000000000009)(63.01650861089896 34.0)
(1.0E-9,10.0,0.11200000000000009)(63.00661529850565 43.0)
(1.0E-9 10.0 0.11300000000000009)(29.880791829477566 102.0)
(1.0E-9,10.0,0.11300000000000009)(63.1358937928245 11.0)
(1.0E-9,10.0,0.11300000000000009)(63.01650861089896 33.0)
(1.0E-9,10.0,0.11300000000000009)(62.64890962375436 45.0)
(1.0E-9,10.0,0.11300000000000009)(63.00661529850565 37.0)
(1.0E-9,10.0,0.11300000000000009)(62.22691006853085 53.0)
(1.0E-9,10.0,0.11300000000000009)(62.6929540152837 43.0)
(1.0E-9,10.0,0.11300000000000009)(62.6929540152837 44.0)
(1.0E-9,10.0,0.11300000000000009)(62.6929540152837 48.0)
(1.0E-9 10.0 0.11400000000000009)(29.76719186720778 103.0)
(1.0E-9,10.0,0.11400000000000009)(63.1358937928245 11.0)
(1.0E-9,10.0,0.11400000000000009)(63.01650861089896 34.0)
(1.0E-9,10.0,0.11400000000000009)(62.45047280281832 49.0)
(1.0E-9,10.0,0.11400000000000009)(62.6450168020008 44.0)
(1.0E-9,10.0,0.11400000000000009)(62.13301442191451 54.0)
(1.0E-9,10.0,0.11400000000000009)(62.6450168020008 45.0)
(1.0E-9,10.0,0.11400000000000009)(62.6929540152837 43.0)
(1.0E-9,10.0,0.11400000000000009)(62.61906128353731 47.0)
(1.0E-9,10.0,0.11400000000000009)(62.61906128353731 46.0)
(1.0E-9 10.0 0.11500000000000009)(29.246859221852393 97.0)
(1.0E-9,10.0,0.11500000000000009)(63.1358937928245 11.0)
(1.0E-9,10.0,0.11500000000000009)(63.01650861089896 30.0)
(1.0E-9,10.0,0.11500000000000009)(63.01650861089896 32.0)
(1.0E-9,10.0,0.11500000000000009)(63.00661529850565 35.0)
(1.0E-9,10.0,0.11500000000000009)(63.00661529850565 34.0)
(1.0E-9,10.0,0.11500000000000009)(63.1358937928245 26.0)
(1.0E-9,10.0,0.11500000000000009)(63.01650861089896 31.0)
(1.0E-9,10.0,0.11500000000000009)(63.01650861089896 33.0)
(1.0E-9 10.0 0.11600000000000009)(27.70632875091793 104.0)
(1.0E-9,10.0,0.11600000000000009)(63.1358937928245 11.0)
(1.0E-9,10.0,0.11600000000000009)(63.01650861089896 33.0)
(1.0E-9,10.0,0.11600000000000009)(62.35684453239775 50.0)
(1.0E-9,10.0,0.11600000000000009)(62.6929540152837 42.0)
(1.0E-9,10.0,0.11600000000000009)(62.6450168020008 44.0)
(1.0E-9,10.0,0.11600000000000009)(63.00661529850565 40.0)
(1.0E-9,10.0,0.11600000000000009)(63.00661529850565 41.0)
(1.0E-9,10.0,0.11600000000000009)(62.6929540152837 43.0)
(1.0E-9,10.0,0.11600000000000009)(61.91172559817707 54.0)
(1.0E-9,10.0,0.11600000000000009)(62.46930126905196 46.0)
(1.0E-9,10.0,0.11600000000000009)(62.60022933060055 43.0)
(1.0E-9,10.0,0.11600000000000009)(62.49540950688547 47.0)
(1.0E-9,10.0,0.11600000000000009)(62.57422134943239 47.0)
(1.0E-9,10.0,0.11600000000000009)(62.552080559079194 47.0)
(1.0E-9 10.0 0.11700000000000009)(27.70632875091793 104.0)
(1.0E-9,10.0,0.11700000000000009)(63.1358937928245 11.0)
(1.0E-9,10.0,0.11700000000000009)(63.01650861089896 33.0)
(1.0E-9,10.0,0.11700000000000009)(62.35684453239775 50.0)
(1.0E-9,10.0,0.11700000000000009)(62.6929540152837 42.0)
(1.0E-9,10.0,0.11700000000000009)(62.6450168020008 44.0)
(1.0E-9,10.0,0.11700000000000009)(63.00661529850565 40.0)
(1.0E-9,10.0,0.11700000000000009)(63.00661529850565 41.0)
(1.0E-9,10.0,0.11700000000000009)(62.6929540152837 43.0)
(1.0E-9,10.0,0.11700000000000009)(61.91172559817707 54.0)
(1.0E-9,10.0,0.11700000000000009)(62.46930126905196 46.0)
(1.0E-9,10.0,0.11700000000000009)(62.60022933060055 43.0)
(1.0E-9,10.0,0.11700000000000009)(62.49540950688547 47.0)
(1.0E-9,10.0,0.11700000000000009)(62.57422134943239 47.0)
(1.0E-9,10.0,0.11700000000000009)(62.552080559079194 47.0)
(1.0E-9 10.0 0.11800000000000009)(27.49040901449052 105.0)
(1.0E-9,10.0,0.11800000000000009)(63.1358937928245 11.0)
(1.0E-9,10.0,0.11800000000000009)(63.01650861089896 34.0)
(1.0E-9,10.0,0.11800000000000009)(62.31994199379181 52.0)
(1.0E-9,10.0,0.11800000000000009)(61.95722483857633 54.0)
(1.0E-9,10.0,0.11800000000000009)(62.49540950688547 47.0)
(1.0E-9,10.0,0.11800000000000009)(62.60022933060055 43.0)
(1.0E-9,10.0,0.11800000000000009)(62.60022933060055 46.0)
(1.0E-9,10.0,0.11800000000000009)(62.60022933060055 44.0)
(1.0E-9,10.0,0.11800000000000009)(62.552080559079194 46.0)
(1.0E-9,10.0,0.11800000000000009)(62.6929540152837 43.0)
(1.0E-9,10.0,0.11800000000000009)(62.6929540152837 42.0)
(1.0E-9 10.0 0.11900000000000009)(27.49040901449052 105.0)
(1.0E-9,10.0,0.11900000000000009)(63.1358937928245 11.0)
(1.0E-9,10.0,0.11900000000000009)(63.01650861089896 34.0)
(1.0E-9,10.0,0.11900000000000009)(62.35684453239775 50.0)
(1.0E-9,10.0,0.11900000000000009)(62.60022933060055 45.0)
(1.0E-9,10.0,0.11900000000000009)(62.60022933060055 44.0)
(1.0E-9,10.0,0.11900000000000009)(62.60022933060055 47.0)
(1.0E-9,10.0,0.11900000000000009)(62.60022933060055 43.0)
(1.0E-9,10.0,0.11900000000000009)(62.60022933060055 46.0)
(1.0E-9 10.0 0.12000000000000009)(27.49040901449052 105.0)
(1.0E-9,10.0,0.12000000000000009)(63.1358937928245 11.0)
(1.0E-9,10.0,0.12000000000000009)(63.01650861089896 33.0)
(1.0E-9,10.0,0.12000000000000009)(62.35684453239775 50.0)
(1.0E-9,10.0,0.12000000000000009)(62.60022933060055 45.0)
(1.0E-9,10.0,0.12000000000000009)(62.01101903886405 53.0)
(1.0E-9,10.0,0.12000000000000009)(62.54040209381847 47.0)
(1.0E-9,10.0,0.12000000000000009)(61.78415585772673 56.0)
(1.0E-9,10.0,0.12000000000000009)(62.54040209381847 48.0)
(1.0E-9,10.0,0.12000000000000009)(62.6929540152837 45.0)
(1.0E-9,10.0,0.12000000000000009)(62.60022933060055 49.0)
(1.0E-9,10.0,0.12000000000000009)(62.60022933060055 46.0)
(1.0E-9,10.0,0.12000000000000009)(62.60022933060055 44.0)
(1.0E-9 10.0 0.1210000000000001)(26.727190498397874 106.0)
(1.0E-9,10.0,0.1210000000000001)(63.1358937928245 13.0)
(1.0E-9,10.0,0.1210000000000001)(63.01650861089896 33.0)
(1.0E-9,10.0,0.1210000000000001)(62.633338336740074 46.0)
(1.0E-9,10.0,0.1210000000000001)(62.46215126807903 50.0)
(1.0E-9,10.0,0.1210000000000001)(61.78415585772673 56.0)
(1.0E-9,10.0,0.1210000000000001)(62.54040209381847 47.0)
(1.0E-9,10.0,0.1210000000000001)(62.54040209381847 48.0)
(1.0E-9,10.0,0.1210000000000001)(62.60022933060055 43.0)
(1.0E-9,10.0,0.1210000000000001)(62.6929540152837 43.0)
(1.0E-9,10.0,0.1210000000000001)(62.6929540152837 45.0)
(1.0E-9,10.0,0.1210000000000001)(62.52935927109198 51.0)
(1.0E-9 10.0 0.1220000000000001)(26.727190498397874 106.0)
(1.0E-9,10.0,0.1220000000000001)(63.1358937928245 13.0)
(1.0E-9,10.0,0.1220000000000001)(62.64890962375436 44.0)
(1.0E-9,10.0,0.1220000000000001)(63.00661529850565 36.0)
(1.0E-9,10.0,0.1220000000000001)(63.00661529850565 38.0)
(1.0E-9,10.0,0.1220000000000001)(63.00661529850565 39.0)
(1.0E-9,10.0,0.1220000000000001)(63.00661529850565 41.0)
(1.0E-9,10.0,0.1220000000000001)(62.99668679040642 40.0)
(1.0E-9,10.0,0.1220000000000001)(62.55539288319875 49.0)
(1.0E-9,10.0,0.1220000000000001)(62.978938154471024 45.0)
(1.0E-9,10.0,0.1220000000000001)(62.978938154471024 48.0)
(1.0E-9,10.0,0.1220000000000001)(62.978938154471024 46.0)
(1.0E-9,10.0,0.1220000000000001)(62.96504853923961 48.0)
(1.0E-9,10.0,0.1220000000000001)(62.96504853923961 50.0)
(1.0E-9,10.0,0.1220000000000001)(62.6929540152837 43.0)
(1.0E-9 10.0 0.1230000000000001)(26.54292874295293 107.0)
(1.0E-9,10.0,0.1230000000000001)(63.1358937928245 11.0)
(1.0E-9,10.0,0.1230000000000001)(62.22458705372148 53.0)
(1.0E-9,10.0,0.1230000000000001)(62.13008056115507 60.0)
(1.0E-9,10.0,0.1230000000000001)(61.80577001565775 65.0)
(1.0E-9,10.0,0.1230000000000001)(61.80577001565775 66.0)
(1.0E-9,10.0,0.1230000000000001)(63.00661529850565 39.0)
(1.0E-9,10.0,0.1230000000000001)(63.00661529850565 42.0)
(1.0E-9,10.0,0.1230000000000001)(63.00661529850565 43.0)
(1.0E-9,10.0,0.1230000000000001)(63.312853000090854 1.0)
(1.0E-9,10.0,0.1230000000000001)(63.00661529850565 44.0)
(1.0E-9,10.0,0.1230000000000001)(63.00661529850565 45.0)
(1.0E-9 10.0 0.1240000000000001)(26.54292874295293 107.0)
(1.0E-9,10.0,0.1240000000000001)(63.1358937928245 11.0)
(1.0E-9,10.0,0.1240000000000001)(62.22458705372148 53.0)
(1.0E-9,10.0,0.1240000000000001)(62.13008056115507 60.0)
(1.0E-9,10.0,0.1240000000000001)(61.80577001565775 65.0)
(1.0E-9,10.0,0.1240000000000001)(61.80577001565775 66.0)
(1.0E-9,10.0,0.1240000000000001)(63.00661529850565 39.0)
(1.0E-9,10.0,0.1240000000000001)(63.00661529850565 42.0)
(1.0E-9,10.0,0.1240000000000001)(63.00661529850565 43.0)
(1.0E-9,10.0,0.1240000000000001)(63.312853000090854 1.0)
(1.0E-9,10.0,0.1240000000000001)(63.00661529850565 44.0)
(1.0E-9,10.0,0.1240000000000001)(63.00661529850565 45.0)
(1.0E-9 10.0 0.12500000000000008)(24.85285297002085 107.0)
(1.0E-9,10.0,0.12500000000000008)(63.1358937928245 14.0)
(1.0E-9,10.0,0.12500000000000008)(62.6929540152837 41.0)
(1.0E-9,10.0,0.12500000000000008)(62.503830792926834 47.0)
(1.0E-9,10.0,0.12500000000000008)(63.00661529850565 38.0)
(1.0E-9,10.0,0.12500000000000008)(63.00661529850565 39.0)
(1.0E-9,10.0,0.12500000000000008)(63.00661529850565 42.0)
(1.0E-9,10.0,0.12500000000000008)(62.978938154471024 45.0)
(1.0E-9,10.0,0.12500000000000008)(62.978938154471024 46.0)
(1.0E-9,10.0,0.12500000000000008)(62.552080559079194 45.0)
(1.0E-9,10.0,0.12500000000000008)(62.96504853923961 51.0)
(1.0E-9 10.0 0.12600000000000008)(24.85285297002085 107.0)
(1.0E-9,10.0,0.12600000000000008)(63.1358937928245 14.0)
(1.0E-9,10.0,0.12600000000000008)(62.6929540152837 42.0)
(1.0E-9,10.0,0.12600000000000008)(62.503830792926834 48.0)
(1.0E-9,10.0,0.12600000000000008)(63.00661529850565 39.0)
(1.0E-9,10.0,0.12600000000000008)(63.00661529850565 40.0)
(1.0E-9,10.0,0.12600000000000008)(63.00661529850565 41.0)
(1.0E-9,10.0,0.12600000000000008)(63.00661529850565 45.0)
(1.0E-9,10.0,0.12600000000000008)(63.00661529850565 43.0)
(1.0E-9,10.0,0.12600000000000008)(62.978938154471024 48.0)
(1.0E-9,10.0,0.12600000000000008)(63.312853000090854 1.0)
(1.0E-9,10.0,0.12600000000000008)(62.978938154471024 47.0)
(1.0E-9,10.0,0.12600000000000008)(62.96504853923961 51.0)
(1.0E-9 10.0 0.12700000000000009)(24.85285297002085 107.0)
(1.0E-9,10.0,0.12700000000000009)(63.1358937928245 14.0)
(1.0E-9,10.0,0.12700000000000009)(62.6929540152837 42.0)
(1.0E-9,10.0,0.12700000000000009)(62.656695267261505 44.0)
(1.0E-9,10.0,0.12700000000000009)(63.00661529850565 39.0)
(1.0E-9,10.0,0.12700000000000009)(63.312853000090854 1.0)
(1.0E-9,10.0,0.12700000000000009)(63.00661529850565 40.0)
(1.0E-9,10.0,0.12700000000000009)(63.00661529850565 41.0)
(1.0E-9,10.0,0.12700000000000009)(63.00661529850565 43.0)
(1.0E-9,10.0,0.12700000000000009)(63.00661529850565 45.0)
(1.0E-9,10.0,0.12700000000000009)(62.978938154471024 48.0)
(1.0E-9,10.0,0.12700000000000009)(62.978938154471024 46.0)
(1.0E-9,10.0,0.12700000000000009)(62.96504853923961 50.0)
(1.0E-9,10.0,0.12700000000000009)(62.57422134943239 48.0)
(1.0E-9,10.0,0.12700000000000009)(62.60022933060055 46.0)
(1.0E-9 10.0 0.12800000000000009)(24.85285297002085 107.0)
(1.0E-9,10.0,0.12800000000000009)(63.1358937928245 14.0)
(1.0E-9,10.0,0.12800000000000009)(62.6929540152837 43.0)
(1.0E-9,10.0,0.12800000000000009)(62.503830792926834 47.0)
(1.0E-9,10.0,0.12800000000000009)(63.00661529850565 41.0)
(1.0E-9,10.0,0.12800000000000009)(63.00661529850565 38.0)
(1.0E-9,10.0,0.12800000000000009)(63.00661529850565 40.0)
(1.0E-9,10.0,0.12800000000000009)(63.00661529850565 39.0)
(1.0E-9,10.0,0.12800000000000009)(63.00661529850565 42.0)
(1.0E-9,10.0,0.12800000000000009)(63.00661529850565 44.0)
(1.0E-9,10.0,0.12800000000000009)(62.54040209381847 48.0)
(1.0E-9,10.0,0.12800000000000009)(62.96504853923961 48.0)
(1.0E-9,10.0,0.12800000000000009)(62.96504853923961 50.0)
(1.0E-9,10.0,0.12800000000000009)(62.978938154471024 48.0)
(1.0E-9,10.0,0.12800000000000009)(62.96504853923961 52.0)
(1.0E-9,10.0,0.12800000000000009)(62.60022933060055 44.0)
(1.0E-9,10.0,0.12800000000000009)(62.60022933060055 46.0)
(1.0E-9 10.0 0.1290000000000001)(25.203830420536388 104.0)
(1.0E-9,10.0,0.1290000000000001)(63.1358937928245 14.0)
(1.0E-9,10.0,0.1290000000000001)(62.6929540152837 42.0)
(1.0E-9,10.0,0.1290000000000001)(63.00661529850565 39.0)
(1.0E-9,10.0,0.1290000000000001)(63.312853000090854 1.0)
(1.0E-9,10.0,0.1290000000000001)(63.00661529850565 43.0)
(1.0E-9,10.0,0.1290000000000001)(63.00661529850565 41.0)
(1.0E-9,10.0,0.1290000000000001)(63.00661529850565 40.0)
(1.0E-9,10.0,0.1290000000000001)(62.60022933060055 45.0)
(1.0E-9,10.0,0.1290000000000001)(63.03945780831377 46.0)
(1.0E-9,10.0,0.1290000000000001)(63.025744321463414 50.0)
(1.0E-9,10.0,0.1290000000000001)(62.39640839246767 60.0)
(1.0E-9 10.0 0.1300000000000001)(25.203830420536388 104.0)
(1.0E-9,10.0,0.1300000000000001)(63.1358937928245 14.0)
(1.0E-9,10.0,0.1300000000000001)(62.6929540152837 42.0)
(1.0E-9,10.0,0.1300000000000001)(63.00661529850565 39.0)
(1.0E-9,10.0,0.1300000000000001)(63.312853000090854 1.0)
(1.0E-9,10.0,0.1300000000000001)(63.00661529850565 43.0)
(1.0E-9,10.0,0.1300000000000001)(63.00661529850565 41.0)
(1.0E-9,10.0,0.1300000000000001)(63.00661529850565 40.0)
(1.0E-9,10.0,0.1300000000000001)(62.60022933060055 45.0)
(1.0E-9,10.0,0.1300000000000001)(63.03945780831377 46.0)
(1.0E-9,10.0,0.1300000000000001)(63.025744321463414 50.0)
(1.0E-9,10.0,0.1300000000000001)(62.39640839246767 60.0)
(1.0E-9 10.0 0.1310000000000001)(25.203830420536388 104.0)
(1.0E-9,10.0,0.1310000000000001)(63.1358937928245 14.0)
(1.0E-9,10.0,0.1310000000000001)(62.6929540152837 42.0)
(1.0E-9,10.0,0.1310000000000001)(63.00661529850565 39.0)
(1.0E-9,10.0,0.1310000000000001)(63.312853000090854 1.0)
(1.0E-9,10.0,0.1310000000000001)(63.06722645401987 39.0)
(1.0E-9,10.0,0.1310000000000001)(62.99668679040642 44.0)
(1.0E-9,10.0,0.1310000000000001)(62.978938154471024 46.0)
(1.0E-9,10.0,0.1310000000000001)(62.96504853923961 48.0)
(1.0E-9,10.0,0.1310000000000001)(62.96504853923961 50.0)
(1.0E-9,10.0,0.1310000000000001)(62.60022933060055 46.0)
(1.0E-9,10.0,0.1310000000000001)(62.552080559079194 48.0)
(1.0E-9 10.0 0.1320000000000001)(25.203830420536388 104.0)
(1.0E-9,10.0,0.1320000000000001)(63.1358937928245 14.0)
(1.0E-9,10.0,0.1320000000000001)(62.6929540152837 44.0)
(1.0E-9,10.0,0.1320000000000001)(63.00661529850565 39.0)
(1.0E-9,10.0,0.1320000000000001)(63.312853000090854 1.0)
(1.0E-9,10.0,0.1320000000000001)(62.96504853923961 48.0)
(1.0E-9,10.0,0.1320000000000001)(62.978938154471024 48.0)
(1.0E-9,10.0,0.1320000000000001)(62.60022933060055 45.0)
(1.0E-9,10.0,0.1320000000000001)(62.96504853923961 50.0)
(1.0E-9,10.0,0.1320000000000001)(62.96504853923961 51.0)
(1.0E-9 10.0 0.1330000000000001)(25.203830420536388 104.0)
(1.0E-9,10.0,0.1330000000000001)(63.1358937928245 14.0)
(1.0E-9,10.0,0.1330000000000001)(62.6929540152837 44.0)
(1.0E-9,10.0,0.1330000000000001)(63.00661529850565 39.0)
(1.0E-9,10.0,0.1330000000000001)(63.00661529850565 38.0)
(1.0E-9,10.0,0.1330000000000001)(62.41029710835977 50.0)
(1.0E-9,10.0,0.1330000000000001)(63.312853000090854 1.0)
(1.0E-9,10.0,0.1330000000000001)(63.00661529850565 42.0)
(1.0E-9,10.0,0.1330000000000001)(61.58036265096808 60.0)
(1.0E-9,10.0,0.1330000000000001)(62.982830976224605 46.0)
(1.0E-9,10.0,0.1330000000000001)(62.978938154471024 46.0)
(1.0E-9,10.0,0.1330000000000001)(62.96504853923961 47.0)
(1.0E-9,10.0,0.1330000000000001)(62.60022933060055 48.0)
(1.0E-9,10.0,0.1330000000000001)(62.96504853923961 51.0)
(1.0E-9,10.0,0.1330000000000001)(62.578114171185966 46.0)
(1.0E-9 10.0 0.1340000000000001)(23.327766431373735 105.0)
(1.0E-9,10.0,0.1340000000000001)(63.1358937928245 14.0)
(1.0E-9,10.0,0.1340000000000001)(62.6929540152837 45.0)
(1.0E-9,10.0,0.1340000000000001)(62.61254343839547 48.0)
(1.0E-9,10.0,0.1340000000000001)(63.00661529850565 40.0)
(1.0E-9,10.0,0.1340000000000001)(62.896337528828575 50.0)
(1.0E-9,10.0,0.1340000000000001)(62.94143537441942 49.0)
(1.0E-9,10.0,0.1340000000000001)(63.312853000090854 37.0)
(1.0E-9,10.0,0.1340000000000001)(63.00661529850565 42.0)
(1.0E-9,10.0,0.1340000000000001)(62.919694459350005 54.0)
(1.0E-9,10.0,0.1340000000000001)(62.99668679040642 44.0)
(1.0E-9,10.0,0.1340000000000001)(62.60022933060055 48.0)
(1.0E-9,10.0,0.1340000000000001)(62.891688792111495 57.0)
(1.0E-9,10.0,0.1340000000000001)(62.899474435618636 63.0)
(1.0E-9,10.0,0.1340000000000001)(62.90336725737222 58.0)
(1.0E-9,10.0,0.1340000000000001)(63.312853000090854 1.0)
(1.0E-9,10.0,0.1340000000000001)(61.739998313073436 59.0)
(1.0E-9 10.0 0.1350000000000001)(23.327766431373735 105.0)
(1.0E-9,10.0,0.1350000000000001)(63.1358937928245 14.0)
(1.0E-9,10.0,0.1350000000000001)(62.54040209381848 47.0)
(1.0E-9,10.0,0.1350000000000001)(63.00661529850565 39.0)
(1.0E-9,10.0,0.1350000000000001)(63.00661529850565 40.0)
(1.0E-9,10.0,0.1350000000000001)(63.312853000090854 1.0)
(1.0E-9,10.0,0.1350000000000001)(62.94532819617298 48.0)
(1.0E-9,10.0,0.1350000000000001)(62.84573084603215 52.0)
(1.0E-9,10.0,0.1350000000000001)(63.312853000090854 24.0)
(1.0E-9,10.0,0.1350000000000001)(63.00661529850565 46.0)
(1.0E-9,10.0,0.1350000000000001)(61.58036265096808 65.0)
(1.0E-9,10.0,0.1350000000000001)(61.58036265096808 62.0)
(1.0E-9,10.0,0.1350000000000001)(62.96504853923961 52.0)
(1.0E-9 10.0 0.1360000000000001)(23.327766431373735 105.0)
(1.0E-9,10.0,0.1360000000000001)(63.1358937928245 14.0)
(1.0E-9,10.0,0.1360000000000001)(62.54040209381848 47.0)
(1.0E-9,10.0,0.1360000000000001)(63.00661529850565 39.0)
(1.0E-9,10.0,0.1360000000000001)(63.312853000090854 1.0)
(1.0E-9,10.0,0.1360000000000001)(62.59042827898087 50.0)
(1.0E-9,10.0,0.1360000000000001)(59.877203079386874 70.0)
(1.0E-9,10.0,0.1360000000000001)(62.85215670838604 54.0)
(1.0E-9,10.0,0.1360000000000001)(62.78810464828563 57.0)
(1.0E-9,10.0,0.1360000000000001)(63.312853000090854 30.0)
(1.0E-9,10.0,0.1360000000000001)(62.93166167106347 57.0)
(1.0E-9,10.0,0.1360000000000001)(62.93166167106347 58.0)
(1.0E-9,10.0,0.1360000000000001)(62.9177063995012 60.0)
(1.0E-9 10.0 0.1370000000000001)(23.327766431373735 105.0)
(1.0E-9,10.0,0.1370000000000001)(63.1358937928245 14.0)
(1.0E-9,10.0,0.1370000000000001)(62.54040209381848 47.0)
(1.0E-9,10.0,0.1370000000000001)(63.00661529850565 39.0)
(1.0E-9,10.0,0.1370000000000001)(63.312853000090854 1.0)
(1.0E-9,10.0,0.1370000000000001)(62.59042827898087 50.0)
(1.0E-9,10.0,0.1370000000000001)(59.877203079386874 70.0)
(1.0E-9,10.0,0.1370000000000001)(62.85215670838604 54.0)
(1.0E-9,10.0,0.1370000000000001)(62.78810464828563 57.0)
(1.0E-9,10.0,0.1370000000000001)(63.312853000090854 30.0)
(1.0E-9,10.0,0.1370000000000001)(62.93166167106347 57.0)
(1.0E-9,10.0,0.1370000000000001)(62.93166167106347 58.0)
(1.0E-9,10.0,0.1370000000000001)(62.9177063995012 60.0)
(1.0E-9 10.0 0.1380000000000001)(23.327766431373735 105.0)
(1.0E-9,10.0,0.1380000000000001)(63.1358937928245 14.0)
(1.0E-9,10.0,0.1380000000000001)(62.54040209381848 48.0)
(1.0E-9,10.0,0.1380000000000001)(63.00661529850565 39.0)
(1.0E-9,10.0,0.1380000000000001)(62.80196532623829 45.0)
(1.0E-9,10.0,0.1380000000000001)(63.00661529850565 40.0)
(1.0E-9,10.0,0.1380000000000001)(62.94143537441942 48.0)
(1.0E-9,10.0,0.1380000000000001)(62.92197126565156 48.0)
(1.0E-9,10.0,0.1380000000000001)(63.312853000090854 1.0)
(1.0E-9,10.0,0.1380000000000001)(62.919694459350005 54.0)
(1.0E-9,10.0,0.1380000000000001)(62.9096001059962 55.0)
(1.0E-9,10.0,0.1380000000000001)(62.41375549631806 54.0)
(1.0E-9,10.0,0.1380000000000001)(62.529914522775265 49.0)
(1.0E-9,10.0,0.1380000000000001)(62.891688792111495 59.0)
(1.0E-9,10.0,0.1380000000000001)(62.891688792111495 62.0)
(1.0E-9,10.0,0.1380000000000001)(62.877639548617765 64.0)
(1.0E-9 10.0 0.1390000000000001)(23.430064052239732 104.0)
(1.0E-9,10.0,0.1390000000000001)(63.1358937928245 14.0)
(1.0E-9,10.0,0.1390000000000001)(62.45047280281832 52.0)
(1.0E-9,10.0,0.1390000000000001)(62.519402079941116 50.0)
(1.0E-9,10.0,0.1390000000000001)(63.312853000090854 1.0)
(1.0E-9,10.0,0.1390000000000001)(63.00661529850565 42.0)
(1.0E-9,10.0,0.1390000000000001)(62.519402079941116 53.0)
(1.0E-9,10.0,0.1390000000000001)(62.978938154471024 48.0)
(1.0E-9,10.0,0.1390000000000001)(62.96504853923961 48.0)
(1.0E-9,10.0,0.1390000000000001)(62.978938154471024 46.0)
(1.0E-9,10.0,0.1390000000000001)(62.62295410529088 48.0)
(1.0E-9,10.0,0.1390000000000001)(62.529914522775265 51.0)
(1.0E-9,10.0,0.1390000000000001)(62.529914522775265 49.0)
(1.0E-9 10.0 0.1400000000000001)(23.430064052239732 104.0)
(1.0E-9,10.0,0.1400000000000001)(63.1358937928245 14.0)
(1.0E-9,10.0,0.1400000000000001)(62.45047280281832 52.0)
(1.0E-9,10.0,0.1400000000000001)(62.519402079941116 50.0)
(1.0E-9,10.0,0.1400000000000001)(63.312853000090854 1.0)
(1.0E-9,10.0,0.1400000000000001)(63.1358937928245 28.0)
(1.0E-9,10.0,0.1400000000000001)(63.00661529850565 43.0)
(1.0E-9,10.0,0.1400000000000001)(62.978938154471024 46.0)
(1.0E-9,10.0,0.1400000000000001)(62.96504853923961 47.0)
(1.0E-9,10.0,0.1400000000000001)(62.55597338083276 48.0)
(1.0E-9,10.0,0.1400000000000001)(62.529914522775265 48.0)
(1.0E-9,10.0,0.1400000000000001)(62.43991169791249 53.0)
(1.0E-9 10.0 0.1410000000000001)(23.430064052239732 104.0)
(1.0E-9,10.0,0.1410000000000001)(63.1358937928245 14.0)
(1.0E-9,10.0,0.1410000000000001)(62.45047280281832 52.0)
(1.0E-9,10.0,0.1410000000000001)(62.519402079941116 50.0)
(1.0E-9,10.0,0.1410000000000001)(63.312853000090854 1.0)
(1.0E-9,10.0,0.1410000000000001)(63.00661529850565 43.0)
(1.0E-9,10.0,0.1410000000000001)(63.00661529850565 44.0)
(1.0E-9,10.0,0.1410000000000001)(62.96504853923961 48.0)
(1.0E-9,10.0,0.1410000000000001)(62.978938154471024 46.0)
(1.0E-9,10.0,0.1410000000000001)(62.978938154471024 47.0)
(1.0E-9,10.0,0.1410000000000001)(62.64890962375436 46.0)
(1.0E-9,10.0,0.1410000000000001)(62.36144265841358 60.0)
(1.0E-9 10.0 0.1420000000000001)(25.308845383674722 103.0)
(1.0E-9,10.0,0.1420000000000001)(63.1358937928245 14.0)
(1.0E-9,10.0,0.1420000000000001)(62.64890962375436 47.0)
(1.0E-9,10.0,0.1420000000000001)(62.519402079941116 50.0)
(1.0E-9,10.0,0.1420000000000001)(63.312853000090854 23.0)
(1.0E-9,10.0,0.1420000000000001)(63.00661529850565 44.0)
(1.0E-9,10.0,0.1420000000000001)(63.00661529850565 45.0)
(1.0E-9,10.0,0.1420000000000001)(63.00661529850565 46.0)
(1.0E-9,10.0,0.1420000000000001)(62.978938154471024 48.0)
(1.0E-9,10.0,0.1420000000000001)(63.312853000090854 1.0)
(1.0E-9,10.0,0.1420000000000001)(62.96504853923961 50.0)
(1.0E-9,10.0,0.1420000000000001)(62.529914522775265 50.0)
(1.0E-9 10.0 0.1430000000000001)(25.308845383674722 103.0)
(1.0E-9,10.0,0.1430000000000001)(63.1358937928245 14.0)
(1.0E-9,10.0,0.1430000000000001)(62.64890962375436 47.0)
(1.0E-9,10.0,0.1430000000000001)(62.519402079941116 50.0)
(1.0E-9,10.0,0.1430000000000001)(63.312853000090854 23.0)
(1.0E-9,10.0,0.1430000000000001)(63.00661529850565 44.0)
(1.0E-9,10.0,0.1430000000000001)(63.00661529850565 45.0)
(1.0E-9,10.0,0.1430000000000001)(63.00661529850565 46.0)
(1.0E-9,10.0,0.1430000000000001)(62.978938154471024 48.0)
(1.0E-9,10.0,0.1430000000000001)(63.312853000090854 1.0)
(1.0E-9,10.0,0.1430000000000001)(62.96504853923961 50.0)
(1.0E-9,10.0,0.1430000000000001)(62.529914522775265 50.0)
(1.0E-9 10.0 0.1440000000000001)(25.308845383674722 103.0)
(1.0E-9,10.0,0.1440000000000001)(63.1358937928245 14.0)
(1.0E-9,10.0,0.1440000000000001)(62.64890962375436 47.0)
(1.0E-9,10.0,0.1440000000000001)(62.519402079941116 50.0)
(1.0E-9,10.0,0.1440000000000001)(63.312853000090854 1.0)
(1.0E-9,10.0,0.1440000000000001)(63.00661529850565 45.0)
(1.0E-9,10.0,0.1440000000000001)(63.00661529850565 46.0)
(1.0E-9,10.0,0.1440000000000001)(62.533252092845544 51.0)
(1.0E-9,10.0,0.1440000000000001)(62.978938154471024 48.0)
(1.0E-9,10.0,0.1440000000000001)(62.96504853923961 50.0)
(1.0E-9 10.0 0.1450000000000001)(25.308845383674722 103.0)
(1.0E-9,10.0,0.1450000000000001)(63.1358937928245 14.0)
(1.0E-9,10.0,0.1450000000000001)(62.64890962375436 47.0)
(1.0E-9,10.0,0.1450000000000001)(62.55597338083276 47.0)
(1.0E-9,10.0,0.1450000000000001)(63.312853000090854 1.0)
(1.0E-9,10.0,0.1450000000000001)(63.00661529850565 44.0)
(1.0E-9,10.0,0.1450000000000001)(63.00661529850565 45.0)
(1.0E-9,10.0,0.1450000000000001)(62.978938154471024 48.0)
(1.0E-9,10.0,0.1450000000000001)(62.978938154471024 49.0)
(1.0E-9,10.0,0.1450000000000001)(62.96504853923961 50.0)
(1.0E-9,10.0,0.1450000000000001)(62.96504853923961 51.0)
(1.0E-9 10.0 0.1460000000000001)(24.79030426695249 105.0)
(1.0E-9,10.0,0.1460000000000001)(63.1358937928245 16.0)
(1.0E-9,10.0,0.1460000000000001)(62.64890962375436 45.0)
(1.0E-9,10.0,0.1460000000000001)(62.55597338083276 47.0)
(1.0E-9,10.0,0.1460000000000001)(63.312853000090854 1.0)
(1.0E-9,10.0,0.1460000000000001)(63.00661529850565 43.0)
(1.0E-9,10.0,0.1460000000000001)(62.94143537441942 55.0)
(1.0E-9,10.0,0.1460000000000001)(62.94143537441942 56.0)
(1.0E-9,10.0,0.1460000000000001)(62.94143537441942 57.0)
(1.0E-9,10.0,0.1460000000000001)(62.94143537441942 59.0)
(1.0E-9,10.0,0.1460000000000001)(62.91349292774977 59.0)
(1.0E-9,10.0,0.1460000000000001)(62.939447314570614 60.0)
(1.0E-9,10.0,0.1460000000000001)(62.939447314570614 61.0)
(1.0E-9 10.0 0.1470000000000001)(24.79030426695249 105.0)
(1.0E-9,10.0,0.1470000000000001)(63.1358937928245 16.0)
(1.0E-9,10.0,0.1470000000000001)(62.60475779488833 45.0)
(1.0E-9,10.0,0.1470000000000001)(62.55597338083276 45.0)
(1.0E-9,10.0,0.1470000000000001)(63.312853000090854 1.0)
(1.0E-9,10.0,0.1470000000000001)(63.1358937928245 26.0)
(1.0E-9,10.0,0.1470000000000001)(62.93166167106347 57.0)
(1.0E-9,10.0,0.1470000000000001)(62.982830976224605 50.0)
(1.0E-9 10.0 0.1480000000000001)(24.675479206073405 106.0)
(1.0E-9,10.0,0.1480000000000001)(63.1358937928245 16.0)
(1.0E-9,10.0,0.1480000000000001)(62.67094546439177 43.0)
(1.0E-9,10.0,0.1480000000000001)(62.55597338083276 46.0)
(1.0E-9,10.0,0.1480000000000001)(63.00661529850565 41.0)
(1.0E-9,10.0,0.1480000000000001)(63.312853000090854 1.0)
(1.0E-9,10.0,0.1480000000000001)(63.00661529850565 44.0)
(1.0E-9,10.0,0.1480000000000001)(61.60456123940579 60.0)
(1.0E-9,10.0,0.1480000000000001)(62.43991169791249 51.0)
(1.0E-9,10.0,0.1480000000000001)(61.57810337894311 62.0)
(1.0E-9,10.0,0.1480000000000001)(61.71106481210414 61.0)
(1.0E-9,10.0,0.1480000000000001)(62.978938154471024 49.0)
(1.0E-9,10.0,0.1480000000000001)(62.41375549631806 52.0)
(1.0E-9,10.0,0.1480000000000001)(62.59697215138119 49.0)
(1.0E-9,10.0,0.1480000000000001)(62.96504853923961 52.0)
(1.0E-9 10.0 0.1490000000000001)(24.675479206073405 106.0)
(1.0E-9,10.0,0.1490000000000001)(63.1358937928245 16.0)
(1.0E-9,10.0,0.1490000000000001)(62.67094546439177 43.0)
(1.0E-9,10.0,0.1490000000000001)(62.55597338083276 46.0)
(1.0E-9,10.0,0.1490000000000001)(63.312853000090854 1.0)
(1.0E-9,10.0,0.1490000000000001)(63.08036974803937 35.0)
(1.0E-9,10.0,0.1490000000000001)(63.06677138509911 41.0)
(1.0E-9,10.0,0.1490000000000001)(63.00661529850565 44.0)
(1.0E-9,10.0,0.1490000000000001)(63.00661529850565 45.0)
(1.0E-9,10.0,0.1490000000000001)(62.99668679040642 46.0)
(1.0E-9,10.0,0.1490000000000001)(63.00661529850565 47.0)
(1.0E-9,10.0,0.1490000000000001)(62.978938154471024 49.0)
(1.0E-9,10.0,0.1490000000000001)(62.978938154471024 48.0)
(1.0E-9,10.0,0.1490000000000001)(62.96504853923961 51.0)
(1.0E-9 10.0 0.1500000000000001)(24.675479206073405 106.0)
(1.0E-9,10.0,0.1500000000000001)(63.1358937928245 16.0)
(1.0E-9,10.0,0.1500000000000001)(62.67094546439177 43.0)
(1.0E-9,10.0,0.1500000000000001)(62.55597338083276 46.0)
(1.0E-9,10.0,0.1500000000000001)(63.312853000090854 1.0)
(1.0E-9,10.0,0.1500000000000001)(63.08036974803937 35.0)
(1.0E-9,10.0,0.1500000000000001)(63.06677138509911 41.0)
(1.0E-9,10.0,0.1500000000000001)(63.00661529850565 44.0)
(1.0E-9,10.0,0.1500000000000001)(63.00661529850565 45.0)
(1.0E-9,10.0,0.1500000000000001)(62.99668679040642 46.0)
(1.0E-9,10.0,0.1500000000000001)(63.00661529850565 47.0)
(1.0E-9,10.0,0.1500000000000001)(62.978938154471024 49.0)
(1.0E-9,10.0,0.1500000000000001)(62.978938154471024 48.0)
(1.0E-9,10.0,0.1500000000000001)(62.96504853923961 51.0)
(1.0E-9 10.0 0.1510000000000001)(24.835021078952554 106.0)
(1.0E-9,10.0,0.1510000000000001)(63.1358937928245 16.0)
(1.0E-9,10.0,0.1510000000000001)(62.60475779488833 45.0)
(1.0E-9,10.0,0.1510000000000001)(62.55597338083276 46.0)
(1.0E-9,10.0,0.1510000000000001)(63.312853000090854 1.0)
(1.0E-9,10.0,0.1510000000000001)(63.00661529850565 43.0)
(1.0E-9,10.0,0.1510000000000001)(60.764336949498116 63.0)
(1.0E-9,10.0,0.1510000000000001)(60.764336949498116 64.0)
(1.0E-9,10.0,0.1510000000000001)(61.28260343579185 62.0)
(1.0E-9,10.0,0.1510000000000001)(60.73757553888785 65.0)
(1.0E-9,10.0,0.1510000000000001)(61.30911926580659 61.0)
(1.0E-9,10.0,0.1510000000000001)(62.62295410529088 47.0)
(1.0E-9,10.0,0.1510000000000001)(62.46553821792533 53.0)
(1.0E-9,10.0,0.1510000000000001)(62.96504853923961 51.0)
(1.0E-9 10.0 0.1520000000000001)(24.835021078952554 106.0)
(1.0E-9,10.0,0.1520000000000001)(63.1358937928245 16.0)
(1.0E-9,10.0,0.1520000000000001)(62.60475779488833 45.0)
(1.0E-9,10.0,0.1520000000000001)(62.55597338083276 46.0)
(1.0E-9,10.0,0.1520000000000001)(63.312853000090854 1.0)
(1.0E-9,10.0,0.1520000000000001)(63.00661529850565 43.0)
(1.0E-9,10.0,0.1520000000000001)(63.00661529850565 44.0)
(1.0E-9,10.0,0.1520000000000001)(62.99668679040642 46.0)
(1.0E-9,10.0,0.1520000000000001)(62.978938154471024 48.0)
(1.0E-9,10.0,0.1520000000000001)(62.978938154471024 49.0)
(1.0E-9,10.0,0.1520000000000001)(62.96504853923961 50.0)
(1.0E-9,10.0,0.1520000000000001)(62.96504853923961 51.0)
(1.0E-9 10.0 0.1530000000000001)(24.465554638689778 109.0)
(1.0E-9,10.0,0.1530000000000001)(63.1358937928245 16.0)
(1.0E-9,10.0,0.1530000000000001)(62.60475779488833 47.0)
(1.0E-9,10.0,0.1530000000000001)(62.529914522775265 48.0)
(1.0E-9,10.0,0.1530000000000001)(63.00661529850565 42.0)
(1.0E-9,10.0,0.1530000000000001)(63.00661529850565 43.0)
(1.0E-9,10.0,0.1530000000000001)(63.00661529850565 44.0)
(1.0E-9,10.0,0.1530000000000001)(63.00661529850565 45.0)
(1.0E-9,10.0,0.1530000000000001)(63.00661529850565 46.0)
(1.0E-9,10.0,0.1530000000000001)(60.626477333569696 66.0)
(1.0E-9,10.0,0.1530000000000001)(62.978938154471024 48.0)
(1.0E-9,10.0,0.1530000000000001)(61.0024130191633 63.0)
(1.0E-9,10.0,0.1530000000000001)(62.50383079292684 49.0)
(1.0E-9,10.0,0.1530000000000001)(62.50383079292684 51.0)
(1.0E-9 10.0 0.1540000000000001)(24.465554638689778 109.0)
(1.0E-9,10.0,0.1540000000000001)(63.1358937928245 16.0)
(1.0E-9,10.0,0.1540000000000001)(62.60475779488833 46.0)
(1.0E-9,10.0,0.1540000000000001)(62.55597338083276 46.0)
(1.0E-9,10.0,0.1540000000000001)(63.312853000090854 1.0)
(1.0E-9,10.0,0.1540000000000001)(62.65235005456967 63.0)
(1.0E-9,10.0,0.1540000000000001)(62.65235005456967 64.0)
(1.0E-9,10.0,0.1540000000000001)(62.685952458978186 63.0)
(1.0E-9,10.0,0.1540000000000001)(58.70169968496197 67.0)
(1.0E-9,10.0,0.1540000000000001)(62.65235005456967 66.0)
(1.0E-9,10.0,0.1540000000000001)(60.74537761308526 66.0)
(1.0E-9,10.0,0.1540000000000001)(58.62378393537987 71.0)
(1.0E-9,10.0,0.1540000000000001)(58.70169968496197 68.0)
(1.0E-9,10.0,0.1540000000000001)(60.77218694460698 67.0)
(1.0E-9,10.0,0.1540000000000001)(60.66794595554442 69.0)
(1.0E-9 10.0 0.1550000000000001)(25.050128937670486 108.0)
(1.0E-9,10.0,0.1550000000000001)(63.1358937928245 14.0)
(1.0E-9,10.0,0.1550000000000001)(59.879028097467994 65.0)
(1.0E-9,10.0,0.1550000000000001)(59.656977141215464 67.0)
(1.0E-9,10.0,0.1550000000000001)(63.00661529850565 41.0)
(1.0E-9,10.0,0.1550000000000001)(63.00661529850565 42.0)
(1.0E-9,10.0,0.1550000000000001)(62.01326593833898 70.0)
(1.0E-9,10.0,0.1550000000000001)(62.01326593833898 72.0)
(1.0E-9,10.0,0.1550000000000001)(62.08497027963189 63.0)
(1.0E-9,10.0,0.1550000000000001)(62.08497027963189 61.0)
(1.0E-9 10.0 0.1560000000000001)(25.050128937670486 108.0)
(1.0E-9,10.0,0.1560000000000001)(63.1358937928245 14.0)
(1.0E-9,10.0,0.1560000000000001)(59.879028097467994 65.0)
(1.0E-9,10.0,0.1560000000000001)(59.656977141215464 67.0)
(1.0E-9,10.0,0.1560000000000001)(63.00661529850565 41.0)
(1.0E-9,10.0,0.1560000000000001)(63.00661529850565 42.0)
(1.0E-9,10.0,0.1560000000000001)(62.01326593833898 70.0)
(1.0E-9,10.0,0.1560000000000001)(62.01326593833898 72.0)
(1.0E-9,10.0,0.1560000000000001)(62.08497027963189 63.0)
(1.0E-9,10.0,0.1560000000000001)(62.08497027963189 61.0)
(1.0E-9 10.0 0.1570000000000001)(25.050128937670486 108.0)
(1.0E-9,10.0,0.1570000000000001)(63.1358937928245 14.0)
(1.0E-9,10.0,0.1570000000000001)(59.879028097467994 65.0)
(1.0E-9,10.0,0.1570000000000001)(59.656977141215464 67.0)
(1.0E-9,10.0,0.1570000000000001)(63.00661529850565 42.0)
(1.0E-9,10.0,0.1570000000000001)(63.00661529850565 43.0)
(1.0E-9,10.0,0.1570000000000001)(63.312853000090854 1.0)
(1.0E-9,10.0,0.1570000000000001)(62.01326593833898 71.0)
(1.0E-9,10.0,0.1570000000000001)(59.50779871076884 70.0)
(1.0E-9,10.0,0.1570000000000001)(59.50779871076884 72.0)
(1.0E-9,10.0,0.1570000000000001)(59.91955290633217 71.0)
(1.0E-9,10.0,0.1570000000000001)(61.87132097533756 67.0)
(1.0E-9 10.0 0.1580000000000001)(24.996672462573535 109.0)
(1.0E-9,10.0,0.1580000000000001)(63.1358937928245 14.0)
(1.0E-9,10.0,0.1580000000000001)(59.879028097467994 65.0)
(1.0E-9,10.0,0.1580000000000001)(59.656977141215464 67.0)
(1.0E-9,10.0,0.1580000000000001)(63.00661529850565 42.0)
(1.0E-9,10.0,0.1580000000000001)(63.00661529850565 43.0)
(1.0E-9,10.0,0.1580000000000001)(63.312853000090854 1.0)
(1.0E-9,10.0,0.1580000000000001)(62.01326593833898 71.0)
(1.0E-9,10.0,0.1580000000000001)(59.50779871076884 70.0)
(1.0E-9,10.0,0.1580000000000001)(59.50779871076884 72.0)
(1.0E-9,10.0,0.1580000000000001)(61.87132097533756 67.0)
(1.0E-9 10.0 0.1590000000000001)(24.958833616951818 110.0)
(1.0E-9,10.0,0.1590000000000001)(63.1358937928245 14.0)
(1.0E-9,10.0,0.1590000000000001)(59.656977141215464 66.0)
(1.0E-9,10.0,0.1590000000000001)(59.656977141215464 67.0)
(1.0E-9,10.0,0.1590000000000001)(63.00661529850565 41.0)
(1.0E-9,10.0,0.1590000000000001)(63.00661529850565 42.0)
(1.0E-9,10.0,0.1590000000000001)(59.50779871076884 70.0)
(1.0E-9,10.0,0.1590000000000001)(62.01326593833898 70.0)
(1.0E-9,10.0,0.1590000000000001)(59.91955290633217 71.0)
(1.0E-9,10.0,0.1590000000000001)(59.91955290633217 73.0)
(1.0E-9,10.0,0.1590000000000001)(62.13008056115507 61.0)
(1.0E-9 10.0 0.16000000000000011)(24.958833616951818 110.0)
(1.0E-9,10.0,0.16000000000000011)(63.1358937928245 14.0)
(1.0E-9,10.0,0.16000000000000011)(59.656977141215464 66.0)
(1.0E-9,10.0,0.16000000000000011)(59.656977141215464 67.0)
(1.0E-9,10.0,0.16000000000000011)(63.00661529850565 41.0)
(1.0E-9,10.0,0.16000000000000011)(59.098721234075256 73.0)
(1.0E-9,10.0,0.16000000000000011)(61.87132097533756 65.0)
(1.0E-9,10.0,0.16000000000000011)(59.50779871076884 70.0)
(1.0E-9,10.0,0.16000000000000011)(59.50779871076884 69.0)
(1.0E-9,10.0,0.16000000000000011)(59.91955290633217 68.0)
(1.0E-9,10.0,0.16000000000000011)(62.01326593833898 71.0)
(1.0E-9,10.0,0.16000000000000011)(59.50779871076884 72.0)
(1.0E-9 10.0 0.16100000000000012)(24.958833616951818 110.0)
(1.0E-9,10.0,0.16100000000000012)(63.1358937928245 16.0)
(1.0E-9,10.0,0.16100000000000012)(57.42074695555068 66.0)
(1.0E-9,10.0,0.16100000000000012)(56.85413384844156 68.0)
(1.0E-9,10.0,0.16100000000000012)(59.091775689558766 72.0)
(1.0E-9,10.0,0.16100000000000012)(63.00661529850565 42.0)
(1.0E-9,10.0,0.16100000000000012)(63.00661529850565 43.0)
(1.0E-9,10.0,0.16100000000000012)(59.098721234075256 72.0)
(1.0E-9,10.0,0.16100000000000012)(59.098721234075256 70.0)
(1.0E-9,10.0,0.16100000000000012)(59.54273851161537 69.0)
(1.0E-9,10.0,0.16100000000000012)(59.54273851161537 71.0)
(1.0E-9,10.0,0.16100000000000012)(61.795389983545405 68.0)
(1.0E-9,10.0,0.16100000000000012)(61.795389983545405 67.0)
(1.0E-9 10.0 0.16200000000000012)(24.672629597718007 111.0)
(1.0E-9,10.0,0.16200000000000012)(63.1358937928245 16.0)
(1.0E-9,10.0,0.16200000000000012)(59.656977141215464 66.0)
(1.0E-9,10.0,0.16200000000000012)(56.85413384844156 68.0)
(1.0E-9,10.0,0.16200000000000012)(63.00661529850565 42.0)
(1.0E-9,10.0,0.16200000000000012)(63.00661529850565 43.0)
(1.0E-9,10.0,0.16200000000000012)(59.098721234075256 74.0)
(1.0E-9,10.0,0.16200000000000012)(59.098721234075256 73.0)
(1.0E-9,10.0,0.16200000000000012)(61.795389983545405 69.0)
(1.0E-9,10.0,0.16200000000000012)(59.098721234075256 75.0)
(1.0E-9,10.0,0.16200000000000012)(61.87132097533756 72.0)
(1.0E-9,10.0,0.16200000000000012)(61.795389983545405 70.0)
(1.0E-9 10.0 0.16300000000000012)(24.672629597718007 111.0)
(1.0E-9,10.0,0.16300000000000012)(63.1358937928245 16.0)
(1.0E-9,10.0,0.16300000000000012)(59.656977141215464 66.0)
(1.0E-9,10.0,0.16300000000000012)(56.85413384844156 68.0)
(1.0E-9,10.0,0.16300000000000012)(63.00661529850565 42.0)
(1.0E-9,10.0,0.16300000000000012)(63.00661529850565 43.0)
(1.0E-9,10.0,0.16300000000000012)(59.098721234075256 74.0)
(1.0E-9,10.0,0.16300000000000012)(59.098721234075256 73.0)
(1.0E-9,10.0,0.16300000000000012)(61.795389983545405 69.0)
(1.0E-9,10.0,0.16300000000000012)(59.098721234075256 75.0)
(1.0E-9,10.0,0.16300000000000012)(61.87132097533756 72.0)
(1.0E-9,10.0,0.16300000000000012)(61.795389983545405 70.0)
(1.0E-9 10.0 0.16400000000000012)(24.369787230428717 110.0)
(1.0E-9,10.0,0.16400000000000012)(63.1358937928245 16.0)
(1.0E-9,10.0,0.16400000000000012)(62.64890962375436 45.0)
(1.0E-9,10.0,0.16400000000000012)(63.00661529850565 39.0)
(1.0E-9,10.0,0.16400000000000012)(63.312853000090854 17.0)
(1.0E-9,10.0,0.16400000000000012)(63.312853000090854 1.0)
(1.0E-9,10.0,0.16400000000000012)(63.312853000090854 5.0)
(1.0E-9,10.0,0.16400000000000012)(63.00661529850565 48.0)
(1.0E-9,10.0,0.16400000000000012)(62.96504853923961 50.0)
(1.0E-9,10.0,0.16400000000000012)(62.96504853923961 52.0)
(1.0E-9,10.0,0.16400000000000012)(62.96504853923961 51.0)
(1.0E-9 10.0 0.16500000000000012)(24.074284403483794 111.0)
(1.0E-9,10.0,0.16500000000000012)(63.1358937928245 16.0)
(1.0E-9,10.0,0.16500000000000012)(62.64890962375436 45.0)
(1.0E-9,10.0,0.16500000000000012)(62.529914522775265 49.0)
(1.0E-9,10.0,0.16500000000000012)(63.312853000090854 1.0)
(1.0E-9,10.0,0.16500000000000012)(63.00661529850565 45.0)
(1.0E-9,10.0,0.16500000000000012)(63.00661529850565 46.0)
(1.0E-9,10.0,0.16500000000000012)(60.764336949498116 66.0)
(1.0E-9,10.0,0.16500000000000012)(62.529914522775265 50.0)
(1.0E-9,10.0,0.16500000000000012)(62.96504853923961 49.0)
(1.0E-9,10.0,0.16500000000000012)(61.0290564426819 64.0)
(1.0E-9,10.0,0.16500000000000012)(62.529914522775265 48.0)
(1.0E-9,10.0,0.16500000000000012)(62.96504853923961 51.0)
(1.0E-9 10.0 0.16600000000000012)(24.074284403483794 111.0)
(1.0E-9,10.0,0.16600000000000012)(63.1358937928245 16.0)
(1.0E-9,10.0,0.16600000000000012)(62.64890962375436 45.0)
(1.0E-9,10.0,0.16600000000000012)(62.529914522775265 49.0)
(1.0E-9,10.0,0.16600000000000012)(63.312853000090854 1.0)
(1.0E-9,10.0,0.16600000000000012)(63.00661529850565 45.0)
(1.0E-9,10.0,0.16600000000000012)(63.00661529850565 46.0)
(1.0E-9,10.0,0.16600000000000012)(62.982830976224605 48.0)
(1.0E-9,10.0,0.16600000000000012)(62.96504853923961 49.0)
(1.0E-9,10.0,0.16600000000000012)(62.96504853923961 50.0)
(1.0E-9,10.0,0.16600000000000012)(62.96504853923961 51.0)
(1.0E-9 10.0 0.16700000000000012)(24.074284403483794 111.0)
(1.0E-9,10.0,0.16700000000000012)(63.1358937928245 16.0)
(1.0E-9,10.0,0.16700000000000012)(62.64890962375436 45.0)
(1.0E-9,10.0,0.16700000000000012)(63.00661529850565 39.0)
(1.0E-9,10.0,0.16700000000000012)(63.312853000090854 3.0)
(1.0E-9,10.0,0.16700000000000012)(63.00661529850565 46.0)
(1.0E-9,10.0,0.16700000000000012)(60.764336949498116 65.0)
(1.0E-9,10.0,0.16700000000000012)(61.0290564426819 64.0)
(1.0E-9,10.0,0.16700000000000012)(61.0024130191633 66.0)
(1.0E-9,10.0,0.16700000000000012)(62.529914522775265 50.0)
(1.0E-9,10.0,0.16700000000000012)(62.96504853923961 51.0)
(1.0E-9 10.0 0.16800000000000012)(24.074284403483794 111.0)
(1.0E-9,10.0,0.16800000000000012)(63.1358937928245 16.0)
(1.0E-9,10.0,0.16800000000000012)(62.64890962375436 45.0)
(1.0E-9,10.0,0.16800000000000012)(63.00661529850565 39.0)
(1.0E-9,10.0,0.16800000000000012)(63.312853000090854 1.0)
(1.0E-9,10.0,0.16800000000000012)(63.06677138509911 43.0)
(1.0E-9,10.0,0.16800000000000012)(63.00661529850565 47.0)
(1.0E-9,10.0,0.16800000000000012)(60.764336949498116 65.0)
(1.0E-9,10.0,0.16800000000000012)(61.0290564426819 64.0)
(1.0E-9,10.0,0.16800000000000012)(62.529914522775265 50.0)
(1.0E-9 10.0 0.16900000000000012)(24.074284403483794 111.0)
(1.0E-9,10.0,0.16900000000000012)(63.1358937928245 16.0)
(1.0E-9,10.0,0.16900000000000012)(62.64890962375436 45.0)
(1.0E-9,10.0,0.16900000000000012)(63.00661529850565 39.0)
(1.0E-9,10.0,0.16900000000000012)(63.312853000090854 1.0)
(1.0E-9,10.0,0.16900000000000012)(63.06677138509911 43.0)
(1.0E-9,10.0,0.16900000000000012)(63.00661529850565 47.0)
(1.0E-9,10.0,0.16900000000000012)(60.764336949498116 65.0)
(1.0E-9,10.0,0.16900000000000012)(61.0290564426819 64.0)
(1.0E-9,10.0,0.16900000000000012)(62.529914522775265 50.0)
(1.0E-9 10.0 0.17000000000000012)(24.074284403483794 111.0)
(1.0E-9,10.0,0.17000000000000012)(63.1358937928245 16.0)
(1.0E-9,10.0,0.17000000000000012)(62.49604514941969 49.0)
(1.0E-9,10.0,0.17000000000000012)(62.51161643643397 47.0)
(1.0E-9,10.0,0.17000000000000012)(63.00661529850565 44.0)
(1.0E-9,10.0,0.17000000000000012)(63.00661529850565 45.0)
(1.0E-9,10.0,0.17000000000000012)(63.00661529850565 46.0)
(1.0E-9,10.0,0.17000000000000012)(60.24330612871998 67.0)
(1.0E-9,10.0,0.17000000000000012)(62.44706169888543 51.0)
(1.0E-9,10.0,0.17000000000000012)(60.85620106073615 64.0)
(1.0E-9,10.0,0.17000000000000012)(62.40251146485262 49.0)
(1.0E-9,10.0,0.17000000000000012)(62.96504853923961 51.0)
(1.0E-9,10.0,0.17000000000000012)(60.57481023070846 63.0)
(1.0E-9 10.0 0.17100000000000012)(24.074284403483794 111.0)
(1.0E-9,10.0,0.17100000000000012)(63.1358937928245 16.0)
(1.0E-9,10.0,0.17100000000000012)(62.49604514941969 49.0)
(1.0E-9,10.0,0.17100000000000012)(62.60475779488833 46.0)
(1.0E-9,10.0,0.17100000000000012)(63.312853000090854 1.0)
(1.0E-9,10.0,0.17100000000000012)(63.00661529850565 44.0)
(1.0E-9,10.0,0.17100000000000012)(63.00661529850565 45.0)
(1.0E-9,10.0,0.17100000000000012)(63.00661529850565 47.0)
(1.0E-9,10.0,0.17100000000000012)(63.00661529850565 48.0)
(1.0E-9,10.0,0.17100000000000012)(62.96504853923961 50.0)
(1.0E-9 10.0 0.17200000000000013)(24.074284403483794 111.0)
(1.0E-9,10.0,0.17200000000000013)(63.1358937928245 16.0)
(1.0E-9,10.0,0.17200000000000013)(62.49604514941969 49.0)
(1.0E-9,10.0,0.17200000000000013)(62.51161643643397 47.0)
(1.0E-9,10.0,0.17200000000000013)(63.312853000090854 1.0)
(1.0E-9,10.0,0.17200000000000013)(63.00661529850565 45.0)
(1.0E-9,10.0,0.17200000000000013)(63.00661529850565 46.0)
(1.0E-9,10.0,0.17200000000000013)(60.24330612871998 67.0)
(1.0E-9,10.0,0.17200000000000013)(60.21634728564738 68.0)
(1.0E-9,10.0,0.17200000000000013)(62.40251146485262 51.0)
(1.0E-9,10.0,0.17200000000000013)(62.40251146485262 52.0)
(1.0E-9,10.0,0.17200000000000013)(62.978938154471024 49.0)
(1.0E-9,10.0,0.17200000000000013)(62.96504853923961 51.0)
(1.0E-9,10.0,0.17200000000000013)(62.40251146485262 53.0)
(1.0E-9,10.0,0.17200000000000013)(60.625292538746294 68.0)
(1.0E-9,10.0,0.17200000000000013)(62.44706169888543 55.0)
(1.0E-9 10.0 0.17300000000000013)(22.9627101573489 112.0)
(1.0E-9,10.0,0.17300000000000013)(63.1358937928245 14.0)
(1.0E-9,10.0,0.17300000000000013)(62.27326017539604 59.0)
(1.0E-9,10.0,0.17300000000000013)(61.93292814551542 65.0)
(1.0E-9,10.0,0.17300000000000013)(62.02726699103571 64.0)
(1.0E-9,10.0,0.17300000000000013)(62.102747510936034 62.0)
(1.0E-9,10.0,0.17300000000000013)(62.22386811324323 60.0)
(1.0E-9,10.0,0.17300000000000013)(63.00661529850565 48.0)
(1.0E-9,10.0,0.17300000000000013)(62.178920197313154 61.0)
(1.0E-9 10.0 0.17400000000000013)(22.9627101573489 112.0)
(1.0E-9,10.0,0.17400000000000013)(63.1358937928245 14.0)
(1.0E-9,10.0,0.17400000000000013)(62.27326017539604 59.0)
(1.0E-9,10.0,0.17400000000000013)(61.93292814551542 65.0)
(1.0E-9,10.0,0.17400000000000013)(62.02726699103571 64.0)
(1.0E-9,10.0,0.17400000000000013)(62.102747510936034 62.0)
(1.0E-9,10.0,0.17400000000000013)(62.22386811324323 60.0)
(1.0E-9,10.0,0.17400000000000013)(62.047567411860875 68.0)
(1.0E-9,10.0,0.17400000000000013)(63.312853000090854 1.0)
(1.0E-9,10.0,0.17400000000000013)(63.00661529850565 48.0)
(1.0E-9,10.0,0.17400000000000013)(63.00661529850565 49.0)
(1.0E-9,10.0,0.17400000000000013)(63.00661529850565 50.0)
(1.0E-9 10.0 0.17500000000000013)(22.9627101573489 112.0)
(1.0E-9,10.0,0.17500000000000013)(63.1358937928245 14.0)
(1.0E-9,10.0,0.17500000000000013)(62.179639137791405 60.0)
(1.0E-9,10.0,0.17500000000000013)(62.309326189564736 60.0)
(1.0E-9,10.0,0.17500000000000013)(63.01650861089896 39.0)
(1.0E-9,10.0,0.17500000000000013)(62.27326017539604 60.0)
(1.0E-9,10.0,0.17500000000000013)(62.27326017539604 59.0)
(1.0E-9,10.0,0.17500000000000013)(62.31803723188704 59.0)
(1.0E-9,10.0,0.17500000000000013)(63.00661529850565 49.0)
(1.0E-9,10.0,0.17500000000000013)(63.01650861089896 42.0)
(1.0E-9 10.0 0.17600000000000013)(22.9627101573489 112.0)
(1.0E-9,10.0,0.17600000000000013)(63.1358937928245 14.0)
(1.0E-9,10.0,0.17600000000000013)(62.179639137791405 60.0)
(1.0E-9,10.0,0.17600000000000013)(62.309326189564736 60.0)
(1.0E-9,10.0,0.17600000000000013)(63.01650861089896 39.0)
(1.0E-9,10.0,0.17600000000000013)(62.27326017539604 60.0)
(1.0E-9,10.0,0.17600000000000013)(62.27326017539604 59.0)
(1.0E-9,10.0,0.17600000000000013)(62.31803723188704 59.0)
(1.0E-9,10.0,0.17600000000000013)(63.00661529850565 49.0)
(1.0E-9,10.0,0.17600000000000013)(63.01650861089896 42.0)
(1.0E-9 10.0 0.17700000000000013)(25.927306046878368 109.0)
(1.0E-9,10.0,0.17700000000000013)(63.1358937928245 14.0)
(1.0E-9,10.0,0.17700000000000013)(62.60475779488833 43.0)
(1.0E-9,10.0,0.17700000000000013)(63.312853000090854 1.0)
(1.0E-9,10.0,0.17700000000000013)(63.00661529850565 38.0)
(1.0E-9,10.0,0.17700000000000013)(63.00661529850565 41.0)
(1.0E-9,10.0,0.17700000000000013)(63.00661529850565 40.0)
(1.0E-9,10.0,0.17700000000000013)(62.54040209381848 45.0)
(1.0E-9,10.0,0.17700000000000013)(63.00661529850565 42.0)
(1.0E-9,10.0,0.17700000000000013)(62.54040209381848 48.0)
(1.0E-9 10.0 0.17800000000000013)(25.927306046878368 109.0)
(1.0E-9,10.0,0.17800000000000013)(63.1358937928245 14.0)
(1.0E-9,10.0,0.17800000000000013)(62.51161643643397 44.0)
(1.0E-9,10.0,0.17800000000000013)(63.312853000090854 1.0)
(1.0E-9,10.0,0.17800000000000013)(63.00661529850565 38.0)
(1.0E-9,10.0,0.17800000000000013)(63.00661529850565 37.0)
(1.0E-9,10.0,0.17800000000000013)(63.00661529850565 40.0)
(1.0E-9,10.0,0.17800000000000013)(63.00661529850565 42.0)
(1.0E-9,10.0,0.17800000000000013)(62.44706169888543 47.0)
(1.0E-9,10.0,0.17800000000000013)(62.44706169888543 49.0)
(1.0E-9 10.0 0.17900000000000013)(25.927306046878368 109.0)
(1.0E-9,10.0,0.17900000000000013)(63.1358937928245 14.0)
(1.0E-9,10.0,0.17900000000000013)(62.474947093694624 46.0)
(1.0E-9,10.0,0.17900000000000013)(63.00661529850565 36.0)
(1.0E-9,10.0,0.17900000000000013)(63.312853000090854 1.0)
(1.0E-9,10.0,0.17900000000000013)(63.00661529850565 40.0)
(1.0E-9,10.0,0.17900000000000013)(62.54040209381848 46.0)
(1.0E-9,10.0,0.17900000000000013)(62.54040209381848 44.0)
(1.0E-9,10.0,0.17900000000000013)(62.44706169888543 49.0)
(1.0E-9,10.0,0.17900000000000013)(62.44706169888543 48.0)
(1.0E-9,10.0,0.17900000000000013)(62.44706169888543 45.0)
(1.0E-9 10.0 0.18000000000000013)(22.9627101573489 112.0)
(1.0E-9,10.0,0.18000000000000013)(63.1358937928245 16.0)
(1.0E-9,10.0,0.18000000000000013)(62.27326017539604 59.0)
(1.0E-9,10.0,0.18000000000000013)(62.308607249086485 57.0)
(1.0E-9,10.0,0.18000000000000013)(63.312853000090854 1.0)
(1.0E-9,10.0,0.18000000000000013)(62.178920197313154 61.0)
(1.0E-9,10.0,0.18000000000000013)(62.178920197313154 60.0)
(1.0E-9,10.0,0.18000000000000013)(62.22386811324323 58.0)
(1.0E-9,10.0,0.18000000000000013)(63.01650861089896 39.0)
(1.0E-9,10.0,0.18000000000000013)(63.01650861089896 41.0)
(1.0E-9,10.0,0.18000000000000013)(63.01650861089896 44.0)
(1.0E-9,10.0,0.18000000000000013)(63.01650861089896 43.0)
(1.0E-9,10.0,0.18000000000000013)(63.00661529850565 50.0)
(1.0E-9 10.0 0.18100000000000013)(20.578289488162696 114.0)
(1.0E-9,10.0,0.18100000000000013)(63.1358937928245 16.0)
(1.0E-9,10.0,0.18100000000000013)(62.27326017539604 59.0)
(1.0E-9,10.0,0.18100000000000013)(63.312853000090854 1.0)
(1.0E-9,10.0,0.18100000000000013)(63.00661529850565 44.0)
(1.0E-9,10.0,0.18100000000000013)(62.178920197313154 61.0)
(1.0E-9,10.0,0.18100000000000013)(62.178920197313154 60.0)
(1.0E-9,10.0,0.18100000000000013)(62.308607249086485 55.0)
(1.0E-9,10.0,0.18100000000000013)(63.00661529850565 47.0)
(1.0E-9,10.0,0.18100000000000013)(63.00661529850565 48.0)
(1.0E-9,10.0,0.18100000000000013)(63.00661529850565 51.0)
(1.0E-9,10.0,0.18100000000000013)(63.00661529850565 50.0)
(1.0E-9,10.0,0.18100000000000013)(63.06677138509911 46.0)
(1.0E-9,10.0,0.18100000000000013)(63.00661529850565 52.0)
(1.0E-9 10.0 0.18200000000000013)(20.578289488162696 114.0)
(1.0E-9,10.0,0.18200000000000013)(63.1358937928245 16.0)
(1.0E-9,10.0,0.18200000000000013)(62.27326017539604 59.0)
(1.0E-9,10.0,0.18200000000000013)(63.312853000090854 1.0)
(1.0E-9,10.0,0.18200000000000013)(63.00661529850565 44.0)
(1.0E-9,10.0,0.18200000000000013)(62.178920197313154 61.0)
(1.0E-9,10.0,0.18200000000000013)(62.178920197313154 60.0)
(1.0E-9,10.0,0.18200000000000013)(62.308607249086485 55.0)
(1.0E-9,10.0,0.18200000000000013)(63.00661529850565 47.0)
(1.0E-9,10.0,0.18200000000000013)(63.00661529850565 48.0)
(1.0E-9,10.0,0.18200000000000013)(63.00661529850565 51.0)
(1.0E-9,10.0,0.18200000000000013)(63.00661529850565 50.0)
(1.0E-9,10.0,0.18200000000000013)(63.06677138509911 46.0)
(1.0E-9,10.0,0.18200000000000013)(63.00661529850565 52.0)
(1.0E-9 10.0 0.18300000000000013)(20.578289488162696 114.0)
(1.0E-9,10.0,0.18300000000000013)(63.1358937928245 16.0)
(1.0E-9,10.0,0.18300000000000013)(62.27326017539604 59.0)
(1.0E-9,10.0,0.18300000000000013)(63.00661529850565 44.0)
(1.0E-9,10.0,0.18300000000000013)(62.178920197313154 61.0)
(1.0E-9,10.0,0.18300000000000013)(62.178920197313154 60.0)
(1.0E-9,10.0,0.18300000000000013)(63.00661529850565 52.0)
(1.0E-9 10.0 0.18400000000000014)(20.578289488162696 114.0)
(1.0E-9,10.0,0.18400000000000014)(63.1358937928245 16.0)
(1.0E-9,10.0,0.18400000000000014)(62.23618222103815 61.0)
(1.0E-9,10.0,0.18400000000000014)(63.00661529850565 44.0)
(1.0E-9,10.0,0.18400000000000014)(63.01650861089896 41.0)
(1.0E-9,10.0,0.18400000000000014)(63.01650861089896 40.0)
(1.0E-9,10.0,0.18400000000000014)(62.178920197313154 61.0)
(1.0E-9,10.0,0.18400000000000014)(63.01650861089896 43.0)
(1.0E-9,10.0,0.18400000000000014)(62.22386811324323 59.0)
(1.0E-9,10.0,0.18400000000000014)(63.00661529850565 49.0)
(1.0E-9,10.0,0.18400000000000014)(62.178920197313154 60.0)
(1.0E-9 10.0 0.18500000000000014)(20.578289488162696 114.0)
(1.0E-9,10.0,0.18500000000000014)(63.1358937928245 16.0)
(1.0E-9,10.0,0.18500000000000014)(62.23618222103815 61.0)
(1.0E-9,10.0,0.18500000000000014)(63.00661529850565 44.0)
(1.0E-9,10.0,0.18500000000000014)(62.27326017539604 61.0)
(1.0E-9,10.0,0.18500000000000014)(63.00661529850565 45.0)
(1.0E-9,10.0,0.18500000000000014)(62.27326017539604 59.0)
(1.0E-9,10.0,0.18500000000000014)(62.22386811324323 60.0)
(1.0E-9,10.0,0.18500000000000014)(63.00661529850565 47.0)
(1.0E-9,10.0,0.18500000000000014)(63.00661529850565 49.0)
(1.0E-9,10.0,0.18500000000000014)(63.312853000090854 1.0)
(1.0E-9,10.0,0.18500000000000014)(63.00661529850565 50.0)
(1.0E-9,10.0,0.18500000000000014)(63.00661529850565 52.0)
(1.0E-9 10.0 0.18600000000000014)(20.29638517118078 118.0)
(1.0E-9,10.0,0.18600000000000014)(63.1358937928245 16.0)
(1.0E-9,10.0,0.18600000000000014)(62.27326017539604 59.0)
(1.0E-9,10.0,0.18600000000000014)(63.00661529850565 44.0)
(1.0E-9,10.0,0.18600000000000014)(63.00661529850565 45.0)
(1.0E-9,10.0,0.18600000000000014)(62.22386811324323 59.0)
(1.0E-9,10.0,0.18600000000000014)(62.178920197313154 61.0)
(1.0E-9,10.0,0.18600000000000014)(62.178920197313154 60.0)
(1.0E-9,10.0,0.18600000000000014)(63.00661529850565 47.0)
(1.0E-9,10.0,0.18600000000000014)(62.22386811324323 58.0)
(1.0E-9,10.0,0.18600000000000014)(63.00661529850565 49.0)
(1.0E-9 10.0 0.18700000000000014)(19.924359477057102 119.0)
(1.0E-9,10.0,0.18700000000000014)(63.1358937928245 16.0)
(1.0E-9,10.0,0.18700000000000014)(62.27326017539604 59.0)
(1.0E-9,10.0,0.18700000000000014)(63.00661529850565 44.0)
(1.0E-9,10.0,0.18700000000000014)(63.01650861089896 39.0)
(1.0E-9,10.0,0.18700000000000014)(63.01650861089896 41.0)
(1.0E-9,10.0,0.18700000000000014)(62.27326017539604 60.0)
(1.0E-9,10.0,0.18700000000000014)(62.22386811324323 60.0)
(1.0E-9,10.0,0.18700000000000014)(62.178920197313154 61.0)
(1.0E-9 10.0 0.18800000000000014)(19.924359477057102 119.0)
(1.0E-9,10.0,0.18800000000000014)(63.1358937928245 16.0)
(1.0E-9,10.0,0.18800000000000014)(62.27326017539604 59.0)
(1.0E-9,10.0,0.18800000000000014)(63.00661529850565 44.0)
(1.0E-9,10.0,0.18800000000000014)(63.01650861089896 40.0)
(1.0E-9,10.0,0.18800000000000014)(63.01650861089896 42.0)
(1.0E-9,10.0,0.18800000000000014)(62.35334016720692 56.0)
(1.0E-9,10.0,0.18800000000000014)(62.31803723188704 58.0)
(1.0E-9,10.0,0.18800000000000014)(62.29176684270165 60.0)
(1.0E-9 10.0 0.18900000000000014)(19.924359477057102 119.0)
(1.0E-9,10.0,0.18900000000000014)(63.1358937928245 16.0)
(1.0E-9,10.0,0.18900000000000014)(62.27326017539604 59.0)
(1.0E-9,10.0,0.18900000000000014)(63.00661529850565 44.0)
(1.0E-9,10.0,0.18900000000000014)(63.01650861089896 40.0)
(1.0E-9,10.0,0.18900000000000014)(63.01650861089896 42.0)
(1.0E-9,10.0,0.18900000000000014)(62.35334016720692 56.0)
(1.0E-9,10.0,0.18900000000000014)(62.31803723188704 58.0)
(1.0E-9,10.0,0.18900000000000014)(62.29176684270165 60.0)
(1.0E-9 10.0 0.19000000000000014)(19.879041192911348 121.0)
(1.0E-9,10.0,0.19000000000000014)(63.1358937928245 16.0)
(1.0E-9,10.0,0.19000000000000014)(62.179639137791405 60.0)
(1.0E-9,10.0,0.19000000000000014)(63.00661529850565 44.0)
(1.0E-9,10.0,0.19000000000000014)(62.179639137791405 61.0)
(1.0E-9,10.0,0.19000000000000014)(62.22458705372148 59.0)
(1.0E-9,10.0,0.19000000000000014)(62.13008056115507 60.0)
(1.0E-9,10.0,0.19000000000000014)(62.259977113527384 58.0)
(1.0E-9,10.0,0.19000000000000014)(62.96504853923961 52.0)
(1.0E-9,10.0,0.19000000000000014)(62.21507108524883 59.0)
(1.0E-9,10.0,0.19000000000000014)(62.96504853923961 54.0)
(1.0E-9 10.0 0.19100000000000014)(19.879041192911348 121.0)
(1.0E-9,10.0,0.19100000000000014)(63.1358937928245 16.0)
(1.0E-9,10.0,0.19100000000000014)(62.179639137791405 60.0)
(1.0E-9,10.0,0.19100000000000014)(63.00661529850565 44.0)
(1.0E-9,10.0,0.19100000000000014)(63.01650861089896 40.0)
(1.0E-9,10.0,0.19100000000000014)(62.259977113527384 58.0)
(1.0E-9,10.0,0.19100000000000014)(62.259977113527384 57.0)
(1.0E-9,10.0,0.19100000000000014)(62.354059107685174 58.0)
(1.0E-9,10.0,0.19100000000000014)(62.96504853923961 52.0)
(1.0E-9,10.0,0.19100000000000014)(62.96504853923961 54.0)
(1.0E-9 10.0 0.19200000000000014)(19.879041192911348 121.0)
(1.0E-9,10.0,0.19200000000000014)(63.1358937928245 16.0)
(1.0E-9,10.0,0.19200000000000014)(62.08497027963189 61.0)
(1.0E-9,10.0,0.19200000000000014)(63.00661529850565 44.0)
(1.0E-9,10.0,0.19200000000000014)(63.312853000090854 1.0)
(1.0E-9,10.0,0.19200000000000014)(62.08248543606393 64.0)
(1.0E-9,10.0,0.19200000000000014)(62.354059107685174 57.0)
(1.0E-9,10.0,0.19200000000000014)(63.00661529850565 46.0)
(1.0E-9,10.0,0.19200000000000014)(62.22458705372148 60.0)
(1.0E-9,10.0,0.19200000000000014)(62.96504853923961 49.0)
(1.0E-9,10.0,0.19200000000000014)(63.01650861089896 41.0)
(1.0E-9,10.0,0.19200000000000014)(63.01650861089896 43.0)
(1.0E-9,10.0,0.19200000000000014)(62.309326189564736 58.0)
(1.0E-9 10.0 0.19300000000000014)(19.879041192911348 121.0)
(1.0E-9,10.0,0.19300000000000014)(63.1358937928245 16.0)
(1.0E-9,10.0,0.19300000000000014)(62.08497027963189 61.0)
(1.0E-9,10.0,0.19300000000000014)(63.00661529850565 44.0)
(1.0E-9,10.0,0.19300000000000014)(62.21507108524883 60.0)
(1.0E-9,10.0,0.19300000000000014)(63.00661529850565 47.0)
(1.0E-9,10.0,0.19300000000000014)(62.259977113527384 58.0)
(1.0E-9,10.0,0.19300000000000014)(63.01650861089896 42.0)
(1.0E-9,10.0,0.19300000000000014)(62.03273004710684 62.0)
(1.0E-9,10.0,0.19300000000000014)(62.259977113527384 59.0)
(1.0E-9 10.0 0.19400000000000014)(21.389506217177253 116.0)
(1.0E-9,10.0,0.19400000000000014)(63.1358937928245 16.0)
(1.0E-9,10.0,0.19400000000000014)(62.27326017539604 57.0)
(1.0E-9,10.0,0.19400000000000014)(63.00661529850565 41.0)
(1.0E-9,10.0,0.19400000000000014)(63.312853000090854 1.0)
(1.0E-9,10.0,0.19400000000000014)(63.00661529850565 43.0)
(1.0E-9,10.0,0.19400000000000014)(63.00661529850565 40.0)
(1.0E-9,10.0,0.19400000000000014)(63.00661529850565 44.0)
(1.0E-9,10.0,0.19400000000000014)(63.01650861089896 38.0)
(1.0E-9,10.0,0.19400000000000014)(63.00661529850565 45.0)
(1.0E-9 10.0 0.19500000000000015)(21.389506217177253 116.0)
(1.0E-9,10.0,0.19500000000000015)(63.1358937928245 16.0)
(1.0E-9,10.0,0.19500000000000015)(62.27326017539604 57.0)
(1.0E-9,10.0,0.19500000000000015)(63.00661529850565 41.0)
(1.0E-9,10.0,0.19500000000000015)(63.312853000090854 1.0)
(1.0E-9,10.0,0.19500000000000015)(63.00661529850565 43.0)
(1.0E-9,10.0,0.19500000000000015)(63.00661529850565 40.0)
(1.0E-9,10.0,0.19500000000000015)(63.00661529850565 44.0)
(1.0E-9,10.0,0.19500000000000015)(63.01650861089896 38.0)
(1.0E-9,10.0,0.19500000000000015)(63.00661529850565 45.0)
(1.0E-9 10.0 0.19600000000000015)(19.938630231280996 118.0)
(1.0E-9,10.0,0.19600000000000015)(63.1358937928245 16.0)
(1.0E-9,10.0,0.19600000000000015)(62.27326017539604 57.0)
(1.0E-9,10.0,0.19600000000000015)(63.00661529850565 41.0)
(1.0E-9,10.0,0.19600000000000015)(63.312853000090854 1.0)
(1.0E-9 10.0 0.19700000000000015)(19.938630231280996 118.0)
(1.0E-9,10.0,0.19700000000000015)(63.1358937928245 16.0)
(1.0E-9,10.0,0.19700000000000015)(62.27326017539604 57.0)
(1.0E-9,10.0,0.19700000000000015)(62.02726699103571 61.0)
(1.0E-9,10.0,0.19700000000000015)(63.312853000090854 1.0)
(1.0E-9,10.0,0.19700000000000015)(63.00661529850565 44.0)
(1.0E-9,10.0,0.19700000000000015)(63.01650861089896 38.0)
(1.0E-9,10.0,0.19700000000000015)(63.00661529850565 45.0)
(1.0E-9,10.0,0.19700000000000015)(63.00661529850565 46.0)
(1.0E-9,10.0,0.19700000000000015)(63.00661529850565 47.0)
(1.0E-9,10.0,0.19700000000000015)(63.00661529850565 48.0)
(1.0E-9 10.0 0.19800000000000015)(19.938630231280996 118.0)
(1.0E-9,10.0,0.19800000000000015)(63.1358937928245 16.0)
(1.0E-9,10.0,0.19800000000000015)(61.30387556239692 62.0)
(1.0E-9,10.0,0.19800000000000015)(63.00661529850565 41.0)
(1.0E-9,10.0,0.19800000000000015)(63.312853000090854 1.0)
(1.0E-9,10.0,0.19800000000000015)(63.312853000090854 3.0)
(1.0E-9,10.0,0.19800000000000015)(63.00661529850565 44.0)
(1.0E-9,10.0,0.19800000000000015)(63.00661529850565 45.0)
(1.0E-9,10.0,0.19800000000000015)(63.00661529850565 48.0)
(1.0E-9,10.0,0.19800000000000015)(63.00661529850565 46.0)
(1.0E-9,10.0,0.19800000000000015)(63.12639931142351 46.0)
(1.0E-9,10.0,0.19800000000000015)(63.00661529850565 49.0)
(1.0E-9,10.0,0.19800000000000015)(63.00661529850565 47.0)
(1.0E-9 10.0 0.19900000000000015)(26.442366008013014 116.0)
(1.0E-9,10.0,0.19900000000000015)(63.1358937928245 16.0)
(1.0E-9,10.0,0.19900000000000015)(61.12343709245249 63.0)
(1.0E-9,10.0,0.19900000000000015)(63.00661529850565 40.0)
(1.0E-9,10.0,0.19900000000000015)(63.312853000090854 1.0)
(1.0E-9,10.0,0.19900000000000015)(63.00661529850565 43.0)
(1.0E-9,10.0,0.19900000000000015)(63.1358937928245 25.0)
(1.0E-9,10.0,0.19900000000000015)(63.00661529850565 46.0)
(1.0E-9,10.0,0.19900000000000015)(63.06677138509911 45.0)
(1.0E-9,10.0,0.19900000000000015)(63.06677138509911 47.0)
(1.0E-9 11.0 0.01)(63.07693199520658 21.0)
(1.0E-9,11.0,0.01)(63.312853000090854 1.0)
(1.0E-9,11.0,0.01)(63.312853000090854 3.0)
(1.0E-9,11.0,0.01)(63.312853000090854 5.0)
(1.0E-9,11.0,0.01)(63.1358937928245 9.0)
(1.0E-9,11.0,0.01)(63.1358937928245 11.0)
(1.0E-9,11.0,0.01)(63.1358937928245 14.0)
(1.0E-9,11.0,0.01)(63.1358937928245 16.0)
(1.0E-9,11.0,0.01)(63.1358937928245 17.0)
(1.0E-9,11.0,0.01)(63.07693199520658 21.0)
(1.0E-9 11.0 0.011)(63.07693199520658 21.0)
(1.0E-9,11.0,0.011)(63.312853000090854 1.0)
(1.0E-9,11.0,0.011)(63.312853000090854 3.0)
(1.0E-9,11.0,0.011)(63.312853000090854 5.0)
(1.0E-9,11.0,0.011)(63.1358937928245 9.0)
(1.0E-9,11.0,0.011)(63.1358937928245 11.0)
(1.0E-9,11.0,0.011)(63.1358937928245 13.0)
(1.0E-9,11.0,0.011)(63.1358937928245 14.0)
(1.0E-9,11.0,0.011)(63.1358937928245 16.0)
(1.0E-9,11.0,0.011)(63.1358937928245 17.0)
(1.0E-9,11.0,0.011)(63.07693199520658 21.0)
(1.0E-9 11.0 0.012)(63.07693199520658 21.0)
(1.0E-9,11.0,0.012)(63.312853000090854 1.0)
(1.0E-9,11.0,0.012)(63.312853000090854 3.0)
(1.0E-9,11.0,0.012)(63.312853000090854 5.0)
(1.0E-9,11.0,0.012)(63.1358937928245 9.0)
(1.0E-9,11.0,0.012)(63.1358937928245 11.0)
(1.0E-9,11.0,0.012)(63.1358937928245 14.0)
(1.0E-9,11.0,0.012)(63.1358937928245 16.0)
(1.0E-9,11.0,0.012)(63.1358937928245 17.0)
(1.0E-9,11.0,0.012)(63.1358937928245 20.0)
(1.0E-9,11.0,0.012)(63.07693199520658 21.0)
(1.0E-9 11.0 0.013000000000000001)(63.07693199520658 21.0)
(1.0E-9,11.0,0.013000000000000001)(63.312853000090854 1.0)
(1.0E-9,11.0,0.013000000000000001)(63.312853000090854 3.0)
(1.0E-9,11.0,0.013000000000000001)(63.312853000090854 5.0)
(1.0E-9,11.0,0.013000000000000001)(63.1358937928245 9.0)
(1.0E-9,11.0,0.013000000000000001)(63.1358937928245 11.0)
(1.0E-9,11.0,0.013000000000000001)(63.1358937928245 14.0)
(1.0E-9,11.0,0.013000000000000001)(63.1358937928245 16.0)
(1.0E-9,11.0,0.013000000000000001)(63.1358937928245 17.0)
(1.0E-9,11.0,0.013000000000000001)(63.1358937928245 20.0)
(1.0E-9,11.0,0.013000000000000001)(63.07693199520658 21.0)
(1.0E-9 11.0 0.014000000000000002)(63.07693199520658 21.0)
(1.0E-9,11.0,0.014000000000000002)(63.312853000090854 1.0)
(1.0E-9,11.0,0.014000000000000002)(63.312853000090854 3.0)
(1.0E-9,11.0,0.014000000000000002)(63.312853000090854 5.0)
(1.0E-9,11.0,0.014000000000000002)(63.1358937928245 11.0)
(1.0E-9,11.0,0.014000000000000002)(63.1358937928245 13.0)
(1.0E-9,11.0,0.014000000000000002)(63.1358937928245 14.0)
(1.0E-9,11.0,0.014000000000000002)(63.1358937928245 16.0)
(1.0E-9,11.0,0.014000000000000002)(63.1358937928245 17.0)
(1.0E-9,11.0,0.014000000000000002)(63.07693199520658 21.0)
(1.0E-9 11.0 0.015000000000000003)(63.07693199520658 21.0)
(1.0E-9,11.0,0.015000000000000003)(63.312853000090854 1.0)
(1.0E-9,11.0,0.015000000000000003)(63.312853000090854 3.0)
(1.0E-9,11.0,0.015000000000000003)(63.312853000090854 5.0)
(1.0E-9,11.0,0.015000000000000003)(63.1358937928245 11.0)
(1.0E-9,11.0,0.015000000000000003)(63.1358937928245 14.0)
(1.0E-9,11.0,0.015000000000000003)(63.1358937928245 16.0)
(1.0E-9,11.0,0.015000000000000003)(63.1358937928245 17.0)
(1.0E-9,11.0,0.015000000000000003)(63.07693199520658 21.0)
(1.0E-9 11.0 0.016000000000000004)(63.07693199520658 21.0)
(1.0E-9,11.0,0.016000000000000004)(63.312853000090854 1.0)
(1.0E-9,11.0,0.016000000000000004)(63.312853000090854 3.0)
(1.0E-9,11.0,0.016000000000000004)(63.312853000090854 5.0)
(1.0E-9,11.0,0.016000000000000004)(63.1358937928245 9.0)
(1.0E-9,11.0,0.016000000000000004)(63.1358937928245 11.0)
(1.0E-9,11.0,0.016000000000000004)(63.1358937928245 13.0)
(1.0E-9,11.0,0.016000000000000004)(63.1358937928245 14.0)
(1.0E-9,11.0,0.016000000000000004)(63.1358937928245 16.0)
(1.0E-9,11.0,0.016000000000000004)(63.1358937928245 17.0)
(1.0E-9,11.0,0.016000000000000004)(63.07693199520658 21.0)
(1.0E-9 11.0 0.017000000000000005)(63.07693199520658 21.0)
(1.0E-9,11.0,0.017000000000000005)(63.312853000090854 1.0)
(1.0E-9,11.0,0.017000000000000005)(63.312853000090854 3.0)
(1.0E-9,11.0,0.017000000000000005)(63.312853000090854 5.0)
(1.0E-9,11.0,0.017000000000000005)(63.1358937928245 11.0)
(1.0E-9,11.0,0.017000000000000005)(63.1358937928245 14.0)
(1.0E-9,11.0,0.017000000000000005)(63.1358937928245 16.0)
(1.0E-9,11.0,0.017000000000000005)(63.1358937928245 17.0)
(1.0E-9,11.0,0.017000000000000005)(63.07693199520658 21.0)
(1.0E-9 11.0 0.018000000000000006)(63.03025880802586 23.0)
(1.0E-9,11.0,0.018000000000000006)(63.312853000090854 1.0)
(1.0E-9,11.0,0.018000000000000006)(63.312853000090854 3.0)
(1.0E-9,11.0,0.018000000000000006)(63.312853000090854 5.0)
(1.0E-9,11.0,0.018000000000000006)(63.1358937928245 9.0)
(1.0E-9,11.0,0.018000000000000006)(63.1358937928245 11.0)
(1.0E-9,11.0,0.018000000000000006)(63.1358937928245 14.0)
(1.0E-9,11.0,0.018000000000000006)(63.1358937928245 16.0)
(1.0E-9,11.0,0.018000000000000006)(63.1358937928245 17.0)
(1.0E-9,11.0,0.018000000000000006)(63.07693199520658 21.0)
(1.0E-9,11.0,0.018000000000000006)(63.07693199520658 22.0)
(1.0E-9,11.0,0.018000000000000006)(63.03025880802586 23.0)
(1.0E-9 11.0 0.019000000000000006)(63.03025880802586 23.0)
(1.0E-9,11.0,0.019000000000000006)(63.312853000090854 1.0)
(1.0E-9,11.0,0.019000000000000006)(63.312853000090854 3.0)
(1.0E-9,11.0,0.019000000000000006)(63.312853000090854 5.0)
(1.0E-9,11.0,0.019000000000000006)(63.1358937928245 9.0)
(1.0E-9,11.0,0.019000000000000006)(63.1358937928245 11.0)
(1.0E-9,11.0,0.019000000000000006)(63.1358937928245 14.0)
(1.0E-9,11.0,0.019000000000000006)(63.1358937928245 16.0)
(1.0E-9,11.0,0.019000000000000006)(63.1358937928245 17.0)
(1.0E-9,11.0,0.019000000000000006)(63.07693199520658 21.0)
(1.0E-9,11.0,0.019000000000000006)(63.07693199520658 22.0)
(1.0E-9 11.0 0.020000000000000007)(63.03025880802586 23.0)
(1.0E-9,11.0,0.020000000000000007)(63.312853000090854 1.0)
(1.0E-9,11.0,0.020000000000000007)(63.312853000090854 3.0)
(1.0E-9,11.0,0.020000000000000007)(63.312853000090854 5.0)
(1.0E-9,11.0,0.020000000000000007)(63.1358937928245 9.0)
(1.0E-9,11.0,0.020000000000000007)(63.1358937928245 11.0)
(1.0E-9,11.0,0.020000000000000007)(63.1358937928245 14.0)
(1.0E-9,11.0,0.020000000000000007)(63.1358937928245 16.0)
(1.0E-9,11.0,0.020000000000000007)(63.1358937928245 17.0)
(1.0E-9,11.0,0.020000000000000007)(63.07693199520658 21.0)
(1.0E-9,11.0,0.020000000000000007)(63.07693199520658 22.0)
(1.0E-9 11.0 0.021000000000000008)(63.03025880802586 24.0)
(1.0E-9,11.0,0.021000000000000008)(63.312853000090854 1.0)
(1.0E-9,11.0,0.021000000000000008)(63.312853000090854 3.0)
(1.0E-9,11.0,0.021000000000000008)(63.312853000090854 5.0)
(1.0E-9,11.0,0.021000000000000008)(63.1358937928245 11.0)
(1.0E-9,11.0,0.021000000000000008)(63.1358937928245 14.0)
(1.0E-9,11.0,0.021000000000000008)(63.1358937928245 16.0)
(1.0E-9,11.0,0.021000000000000008)(63.1358937928245 17.0)
(1.0E-9,11.0,0.021000000000000008)(63.07693199520658 21.0)
(1.0E-9,11.0,0.021000000000000008)(63.07693199520658 22.0)
(1.0E-9,11.0,0.021000000000000008)(63.03025880802586 23.0)
(1.0E-9,11.0,0.021000000000000008)(63.03025880802586 24.0)
(1.0E-9 11.0 0.02200000000000001)(62.86663067005866 32.0)
(1.0E-9,11.0,0.02200000000000001)(63.312853000090854 1.0)
(1.0E-9,11.0,0.02200000000000001)(63.312853000090854 5.0)
(1.0E-9,11.0,0.02200000000000001)(63.1358937928245 11.0)
(1.0E-9,11.0,0.02200000000000001)(63.1358937928245 13.0)
(1.0E-9,11.0,0.02200000000000001)(63.1358937928245 16.0)
(1.0E-9,11.0,0.02200000000000001)(63.1358937928245 17.0)
(1.0E-9,11.0,0.02200000000000001)(63.07693199520658 21.0)
(1.0E-9,11.0,0.02200000000000001)(63.07693199520658 22.0)
(1.0E-9,11.0,0.02200000000000001)(63.03025880802586 23.0)
(1.0E-9,11.0,0.02200000000000001)(63.03025880802586 24.0)
(1.0E-9,11.0,0.02200000000000001)(63.03025880802586 25.0)
(1.0E-9 11.0 0.02300000000000001)(62.96101575209007 31.0)
(1.0E-9,11.0,0.02300000000000001)(63.312853000090854 1.0)
(1.0E-9,11.0,0.02300000000000001)(63.312853000090854 5.0)
(1.0E-9,11.0,0.02300000000000001)(63.1358937928245 9.0)
(1.0E-9,11.0,0.02300000000000001)(63.1358937928245 13.0)
(1.0E-9,11.0,0.02300000000000001)(63.1358937928245 14.0)
(1.0E-9,11.0,0.02300000000000001)(63.1358937928245 16.0)
(1.0E-9,11.0,0.02300000000000001)(63.07693199520658 21.0)
(1.0E-9,11.0,0.02300000000000001)(63.07693199520658 22.0)
(1.0E-9,11.0,0.02300000000000001)(63.03025880802586 23.0)
(1.0E-9,11.0,0.02300000000000001)(63.03025880802586 24.0)
(1.0E-9 11.0 0.02400000000000001)(62.86663067005866 31.0)
(1.0E-9,11.0,0.02400000000000001)(63.312853000090854 1.0)
(1.0E-9,11.0,0.02400000000000001)(63.312853000090854 5.0)
(1.0E-9,11.0,0.02400000000000001)(63.1358937928245 11.0)
(1.0E-9,11.0,0.02400000000000001)(63.1358937928245 14.0)
(1.0E-9,11.0,0.02400000000000001)(63.1358937928245 16.0)
(1.0E-9,11.0,0.02400000000000001)(63.1358937928245 17.0)
(1.0E-9,11.0,0.02400000000000001)(63.07693199520658 22.0)
(1.0E-9,11.0,0.02400000000000001)(63.07693199520658 21.0)
(1.0E-9,11.0,0.02400000000000001)(63.03025880802586 23.0)
(1.0E-9,11.0,0.02400000000000001)(63.03025880802586 24.0)
(1.0E-9 11.0 0.025000000000000012)(62.70452548317137 34.0)
(1.0E-9,11.0,0.025000000000000012)(63.312853000090854 1.0)
(1.0E-9,11.0,0.025000000000000012)(63.312853000090854 5.0)
(1.0E-9,11.0,0.025000000000000012)(63.1358937928245 11.0)
(1.0E-9,11.0,0.025000000000000012)(63.1358937928245 14.0)
(1.0E-9,11.0,0.025000000000000012)(63.1358937928245 16.0)
(1.0E-9,11.0,0.025000000000000012)(63.1358937928245 19.0)
(1.0E-9,11.0,0.025000000000000012)(63.090035119442504 20.0)
(1.0E-9,11.0,0.025000000000000012)(63.090035119442504 21.0)
(1.0E-9,11.0,0.025000000000000012)(63.03025880802586 23.0)
(1.0E-9,11.0,0.025000000000000012)(63.03025880802586 24.0)
(1.0E-9,11.0,0.025000000000000012)(63.03025880802586 25.0)
(1.0E-9 11.0 0.026000000000000013)(62.70452548317137 34.0)
(1.0E-9,11.0,0.026000000000000013)(63.312853000090854 1.0)
(1.0E-9,11.0,0.026000000000000013)(63.312853000090854 5.0)
(1.0E-9,11.0,0.026000000000000013)(63.1358937928245 11.0)
(1.0E-9,11.0,0.026000000000000013)(63.1358937928245 14.0)
(1.0E-9,11.0,0.026000000000000013)(63.1358937928245 16.0)
(1.0E-9,11.0,0.026000000000000013)(63.1358937928245 19.0)
(1.0E-9,11.0,0.026000000000000013)(63.090035119442504 20.0)
(1.0E-9,11.0,0.026000000000000013)(63.090035119442504 21.0)
(1.0E-9,11.0,0.026000000000000013)(63.03025880802586 23.0)
(1.0E-9,11.0,0.026000000000000013)(63.03025880802586 24.0)
(1.0E-9,11.0,0.026000000000000013)(63.03025880802586 25.0)
(1.0E-9 11.0 0.027000000000000014)(62.477683564134296 45.0)
(1.0E-9,11.0,0.027000000000000014)(63.312853000090854 1.0)
(1.0E-9,11.0,0.027000000000000014)(63.312853000090854 5.0)
(1.0E-9,11.0,0.027000000000000014)(63.1358937928245 11.0)
(1.0E-9,11.0,0.027000000000000014)(63.1358937928245 14.0)
(1.0E-9,11.0,0.027000000000000014)(63.1358937928245 16.0)
(1.0E-9,11.0,0.027000000000000014)(63.1358937928245 19.0)
(1.0E-9,11.0,0.027000000000000014)(63.090035119442504 20.0)
(1.0E-9,11.0,0.027000000000000014)(63.07693199520658 22.0)
(1.0E-9,11.0,0.027000000000000014)(63.03025880802586 23.0)
(1.0E-9,11.0,0.027000000000000014)(63.03025880802586 24.0)
(1.0E-9,11.0,0.027000000000000014)(63.03025880802586 25.0)
(1.0E-9 11.0 0.028000000000000014)(62.477683564134296 45.0)
(1.0E-9,11.0,0.028000000000000014)(63.312853000090854 1.0)
(1.0E-9,11.0,0.028000000000000014)(63.312853000090854 5.0)
(1.0E-9,11.0,0.028000000000000014)(63.1358937928245 13.0)
(1.0E-9,11.0,0.028000000000000014)(63.1358937928245 16.0)
(1.0E-9,11.0,0.028000000000000014)(63.1358937928245 17.0)
(1.0E-9,11.0,0.028000000000000014)(63.07693199520658 21.0)
(1.0E-9,11.0,0.028000000000000014)(63.07693199520658 22.0)
(1.0E-9,11.0,0.028000000000000014)(63.03025880802586 24.0)
(1.0E-9,11.0,0.028000000000000014)(63.03025880802586 25.0)
(1.0E-9 11.0 0.029000000000000015)(62.477683564134296 45.0)
(1.0E-9,11.0,0.029000000000000015)(63.312853000090854 1.0)
(1.0E-9,11.0,0.029000000000000015)(63.312853000090854 5.0)
(1.0E-9,11.0,0.029000000000000015)(63.1358937928245 13.0)
(1.0E-9,11.0,0.029000000000000015)(63.1358937928245 16.0)
(1.0E-9,11.0,0.029000000000000015)(63.1358937928245 17.0)
(1.0E-9,11.0,0.029000000000000015)(63.07693199520658 21.0)
(1.0E-9,11.0,0.029000000000000015)(63.07693199520658 22.0)
(1.0E-9,11.0,0.029000000000000015)(63.03025880802586 24.0)
(1.0E-9,11.0,0.029000000000000015)(63.03025880802586 25.0)
(1.0E-9 11.0 0.030000000000000016)(62.477683564134296 43.0)
(1.0E-9,11.0,0.030000000000000016)(63.312853000090854 1.0)
(1.0E-9,11.0,0.030000000000000016)(63.312853000090854 5.0)
(1.0E-9,11.0,0.030000000000000016)(63.1358937928245 13.0)
(1.0E-9,11.0,0.030000000000000016)(63.1358937928245 16.0)
(1.0E-9,11.0,0.030000000000000016)(63.1358937928245 17.0)
(1.0E-9,11.0,0.030000000000000016)(63.07693199520658 21.0)
(1.0E-9,11.0,0.030000000000000016)(63.090035119442504 21.0)
(1.0E-9,11.0,0.030000000000000016)(63.03025880802586 23.0)
(1.0E-9,11.0,0.030000000000000016)(63.03025880802586 24.0)
(1.0E-9,11.0,0.030000000000000016)(63.03025880802586 25.0)
(1.0E-9 11.0 0.031000000000000017)(61.23706195005199 52.0)
(1.0E-9,11.0,0.031000000000000017)(63.312853000090854 1.0)
(1.0E-9,11.0,0.031000000000000017)(63.1358937928245 9.0)
(1.0E-9,11.0,0.031000000000000017)(63.1358937928245 16.0)
(1.0E-9,11.0,0.031000000000000017)(63.1358937928245 17.0)
(1.0E-9,11.0,0.031000000000000017)(63.07693199520658 21.0)
(1.0E-9,11.0,0.031000000000000017)(63.07693199520658 22.0)
(1.0E-9,11.0,0.031000000000000017)(63.03025880802586 23.0)
(1.0E-9,11.0,0.031000000000000017)(63.03025880802586 24.0)
(1.0E-9,11.0,0.031000000000000017)(63.03025880802586 25.0)
(1.0E-9 11.0 0.032000000000000015)(61.23706195005199 52.0)
(1.0E-9,11.0,0.032000000000000015)(63.312853000090854 1.0)
(1.0E-9,11.0,0.032000000000000015)(63.1358937928245 9.0)
(1.0E-9,11.0,0.032000000000000015)(63.1358937928245 14.0)
(1.0E-9,11.0,0.032000000000000015)(63.1358937928245 16.0)
(1.0E-9,11.0,0.032000000000000015)(63.1358937928245 17.0)
(1.0E-9,11.0,0.032000000000000015)(63.07693199520658 22.0)
(1.0E-9,11.0,0.032000000000000015)(63.03025880802586 23.0)
(1.0E-9,11.0,0.032000000000000015)(63.03025880802586 24.0)
(1.0E-9,11.0,0.032000000000000015)(63.03025880802586 25.0)
(1.0E-9 11.0 0.033000000000000015)(61.23706195005199 52.0)
(1.0E-9,11.0,0.033000000000000015)(63.312853000090854 1.0)
(1.0E-9,11.0,0.033000000000000015)(63.1358937928245 9.0)
(1.0E-9,11.0,0.033000000000000015)(63.1358937928245 14.0)
(1.0E-9,11.0,0.033000000000000015)(63.1358937928245 16.0)
(1.0E-9,11.0,0.033000000000000015)(63.1358937928245 17.0)
(1.0E-9,11.0,0.033000000000000015)(63.07693199520658 22.0)
(1.0E-9,11.0,0.033000000000000015)(63.03025880802586 23.0)
(1.0E-9,11.0,0.033000000000000015)(63.03025880802586 24.0)
(1.0E-9,11.0,0.033000000000000015)(63.03025880802586 25.0)
(1.0E-9 11.0 0.034000000000000016)(61.23706195005199 52.0)
(1.0E-9,11.0,0.034000000000000016)(63.312853000090854 3.0)
(1.0E-9,11.0,0.034000000000000016)(63.1358937928245 11.0)
(1.0E-9,11.0,0.034000000000000016)(63.1358937928245 16.0)
(1.0E-9,11.0,0.034000000000000016)(63.1358937928245 17.0)
(1.0E-9,11.0,0.034000000000000016)(63.07693199520658 21.0)
(1.0E-9,11.0,0.034000000000000016)(63.07693199520658 22.0)
(1.0E-9,11.0,0.034000000000000016)(63.03025880802586 23.0)
(1.0E-9,11.0,0.034000000000000016)(63.03025880802586 24.0)
(1.0E-9,11.0,0.034000000000000016)(63.03025880802586 25.0)
(1.0E-9 11.0 0.03500000000000002)(61.23706195005199 52.0)
(1.0E-9,11.0,0.03500000000000002)(63.312853000090854 3.0)
(1.0E-9,11.0,0.03500000000000002)(63.1358937928245 11.0)
(1.0E-9,11.0,0.03500000000000002)(63.1358937928245 16.0)
(1.0E-9,11.0,0.03500000000000002)(63.1358937928245 17.0)
(1.0E-9,11.0,0.03500000000000002)(63.1358937928245 20.0)
(1.0E-9,11.0,0.03500000000000002)(63.07693199520658 22.0)
(1.0E-9,11.0,0.03500000000000002)(63.03025880802586 23.0)
(1.0E-9,11.0,0.03500000000000002)(63.03025880802586 25.0)
(1.0E-9,11.0,0.03500000000000002)(63.03025880802586 24.0)
(1.0E-9 11.0 0.03600000000000002)(61.23706195005199 52.0)
(1.0E-9,11.0,0.03600000000000002)(63.312853000090854 3.0)
(1.0E-9,11.0,0.03600000000000002)(63.1358937928245 11.0)
(1.0E-9,11.0,0.03600000000000002)(63.1358937928245 16.0)
(1.0E-9,11.0,0.03600000000000002)(63.1358937928245 17.0)
(1.0E-9,11.0,0.03600000000000002)(63.1358937928245 20.0)
(1.0E-9,11.0,0.03600000000000002)(63.07693199520658 22.0)
(1.0E-9,11.0,0.03600000000000002)(63.03025880802586 23.0)
(1.0E-9,11.0,0.03600000000000002)(63.03025880802586 25.0)
(1.0E-9,11.0,0.03600000000000002)(63.03025880802586 24.0)
(1.0E-9 11.0 0.03700000000000002)(61.23706195005199 54.0)
(1.0E-9,11.0,0.03700000000000002)(63.312853000090854 3.0)
(1.0E-9,11.0,0.03700000000000002)(63.1358937928245 11.0)
(1.0E-9,11.0,0.03700000000000002)(63.1358937928245 14.0)
(1.0E-9,11.0,0.03700000000000002)(63.1358937928245 16.0)
(1.0E-9,11.0,0.03700000000000002)(63.1358937928245 20.0)
(1.0E-9,11.0,0.03700000000000002)(63.07693199520658 22.0)
(1.0E-9,11.0,0.03700000000000002)(63.03025880802586 23.0)
(1.0E-9,11.0,0.03700000000000002)(63.03025880802586 24.0)
(1.0E-9,11.0,0.03700000000000002)(63.03025880802586 25.0)
(1.0E-9 11.0 0.03800000000000002)(61.871082967626464 50.0)
(1.0E-9,11.0,0.03800000000000002)(63.312853000090854 3.0)
(1.0E-9,11.0,0.03800000000000002)(63.1358937928245 11.0)
(1.0E-9,11.0,0.03800000000000002)(63.1358937928245 16.0)
(1.0E-9,11.0,0.03800000000000002)(63.1358937928245 17.0)
(1.0E-9,11.0,0.03800000000000002)(63.07693199520658 22.0)
(1.0E-9,11.0,0.03800000000000002)(63.03025880802586 23.0)
(1.0E-9,11.0,0.03800000000000002)(63.03025880802586 24.0)
(1.0E-9,11.0,0.03800000000000002)(63.03025880802586 25.0)
(1.0E-9 11.0 0.03900000000000002)(61.871082967626464 50.0)
(1.0E-9,11.0,0.03900000000000002)(63.312853000090854 3.0)
(1.0E-9,11.0,0.03900000000000002)(63.1358937928245 11.0)
(1.0E-9,11.0,0.03900000000000002)(63.1358937928245 16.0)
(1.0E-9,11.0,0.03900000000000002)(63.1358937928245 17.0)
(1.0E-9,11.0,0.03900000000000002)(63.07693199520658 22.0)
(1.0E-9,11.0,0.03900000000000002)(63.03025880802586 23.0)
(1.0E-9,11.0,0.03900000000000002)(63.03025880802586 24.0)
(1.0E-9,11.0,0.03900000000000002)(63.03025880802586 25.0)
(1.0E-9 11.0 0.04000000000000002)(61.871082967626464 50.0)
(1.0E-9,11.0,0.04000000000000002)(63.312853000090854 3.0)
(1.0E-9,11.0,0.04000000000000002)(63.1358937928245 11.0)
(1.0E-9,11.0,0.04000000000000002)(63.1358937928245 16.0)
(1.0E-9,11.0,0.04000000000000002)(63.1358937928245 17.0)
(1.0E-9,11.0,0.04000000000000002)(63.07693199520658 22.0)
(1.0E-9,11.0,0.04000000000000002)(63.03025880802586 23.0)
(1.0E-9,11.0,0.04000000000000002)(63.03025880802586 24.0)
(1.0E-9,11.0,0.04000000000000002)(63.03025880802586 25.0)
(1.0E-9 11.0 0.04100000000000002)(61.871082967626464 50.0)
(1.0E-9,11.0,0.04100000000000002)(63.312853000090854 3.0)
(1.0E-9,11.0,0.04100000000000002)(63.1358937928245 11.0)
(1.0E-9,11.0,0.04100000000000002)(63.1358937928245 16.0)
(1.0E-9,11.0,0.04100000000000002)(63.1358937928245 17.0)
(1.0E-9,11.0,0.04100000000000002)(63.07693199520658 22.0)
(1.0E-9,11.0,0.04100000000000002)(63.03025880802586 23.0)
(1.0E-9,11.0,0.04100000000000002)(63.03025880802586 24.0)
(1.0E-9,11.0,0.04100000000000002)(63.03025880802586 25.0)
(1.0E-9 11.0 0.04200000000000002)(61.871082967626464 50.0)
(1.0E-9,11.0,0.04200000000000002)(63.312853000090854 3.0)
(1.0E-9,11.0,0.04200000000000002)(63.1358937928245 11.0)
(1.0E-9,11.0,0.04200000000000002)(63.1358937928245 16.0)
(1.0E-9,11.0,0.04200000000000002)(63.1358937928245 17.0)
(1.0E-9,11.0,0.04200000000000002)(63.07693199520658 22.0)
(1.0E-9,11.0,0.04200000000000002)(63.03025880802586 23.0)
(1.0E-9,11.0,0.04200000000000002)(63.03025880802586 24.0)
(1.0E-9,11.0,0.04200000000000002)(63.03025880802586 25.0)
(1.0E-9 11.0 0.043000000000000024)(61.871082967626464 50.0)
(1.0E-9,11.0,0.043000000000000024)(63.312853000090854 3.0)
(1.0E-9,11.0,0.043000000000000024)(63.1358937928245 11.0)
(1.0E-9,11.0,0.043000000000000024)(63.1358937928245 16.0)
(1.0E-9,11.0,0.043000000000000024)(63.1358937928245 17.0)
(1.0E-9,11.0,0.043000000000000024)(63.07693199520658 22.0)
(1.0E-9,11.0,0.043000000000000024)(63.03025880802586 23.0)
(1.0E-9,11.0,0.043000000000000024)(63.03025880802586 24.0)
(1.0E-9,11.0,0.043000000000000024)(63.03025880802586 25.0)
(1.0E-9 11.0 0.044000000000000025)(61.871082967626464 50.0)
(1.0E-9,11.0,0.044000000000000025)(63.312853000090854 3.0)
(1.0E-9,11.0,0.044000000000000025)(63.1358937928245 11.0)
(1.0E-9,11.0,0.044000000000000025)(63.1358937928245 16.0)
(1.0E-9,11.0,0.044000000000000025)(63.1358937928245 17.0)
(1.0E-9,11.0,0.044000000000000025)(63.07693199520658 22.0)
(1.0E-9,11.0,0.044000000000000025)(63.03025880802586 23.0)
(1.0E-9,11.0,0.044000000000000025)(63.03025880802586 24.0)
(1.0E-9,11.0,0.044000000000000025)(63.03025880802586 25.0)
(1.0E-9 11.0 0.045000000000000026)(61.871082967626464 50.0)
(1.0E-9,11.0,0.045000000000000026)(63.312853000090854 3.0)
(1.0E-9,11.0,0.045000000000000026)(63.1358937928245 11.0)
(1.0E-9,11.0,0.045000000000000026)(63.1358937928245 16.0)
(1.0E-9,11.0,0.045000000000000026)(63.1358937928245 17.0)
(1.0E-9,11.0,0.045000000000000026)(63.07693199520658 22.0)
(1.0E-9,11.0,0.045000000000000026)(63.03025880802586 23.0)
(1.0E-9,11.0,0.045000000000000026)(63.03025880802586 24.0)
(1.0E-9,11.0,0.045000000000000026)(63.03025880802586 25.0)
(1.0E-9 11.0 0.04600000000000003)(61.871082967626464 50.0)
(1.0E-9,11.0,0.04600000000000003)(63.312853000090854 3.0)
(1.0E-9,11.0,0.04600000000000003)(63.1358937928245 11.0)
(1.0E-9,11.0,0.04600000000000003)(63.1358937928245 16.0)
(1.0E-9,11.0,0.04600000000000003)(63.1358937928245 17.0)
(1.0E-9,11.0,0.04600000000000003)(63.07693199520658 22.0)
(1.0E-9,11.0,0.04600000000000003)(63.03025880802586 23.0)
(1.0E-9,11.0,0.04600000000000003)(63.03025880802586 24.0)
(1.0E-9,11.0,0.04600000000000003)(63.03025880802586 25.0)
(1.0E-9 11.0 0.04700000000000003)(61.871082967626464 50.0)
(1.0E-9,11.0,0.04700000000000003)(63.312853000090854 3.0)
(1.0E-9,11.0,0.04700000000000003)(63.1358937928245 11.0)
(1.0E-9,11.0,0.04700000000000003)(63.1358937928245 16.0)
(1.0E-9,11.0,0.04700000000000003)(63.1358937928245 17.0)
(1.0E-9,11.0,0.04700000000000003)(63.07693199520658 22.0)
(1.0E-9,11.0,0.04700000000000003)(63.03025880802586 23.0)
(1.0E-9,11.0,0.04700000000000003)(63.03025880802586 24.0)
(1.0E-9,11.0,0.04700000000000003)(63.03025880802586 25.0)
(1.0E-9 11.0 0.04800000000000003)(61.871082967626464 50.0)
(1.0E-9,11.0,0.04800000000000003)(63.312853000090854 3.0)
(1.0E-9,11.0,0.04800000000000003)(63.1358937928245 11.0)
(1.0E-9,11.0,0.04800000000000003)(63.1358937928245 16.0)
(1.0E-9,11.0,0.04800000000000003)(63.1358937928245 17.0)
(1.0E-9,11.0,0.04800000000000003)(63.090035119442504 21.0)
(1.0E-9,11.0,0.04800000000000003)(63.03025880802586 23.0)
(1.0E-9,11.0,0.04800000000000003)(63.03025880802586 24.0)
(1.0E-9,11.0,0.04800000000000003)(63.03025880802586 25.0)
(1.0E-9 11.0 0.04900000000000003)(61.871082967626464 50.0)
(1.0E-9,11.0,0.04900000000000003)(63.312853000090854 3.0)
(1.0E-9,11.0,0.04900000000000003)(63.1358937928245 11.0)
(1.0E-9,11.0,0.04900000000000003)(63.1358937928245 14.0)
(1.0E-9,11.0,0.04900000000000003)(63.1358937928245 16.0)
(1.0E-9,11.0,0.04900000000000003)(63.1358937928245 17.0)
(1.0E-9,11.0,0.04900000000000003)(63.07693199520658 22.0)
(1.0E-9,11.0,0.04900000000000003)(63.03025880802586 23.0)
(1.0E-9,11.0,0.04900000000000003)(63.03025880802586 24.0)
(1.0E-9,11.0,0.04900000000000003)(63.03025880802586 25.0)
(1.0E-9 11.0 0.05000000000000003)(61.871082967626464 50.0)
(1.0E-9,11.0,0.05000000000000003)(63.312853000090854 3.0)
(1.0E-9,11.0,0.05000000000000003)(63.1358937928245 11.0)
(1.0E-9,11.0,0.05000000000000003)(63.1358937928245 14.0)
(1.0E-9,11.0,0.05000000000000003)(63.1358937928245 16.0)
(1.0E-9,11.0,0.05000000000000003)(63.1358937928245 17.0)
(1.0E-9,11.0,0.05000000000000003)(63.07693199520658 22.0)
(1.0E-9,11.0,0.05000000000000003)(63.03025880802586 23.0)
(1.0E-9,11.0,0.05000000000000003)(63.03025880802586 24.0)
(1.0E-9,11.0,0.05000000000000003)(63.03025880802586 25.0)
(1.0E-9 11.0 0.05100000000000003)(61.69049626037969 51.0)
(1.0E-9,11.0,0.05100000000000003)(63.312853000090854 3.0)
(1.0E-9,11.0,0.05100000000000003)(63.1358937928245 11.0)
(1.0E-9,11.0,0.05100000000000003)(63.1358937928245 14.0)
(1.0E-9,11.0,0.05100000000000003)(63.1358937928245 16.0)
(1.0E-9,11.0,0.05100000000000003)(63.1358937928245 17.0)
(1.0E-9,11.0,0.05100000000000003)(63.1358937928245 20.0)
(1.0E-9,11.0,0.05100000000000003)(63.07693199520658 22.0)
(1.0E-9,11.0,0.05100000000000003)(63.03025880802586 23.0)
(1.0E-9,11.0,0.05100000000000003)(63.03025880802586 24.0)
(1.0E-9,11.0,0.05100000000000003)(63.03025880802586 25.0)
(1.0E-9 11.0 0.05200000000000003)(61.69049626037969 51.0)
(1.0E-9,11.0,0.05200000000000003)(63.312853000090854 3.0)
(1.0E-9,11.0,0.05200000000000003)(63.1358937928245 11.0)
(1.0E-9,11.0,0.05200000000000003)(63.1358937928245 14.0)
(1.0E-9,11.0,0.05200000000000003)(63.1358937928245 16.0)
(1.0E-9,11.0,0.05200000000000003)(63.1358937928245 17.0)
(1.0E-9,11.0,0.05200000000000003)(63.1358937928245 20.0)
(1.0E-9,11.0,0.05200000000000003)(63.07693199520658 22.0)
(1.0E-9,11.0,0.05200000000000003)(63.03025880802586 23.0)
(1.0E-9,11.0,0.05200000000000003)(63.03025880802586 24.0)
(1.0E-9,11.0,0.05200000000000003)(63.03025880802586 25.0)
(1.0E-9 11.0 0.05300000000000003)(61.69049626037969 51.0)
(1.0E-9,11.0,0.05300000000000003)(63.312853000090854 3.0)
(1.0E-9,11.0,0.05300000000000003)(63.1358937928245 11.0)
(1.0E-9,11.0,0.05300000000000003)(63.1358937928245 14.0)
(1.0E-9,11.0,0.05300000000000003)(63.1358937928245 16.0)
(1.0E-9,11.0,0.05300000000000003)(63.1358937928245 17.0)
(1.0E-9,11.0,0.05300000000000003)(63.1358937928245 20.0)
(1.0E-9,11.0,0.05300000000000003)(63.07693199520658 22.0)
(1.0E-9,11.0,0.05300000000000003)(63.03025880802586 23.0)
(1.0E-9,11.0,0.05300000000000003)(63.03025880802586 24.0)
(1.0E-9 11.0 0.054000000000000034)(61.69049626037969 51.0)
(1.0E-9,11.0,0.054000000000000034)(63.312853000090854 3.0)
(1.0E-9,11.0,0.054000000000000034)(63.1358937928245 11.0)
(1.0E-9,11.0,0.054000000000000034)(63.1358937928245 14.0)
(1.0E-9,11.0,0.054000000000000034)(63.1358937928245 16.0)
(1.0E-9,11.0,0.054000000000000034)(63.1358937928245 17.0)
(1.0E-9,11.0,0.054000000000000034)(63.1358937928245 20.0)
(1.0E-9,11.0,0.054000000000000034)(63.07693199520658 22.0)
(1.0E-9,11.0,0.054000000000000034)(63.03025880802586 23.0)
(1.0E-9,11.0,0.054000000000000034)(63.03025880802586 24.0)
(1.0E-9 11.0 0.055000000000000035)(61.69049626037969 51.0)
(1.0E-9,11.0,0.055000000000000035)(63.312853000090854 3.0)
(1.0E-9,11.0,0.055000000000000035)(63.1358937928245 11.0)
(1.0E-9,11.0,0.055000000000000035)(63.1358937928245 14.0)
(1.0E-9,11.0,0.055000000000000035)(63.1358937928245 16.0)
(1.0E-9,11.0,0.055000000000000035)(63.1358937928245 17.0)
(1.0E-9,11.0,0.055000000000000035)(63.1358937928245 20.0)
(1.0E-9,11.0,0.055000000000000035)(63.07693199520658 22.0)
(1.0E-9,11.0,0.055000000000000035)(63.03025880802586 23.0)
(1.0E-9,11.0,0.055000000000000035)(63.03025880802586 24.0)
(1.0E-9,11.0,0.055000000000000035)(63.07693199520658 21.0)
(1.0E-9 11.0 0.056000000000000036)(61.69049626037969 51.0)
(1.0E-9,11.0,0.056000000000000036)(63.312853000090854 3.0)
(1.0E-9,11.0,0.056000000000000036)(63.1358937928245 11.0)
(1.0E-9,11.0,0.056000000000000036)(63.1358937928245 14.0)
(1.0E-9,11.0,0.056000000000000036)(63.1358937928245 16.0)
(1.0E-9,11.0,0.056000000000000036)(63.1358937928245 17.0)
(1.0E-9,11.0,0.056000000000000036)(63.1358937928245 20.0)
(1.0E-9,11.0,0.056000000000000036)(63.07693199520658 22.0)
(1.0E-9,11.0,0.056000000000000036)(63.03025880802586 23.0)
(1.0E-9,11.0,0.056000000000000036)(63.03025880802586 24.0)
(1.0E-9 11.0 0.05700000000000004)(61.69049626037969 51.0)
(1.0E-9,11.0,0.05700000000000004)(63.312853000090854 3.0)
(1.0E-9,11.0,0.05700000000000004)(63.1358937928245 11.0)
(1.0E-9,11.0,0.05700000000000004)(63.1358937928245 14.0)
(1.0E-9,11.0,0.05700000000000004)(63.1358937928245 16.0)
(1.0E-9,11.0,0.05700000000000004)(63.1358937928245 17.0)
(1.0E-9,11.0,0.05700000000000004)(63.1358937928245 20.0)
(1.0E-9,11.0,0.05700000000000004)(63.07693199520658 22.0)
(1.0E-9,11.0,0.05700000000000004)(63.03025880802586 23.0)
(1.0E-9,11.0,0.05700000000000004)(63.07693199520658 24.0)
(1.0E-9 11.0 0.05800000000000004)(61.69049626037969 51.0)
(1.0E-9,11.0,0.05800000000000004)(63.312853000090854 3.0)
(1.0E-9,11.0,0.05800000000000004)(63.1358937928245 11.0)
(1.0E-9,11.0,0.05800000000000004)(63.1358937928245 14.0)
(1.0E-9,11.0,0.05800000000000004)(63.1358937928245 16.0)
(1.0E-9,11.0,0.05800000000000004)(63.1358937928245 17.0)
(1.0E-9,11.0,0.05800000000000004)(63.1358937928245 20.0)
(1.0E-9,11.0,0.05800000000000004)(63.07693199520658 22.0)
(1.0E-9,11.0,0.05800000000000004)(63.03025880802586 23.0)
(1.0E-9,11.0,0.05800000000000004)(63.1358937928245 21.0)
(1.0E-9,11.0,0.05800000000000004)(63.07693199520658 24.0)
(1.0E-9 11.0 0.05900000000000004)(61.69049626037969 51.0)
(1.0E-9,11.0,0.05900000000000004)(63.312853000090854 3.0)
(1.0E-9,11.0,0.05900000000000004)(63.1358937928245 11.0)
(1.0E-9,11.0,0.05900000000000004)(63.1358937928245 14.0)
(1.0E-9,11.0,0.05900000000000004)(63.1358937928245 16.0)
(1.0E-9,11.0,0.05900000000000004)(63.1358937928245 17.0)
(1.0E-9,11.0,0.05900000000000004)(63.1358937928245 20.0)
(1.0E-9,11.0,0.05900000000000004)(63.07693199520658 22.0)
(1.0E-9,11.0,0.05900000000000004)(63.03025880802586 23.0)
(1.0E-9,11.0,0.05900000000000004)(63.1358937928245 21.0)
(1.0E-9,11.0,0.05900000000000004)(63.07693199520658 24.0)
(1.0E-9 11.0 0.06000000000000004)(61.69049626037969 51.0)
(1.0E-9,11.0,0.06000000000000004)(63.312853000090854 3.0)
(1.0E-9,11.0,0.06000000000000004)(63.1358937928245 11.0)
(1.0E-9,11.0,0.06000000000000004)(63.1358937928245 14.0)
(1.0E-9,11.0,0.06000000000000004)(63.1358937928245 16.0)
(1.0E-9,11.0,0.06000000000000004)(63.1358937928245 20.0)
(1.0E-9,11.0,0.06000000000000004)(63.07693199520658 22.0)
(1.0E-9,11.0,0.06000000000000004)(63.03025880802586 23.0)
(1.0E-9,11.0,0.06000000000000004)(63.1358937928245 21.0)
(1.0E-9,11.0,0.06000000000000004)(63.07693199520658 24.0)
(1.0E-9 11.0 0.06100000000000004)(61.69049626037969 51.0)
(1.0E-9,11.0,0.06100000000000004)(63.312853000090854 3.0)
(1.0E-9,11.0,0.06100000000000004)(63.1358937928245 11.0)
(1.0E-9,11.0,0.06100000000000004)(63.1358937928245 14.0)
(1.0E-9,11.0,0.06100000000000004)(63.1358937928245 16.0)
(1.0E-9,11.0,0.06100000000000004)(63.1358937928245 17.0)
(1.0E-9,11.0,0.06100000000000004)(63.07693199520658 22.0)
(1.0E-9,11.0,0.06100000000000004)(63.03025880802586 23.0)
(1.0E-9,11.0,0.06100000000000004)(63.03025880802586 24.0)
(1.0E-9,11.0,0.06100000000000004)(63.1358937928245 21.0)
(1.0E-9,11.0,0.06100000000000004)(63.1358937928245 20.0)
(1.0E-9 11.0 0.06200000000000004)(61.69049626037969 51.0)
(1.0E-9,11.0,0.06200000000000004)(63.312853000090854 3.0)
(1.0E-9,11.0,0.06200000000000004)(63.1358937928245 11.0)
(1.0E-9,11.0,0.06200000000000004)(63.1358937928245 14.0)
(1.0E-9,11.0,0.06200000000000004)(63.1358937928245 16.0)
(1.0E-9,11.0,0.06200000000000004)(63.1358937928245 20.0)
(1.0E-9,11.0,0.06200000000000004)(63.07693199520658 22.0)
(1.0E-9,11.0,0.06200000000000004)(63.03025880802586 23.0)
(1.0E-9,11.0,0.06200000000000004)(63.03025880802586 24.0)
(1.0E-9,11.0,0.06200000000000004)(63.1358937928245 21.0)
(1.0E-9 11.0 0.06300000000000004)(61.69049626037969 51.0)
(1.0E-9,11.0,0.06300000000000004)(63.312853000090854 3.0)
(1.0E-9,11.0,0.06300000000000004)(63.1358937928245 11.0)
(1.0E-9,11.0,0.06300000000000004)(63.1358937928245 14.0)
(1.0E-9,11.0,0.06300000000000004)(63.1358937928245 16.0)
(1.0E-9,11.0,0.06300000000000004)(63.1358937928245 20.0)
(1.0E-9,11.0,0.06300000000000004)(63.07693199520658 22.0)
(1.0E-9,11.0,0.06300000000000004)(63.03025880802586 23.0)
(1.0E-9,11.0,0.06300000000000004)(63.03025880802586 24.0)
(1.0E-9 11.0 0.06400000000000004)(61.69049626037969 51.0)
(1.0E-9,11.0,0.06400000000000004)(63.312853000090854 3.0)
(1.0E-9,11.0,0.06400000000000004)(63.1358937928245 11.0)
(1.0E-9,11.0,0.06400000000000004)(63.1358937928245 14.0)
(1.0E-9,11.0,0.06400000000000004)(63.1358937928245 16.0)
(1.0E-9,11.0,0.06400000000000004)(63.1358937928245 20.0)
(1.0E-9,11.0,0.06400000000000004)(63.07693199520658 22.0)
(1.0E-9,11.0,0.06400000000000004)(63.03025880802586 23.0)
(1.0E-9,11.0,0.06400000000000004)(63.03025880802586 24.0)
(1.0E-9 11.0 0.06500000000000004)(61.69049626037969 51.0)
(1.0E-9,11.0,0.06500000000000004)(63.312853000090854 3.0)
(1.0E-9,11.0,0.06500000000000004)(63.1358937928245 11.0)
(1.0E-9,11.0,0.06500000000000004)(63.1358937928245 14.0)
(1.0E-9,11.0,0.06500000000000004)(63.1358937928245 16.0)
(1.0E-9,11.0,0.06500000000000004)(63.1358937928245 20.0)
(1.0E-9,11.0,0.06500000000000004)(63.07693199520658 22.0)
(1.0E-9,11.0,0.06500000000000004)(63.03025880802586 23.0)
(1.0E-9,11.0,0.06500000000000004)(63.03025880802586 24.0)
(1.0E-9 11.0 0.06600000000000004)(61.455365508360096 52.0)
(1.0E-9,11.0,0.06600000000000004)(63.312853000090854 3.0)
(1.0E-9,11.0,0.06600000000000004)(63.1358937928245 13.0)
(1.0E-9,11.0,0.06600000000000004)(63.1358937928245 16.0)
(1.0E-9,11.0,0.06600000000000004)(63.1358937928245 17.0)
(1.0E-9,11.0,0.06600000000000004)(63.07693199520658 22.0)
(1.0E-9,11.0,0.06600000000000004)(63.03025880802586 23.0)
(1.0E-9,11.0,0.06600000000000004)(63.03025880802586 24.0)
(1.0E-9,11.0,0.06600000000000004)(63.1358937928245 21.0)
(1.0E-9 11.0 0.06700000000000005)(61.455365508360096 52.0)
(1.0E-9,11.0,0.06700000000000005)(63.312853000090854 3.0)
(1.0E-9,11.0,0.06700000000000005)(63.1358937928245 13.0)
(1.0E-9,11.0,0.06700000000000005)(63.1358937928245 16.0)
(1.0E-9,11.0,0.06700000000000005)(63.1358937928245 17.0)
(1.0E-9,11.0,0.06700000000000005)(63.07693199520658 22.0)
(1.0E-9,11.0,0.06700000000000005)(63.03025880802586 23.0)
(1.0E-9,11.0,0.06700000000000005)(63.03025880802586 24.0)
(1.0E-9,11.0,0.06700000000000005)(63.1358937928245 21.0)
(1.0E-9,11.0,0.06700000000000005)(63.1358937928245 20.0)
(1.0E-9 11.0 0.06800000000000005)(61.455365508360096 52.0)
(1.0E-9,11.0,0.06800000000000005)(63.312853000090854 3.0)
(1.0E-9,11.0,0.06800000000000005)(63.1358937928245 13.0)
(1.0E-9,11.0,0.06800000000000005)(63.1358937928245 16.0)
(1.0E-9,11.0,0.06800000000000005)(63.1358937928245 17.0)
(1.0E-9,11.0,0.06800000000000005)(63.07693199520658 22.0)
(1.0E-9,11.0,0.06800000000000005)(63.03025880802586 23.0)
(1.0E-9,11.0,0.06800000000000005)(63.03025880802586 24.0)
(1.0E-9,11.0,0.06800000000000005)(63.1358937928245 21.0)
(1.0E-9 11.0 0.06900000000000005)(61.455365508360096 52.0)
(1.0E-9,11.0,0.06900000000000005)(63.312853000090854 3.0)
(1.0E-9,11.0,0.06900000000000005)(63.1358937928245 13.0)
(1.0E-9,11.0,0.06900000000000005)(63.1358937928245 16.0)
(1.0E-9,11.0,0.06900000000000005)(63.1358937928245 17.0)
(1.0E-9,11.0,0.06900000000000005)(63.07693199520658 22.0)
(1.0E-9,11.0,0.06900000000000005)(63.03025880802586 23.0)
(1.0E-9,11.0,0.06900000000000005)(63.03025880802586 24.0)
(1.0E-9,11.0,0.06900000000000005)(63.1358937928245 20.0)
(1.0E-9,11.0,0.06900000000000005)(63.1358937928245 21.0)
(1.0E-9 11.0 0.07000000000000005)(61.23715697465971 59.0)
(1.0E-9,11.0,0.07000000000000005)(63.312853000090854 3.0)
(1.0E-9,11.0,0.07000000000000005)(63.1358937928245 11.0)
(1.0E-9,11.0,0.07000000000000005)(63.1358937928245 17.0)
(1.0E-9,11.0,0.07000000000000005)(63.1358937928245 21.0)
(1.0E-9,11.0,0.07000000000000005)(63.1358937928245 23.0)
(1.0E-9,11.0,0.07000000000000005)(63.0764769262858 29.0)
(1.0E-9,11.0,0.07000000000000005)(63.01650861089896 32.0)
(1.0E-9,11.0,0.07000000000000005)(63.01650861089896 33.0)
(1.0E-9,11.0,0.07000000000000005)(62.6929540152837 40.0)
(1.0E-9,11.0,0.07000000000000005)(62.078221107771725 52.0)
(1.0E-9,11.0,0.07000000000000005)(62.05197293532954 55.0)
(1.0E-9,11.0,0.07000000000000005)(61.87003486146637 56.0)
(1.0E-9,11.0,0.07000000000000005)(62.6929540152837 42.0)
(1.0E-9 11.0 0.07100000000000005)(61.23715697465971 59.0)
(1.0E-9,11.0,0.07100000000000005)(63.312853000090854 1.0)
(1.0E-9,11.0,0.07100000000000005)(63.1358937928245 9.0)
(1.0E-9,11.0,0.07100000000000005)(63.1358937928245 14.0)
(1.0E-9,11.0,0.07100000000000005)(63.1358937928245 16.0)
(1.0E-9,11.0,0.07100000000000005)(63.1358937928245 22.0)
(1.0E-9,11.0,0.07100000000000005)(63.0764769262858 28.0)
(1.0E-9,11.0,0.07100000000000005)(63.0764769262858 31.0)
(1.0E-9,11.0,0.07100000000000005)(63.01650861089896 32.0)
(1.0E-9,11.0,0.07100000000000005)(63.01650861089896 33.0)
(1.0E-9,11.0,0.07100000000000005)(62.6929540152837 40.0)
(1.0E-9,11.0,0.07100000000000005)(62.66315982088463 44.0)
(1.0E-9,11.0,0.07100000000000005)(62.595704353015876 47.0)
(1.0E-9,11.0,0.07100000000000005)(62.56972239910618 50.0)
(1.0E-9 11.0 0.07200000000000005)(61.23715697465971 59.0)
(1.0E-9,11.0,0.07200000000000005)(63.312853000090854 1.0)
(1.0E-9,11.0,0.07200000000000005)(63.1358937928245 9.0)
(1.0E-9,11.0,0.07200000000000005)(63.1358937928245 14.0)
(1.0E-9,11.0,0.07200000000000005)(63.1358937928245 16.0)
(1.0E-9,11.0,0.07200000000000005)(63.1358937928245 22.0)
(1.0E-9,11.0,0.07200000000000005)(63.0764769262858 28.0)
(1.0E-9,11.0,0.07200000000000005)(63.0764769262858 31.0)
(1.0E-9,11.0,0.07200000000000005)(63.01650861089896 32.0)
(1.0E-9,11.0,0.07200000000000005)(63.01650861089896 33.0)
(1.0E-9,11.0,0.07200000000000005)(62.6929540152837 40.0)
(1.0E-9,11.0,0.07200000000000005)(62.66315982088463 44.0)
(1.0E-9,11.0,0.07200000000000005)(62.595704353015876 47.0)
(1.0E-9,11.0,0.07200000000000005)(62.56972239910618 50.0)
(1.0E-9 11.0 0.07300000000000005)(61.23715697465971 59.0)
(1.0E-9,11.0,0.07300000000000005)(63.312853000090854 1.0)
(1.0E-9,11.0,0.07300000000000005)(63.1358937928245 9.0)
(1.0E-9,11.0,0.07300000000000005)(63.1358937928245 14.0)
(1.0E-9,11.0,0.07300000000000005)(63.1358937928245 16.0)
(1.0E-9,11.0,0.07300000000000005)(63.1358937928245 22.0)
(1.0E-9,11.0,0.07300000000000005)(63.0764769262858 28.0)
(1.0E-9,11.0,0.07300000000000005)(63.0764769262858 31.0)
(1.0E-9,11.0,0.07300000000000005)(63.01650861089896 32.0)
(1.0E-9,11.0,0.07300000000000005)(63.01650861089896 33.0)
(1.0E-9,11.0,0.07300000000000005)(62.6929540152837 40.0)
(1.0E-9,11.0,0.07300000000000005)(62.595704353015876 48.0)
(1.0E-9,11.0,0.07300000000000005)(62.6929540152837 42.0)
(1.0E-9 11.0 0.07400000000000005)(61.15678210439486 62.0)
(1.0E-9,11.0,0.07400000000000005)(63.312853000090854 3.0)
(1.0E-9,11.0,0.07400000000000005)(63.1358937928245 11.0)
(1.0E-9,11.0,0.07400000000000005)(63.1358937928245 16.0)
(1.0E-9,11.0,0.07400000000000005)(63.1358937928245 22.0)
(1.0E-9,11.0,0.07400000000000005)(63.0764769262858 27.0)
(1.0E-9,11.0,0.07400000000000005)(63.0764769262858 31.0)
(1.0E-9,11.0,0.07400000000000005)(63.01650861089896 32.0)
(1.0E-9,11.0,0.07400000000000005)(63.01650861089896 33.0)
(1.0E-9,11.0,0.07400000000000005)(62.6929540152837 40.0)
(1.0E-9,11.0,0.07400000000000005)(62.595704353015876 47.0)
(1.0E-9,11.0,0.07400000000000005)(62.56972239910618 50.0)
(1.0E-9,11.0,0.07400000000000005)(62.6929540152837 42.0)
(1.0E-9 11.0 0.07500000000000005)(61.15678210439486 62.0)
(1.0E-9,11.0,0.07500000000000005)(63.312853000090854 3.0)
(1.0E-9,11.0,0.07500000000000005)(63.1358937928245 11.0)
(1.0E-9,11.0,0.07500000000000005)(63.1358937928245 16.0)
(1.0E-9,11.0,0.07500000000000005)(63.1358937928245 22.0)
(1.0E-9,11.0,0.07500000000000005)(63.0764769262858 28.0)
(1.0E-9,11.0,0.07500000000000005)(63.0764769262858 30.0)
(1.0E-9,11.0,0.07500000000000005)(63.01650861089896 33.0)
(1.0E-9,11.0,0.07500000000000005)(62.6929540152837 40.0)
(1.0E-9,11.0,0.07500000000000005)(62.595704353015876 47.0)
(1.0E-9,11.0,0.07500000000000005)(62.56972239910618 50.0)
(1.0E-9,11.0,0.07500000000000005)(62.63723115849365 47.0)
(1.0E-9,11.0,0.07500000000000005)(62.6929540152837 42.0)
(1.0E-9 11.0 0.07600000000000005)(61.15678210439486 63.0)
(1.0E-9,11.0,0.07600000000000005)(63.312853000090854 3.0)
(1.0E-9,11.0,0.07600000000000005)(63.1358937928245 13.0)
(1.0E-9,11.0,0.07600000000000005)(63.1358937928245 16.0)
(1.0E-9,11.0,0.07600000000000005)(63.1358937928245 23.0)
(1.0E-9,11.0,0.07600000000000005)(63.0764769262858 30.0)
(1.0E-9,11.0,0.07600000000000005)(63.01650861089896 32.0)
(1.0E-9,11.0,0.07600000000000005)(63.01650861089896 33.0)
(1.0E-9,11.0,0.07600000000000005)(62.6929540152837 40.0)
(1.0E-9,11.0,0.07600000000000005)(62.66315982088463 44.0)
(1.0E-9,11.0,0.07600000000000005)(62.595704353015876 47.0)
(1.0E-9,11.0,0.07600000000000005)(62.56972239910618 50.0)
(1.0E-9,11.0,0.07600000000000005)(62.6929540152837 42.0)
(1.0E-9 11.0 0.07700000000000005)(60.548527606298734 60.0)
(1.0E-9,11.0,0.07700000000000005)(63.312853000090854 3.0)
(1.0E-9,11.0,0.07700000000000005)(63.1358937928245 13.0)
(1.0E-9,11.0,0.07700000000000005)(63.1358937928245 18.0)
(1.0E-9,11.0,0.07700000000000005)(63.1358937928245 19.0)
(1.0E-9,11.0,0.07700000000000005)(63.1358937928245 26.0)
(1.0E-9,11.0,0.07700000000000005)(63.07693199520658 27.0)
(1.0E-9,11.0,0.07700000000000005)(63.01650861089896 29.0)
(1.0E-9,11.0,0.07700000000000005)(63.07693199520658 24.0)
(1.0E-9,11.0,0.07700000000000005)(63.07693199520658 28.0)
(1.0E-9,11.0,0.07700000000000005)(63.07693199520658 30.0)
(1.0E-9 11.0 0.07800000000000006)(60.548527606298734 60.0)
(1.0E-9,11.0,0.07800000000000006)(63.312853000090854 3.0)
(1.0E-9,11.0,0.07800000000000006)(63.1358937928245 13.0)
(1.0E-9,11.0,0.07800000000000006)(63.1358937928245 18.0)
(1.0E-9,11.0,0.07800000000000006)(63.1358937928245 19.0)
(1.0E-9,11.0,0.07800000000000006)(63.1358937928245 26.0)
(1.0E-9,11.0,0.07800000000000006)(63.07693199520658 27.0)
(1.0E-9,11.0,0.07800000000000006)(63.01650861089896 29.0)
(1.0E-9,11.0,0.07800000000000006)(63.07693199520658 24.0)
(1.0E-9,11.0,0.07800000000000006)(63.07693199520658 28.0)
(1.0E-9,11.0,0.07800000000000006)(63.07693199520658 30.0)
(1.0E-9 11.0 0.07900000000000006)(60.46353935395269 62.0)
(1.0E-9,11.0,0.07900000000000006)(63.312853000090854 3.0)
(1.0E-9,11.0,0.07900000000000006)(63.1358937928245 13.0)
(1.0E-9,11.0,0.07900000000000006)(63.1358937928245 18.0)
(1.0E-9,11.0,0.07900000000000006)(63.1358937928245 21.0)
(1.0E-9,11.0,0.07900000000000006)(63.07693199520658 23.0)
(1.0E-9,11.0,0.07900000000000006)(63.01650861089896 28.0)
(1.0E-9,11.0,0.07900000000000006)(63.01650861089896 29.0)
(1.0E-9,11.0,0.07900000000000006)(63.07693199520658 31.0)
(1.0E-9,11.0,0.07900000000000006)(63.07693199520658 30.0)
(1.0E-9 11.0 0.08000000000000006)(60.46353935395269 62.0)
(1.0E-9,11.0,0.08000000000000006)(63.312853000090854 3.0)
(1.0E-9,11.0,0.08000000000000006)(63.1358937928245 16.0)
(1.0E-9,11.0,0.08000000000000006)(63.1358937928245 19.0)
(1.0E-9,11.0,0.08000000000000006)(63.1358937928245 26.0)
(1.0E-9,11.0,0.08000000000000006)(63.01650861089896 28.0)
(1.0E-9,11.0,0.08000000000000006)(63.07693199520658 28.0)
(1.0E-9,11.0,0.08000000000000006)(63.07693199520658 29.0)
(1.0E-9,11.0,0.08000000000000006)(63.07693199520658 31.0)
(1.0E-9,11.0,0.08000000000000006)(63.06722645401987 34.0)
(1.0E-9,11.0,0.08000000000000006)(63.07693199520658 30.0)
(1.0E-9 11.0 0.08100000000000006)(57.50073048955072 72.0)
(1.0E-9,11.0,0.08100000000000006)(63.312853000090854 3.0)
(1.0E-9,11.0,0.08100000000000006)(63.1358937928245 18.0)
(1.0E-9,11.0,0.08100000000000006)(63.1358937928245 25.0)
(1.0E-9,11.0,0.08100000000000006)(63.01650861089896 29.0)
(1.0E-9,11.0,0.08100000000000006)(63.07693199520658 28.0)
(1.0E-9,11.0,0.08100000000000006)(63.07693199520658 30.0)
(1.0E-9,11.0,0.08100000000000006)(63.06722645401987 35.0)
(1.0E-9,11.0,0.08100000000000006)(63.07693199520658 31.0)
(1.0E-9,11.0,0.08100000000000006)(63.06722645401987 36.0)
(1.0E-9,11.0,0.08100000000000006)(63.06722645401987 34.0)
(1.0E-9 11.0 0.08200000000000006)(57.50073048955072 72.0)
(1.0E-9,11.0,0.08200000000000006)(63.312853000090854 3.0)
(1.0E-9,11.0,0.08200000000000006)(63.1358937928245 18.0)
(1.0E-9,11.0,0.08200000000000006)(63.1358937928245 25.0)
(1.0E-9,11.0,0.08200000000000006)(63.01650861089896 29.0)
(1.0E-9,11.0,0.08200000000000006)(63.07693199520658 28.0)
(1.0E-9,11.0,0.08200000000000006)(63.07693199520658 30.0)
(1.0E-9,11.0,0.08200000000000006)(63.06722645401987 33.0)
(1.0E-9,11.0,0.08200000000000006)(63.06722645401987 34.0)
(1.0E-9,11.0,0.08200000000000006)(63.06722645401987 36.0)
(1.0E-9 11.0 0.08300000000000006)(57.50073048955072 72.0)
(1.0E-9,11.0,0.08300000000000006)(63.312853000090854 3.0)
(1.0E-9,11.0,0.08300000000000006)(63.1358937928245 18.0)
(1.0E-9,11.0,0.08300000000000006)(63.1358937928245 26.0)
(1.0E-9,11.0,0.08300000000000006)(63.07693199520658 28.0)
(1.0E-9,11.0,0.08300000000000006)(63.07693199520658 31.0)
(1.0E-9,11.0,0.08300000000000006)(63.07693199520658 29.0)
(1.0E-9,11.0,0.08300000000000006)(63.07693199520658 30.0)
(1.0E-9 11.0 0.08400000000000006)(49.61943637451142 78.0)
(1.0E-9,11.0,0.08400000000000006)(63.312853000090854 3.0)
(1.0E-9,11.0,0.08400000000000006)(63.1358937928245 19.0)
(1.0E-9,11.0,0.08400000000000006)(63.0764769262858 27.0)
(1.0E-9,11.0,0.08400000000000006)(63.07693199520658 28.0)
(1.0E-9,11.0,0.08400000000000006)(63.07693199520658 29.0)
(1.0E-9,11.0,0.08400000000000006)(63.07693199520658 31.0)
(1.0E-9,11.0,0.08400000000000006)(63.07693199520658 30.0)
(1.0E-9 11.0 0.08500000000000006)(49.61943637451142 78.0)
(1.0E-9,11.0,0.08500000000000006)(63.312853000090854 3.0)
(1.0E-9,11.0,0.08500000000000006)(63.1358937928245 19.0)
(1.0E-9,11.0,0.08500000000000006)(63.0764769262858 27.0)
(1.0E-9,11.0,0.08500000000000006)(63.07693199520658 28.0)
(1.0E-9,11.0,0.08500000000000006)(63.07693199520658 29.0)
(1.0E-9,11.0,0.08500000000000006)(63.07693199520658 31.0)
(1.0E-9,11.0,0.08500000000000006)(63.07693199520658 30.0)
(1.0E-9 11.0 0.08600000000000006)(49.61943637451142 78.0)
(1.0E-9,11.0,0.08600000000000006)(63.312853000090854 3.0)
(1.0E-9,11.0,0.08600000000000006)(63.1358937928245 19.0)
(1.0E-9,11.0,0.08600000000000006)(63.0764769262858 27.0)
(1.0E-9,11.0,0.08600000000000006)(63.07693199520658 28.0)
(1.0E-9,11.0,0.08600000000000006)(63.07693199520658 29.0)
(1.0E-9,11.0,0.08600000000000006)(63.07693199520658 31.0)
(1.0E-9,11.0,0.08600000000000006)(63.07693199520658 30.0)
(1.0E-9,11.0,0.08600000000000006)(63.07693199520658 33.0)
(1.0E-9,11.0,0.08600000000000006)(63.07693199520658 32.0)
(1.0E-9 11.0 0.08700000000000006)(49.37515071602898 79.0)
(1.0E-9,11.0,0.08700000000000006)(63.312853000090854 5.0)
(1.0E-9,11.0,0.08700000000000006)(63.1358937928245 19.0)
(1.0E-9,11.0,0.08700000000000006)(63.07693199520658 27.0)
(1.0E-9,11.0,0.08700000000000006)(63.07693199520658 28.0)
(1.0E-9,11.0,0.08700000000000006)(63.07693199520658 29.0)
(1.0E-9,11.0,0.08700000000000006)(63.07693199520658 32.0)
(1.0E-9,11.0,0.08700000000000006)(63.07693199520658 30.0)
(1.0E-9,11.0,0.08700000000000006)(63.07693199520658 31.0)
(1.0E-9 11.0 0.08800000000000006)(49.37515071602898 79.0)
(1.0E-9,11.0,0.08800000000000006)(63.312853000090854 5.0)
(1.0E-9,11.0,0.08800000000000006)(63.1358937928245 19.0)
(1.0E-9,11.0,0.08800000000000006)(63.07693199520658 27.0)
(1.0E-9,11.0,0.08800000000000006)(63.07693199520658 28.0)
(1.0E-9,11.0,0.08800000000000006)(63.07693199520658 29.0)
(1.0E-9,11.0,0.08800000000000006)(63.07693199520658 32.0)
(1.0E-9,11.0,0.08800000000000006)(63.07693199520658 30.0)
(1.0E-9,11.0,0.08800000000000006)(63.07693199520658 31.0)
(1.0E-9,11.0,0.08800000000000006)(63.06722645401987 36.0)
(1.0E-9,11.0,0.08800000000000006)(63.06722645401987 35.0)
(1.0E-9 11.0 0.08900000000000007)(49.60423737011951 78.0)
(1.0E-9,11.0,0.08900000000000007)(63.312853000090854 5.0)
(1.0E-9,11.0,0.08900000000000007)(63.1358937928245 19.0)
(1.0E-9,11.0,0.08900000000000007)(63.07693199520658 27.0)
(1.0E-9,11.0,0.08900000000000007)(63.07693199520658 28.0)
(1.0E-9,11.0,0.08900000000000007)(63.07693199520658 29.0)
(1.0E-9,11.0,0.08900000000000007)(63.07693199520658 32.0)
(1.0E-9,11.0,0.08900000000000007)(63.07693199520658 30.0)
(1.0E-9,11.0,0.08900000000000007)(63.07693199520658 31.0)
(1.0E-9,11.0,0.08900000000000007)(63.06722645401987 37.0)
(1.0E-9,11.0,0.08900000000000007)(63.06722645401987 36.0)
(1.0E-9 11.0 0.09000000000000007)(49.60423737011951 78.0)
(1.0E-9,11.0,0.09000000000000007)(63.312853000090854 5.0)
(1.0E-9,11.0,0.09000000000000007)(63.1358937928245 19.0)
(1.0E-9,11.0,0.09000000000000007)(63.07693199520658 27.0)
(1.0E-9,11.0,0.09000000000000007)(63.07693199520658 28.0)
(1.0E-9,11.0,0.09000000000000007)(63.07693199520658 29.0)
(1.0E-9,11.0,0.09000000000000007)(63.07693199520658 32.0)
(1.0E-9,11.0,0.09000000000000007)(63.06722645401987 35.0)
(1.0E-9,11.0,0.09000000000000007)(63.07693199520658 33.0)
(1.0E-9,11.0,0.09000000000000007)(63.07693199520658 30.0)
(1.0E-9 11.0 0.09100000000000007)(49.60423737011951 78.0)
(1.0E-9,11.0,0.09100000000000007)(63.312853000090854 5.0)
(1.0E-9,11.0,0.09100000000000007)(63.1358937928245 19.0)
(1.0E-9,11.0,0.09100000000000007)(63.07693199520658 27.0)
(1.0E-9,11.0,0.09100000000000007)(63.07693199520658 28.0)
(1.0E-9,11.0,0.09100000000000007)(63.07693199520658 29.0)
(1.0E-9,11.0,0.09100000000000007)(63.07693199520658 32.0)
(1.0E-9,11.0,0.09100000000000007)(63.06722645401987 35.0)
(1.0E-9,11.0,0.09100000000000007)(63.07693199520658 33.0)
(1.0E-9,11.0,0.09100000000000007)(63.07693199520658 30.0)
(1.0E-9 11.0 0.09200000000000007)(49.43464378694158 79.0)
(1.0E-9,11.0,0.09200000000000007)(63.312853000090854 5.0)
(1.0E-9,11.0,0.09200000000000007)(63.1358937928245 19.0)
(1.0E-9,11.0,0.09200000000000007)(63.01650861089896 28.0)
(1.0E-9,11.0,0.09200000000000007)(63.07693199520658 28.0)
(1.0E-9,11.0,0.09200000000000007)(63.07693199520658 31.0)
(1.0E-9,11.0,0.09200000000000007)(63.07693199520658 34.0)
(1.0E-9,11.0,0.09200000000000007)(63.07693199520658 30.0)
(1.0E-9,11.0,0.09200000000000007)(63.06722645401987 36.0)
(1.0E-9,11.0,0.09200000000000007)(63.06722645401987 37.0)
(1.0E-9 11.0 0.09300000000000007)(48.97188180609896 84.0)
(1.0E-9,11.0,0.09300000000000007)(63.312853000090854 5.0)
(1.0E-9,11.0,0.09300000000000007)(63.1358937928245 21.0)
(1.0E-9,11.0,0.09300000000000007)(63.01650861089896 32.0)
(1.0E-9,11.0,0.09300000000000007)(62.633338336740074 46.0)
(1.0E-9,11.0,0.09300000000000007)(62.35684453239775 50.0)
(1.0E-9,11.0,0.09300000000000007)(61.81076996746752 55.0)
(1.0E-9,11.0,0.09300000000000007)(61.81076996746752 54.0)
(1.0E-9,11.0,0.09300000000000007)(62.22691006853085 50.0)
(1.0E-9,11.0,0.09300000000000007)(62.01101903886405 51.0)
(1.0E-9,11.0,0.09300000000000007)(62.01101903886405 53.0)
(1.0E-9 11.0 0.09400000000000007)(49.43464378694158 79.0)
(1.0E-9,11.0,0.09400000000000007)(63.312853000090854 5.0)
(1.0E-9,11.0,0.09400000000000007)(63.1358937928245 19.0)
(1.0E-9,11.0,0.09400000000000007)(63.01650861089896 28.0)
(1.0E-9,11.0,0.09400000000000007)(63.07693199520658 28.0)
(1.0E-9,11.0,0.09400000000000007)(63.07693199520658 31.0)
(1.0E-9,11.0,0.09400000000000007)(63.07693199520658 32.0)
(1.0E-9,11.0,0.09400000000000007)(63.07693199520658 30.0)
(1.0E-9,11.0,0.09400000000000007)(63.06722645401987 34.0)
(1.0E-9 11.0 0.09500000000000007)(49.43464378694158 79.0)
(1.0E-9,11.0,0.09500000000000007)(63.312853000090854 5.0)
(1.0E-9,11.0,0.09500000000000007)(63.1358937928245 19.0)
(1.0E-9,11.0,0.09500000000000007)(63.01650861089896 28.0)
(1.0E-9,11.0,0.09500000000000007)(63.07693199520658 28.0)
(1.0E-9,11.0,0.09500000000000007)(63.07693199520658 29.0)
(1.0E-9,11.0,0.09500000000000007)(63.07693199520658 32.0)
(1.0E-9,11.0,0.09500000000000007)(63.07693199520658 33.0)
(1.0E-9,11.0,0.09500000000000007)(63.07693199520658 31.0)
(1.0E-9,11.0,0.09500000000000007)(63.06722645401987 34.0)
(1.0E-9,11.0,0.09500000000000007)(63.06722645401987 36.0)
(1.0E-9 11.0 0.09600000000000007)(49.43464378694158 79.0)
(1.0E-9,11.0,0.09600000000000007)(63.312853000090854 5.0)
(1.0E-9,11.0,0.09600000000000007)(63.1358937928245 19.0)
(1.0E-9,11.0,0.09600000000000007)(63.01650861089896 28.0)
(1.0E-9,11.0,0.09600000000000007)(63.07693199520658 28.0)
(1.0E-9,11.0,0.09600000000000007)(63.07693199520658 29.0)
(1.0E-9,11.0,0.09600000000000007)(63.07693199520658 32.0)
(1.0E-9,11.0,0.09600000000000007)(63.07693199520658 30.0)
(1.0E-9,11.0,0.09600000000000007)(63.07693199520658 31.0)
(1.0E-9 11.0 0.09700000000000007)(46.15043988980439 82.0)
(1.0E-9,11.0,0.09700000000000007)(63.312853000090854 5.0)
(1.0E-9,11.0,0.09700000000000007)(63.1358937928245 21.0)
(1.0E-9,11.0,0.09700000000000007)(63.01650861089896 29.0)
(1.0E-9,11.0,0.09700000000000007)(63.07693199520658 28.0)
(1.0E-9,11.0,0.09700000000000007)(63.07693199520658 31.0)
(1.0E-9,11.0,0.09700000000000007)(63.07693199520658 30.0)
(1.0E-9,11.0,0.09700000000000007)(63.07693199520658 33.0)
(1.0E-9,11.0,0.09700000000000007)(63.06722645401987 38.0)
(1.0E-9 11.0 0.09800000000000007)(46.15043988980439 82.0)
(1.0E-9,11.0,0.09800000000000007)(63.312853000090854 5.0)
(1.0E-9,11.0,0.09800000000000007)(63.1358937928245 21.0)
(1.0E-9,11.0,0.09800000000000007)(63.01650861089896 29.0)
(1.0E-9,11.0,0.09800000000000007)(63.07693199520658 28.0)
(1.0E-9,11.0,0.09800000000000007)(63.07693199520658 31.0)
(1.0E-9,11.0,0.09800000000000007)(63.07693199520658 30.0)
(1.0E-9,11.0,0.09800000000000007)(63.07693199520658 33.0)
(1.0E-9,11.0,0.09800000000000007)(63.06722645401987 38.0)
(1.0E-9 11.0 0.09900000000000007)(41.79824614659996 83.0)
(1.0E-9,11.0,0.09900000000000007)(63.312853000090854 5.0)
(1.0E-9,11.0,0.09900000000000007)(63.1358937928245 21.0)
(1.0E-9,11.0,0.09900000000000007)(63.07693199520658 28.0)
(1.0E-9,11.0,0.09900000000000007)(63.07693199520658 29.0)
(1.0E-9,11.0,0.09900000000000007)(63.07693199520658 31.0)
(1.0E-9,11.0,0.09900000000000007)(63.07693199520658 32.0)
(1.0E-9,11.0,0.09900000000000007)(63.07693199520658 30.0)
(1.0E-9,11.0,0.09900000000000007)(63.06722645401987 37.0)
(1.0E-9,11.0,0.09900000000000007)(63.07693199520658 33.0)
(1.0E-9 11.0 0.10000000000000007)(41.79824614659996 83.0)
(1.0E-9,11.0,0.10000000000000007)(63.312853000090854 6.0)
(1.0E-9,11.0,0.10000000000000007)(63.1358937928245 21.0)
(1.0E-9,11.0,0.10000000000000007)(63.07693199520658 28.0)
(1.0E-9,11.0,0.10000000000000007)(63.07693199520658 29.0)
(1.0E-9,11.0,0.10000000000000007)(63.07693199520658 31.0)
(1.0E-9,11.0,0.10000000000000007)(63.07693199520658 32.0)
(1.0E-9,11.0,0.10000000000000007)(63.06722645401987 36.0)
(1.0E-9,11.0,0.10000000000000007)(63.06722645401987 35.0)
(1.0E-9,11.0,0.10000000000000007)(63.07693199520658 30.0)
(1.0E-9,11.0,0.10000000000000007)(63.07693199520658 33.0)
(1.0E-9 11.0 0.10100000000000008)(39.762628365355155 92.0)
(1.0E-9,11.0,0.10100000000000008)(63.312853000090854 5.0)
(1.0E-9,11.0,0.10100000000000008)(63.1358937928245 24.0)
(1.0E-9,11.0,0.10100000000000008)(63.01650861089896 34.0)
(1.0E-9,11.0,0.10100000000000008)(62.54040209381848 46.0)
(1.0E-9,11.0,0.10100000000000008)(62.44706169888543 47.0)
(1.0E-9,11.0,0.10100000000000008)(61.81076996746752 54.0)
(1.0E-9,11.0,0.10100000000000008)(63.06722645401987 36.0)
(1.0E-9,11.0,0.10100000000000008)(61.916703537044135 54.0)
(1.0E-9,11.0,0.10100000000000008)(62.01101903886405 52.0)
(1.0E-9,11.0,0.10100000000000008)(61.916703537044135 55.0)
(1.0E-9,11.0,0.10100000000000008)(62.01101903886405 51.0)
(1.0E-9,11.0,0.10100000000000008)(61.916703537044135 56.0)
(1.0E-9 11.0 0.10200000000000008)(39.762628365355155 92.0)
(1.0E-9,11.0,0.10200000000000008)(63.312853000090854 5.0)
(1.0E-9,11.0,0.10200000000000008)(63.1358937928245 24.0)
(1.0E-9,11.0,0.10200000000000008)(63.01650861089896 34.0)
(1.0E-9,11.0,0.10200000000000008)(62.54040209381848 46.0)
(1.0E-9,11.0,0.10200000000000008)(62.44706169888543 47.0)
(1.0E-9,11.0,0.10200000000000008)(61.81076996746752 54.0)
(1.0E-9,11.0,0.10200000000000008)(63.06722645401987 36.0)
(1.0E-9,11.0,0.10200000000000008)(62.01101903886405 52.0)
(1.0E-9,11.0,0.10200000000000008)(61.984793385686004 53.0)
(1.0E-9,11.0,0.10200000000000008)(61.97411650025809 56.0)
(1.0E-9 11.0 0.10300000000000008)(39.762628365355155 92.0)
(1.0E-9,11.0,0.10300000000000008)(63.312853000090854 5.0)
(1.0E-9,11.0,0.10300000000000008)(63.1358937928245 24.0)
(1.0E-9,11.0,0.10300000000000008)(63.01650861089896 34.0)
(1.0E-9,11.0,0.10300000000000008)(62.45047280281832 49.0)
(1.0E-9,11.0,0.10300000000000008)(62.44706169888543 47.0)
(1.0E-9,11.0,0.10300000000000008)(61.916703537044135 53.0)
(1.0E-9,11.0,0.10300000000000008)(63.06722645401987 35.0)
(1.0E-9,11.0,0.10300000000000008)(61.81076996746752 54.0)
(1.0E-9,11.0,0.10300000000000008)(61.81076996746752 56.0)
(1.0E-9 11.0 0.10400000000000008)(39.762628365355155 92.0)
(1.0E-9,11.0,0.10400000000000008)(63.312853000090854 5.0)
(1.0E-9,11.0,0.10400000000000008)(63.1358937928245 24.0)
(1.0E-9,11.0,0.10400000000000008)(63.01650861089896 34.0)
(1.0E-9,11.0,0.10400000000000008)(62.45047280281832 49.0)
(1.0E-9,11.0,0.10400000000000008)(62.44706169888543 47.0)
(1.0E-9,11.0,0.10400000000000008)(61.916703537044135 53.0)
(1.0E-9,11.0,0.10400000000000008)(63.06722645401987 35.0)
(1.0E-9,11.0,0.10400000000000008)(61.81076996746752 54.0)
(1.0E-9,11.0,0.10400000000000008)(61.81076996746752 56.0)
(1.0E-9 11.0 0.10500000000000008)(39.762628365355155 92.0)
(1.0E-9,11.0,0.10500000000000008)(63.312853000090854 5.0)
(1.0E-9,11.0,0.10500000000000008)(63.1358937928245 24.0)
(1.0E-9,11.0,0.10500000000000008)(63.01650861089896 34.0)
(1.0E-9,11.0,0.10500000000000008)(62.45047280281832 49.0)
(1.0E-9,11.0,0.10500000000000008)(62.44706169888543 47.0)
(1.0E-9,11.0,0.10500000000000008)(62.01101903886405 51.0)
(1.0E-9,11.0,0.10500000000000008)(63.06722645401987 35.0)
(1.0E-9,11.0,0.10500000000000008)(61.879032926267506 54.0)
(1.0E-9,11.0,0.10500000000000008)(62.09561418885465 53.0)
(1.0E-9,11.0,0.10500000000000008)(62.22691006853085 51.0)
(1.0E-9,11.0,0.10500000000000008)(61.916703537044135 53.0)
(1.0E-9,11.0,0.10500000000000008)(62.121793864800146 53.0)
(1.0E-9,11.0,0.10500000000000008)(61.870947117463544 57.0)
(1.0E-9,11.0,0.10500000000000008)(62.087394111552214 54.0)
(1.0E-9 11.0 0.10600000000000008)(39.762628365355155 92.0)
(1.0E-9,11.0,0.10600000000000008)(63.312853000090854 5.0)
(1.0E-9,11.0,0.10600000000000008)(63.1358937928245 24.0)
(1.0E-9,11.0,0.10600000000000008)(63.01650861089896 34.0)
(1.0E-9,11.0,0.10600000000000008)(62.45047280281832 49.0)
(1.0E-9,11.0,0.10600000000000008)(62.44706169888543 47.0)
(1.0E-9,11.0,0.10600000000000008)(61.7843927828878 55.0)
(1.0E-9,11.0,0.10600000000000008)(63.06722645401987 36.0)
(1.0E-9,11.0,0.10600000000000008)(62.00136625253311 55.0)
(1.0E-9,11.0,0.10600000000000008)(62.0276144249753 54.0)
(1.0E-9,11.0,0.10600000000000008)(62.00136625253311 57.0)
(1.0E-9,11.0,0.10600000000000008)(62.13301442191451 52.0)
(1.0E-9 11.0 0.10700000000000008)(34.170806762968745 91.0)
(1.0E-9,11.0,0.10700000000000008)(63.312853000090854 6.0)
(1.0E-9,11.0,0.10700000000000008)(63.1358937928245 26.0)
(1.0E-9,11.0,0.10700000000000008)(63.07693199520658 28.0)
(1.0E-9,11.0,0.10700000000000008)(63.07693199520658 29.0)
(1.0E-9,11.0,0.10700000000000008)(63.07693199520658 31.0)
(1.0E-9,11.0,0.10700000000000008)(63.07693199520658 30.0)
(1.0E-9,11.0,0.10700000000000008)(63.07693199520658 32.0)
(1.0E-9,11.0,0.10700000000000008)(63.06722645401987 37.0)
(1.0E-9 11.0 0.10800000000000008)(34.170806762968745 91.0)
(1.0E-9,11.0,0.10800000000000008)(63.312853000090854 6.0)
(1.0E-9,11.0,0.10800000000000008)(63.1358937928245 26.0)
(1.0E-9,11.0,0.10800000000000008)(63.07693199520658 28.0)
(1.0E-9,11.0,0.10800000000000008)(63.07693199520658 29.0)
(1.0E-9,11.0,0.10800000000000008)(63.07693199520658 31.0)
(1.0E-9,11.0,0.10800000000000008)(63.06722645401987 34.0)
(1.0E-9,11.0,0.10800000000000008)(63.06722645401987 35.0)
(1.0E-9,11.0,0.10800000000000008)(63.07693199520658 30.0)
(1.0E-9,11.0,0.10800000000000008)(63.312853000090854 1.0)
(1.0E-9,11.0,0.10800000000000008)(63.07693199520658 32.0)
(1.0E-9,11.0,0.10800000000000008)(63.07693199520658 33.0)
(1.0E-9,11.0,0.10800000000000008)(63.06722645401987 39.0)
(1.0E-9 11.0 0.10900000000000008)(33.36662924969925 92.0)
(1.0E-9,11.0,0.10900000000000008)(63.312853000090854 6.0)
(1.0E-9,11.0,0.10900000000000008)(63.1358937928245 26.0)
(1.0E-9,11.0,0.10900000000000008)(63.07693199520658 28.0)
(1.0E-9,11.0,0.10900000000000008)(63.07693199520658 29.0)
(1.0E-9,11.0,0.10900000000000008)(63.07693199520658 31.0)
(1.0E-9,11.0,0.10900000000000008)(63.06722645401987 34.0)
(1.0E-9,11.0,0.10900000000000008)(63.07693199520658 30.0)
(1.0E-9,11.0,0.10900000000000008)(63.06722645401987 35.0)
(1.0E-9,11.0,0.10900000000000008)(63.312853000090854 1.0)
(1.0E-9,11.0,0.10900000000000008)(63.06722645401987 33.0)
(1.0E-9,11.0,0.10900000000000008)(63.07693199520658 32.0)
(1.0E-9,11.0,0.10900000000000008)(63.06722645401987 38.0)
(1.0E-9 11.0 0.11000000000000008)(31.523602968818278 94.0)
(1.0E-9,11.0,0.11000000000000008)(63.1358937928245 9.0)
(1.0E-9,11.0,0.11000000000000008)(63.07693199520658 27.0)
(1.0E-9,11.0,0.11000000000000008)(63.07693199520658 30.0)
(1.0E-9,11.0,0.11000000000000008)(63.07693199520658 31.0)
(1.0E-9,11.0,0.11000000000000008)(63.06722645401987 34.0)
(1.0E-9,11.0,0.11000000000000008)(63.06722645401987 35.0)
(1.0E-9,11.0,0.11000000000000008)(63.06722645401987 37.0)
(1.0E-9,11.0,0.11000000000000008)(63.312853000090854 1.0)
(1.0E-9,11.0,0.11000000000000008)(63.06722645401987 36.0)
(1.0E-9,11.0,0.11000000000000008)(63.07693199520658 32.0)
(1.0E-9 11.0 0.11100000000000008)(31.523602968818278 94.0)
(1.0E-9,11.0,0.11100000000000008)(63.1358937928245 9.0)
(1.0E-9,11.0,0.11100000000000008)(63.07693199520658 27.0)
(1.0E-9,11.0,0.11100000000000008)(63.07693199520658 30.0)
(1.0E-9,11.0,0.11100000000000008)(63.07693199520658 31.0)
(1.0E-9,11.0,0.11100000000000008)(63.06722645401987 34.0)
(1.0E-9,11.0,0.11100000000000008)(63.06722645401987 35.0)
(1.0E-9,11.0,0.11100000000000008)(63.06722645401987 37.0)
(1.0E-9,11.0,0.11100000000000008)(63.312853000090854 1.0)
(1.0E-9,11.0,0.11100000000000008)(63.06722645401987 36.0)
(1.0E-9,11.0,0.11100000000000008)(63.07693199520658 32.0)
(1.0E-9 11.0 0.11200000000000009)(31.523602968818278 94.0)
(1.0E-9,11.0,0.11200000000000009)(63.1358937928245 11.0)
(1.0E-9,11.0,0.11200000000000009)(63.01650861089896 28.0)
(1.0E-9,11.0,0.11200000000000009)(63.07693199520658 28.0)
(1.0E-9,11.0,0.11200000000000009)(63.07693199520658 31.0)
(1.0E-9,11.0,0.11200000000000009)(63.06722645401987 32.0)
(1.0E-9,11.0,0.11200000000000009)(63.07693199520658 30.0)
(1.0E-9,11.0,0.11200000000000009)(63.06722645401987 38.0)
(1.0E-9,11.0,0.11200000000000009)(63.06722645401987 39.0)
(1.0E-9,11.0,0.11200000000000009)(63.06722645401987 41.0)
(1.0E-9 11.0 0.11300000000000009)(29.95244570715859 101.0)
(1.0E-9,11.0,0.11300000000000009)(63.1358937928245 11.0)
(1.0E-9,11.0,0.11300000000000009)(63.01650861089896 32.0)
(1.0E-9,11.0,0.11300000000000009)(62.35684453239775 50.0)
(1.0E-9,11.0,0.11300000000000009)(62.54040209381848 45.0)
(1.0E-9,11.0,0.11300000000000009)(63.06722645401987 37.0)
(1.0E-9,11.0,0.11300000000000009)(62.6450168020008 45.0)
(1.0E-9,11.0,0.11300000000000009)(62.54040209381848 47.0)
(1.0E-9,11.0,0.11300000000000009)(62.54040209381848 48.0)
(1.0E-9,11.0,0.11300000000000009)(62.6450168020008 46.0)
(1.0E-9 11.0 0.11400000000000009)(29.76719186720778 103.0)
(1.0E-9,11.0,0.11400000000000009)(63.1358937928245 11.0)
(1.0E-9,11.0,0.11400000000000009)(63.07693199520658 32.0)
(1.0E-9,11.0,0.11400000000000009)(62.45047280281832 49.0)
(1.0E-9,11.0,0.11400000000000009)(62.54040209381848 45.0)
(1.0E-9,11.0,0.11400000000000009)(62.0276144249753 55.0)
(1.0E-9,11.0,0.11400000000000009)(62.6450168020008 46.0)
(1.0E-9,11.0,0.11400000000000009)(62.51434323576098 46.0)
(1.0E-9,11.0,0.11400000000000009)(62.51434323576098 50.0)
(1.0E-9,11.0,0.11400000000000009)(62.54040209381848 47.0)
(1.0E-9,11.0,0.11400000000000009)(62.6450168020008 48.0)
(1.0E-9 11.0 0.11500000000000009)(29.246859221852393 97.0)
(1.0E-9,11.0,0.11500000000000009)(63.1358937928245 11.0)
(1.0E-9,11.0,0.11500000000000009)(63.01650861089896 29.0)
(1.0E-9,11.0,0.11500000000000009)(63.07693199520658 31.0)
(1.0E-9,11.0,0.11500000000000009)(63.06722645401987 34.0)
(1.0E-9,11.0,0.11500000000000009)(63.06722645401987 36.0)
(1.0E-9,11.0,0.11500000000000009)(63.312853000090854 1.0)
(1.0E-9,11.0,0.11500000000000009)(63.06722645401987 35.0)
(1.0E-9,11.0,0.11500000000000009)(63.07693199520658 37.0)
(1.0E-9,11.0,0.11500000000000009)(63.07693199520658 32.0)
(1.0E-9 11.0 0.11600000000000009)(27.70632875091793 104.0)
(1.0E-9,11.0,0.11600000000000009)(63.1358937928245 11.0)
(1.0E-9,11.0,0.11600000000000009)(63.01650861089896 33.0)
(1.0E-9,11.0,0.11600000000000009)(62.555973380832754 45.0)
(1.0E-9,11.0,0.11600000000000009)(62.42090549729099 47.0)
(1.0E-9,11.0,0.11600000000000009)(61.57335282892816 58.0)
(1.0E-9,11.0,0.11600000000000009)(62.39472582134549 48.0)
(1.0E-9,11.0,0.11600000000000009)(62.42090549729099 50.0)
(1.0E-9,11.0,0.11600000000000009)(62.39472582134549 49.0)
(1.0E-9,11.0,0.11600000000000009)(62.5260217010217 47.0)
(1.0E-9,11.0,0.11600000000000009)(62.6450168020008 46.0)
(1.0E-9 11.0 0.11700000000000009)(27.70632875091793 104.0)
(1.0E-9,11.0,0.11700000000000009)(63.1358937928245 11.0)
(1.0E-9,11.0,0.11700000000000009)(63.01650861089896 33.0)
(1.0E-9,11.0,0.11700000000000009)(62.555973380832754 45.0)
(1.0E-9,11.0,0.11700000000000009)(62.42090549729099 47.0)
(1.0E-9,11.0,0.11700000000000009)(61.57335282892816 58.0)
(1.0E-9,11.0,0.11700000000000009)(62.39472582134549 48.0)
(1.0E-9,11.0,0.11700000000000009)(62.42090549729099 50.0)
(1.0E-9,11.0,0.11700000000000009)(62.39472582134549 49.0)
(1.0E-9,11.0,0.11700000000000009)(62.5260217010217 47.0)
(1.0E-9,11.0,0.11700000000000009)(62.6450168020008 46.0)
(1.0E-9 11.0 0.11800000000000009)(27.49040901449052 105.0)
(1.0E-9,11.0,0.11800000000000009)(63.1358937928245 11.0)
(1.0E-9,11.0,0.11800000000000009)(63.01650861089896 33.0)
(1.0E-9,11.0,0.11800000000000009)(62.44706169888543 47.0)
(1.0E-9,11.0,0.11800000000000009)(61.661377985532816 58.0)
(1.0E-9,11.0,0.11800000000000009)(61.879032926267506 56.0)
(1.0E-9,11.0,0.11800000000000009)(62.46930126905196 46.0)
(1.0E-9,11.0,0.11800000000000009)(62.5260217010217 46.0)
(1.0E-9,11.0,0.11800000000000009)(62.552080559079194 45.0)
(1.0E-9,11.0,0.11800000000000009)(62.44316887713186 47.0)
(1.0E-9,11.0,0.11800000000000009)(62.57422134943239 45.0)
(1.0E-9,11.0,0.11800000000000009)(62.54818773732562 46.0)
(1.0E-9,11.0,0.11800000000000009)(62.60022933060055 48.0)
(1.0E-9,11.0,0.11800000000000009)(62.42090549729099 48.0)
(1.0E-9 11.0 0.11900000000000009)(27.49040901449052 105.0)
(1.0E-9,11.0,0.11900000000000009)(63.1358937928245 11.0)
(1.0E-9,11.0,0.11900000000000009)(63.01650861089896 34.0)
(1.0E-9,11.0,0.11900000000000009)(62.44706169888543 47.0)
(1.0E-9,11.0,0.11900000000000009)(62.44706169888543 48.0)
(1.0E-9,11.0,0.11900000000000009)(61.81076996746752 56.0)
(1.0E-9,11.0,0.11900000000000009)(62.552080559079194 46.0)
(1.0E-9,11.0,0.11900000000000009)(62.5260217010217 46.0)
(1.0E-9,11.0,0.11900000000000009)(62.54040209381848 48.0)
(1.0E-9,11.0,0.11900000000000009)(62.6450168020008 46.0)
(1.0E-9,11.0,0.11900000000000009)(62.6929540152837 48.0)
(1.0E-9 11.0 0.12000000000000009)(27.49040901449052 105.0)
(1.0E-9,11.0,0.12000000000000009)(63.1358937928245 11.0)
(1.0E-9,11.0,0.12000000000000009)(63.01650861089896 33.0)
(1.0E-9,11.0,0.12000000000000009)(62.44706169888543 47.0)
(1.0E-9,11.0,0.12000000000000009)(62.5637590243399 47.0)
(1.0E-9,11.0,0.12000000000000009)(60.95606200901441 58.0)
(1.0E-9,11.0,0.12000000000000009)(62.50383079292683 49.0)
(1.0E-9,11.0,0.12000000000000009)(62.47772255509331 50.0)
(1.0E-9,11.0,0.12000000000000009)(62.49604514941969 48.0)
(1.0E-9,11.0,0.12000000000000009)(62.47772255509331 52.0)
(1.0E-9,11.0,0.12000000000000009)(62.57422134943239 50.0)
(1.0E-9,11.0,0.12000000000000009)(62.54040209381848 47.0)
(1.0E-9,11.0,0.12000000000000009)(62.552080559079194 51.0)
(1.0E-9,11.0,0.12000000000000009)(62.60022933060055 47.0)
(1.0E-9,11.0,0.12000000000000009)(62.35684453239775 51.0)
(1.0E-9 11.0 0.1210000000000001)(26.727190498397874 106.0)
(1.0E-9,11.0,0.1210000000000001)(63.1358937928245 13.0)
(1.0E-9,11.0,0.1210000000000001)(63.01650861089896 34.0)
(1.0E-9,11.0,0.1210000000000001)(62.35684453239775 50.0)
(1.0E-9,11.0,0.1210000000000001)(62.50383079292683 50.0)
(1.0E-9,11.0,0.1210000000000001)(61.97411650025809 55.0)
(1.0E-9,11.0,0.1210000000000001)(62.46245741720971 50.0)
(1.0E-9,11.0,0.1210000000000001)(62.50383079292683 49.0)
(1.0E-9,11.0,0.1210000000000001)(62.35684453239775 51.0)
(1.0E-9,11.0,0.1210000000000001)(62.48550819860045 51.0)
(1.0E-9,11.0,0.1210000000000001)(62.54818773732562 47.0)
(1.0E-9,11.0,0.1210000000000001)(62.42090549729099 52.0)
(1.0E-9,11.0,0.1210000000000001)(62.552080559079194 47.0)
(1.0E-9,11.0,0.1210000000000001)(62.61906128353731 53.0)
(1.0E-9,11.0,0.1210000000000001)(62.6450168020008 46.0)
(1.0E-9,11.0,0.1210000000000001)(62.42434041089822 53.0)
(1.0E-9 11.0 0.1220000000000001)(26.836905789223266 105.0)
(1.0E-9,11.0,0.1220000000000001)(63.1358937928245 13.0)
(1.0E-9,11.0,0.1220000000000001)(62.6929540152837 41.0)
(1.0E-9,11.0,0.1220000000000001)(63.06722645401987 36.0)
(1.0E-9,11.0,0.1220000000000001)(63.06722645401987 37.0)
(1.0E-9,11.0,0.1220000000000001)(63.06722645401987 38.0)
(1.0E-9,11.0,0.1220000000000001)(63.06722645401987 40.0)
(1.0E-9,11.0,0.1220000000000001)(63.06722645401987 39.0)
(1.0E-9,11.0,0.1220000000000001)(63.05748166817281 40.0)
(1.0E-9,11.0,0.1220000000000001)(63.039912877234535 46.0)
(1.0E-9,11.0,0.1220000000000001)(63.026199390384186 47.0)
(1.0E-9,11.0,0.1220000000000001)(63.039912877234535 49.0)
(1.0E-9,11.0,0.1220000000000001)(62.54040209381848 48.0)
(1.0E-9,11.0,0.1220000000000001)(62.6450168020008 48.0)
(1.0E-9,11.0,0.1220000000000001)(62.51434323576098 50.0)
(1.0E-9 11.0 0.1230000000000001)(26.54292874295293 107.0)
(1.0E-9,11.0,0.1230000000000001)(63.1358937928245 11.0)
(1.0E-9,11.0,0.1230000000000001)(62.22458705372148 53.0)
(1.0E-9,11.0,0.1230000000000001)(62.13008056115507 60.0)
(1.0E-9,11.0,0.1230000000000001)(61.87132097533756 64.0)
(1.0E-9,11.0,0.1230000000000001)(61.87132097533756 65.0)
(1.0E-9,11.0,0.1230000000000001)(62.13008056115507 59.0)
(1.0E-9,11.0,0.1230000000000001)(62.13008056115507 62.0)
(1.0E-9 11.0 0.1240000000000001)(26.54292874295293 107.0)
(1.0E-9,11.0,0.1240000000000001)(63.1358937928245 11.0)
(1.0E-9,11.0,0.1240000000000001)(62.22458705372148 53.0)
(1.0E-9,11.0,0.1240000000000001)(62.13008056115507 60.0)
(1.0E-9,11.0,0.1240000000000001)(61.87132097533756 64.0)
(1.0E-9,11.0,0.1240000000000001)(61.87132097533756 65.0)
(1.0E-9,11.0,0.1240000000000001)(62.13008056115507 59.0)
(1.0E-9,11.0,0.1240000000000001)(62.13008056115507 62.0)
(1.0E-9 11.0 0.12500000000000008)(24.956805585728755 106.0)
(1.0E-9,11.0,0.12500000000000008)(63.1358937928245 14.0)
(1.0E-9,11.0,0.12500000000000008)(62.64890962375436 44.0)
(1.0E-9,11.0,0.12500000000000008)(63.06722645401987 36.0)
(1.0E-9,11.0,0.12500000000000008)(63.06722645401987 38.0)
(1.0E-9,11.0,0.12500000000000008)(63.06722645401987 37.0)
(1.0E-9,11.0,0.12500000000000008)(63.06722645401987 40.0)
(1.0E-9,11.0,0.12500000000000008)(62.37589735511184 51.0)
(1.0E-9,11.0,0.12500000000000008)(63.06722645401987 41.0)
(1.0E-9,11.0,0.12500000000000008)(63.039912877234535 46.0)
(1.0E-9,11.0,0.12500000000000008)(63.039912877234535 47.0)
(1.0E-9,11.0,0.12500000000000008)(63.026199390384186 46.0)
(1.0E-9,11.0,0.12500000000000008)(63.026199390384186 49.0)
(1.0E-9,11.0,0.12500000000000008)(62.54040209381848 47.0)
(1.0E-9,11.0,0.12500000000000008)(62.6450168020008 46.0)
(1.0E-9 11.0 0.12600000000000008)(24.956805585728755 106.0)
(1.0E-9,11.0,0.12600000000000008)(63.1358937928245 14.0)
(1.0E-9,11.0,0.12600000000000008)(62.54040209381848 45.0)
(1.0E-9,11.0,0.12600000000000008)(62.68611416528341 47.0)
(1.0E-9,11.0,0.12600000000000008)(63.06722645401987 39.0)
(1.0E-9,11.0,0.12600000000000008)(63.05748166817281 39.0)
(1.0E-9,11.0,0.12600000000000008)(62.45047280281832 50.0)
(1.0E-9,11.0,0.12600000000000008)(63.05748166817281 42.0)
(1.0E-9,11.0,0.12600000000000008)(63.06722645401987 40.0)
(1.0E-9,11.0,0.12600000000000008)(63.06722645401987 41.0)
(1.0E-9,11.0,0.12600000000000008)(63.039912877234535 43.0)
(1.0E-9,11.0,0.12600000000000008)(62.60022933060055 45.0)
(1.0E-9,11.0,0.12600000000000008)(62.60022933060055 46.0)
(1.0E-9,11.0,0.12600000000000008)(62.6929540152837 44.0)
(1.0E-9 11.0 0.12700000000000009)(23.689242396611444 107.0)
(1.0E-9,11.0,0.12700000000000009)(63.1358937928245 14.0)
(1.0E-9,11.0,0.12700000000000009)(62.54040209381848 46.0)
(1.0E-9,11.0,0.12700000000000009)(63.06722645401987 35.0)
(1.0E-9,11.0,0.12700000000000009)(63.06722645401987 38.0)
(1.0E-9,11.0,0.12700000000000009)(63.06722645401987 39.0)
(1.0E-9,11.0,0.12700000000000009)(63.06722645401987 41.0)
(1.0E-9,11.0,0.12700000000000009)(63.06722645401987 40.0)
(1.0E-9,11.0,0.12700000000000009)(63.05748166817281 41.0)
(1.0E-9,11.0,0.12700000000000009)(63.039912877234535 44.0)
(1.0E-9,11.0,0.12700000000000009)(62.552080559079194 46.0)
(1.0E-9,11.0,0.12700000000000009)(62.44706169888543 49.0)
(1.0E-9,11.0,0.12700000000000009)(62.60022933060055 46.0)
(1.0E-9 11.0 0.12800000000000009)(24.956805585728755 106.0)
(1.0E-9,11.0,0.12800000000000009)(63.1358937928245 14.0)
(1.0E-9,11.0,0.12800000000000009)(62.54040209381848 46.0)
(1.0E-9,11.0,0.12800000000000009)(62.68611416528341 46.0)
(1.0E-9,11.0,0.12800000000000009)(63.06722645401987 38.0)
(1.0E-9,11.0,0.12800000000000009)(63.06722645401987 39.0)
(1.0E-9,11.0,0.12800000000000009)(63.06722645401987 41.0)
(1.0E-9,11.0,0.12800000000000009)(63.06722645401987 42.0)
(1.0E-9,11.0,0.12800000000000009)(63.05748166817281 43.0)
(1.0E-9,11.0,0.12800000000000009)(63.039912877234535 45.0)
(1.0E-9,11.0,0.12800000000000009)(62.552080559079194 48.0)
(1.0E-9,11.0,0.12800000000000009)(63.026199390384186 49.0)
(1.0E-9,11.0,0.12800000000000009)(62.552080559079194 47.0)
(1.0E-9 11.0 0.1290000000000001)(23.689242396611444 107.0)
(1.0E-9,11.0,0.1290000000000001)(63.1358937928245 14.0)
(1.0E-9,11.0,0.1290000000000001)(62.54040209381848 46.0)
(1.0E-9,11.0,0.1290000000000001)(62.79373260573801 45.0)
(1.0E-9,11.0,0.1290000000000001)(63.06722645401987 38.0)
(1.0E-9,11.0,0.1290000000000001)(63.312853000090854 1.0)
(1.0E-9,11.0,0.1290000000000001)(63.12639931142351 37.0)
(1.0E-9,11.0,0.1290000000000001)(62.58322364933286 52.0)
(1.0E-9,11.0,0.1290000000000001)(63.039912877234535 44.0)
(1.0E-9,11.0,0.1290000000000001)(63.06722645401987 42.0)
(1.0E-9,11.0,0.1290000000000001)(63.026199390384186 47.0)
(1.0E-9,11.0,0.1290000000000001)(62.552080559079194 47.0)
(1.0E-9,11.0,0.1290000000000001)(63.026199390384186 51.0)
(1.0E-9 11.0 0.1300000000000001)(23.689242396611444 107.0)
(1.0E-9,11.0,0.1300000000000001)(63.1358937928245 14.0)
(1.0E-9,11.0,0.1300000000000001)(62.54040209381848 46.0)
(1.0E-9,11.0,0.1300000000000001)(62.79373260573801 45.0)
(1.0E-9,11.0,0.1300000000000001)(63.06722645401987 38.0)
(1.0E-9,11.0,0.1300000000000001)(63.312853000090854 1.0)
(1.0E-9,11.0,0.1300000000000001)(63.12639931142351 37.0)
(1.0E-9,11.0,0.1300000000000001)(62.58322364933286 52.0)
(1.0E-9,11.0,0.1300000000000001)(63.039912877234535 44.0)
(1.0E-9,11.0,0.1300000000000001)(63.06722645401987 42.0)
(1.0E-9,11.0,0.1300000000000001)(63.026199390384186 47.0)
(1.0E-9,11.0,0.1300000000000001)(62.552080559079194 47.0)
(1.0E-9,11.0,0.1300000000000001)(63.026199390384186 51.0)
(1.0E-9 11.0 0.1310000000000001)(24.956805585728755 106.0)
(1.0E-9,11.0,0.1310000000000001)(63.1358937928245 14.0)
(1.0E-9,11.0,0.1310000000000001)(62.54040209381848 46.0)
(1.0E-9,11.0,0.1310000000000001)(63.06722645401987 36.0)
(1.0E-9,11.0,0.1310000000000001)(63.312853000090854 1.0)
(1.0E-9,11.0,0.1310000000000001)(63.12639931142351 36.0)
(1.0E-9,11.0,0.1310000000000001)(62.96165139462426 50.0)
(1.0E-9,11.0,0.1310000000000001)(63.12639931142351 41.0)
(1.0E-9,11.0,0.1310000000000001)(63.039912877234535 44.0)
(1.0E-9,11.0,0.1310000000000001)(63.06722645401987 43.0)
(1.0E-9,11.0,0.1310000000000001)(63.039912877234535 45.0)
(1.0E-9,11.0,0.1310000000000001)(63.026199390384186 50.0)
(1.0E-9,11.0,0.1310000000000001)(63.039912877234535 48.0)
(1.0E-9,11.0,0.1310000000000001)(62.6450168020008 46.0)
(1.0E-9 11.0 0.1320000000000001)(24.956805585728755 106.0)
(1.0E-9,11.0,0.1320000000000001)(63.1358937928245 14.0)
(1.0E-9,11.0,0.1320000000000001)(62.54040209381848 46.0)
(1.0E-9,11.0,0.1320000000000001)(63.06722645401987 35.0)
(1.0E-9,11.0,0.1320000000000001)(63.312853000090854 1.0)
(1.0E-9,11.0,0.1320000000000001)(63.06722645401987 38.0)
(1.0E-9,11.0,0.1320000000000001)(63.06722645401987 39.0)
(1.0E-9,11.0,0.1320000000000001)(63.12639931142351 39.0)
(1.0E-9,11.0,0.1320000000000001)(63.06722645401987 42.0)
(1.0E-9,11.0,0.1320000000000001)(63.026199390384186 51.0)
(1.0E-9,11.0,0.1320000000000001)(63.08597570180083 45.0)
(1.0E-9,11.0,0.1320000000000001)(63.039912877234535 47.0)
(1.0E-9 11.0 0.1330000000000001)(24.956805585728755 106.0)
(1.0E-9,11.0,0.1330000000000001)(63.1358937928245 14.0)
(1.0E-9,11.0,0.1330000000000001)(62.54040209381848 46.0)
(1.0E-9,11.0,0.1330000000000001)(62.79373260573801 45.0)
(1.0E-9,11.0,0.1330000000000001)(63.00275878784539 46.0)
(1.0E-9,11.0,0.1330000000000001)(63.312853000090854 1.0)
(1.0E-9,11.0,0.1330000000000001)(63.06722645401987 39.0)
(1.0E-9,11.0,0.1330000000000001)(62.88551043238531 50.0)
(1.0E-9,11.0,0.1330000000000001)(63.12639931142351 38.0)
(1.0E-9,11.0,0.1330000000000001)(63.06722645401987 40.0)
(1.0E-9,11.0,0.1330000000000001)(63.05748166817281 42.0)
(1.0E-9,11.0,0.1330000000000001)(62.507723614680394 51.0)
(1.0E-9,11.0,0.1330000000000001)(63.039912877234535 47.0)
(1.0E-9,11.0,0.1330000000000001)(63.026199390384186 49.0)
(1.0E-9 11.0 0.1340000000000001)(23.084497970890887 107.0)
(1.0E-9,11.0,0.1340000000000001)(63.1358937928245 16.0)
(1.0E-9,11.0,0.1340000000000001)(62.54040209381848 46.0)
(1.0E-9,11.0,0.1340000000000001)(62.79373260573801 45.0)
(1.0E-9,11.0,0.1340000000000001)(63.312853000090854 1.0)
(1.0E-9,11.0,0.1340000000000001)(63.06722645401987 39.0)
(1.0E-9,11.0,0.1340000000000001)(61.10233537447132 64.0)
(1.0E-9,11.0,0.1340000000000001)(63.06722645401987 40.0)
(1.0E-9,11.0,0.1340000000000001)(63.12639931142351 38.0)
(1.0E-9,11.0,0.1340000000000001)(63.039912877234535 44.0)
(1.0E-9,11.0,0.1340000000000001)(63.099492754821036 41.0)
(1.0E-9,11.0,0.1340000000000001)(63.026199390384186 48.0)
(1.0E-9,11.0,0.1340000000000001)(63.039912877234535 49.0)
(1.0E-9,11.0,0.1340000000000001)(63.026199390384186 51.0)
(1.0E-9 11.0 0.1350000000000001)(23.084497970890887 107.0)
(1.0E-9,11.0,0.1350000000000001)(63.1358937928245 16.0)
(1.0E-9,11.0,0.1350000000000001)(62.54040209381848 46.0)
(1.0E-9,11.0,0.1350000000000001)(62.81553674137628 44.0)
(1.0E-9,11.0,0.1350000000000001)(63.06722645401987 38.0)
(1.0E-9,11.0,0.1350000000000001)(63.06722645401987 37.0)
(1.0E-9,11.0,0.1350000000000001)(63.06722645401987 39.0)
(1.0E-9,11.0,0.1350000000000001)(63.312853000090854 1.0)
(1.0E-9,11.0,0.1350000000000001)(63.00661529850565 41.0)
(1.0E-9,11.0,0.1350000000000001)(62.8379570145525 49.0)
(1.0E-9,11.0,0.1350000000000001)(62.95350986615674 55.0)
(1.0E-9,11.0,0.1350000000000001)(62.95350986615674 54.0)
(1.0E-9,11.0,0.1350000000000001)(62.981187010191356 53.0)
(1.0E-9,11.0,0.1350000000000001)(61.58036265096808 60.0)
(1.0E-9,11.0,0.1350000000000001)(61.58036265096808 62.0)
(1.0E-9,11.0,0.1350000000000001)(62.939620250925316 59.0)
(1.0E-9 11.0 0.1360000000000001)(23.084497970890887 107.0)
(1.0E-9,11.0,0.1360000000000001)(63.1358937928245 16.0)
(1.0E-9,11.0,0.1360000000000001)(62.54040209381848 46.0)
(1.0E-9,11.0,0.1360000000000001)(62.79373260573801 45.0)
(1.0E-9,11.0,0.1360000000000001)(63.312853000090854 1.0)
(1.0E-9,11.0,0.1360000000000001)(63.06722645401987 39.0)
(1.0E-9,11.0,0.1360000000000001)(63.06722645401987 40.0)
(1.0E-9,11.0,0.1360000000000001)(63.05748166817281 41.0)
(1.0E-9,11.0,0.1360000000000001)(63.039912877234535 42.0)
(1.0E-9,11.0,0.1360000000000001)(63.026199390384186 48.0)
(1.0E-9,11.0,0.1360000000000001)(63.026199390384186 49.0)
(1.0E-9,11.0,0.1360000000000001)(62.982936967352835 52.0)
(1.0E-9,11.0,0.1360000000000001)(63.026199390384186 51.0)
(1.0E-9 11.0 0.1370000000000001)(23.084497970890887 107.0)
(1.0E-9,11.0,0.1370000000000001)(63.1358937928245 16.0)
(1.0E-9,11.0,0.1370000000000001)(62.54040209381848 46.0)
(1.0E-9,11.0,0.1370000000000001)(62.79373260573801 45.0)
(1.0E-9,11.0,0.1370000000000001)(63.312853000090854 1.0)
(1.0E-9,11.0,0.1370000000000001)(63.06722645401987 39.0)
(1.0E-9,11.0,0.1370000000000001)(63.06722645401987 40.0)
(1.0E-9,11.0,0.1370000000000001)(63.05748166817281 41.0)
(1.0E-9,11.0,0.1370000000000001)(63.039912877234535 42.0)
(1.0E-9,11.0,0.1370000000000001)(63.026199390384186 48.0)
(1.0E-9,11.0,0.1370000000000001)(63.026199390384186 49.0)
(1.0E-9,11.0,0.1370000000000001)(62.982936967352835 52.0)
(1.0E-9,11.0,0.1370000000000001)(63.026199390384186 51.0)
(1.0E-9 11.0 0.1380000000000001)(23.084497970890887 107.0)
(1.0E-9,11.0,0.1380000000000001)(63.1358937928245 16.0)
(1.0E-9,11.0,0.1380000000000001)(62.54040209381848 46.0)
(1.0E-9,11.0,0.1380000000000001)(63.06722645401987 36.0)
(1.0E-9,11.0,0.1380000000000001)(63.312853000090854 1.0)
(1.0E-9,11.0,0.1380000000000001)(63.06722645401987 39.0)
(1.0E-9,11.0,0.1380000000000001)(63.05748166817281 44.0)
(1.0E-9,11.0,0.1380000000000001)(63.06722645401987 41.0)
(1.0E-9,11.0,0.1380000000000001)(63.039912877234535 44.0)
(1.0E-9,11.0,0.1380000000000001)(62.978938154471024 45.0)
(1.0E-9,11.0,0.1380000000000001)(61.58864731133024 60.0)
(1.0E-9,11.0,0.1380000000000001)(62.69141130265201 51.0)
(1.0E-9,11.0,0.1380000000000001)(63.026199390384186 48.0)
(1.0E-9,11.0,0.1380000000000001)(63.026199390384186 50.0)
(1.0E-9,11.0,0.1380000000000001)(63.08597570180083 47.0)
(1.0E-9 11.0 0.1390000000000001)(23.084497970890887 107.0)
(1.0E-9,11.0,0.1390000000000001)(63.1358937928245 16.0)
(1.0E-9,11.0,0.1390000000000001)(61.81702301951495 55.0)
(1.0E-9,11.0,0.1390000000000001)(62.79373260573801 45.0)
(1.0E-9,11.0,0.1390000000000001)(63.312853000090854 1.0)
(1.0E-9,11.0,0.1390000000000001)(62.981187010191356 51.0)
(1.0E-9,11.0,0.1390000000000001)(62.54159298803597 49.0)
(1.0E-9,11.0,0.1390000000000001)(62.97125850209213 52.0)
(1.0E-9,11.0,0.1390000000000001)(63.020448768466686 52.0)
(1.0E-9,11.0,0.1390000000000001)(62.99298508448944 54.0)
(1.0E-9,11.0,0.1390000000000001)(62.97125850209213 53.0)
(1.0E-9,11.0,0.1390000000000001)(62.97919895034255 56.0)
(1.0E-9,11.0,0.1390000000000001)(62.99298508448944 57.0)
(1.0E-9,11.0,0.1390000000000001)(61.44231050972021 62.0)
(1.0E-9,11.0,0.1390000000000001)(62.99298508448944 59.0)
(1.0E-9 11.0 0.1400000000000001)(22.983468014094758 108.0)
(1.0E-9,11.0,0.1400000000000001)(63.1358937928245 16.0)
(1.0E-9,11.0,0.1400000000000001)(62.62597380705069 47.0)
(1.0E-9,11.0,0.1400000000000001)(62.7016854522977 48.0)
(1.0E-9,11.0,0.1400000000000001)(63.312853000090854 1.0)
(1.0E-9,11.0,0.1400000000000001)(63.06722645401987 41.0)
(1.0E-9,11.0,0.1400000000000001)(63.06722645401987 42.0)
(1.0E-9,11.0,0.1400000000000001)(63.039912877234535 44.0)
(1.0E-9,11.0,0.1400000000000001)(63.039912877234535 45.0)
(1.0E-9,11.0,0.1400000000000001)(63.039912877234535 46.0)
(1.0E-9,11.0,0.1400000000000001)(63.039912877234535 49.0)
(1.0E-9,11.0,0.1400000000000001)(61.798388358622816 59.0)
(1.0E-9 11.0 0.1410000000000001)(22.983468014094758 108.0)
(1.0E-9,11.0,0.1410000000000001)(63.1358937928245 16.0)
(1.0E-9,11.0,0.1410000000000001)(62.62597380705069 47.0)
(1.0E-9,11.0,0.1410000000000001)(62.7016854522977 48.0)
(1.0E-9,11.0,0.1410000000000001)(63.312853000090854 1.0)
(1.0E-9,11.0,0.1410000000000001)(62.981187010191356 52.0)
(1.0E-9,11.0,0.1410000000000001)(63.06722645401987 41.0)
(1.0E-9,11.0,0.1410000000000001)(63.039912877234535 44.0)
(1.0E-9,11.0,0.1410000000000001)(62.981187010191356 53.0)
(1.0E-9,11.0,0.1410000000000001)(62.95350986615674 56.0)
(1.0E-9,11.0,0.1410000000000001)(62.95350986615674 55.0)
(1.0E-9,11.0,0.1410000000000001)(62.975151323845694 57.0)
(1.0E-9,11.0,0.1410000000000001)(62.961295509663884 60.0)
(1.0E-9 11.0 0.1420000000000001)(22.983468014094758 108.0)
(1.0E-9,11.0,0.1420000000000001)(63.1358937928245 16.0)
(1.0E-9,11.0,0.1420000000000001)(62.62597380705069 47.0)
(1.0E-9,11.0,0.1420000000000001)(62.7016854522977 48.0)
(1.0E-9,11.0,0.1420000000000001)(63.312853000090854 1.0)
(1.0E-9,11.0,0.1420000000000001)(62.981187010191356 52.0)
(1.0E-9,11.0,0.1420000000000001)(63.020448768466686 51.0)
(1.0E-9,11.0,0.1420000000000001)(62.9050805322814 55.0)
(1.0E-9,11.0,0.1420000000000001)(63.00275878784539 49.0)
(1.0E-9,11.0,0.1420000000000001)(61.101184851111384 73.0)
(1.0E-9,11.0,0.1420000000000001)(63.039912877234535 44.0)
(1.0E-9,11.0,0.1420000000000001)(62.97919895034255 56.0)
(1.0E-9,11.0,0.1420000000000001)(63.00077072799659 60.0)
(1.0E-9,11.0,0.1420000000000001)(61.82080948131321 58.0)
(1.0E-9 11.0 0.1430000000000001)(22.983468014094758 108.0)
(1.0E-9,11.0,0.1430000000000001)(63.1358937928245 16.0)
(1.0E-9,11.0,0.1430000000000001)(62.62597380705069 47.0)
(1.0E-9,11.0,0.1430000000000001)(62.7016854522977 48.0)
(1.0E-9,11.0,0.1430000000000001)(63.312853000090854 1.0)
(1.0E-9,11.0,0.1430000000000001)(62.981187010191356 52.0)
(1.0E-9,11.0,0.1430000000000001)(63.020448768466686 51.0)
(1.0E-9,11.0,0.1430000000000001)(62.9050805322814 55.0)
(1.0E-9,11.0,0.1430000000000001)(63.00275878784539 49.0)
(1.0E-9,11.0,0.1430000000000001)(61.101184851111384 73.0)
(1.0E-9,11.0,0.1430000000000001)(63.039912877234535 44.0)
(1.0E-9,11.0,0.1430000000000001)(62.97919895034255 56.0)
(1.0E-9,11.0,0.1430000000000001)(63.00077072799659 60.0)
(1.0E-9,11.0,0.1430000000000001)(61.82080948131321 58.0)
(1.0E-9 11.0 0.1440000000000001)(22.983468014094758 108.0)
(1.0E-9,11.0,0.1440000000000001)(63.1358937928245 16.0)
(1.0E-9,11.0,0.1440000000000001)(62.62597380705069 47.0)
(1.0E-9,11.0,0.1440000000000001)(62.7016854522977 47.0)
(1.0E-9,11.0,0.1440000000000001)(63.312853000090854 3.0)
(1.0E-9,11.0,0.1440000000000001)(63.312853000090854 1.0)
(1.0E-9,11.0,0.1440000000000001)(63.06722645401987 42.0)
(1.0E-9,11.0,0.1440000000000001)(63.039912877234535 45.0)
(1.0E-9,11.0,0.1440000000000001)(63.026199390384186 47.0)
(1.0E-9,11.0,0.1440000000000001)(63.039912877234535 49.0)
(1.0E-9,11.0,0.1440000000000001)(63.026199390384186 51.0)
(1.0E-9,11.0,0.1440000000000001)(62.68611416528342 48.0)
(1.0E-9 11.0 0.1450000000000001)(22.983468014094758 108.0)
(1.0E-9,11.0,0.1450000000000001)(63.1358937928245 16.0)
(1.0E-9,11.0,0.1450000000000001)(62.62597380705069 47.0)
(1.0E-9,11.0,0.1450000000000001)(62.7016854522977 49.0)
(1.0E-9,11.0,0.1450000000000001)(63.312853000090854 1.0)
(1.0E-9,11.0,0.1450000000000001)(63.06722645401987 41.0)
(1.0E-9,11.0,0.1450000000000001)(63.12639931142351 36.0)
(1.0E-9,11.0,0.1450000000000001)(63.06722645401987 42.0)
(1.0E-9,11.0,0.1450000000000001)(63.039912877234535 44.0)
(1.0E-9,11.0,0.1450000000000001)(63.026199390384186 49.0)
(1.0E-9,11.0,0.1450000000000001)(62.70803810443121 47.0)
(1.0E-9,11.0,0.1450000000000001)(62.70803810443121 50.0)
(1.0E-9 11.0 0.1460000000000001)(23.015367977000345 107.0)
(1.0E-9,11.0,0.1460000000000001)(63.1358937928245 16.0)
(1.0E-9,11.0,0.1460000000000001)(62.62597380705069 46.0)
(1.0E-9,11.0,0.1460000000000001)(61.7878820835922 58.0)
(1.0E-9,11.0,0.1460000000000001)(62.84230490522684 47.0)
(1.0E-9,11.0,0.1460000000000001)(63.312853000090854 1.0)
(1.0E-9,11.0,0.1460000000000001)(63.312853000090854 21.0)
(1.0E-9,11.0,0.1460000000000001)(62.73901408257169 51.0)
(1.0E-9,11.0,0.1460000000000001)(61.32339188275067 71.0)
(1.0E-9,11.0,0.1460000000000001)(61.308426924492785 78.0)
(1.0E-9,11.0,0.1460000000000001)(61.33117752625781 76.0)
(1.0E-9,11.0,0.1460000000000001)(61.33117752625781 77.0)
(1.0E-9,11.0,0.1460000000000001)(61.308426924492785 75.0)
(1.0E-9 11.0 0.1470000000000001)(23.015367977000345 107.0)
(1.0E-9,11.0,0.1470000000000001)(63.1358937928245 16.0)
(1.0E-9,11.0,0.1470000000000001)(62.62597380705069 46.0)
(1.0E-9,11.0,0.1470000000000001)(62.657752023613455 48.0)
(1.0E-9,11.0,0.1470000000000001)(63.312853000090854 1.0)
(1.0E-9,11.0,0.1470000000000001)(63.06722645401987 41.0)
(1.0E-9,11.0,0.1470000000000001)(63.12639931142351 40.0)
(1.0E-9,11.0,0.1470000000000001)(63.05748166817281 42.0)
(1.0E-9,11.0,0.1470000000000001)(63.06722645401987 43.0)
(1.0E-9,11.0,0.1470000000000001)(63.039912877234535 45.0)
(1.0E-9,11.0,0.1470000000000001)(63.099492754821036 43.0)
(1.0E-9,11.0,0.1470000000000001)(63.026199390384186 47.0)
(1.0E-9,11.0,0.1470000000000001)(63.026199390384186 50.0)
(1.0E-9 11.0 0.1480000000000001)(23.00368951173963 107.0)
(1.0E-9,11.0,0.1480000000000001)(63.1358937928245 16.0)
(1.0E-9,11.0,0.1480000000000001)(61.683981901940975 56.0)
(1.0E-9,11.0,0.1480000000000001)(62.474947093694624 49.0)
(1.0E-9,11.0,0.1480000000000001)(63.06722645401987 28.0)
(1.0E-9,11.0,0.1480000000000001)(63.00661529850565 41.0)
(1.0E-9,11.0,0.1480000000000001)(63.00661529850565 42.0)
(1.0E-9,11.0,0.1480000000000001)(63.00661529850565 43.0)
(1.0E-9,11.0,0.1480000000000001)(63.00661529850565 44.0)
(1.0E-9,11.0,0.1480000000000001)(63.00661529850565 45.0)
(1.0E-9,11.0,0.1480000000000001)(62.978938154471024 47.0)
(1.0E-9,11.0,0.1480000000000001)(63.039912877234535 47.0)
(1.0E-9,11.0,0.1480000000000001)(62.978938154471024 48.0)
(1.0E-9,11.0,0.1480000000000001)(61.64573886235779 62.0)
(1.0E-9,11.0,0.1480000000000001)(62.469936911586174 50.0)
(1.0E-9,11.0,0.1480000000000001)(62.96504853923961 52.0)
(1.0E-9,11.0,0.1480000000000001)(62.49604514941969 47.0)
(1.0E-9 11.0 0.1490000000000001)(23.00368951173963 107.0)
(1.0E-9,11.0,0.1490000000000001)(63.1358937928245 16.0)
(1.0E-9,11.0,0.1490000000000001)(61.683981901940975 56.0)
(1.0E-9,11.0,0.1490000000000001)(62.474947093694624 49.0)
(1.0E-9,11.0,0.1490000000000001)(63.312853000090854 1.0)
(1.0E-9,11.0,0.1490000000000001)(63.00661529850565 41.0)
(1.0E-9,11.0,0.1490000000000001)(63.01994673780508 48.0)
(1.0E-9,11.0,0.1490000000000001)(63.00661529850565 43.0)
(1.0E-9,11.0,0.1490000000000001)(63.00661529850565 42.0)
(1.0E-9,11.0,0.1490000000000001)(63.00661529850565 44.0)
(1.0E-9,11.0,0.1490000000000001)(63.00661529850565 45.0)
(1.0E-9,11.0,0.1490000000000001)(62.978938154471024 49.0)
(1.0E-9,11.0,0.1490000000000001)(62.96504853923961 52.0)
(1.0E-9,11.0,0.1490000000000001)(62.978938154471024 50.0)
(1.0E-9 11.0 0.1500000000000001)(23.00368951173963 107.0)
(1.0E-9,11.0,0.1500000000000001)(63.1358937928245 16.0)
(1.0E-9,11.0,0.1500000000000001)(61.683981901940975 56.0)
(1.0E-9,11.0,0.1500000000000001)(62.474947093694624 49.0)
(1.0E-9,11.0,0.1500000000000001)(63.312853000090854 1.0)
(1.0E-9,11.0,0.1500000000000001)(63.00661529850565 41.0)
(1.0E-9,11.0,0.1500000000000001)(63.01994673780508 48.0)
(1.0E-9,11.0,0.1500000000000001)(63.00661529850565 43.0)
(1.0E-9,11.0,0.1500000000000001)(63.00661529850565 42.0)
(1.0E-9,11.0,0.1500000000000001)(63.00661529850565 44.0)
(1.0E-9,11.0,0.1500000000000001)(63.00661529850565 45.0)
(1.0E-9,11.0,0.1500000000000001)(62.978938154471024 49.0)
(1.0E-9,11.0,0.1500000000000001)(62.96504853923961 52.0)
(1.0E-9,11.0,0.1500000000000001)(62.978938154471024 50.0)
(1.0E-9 11.0 0.1510000000000001)(23.16142793698748 107.0)
(1.0E-9,11.0,0.1510000000000001)(63.1358937928245 16.0)
(1.0E-9,11.0,0.1510000000000001)(62.273863775283154 54.0)
(1.0E-9,11.0,0.1510000000000001)(63.00661529850565 39.0)
(1.0E-9,11.0,0.1510000000000001)(63.312853000090854 1.0)
(1.0E-9,11.0,0.1510000000000001)(63.00661529850565 42.0)
(1.0E-9,11.0,0.1510000000000001)(63.00661529850565 43.0)
(1.0E-9,11.0,0.1510000000000001)(63.00661529850565 44.0)
(1.0E-9,11.0,0.1510000000000001)(62.978938154471024 46.0)
(1.0E-9,11.0,0.1510000000000001)(62.96504853923961 48.0)
(1.0E-9,11.0,0.1510000000000001)(62.96504853923961 49.0)
(1.0E-9,11.0,0.1510000000000001)(62.49604514941969 48.0)
(1.0E-9,11.0,0.1510000000000001)(62.96504853923961 51.0)
(1.0E-9,11.0,0.1510000000000001)(62.40251146485262 49.0)
(1.0E-9 11.0 0.1520000000000001)(23.16142793698748 107.0)
(1.0E-9,11.0,0.1520000000000001)(63.1358937928245 16.0)
(1.0E-9,11.0,0.1520000000000001)(62.273863775283154 54.0)
(1.0E-9,11.0,0.1520000000000001)(63.00661529850565 39.0)
(1.0E-9,11.0,0.1520000000000001)(63.312853000090854 1.0)
(1.0E-9,11.0,0.1520000000000001)(63.00661529850565 42.0)
(1.0E-9,11.0,0.1520000000000001)(62.978938154471024 47.0)
(1.0E-9,11.0,0.1520000000000001)(62.96504853923961 48.0)
(1.0E-9,11.0,0.1520000000000001)(62.96504853923961 49.0)
(1.0E-9,11.0,0.1520000000000001)(62.37630864116561 50.0)
(1.0E-9,11.0,0.1520000000000001)(62.37630864116561 52.0)
(1.0E-9,11.0,0.1520000000000001)(62.96504853923961 51.0)
(1.0E-9 11.0 0.1530000000000001)(22.795608296282083 110.0)
(1.0E-9,11.0,0.1530000000000001)(63.1358937928245 16.0)
(1.0E-9,11.0,0.1530000000000001)(60.99604918201164 60.0)
(1.0E-9,11.0,0.1530000000000001)(63.00661529850565 39.0)
(1.0E-9,11.0,0.1530000000000001)(63.312853000090854 1.0)
(1.0E-9,11.0,0.1530000000000001)(62.545108161241686 52.0)
(1.0E-9,11.0,0.1530000000000001)(63.00661529850565 42.0)
(1.0E-9,11.0,0.1530000000000001)(63.00661529850565 43.0)
(1.0E-9,11.0,0.1530000000000001)(63.00661529850565 44.0)
(1.0E-9,11.0,0.1530000000000001)(62.99668679040642 45.0)
(1.0E-9,11.0,0.1530000000000001)(62.96504853923961 49.0)
(1.0E-9,11.0,0.1530000000000001)(62.978938154471024 46.0)
(1.0E-9,11.0,0.1530000000000001)(62.978938154471024 47.0)
(1.0E-9,11.0,0.1530000000000001)(62.96504853923961 51.0)
(1.0E-9 11.0 0.1540000000000001)(22.795608296282083 110.0)
(1.0E-9,11.0,0.1540000000000001)(63.1358937928245 16.0)
(1.0E-9,11.0,0.1540000000000001)(60.99604918201164 60.0)
(1.0E-9,11.0,0.1540000000000001)(63.00661529850565 39.0)
(1.0E-9,11.0,0.1540000000000001)(63.312853000090854 1.0)
(1.0E-9,11.0,0.1540000000000001)(62.65235005456967 60.0)
(1.0E-9,11.0,0.1540000000000001)(62.65235005456967 61.0)
(1.0E-9,11.0,0.1540000000000001)(62.62398791289972 64.0)
(1.0E-9,11.0,0.1540000000000001)(62.62398791289972 65.0)
(1.0E-9,11.0,0.1540000000000001)(62.57215787786324 67.0)
(1.0E-9,11.0,0.1540000000000001)(60.35541321145888 68.0)
(1.0E-9,11.0,0.1540000000000001)(60.25081864205866 70.0)
(1.0E-9,11.0,0.1540000000000001)(60.25081864205866 72.0)
(1.0E-9 11.0 0.1550000000000001)(24.78597618683064 112.0)
(1.0E-9,11.0,0.1550000000000001)(63.1358937928245 16.0)
(1.0E-9,11.0,0.1550000000000001)(62.22458705372148 55.0)
(1.0E-9,11.0,0.1550000000000001)(59.96014171175879 65.0)
(1.0E-9,11.0,0.1550000000000001)(63.00661529850565 42.0)
(1.0E-9,11.0,0.1550000000000001)(63.00661529850565 43.0)
(1.0E-9,11.0,0.1550000000000001)(62.058492863008304 69.0)
(1.0E-9,11.0,0.1550000000000001)(63.00661529850565 44.0)
(1.0E-9,11.0,0.1550000000000001)(62.058492863008304 72.0)
(1.0E-9,11.0,0.1550000000000001)(62.058492863008304 70.0)
(1.0E-9 11.0 0.1560000000000001)(24.78597618683064 112.0)
(1.0E-9,11.0,0.1560000000000001)(63.1358937928245 16.0)
(1.0E-9,11.0,0.1560000000000001)(62.22458705372148 55.0)
(1.0E-9,11.0,0.1560000000000001)(59.96014171175879 65.0)
(1.0E-9,11.0,0.1560000000000001)(63.00661529850565 42.0)
(1.0E-9,11.0,0.1560000000000001)(63.00661529850565 43.0)
(1.0E-9,11.0,0.1560000000000001)(62.058492863008304 69.0)
(1.0E-9,11.0,0.1560000000000001)(63.00661529850565 44.0)
(1.0E-9,11.0,0.1560000000000001)(62.058492863008304 72.0)
(1.0E-9,11.0,0.1560000000000001)(62.058492863008304 70.0)
(1.0E-9 11.0 0.1570000000000001)(24.78597618683064 112.0)
(1.0E-9,11.0,0.1570000000000001)(63.1358937928245 16.0)
(1.0E-9,11.0,0.1570000000000001)(62.22458705372148 55.0)
(1.0E-9,11.0,0.1570000000000001)(62.08497027963189 58.0)
(1.0E-9,11.0,0.1570000000000001)(59.091775689558766 71.0)
(1.0E-9,11.0,0.1570000000000001)(61.795389983545405 65.0)
(1.0E-9,11.0,0.1570000000000001)(59.50779871076884 70.0)
(1.0E-9,11.0,0.1570000000000001)(59.50779871076884 68.0)
(1.0E-9,11.0,0.1570000000000001)(59.098721234075256 69.0)
(1.0E-9,11.0,0.1570000000000001)(61.87132097533756 66.0)
(1.0E-9,11.0,0.1570000000000001)(59.91955290633217 70.0)
(1.0E-9,11.0,0.1570000000000001)(62.13008056115507 60.0)
(1.0E-9,11.0,0.1570000000000001)(62.13008056115507 61.0)
(1.0E-9 11.0 0.1580000000000001)(24.78597618683064 112.0)
(1.0E-9,11.0,0.1580000000000001)(63.1358937928245 16.0)
(1.0E-9,11.0,0.1580000000000001)(62.22458705372148 55.0)
(1.0E-9,11.0,0.1580000000000001)(62.08497027963189 58.0)
(1.0E-9,11.0,0.1580000000000001)(63.00661529850565 42.0)
(1.0E-9,11.0,0.1580000000000001)(63.00661529850565 43.0)
(1.0E-9,11.0,0.1580000000000001)(63.00661529850565 41.0)
(1.0E-9,11.0,0.1580000000000001)(62.01326593833898 71.0)
(1.0E-9,11.0,0.1580000000000001)(62.01326593833898 72.0)
(1.0E-9,11.0,0.1580000000000001)(62.01326593833898 73.0)
(1.0E-9 11.0 0.1590000000000001)(24.74827905116039 113.0)
(1.0E-9,11.0,0.1590000000000001)(63.1358937928245 16.0)
(1.0E-9,11.0,0.1590000000000001)(62.22458705372148 55.0)
(1.0E-9,11.0,0.1590000000000001)(62.08497027963189 58.0)
(1.0E-9,11.0,0.1590000000000001)(63.00661529850565 42.0)
(1.0E-9,11.0,0.1590000000000001)(59.098721234075256 72.0)
(1.0E-9,11.0,0.1590000000000001)(59.50779871076884 71.0)
(1.0E-9,11.0,0.1590000000000001)(59.50779871076884 69.0)
(1.0E-9,11.0,0.1590000000000001)(61.87132097533756 64.0)
(1.0E-9,11.0,0.1590000000000001)(61.87132097533756 66.0)
(1.0E-9,11.0,0.1590000000000001)(59.91955290633217 70.0)
(1.0E-9,11.0,0.1590000000000001)(62.13008056115507 60.0)
(1.0E-9,11.0,0.1590000000000001)(62.13008056115507 59.0)
(1.0E-9 11.0 0.16000000000000011)(24.74827905116039 113.0)
(1.0E-9,11.0,0.16000000000000011)(63.1358937928245 16.0)
(1.0E-9,11.0,0.16000000000000011)(62.22458705372148 55.0)
(1.0E-9,11.0,0.16000000000000011)(62.08497027963189 58.0)
(1.0E-9,11.0,0.16000000000000011)(63.00661529850565 42.0)
(1.0E-9,11.0,0.16000000000000011)(59.098721234075256 72.0)
(1.0E-9,11.0,0.16000000000000011)(59.098721234075256 70.0)
(1.0E-9,11.0,0.16000000000000011)(63.00661529850565 43.0)
(1.0E-9,11.0,0.16000000000000011)(63.312853000090854 1.0)
(1.0E-9,11.0,0.16000000000000011)(63.00661529850565 41.0)
(1.0E-9,11.0,0.16000000000000011)(62.058492863008304 69.0)
(1.0E-9,11.0,0.16000000000000011)(62.01326593833898 70.0)
(1.0E-9,11.0,0.16000000000000011)(62.058492863008304 71.0)
(1.0E-9,11.0,0.16000000000000011)(62.08497027963189 62.0)
(1.0E-9,11.0,0.16000000000000011)(62.13008056115507 61.0)
(1.0E-9 11.0 0.16100000000000012)(24.74827905116039 113.0)
(1.0E-9,11.0,0.16100000000000012)(63.1358937928245 19.0)
(1.0E-9,11.0,0.16100000000000012)(62.22458705372148 55.0)
(1.0E-9,11.0,0.16100000000000012)(59.73319134732738 66.0)
(1.0E-9,11.0,0.16100000000000012)(63.312853000090854 1.0)
(1.0E-9,11.0,0.16100000000000012)(63.00661529850565 42.0)
(1.0E-9,11.0,0.16100000000000012)(63.00661529850565 43.0)
(1.0E-9,11.0,0.16100000000000012)(63.12639931142351 41.0)
(1.0E-9,11.0,0.16100000000000012)(62.058492863008304 71.0)
(1.0E-9,11.0,0.16100000000000012)(62.058492863008304 72.0)
(1.0E-9 11.0 0.16200000000000012)(24.46357079466367 114.0)
(1.0E-9,11.0,0.16200000000000012)(63.1358937928245 19.0)
(1.0E-9,11.0,0.16200000000000012)(62.13008056115507 56.0)
(1.0E-9,11.0,0.16200000000000012)(59.73319134732738 66.0)
(1.0E-9,11.0,0.16200000000000012)(61.795389983545405 67.0)
(1.0E-9,11.0,0.16200000000000012)(59.098721234075256 72.0)
(1.0E-9,11.0,0.16200000000000012)(59.50779871076884 71.0)
(1.0E-9,11.0,0.16200000000000012)(59.50779871076884 73.0)
(1.0E-9,11.0,0.16200000000000012)(59.50779871076884 74.0)
(1.0E-9,11.0,0.16200000000000012)(59.91955290633217 73.0)
(1.0E-9,11.0,0.16200000000000012)(62.01326593833898 75.0)
(1.0E-9,11.0,0.16200000000000012)(62.13008056115507 63.0)
(1.0E-9 11.0 0.16300000000000012)(24.46357079466367 114.0)
(1.0E-9,11.0,0.16300000000000012)(63.1358937928245 19.0)
(1.0E-9,11.0,0.16300000000000012)(62.13008056115507 56.0)
(1.0E-9,11.0,0.16300000000000012)(59.73319134732738 66.0)
(1.0E-9,11.0,0.16300000000000012)(61.795389983545405 67.0)
(1.0E-9,11.0,0.16300000000000012)(59.098721234075256 72.0)
(1.0E-9,11.0,0.16300000000000012)(59.50779871076884 71.0)
(1.0E-9,11.0,0.16300000000000012)(59.50779871076884 73.0)
(1.0E-9,11.0,0.16300000000000012)(59.50779871076884 74.0)
(1.0E-9,11.0,0.16300000000000012)(59.91955290633217 73.0)
(1.0E-9,11.0,0.16300000000000012)(62.01326593833898 75.0)
(1.0E-9,11.0,0.16300000000000012)(62.13008056115507 63.0)
(1.0E-9 11.0 0.16400000000000012)(23.464811640712632 110.0)
(1.0E-9,11.0,0.16400000000000012)(63.1358937928245 18.0)
(1.0E-9,11.0,0.16400000000000012)(60.722854754976616 61.0)
(1.0E-9,11.0,0.16400000000000012)(63.00661529850565 40.0)
(1.0E-9,11.0,0.16400000000000012)(63.00661529850565 43.0)
(1.0E-9,11.0,0.16400000000000012)(63.00661529850565 44.0)
(1.0E-9,11.0,0.16400000000000012)(63.00661529850565 45.0)
(1.0E-9,11.0,0.16400000000000012)(62.96504853923961 48.0)
(1.0E-9,11.0,0.16400000000000012)(60.24330612871998 65.0)
(1.0E-9,11.0,0.16400000000000012)(60.24330612871998 66.0)
(1.0E-9,11.0,0.16400000000000012)(62.153338281781856 59.0)
(1.0E-9,11.0,0.16400000000000012)(62.153338281781856 58.0)
(1.0E-9,11.0,0.16400000000000012)(62.17969465663934 58.0)
(1.0E-9,11.0,0.16400000000000012)(62.96504853923961 51.0)
(1.0E-9 11.0 0.16500000000000012)(22.4416151960925 112.0)
(1.0E-9,11.0,0.16500000000000012)(63.1358937928245 18.0)
(1.0E-9,11.0,0.16500000000000012)(60.722854754976616 62.0)
(1.0E-9,11.0,0.16500000000000012)(63.00661529850565 40.0)
(1.0E-9,11.0,0.16500000000000012)(63.312853000090854 1.0)
(1.0E-9,11.0,0.16500000000000012)(63.00661529850565 44.0)
(1.0E-9,11.0,0.16500000000000012)(63.00661529850565 41.0)
(1.0E-9,11.0,0.16500000000000012)(62.982830976224605 47.0)
(1.0E-9,11.0,0.16500000000000012)(62.96504853923961 48.0)
(1.0E-9,11.0,0.16500000000000012)(62.96504853923961 49.0)
(1.0E-9,11.0,0.16500000000000012)(62.96504853923961 51.0)
(1.0E-9,11.0,0.16500000000000012)(62.153338281781856 58.0)
(1.0E-9 11.0 0.16600000000000012)(22.4416151960925 112.0)
(1.0E-9,11.0,0.16600000000000012)(63.1358937928245 18.0)
(1.0E-9,11.0,0.16600000000000012)(60.722854754976616 62.0)
(1.0E-9,11.0,0.16600000000000012)(63.00661529850565 40.0)
(1.0E-9,11.0,0.16600000000000012)(63.312853000090854 1.0)
(1.0E-9,11.0,0.16600000000000012)(63.00661529850565 43.0)
(1.0E-9,11.0,0.16600000000000012)(62.86937652300633 57.0)
(1.0E-9,11.0,0.16600000000000012)(62.86677906670691 56.0)
(1.0E-9,11.0,0.16600000000000012)(62.99279396865285 53.0)
(1.0E-9,11.0,0.16600000000000012)(62.82741558420556 61.0)
(1.0E-9,11.0,0.16600000000000012)(62.99279396865285 45.0)
(1.0E-9,11.0,0.16600000000000012)(62.84143407633668 63.0)
(1.0E-9 11.0 0.16700000000000012)(22.4416151960925 112.0)
(1.0E-9,11.0,0.16700000000000012)(63.1358937928245 18.0)
(1.0E-9,11.0,0.16700000000000012)(60.722854754976616 62.0)
(1.0E-9,11.0,0.16700000000000012)(63.00661529850565 40.0)
(1.0E-9,11.0,0.16700000000000012)(63.312853000090854 1.0)
(1.0E-9,11.0,0.16700000000000012)(63.00661529850565 43.0)
(1.0E-9,11.0,0.16700000000000012)(62.86937652300633 57.0)
(1.0E-9,11.0,0.16700000000000012)(62.86937652300633 58.0)
(1.0E-9,11.0,0.16700000000000012)(62.86937652300633 59.0)
(1.0E-9,11.0,0.16700000000000012)(62.82741558420556 61.0)
(1.0E-9,11.0,0.16700000000000012)(62.82741558420556 65.0)
(1.0E-9,11.0,0.16700000000000012)(60.35541321145888 68.0)
(1.0E-9,11.0,0.16700000000000012)(60.25081864205866 70.0)
(1.0E-9,11.0,0.16700000000000012)(57.87287403150974 72.0)
(1.0E-9 11.0 0.16800000000000012)(22.4416151960925 112.0)
(1.0E-9,11.0,0.16800000000000012)(63.1358937928245 18.0)
(1.0E-9,11.0,0.16800000000000012)(60.722854754976616 62.0)
(1.0E-9,11.0,0.16800000000000012)(63.00661529850565 40.0)
(1.0E-9,11.0,0.16800000000000012)(63.312853000090854 1.0)
(1.0E-9,11.0,0.16800000000000012)(63.00661529850565 43.0)
(1.0E-9,11.0,0.16800000000000012)(62.86937652300633 58.0)
(1.0E-9,11.0,0.16800000000000012)(62.711740051310414 61.0)
(1.0E-9,11.0,0.16800000000000012)(62.88551043238531 54.0)
(1.0E-9,11.0,0.16800000000000012)(63.312853000090854 5.0)
(1.0E-9,11.0,0.16800000000000012)(62.96504853923961 48.0)
(1.0E-9,11.0,0.16800000000000012)(62.978938154471024 46.0)
(1.0E-9,11.0,0.16800000000000012)(62.96504853923961 49.0)
(1.0E-9,11.0,0.16800000000000012)(62.153338281781856 59.0)
(1.0E-9,11.0,0.16800000000000012)(62.153338281781856 57.0)
(1.0E-9,11.0,0.16800000000000012)(60.21634728564738 66.0)
(1.0E-9 11.0 0.16900000000000012)(22.4416151960925 112.0)
(1.0E-9,11.0,0.16900000000000012)(63.1358937928245 18.0)
(1.0E-9,11.0,0.16900000000000012)(60.722854754976616 62.0)
(1.0E-9,11.0,0.16900000000000012)(63.00661529850565 40.0)
(1.0E-9,11.0,0.16900000000000012)(63.312853000090854 1.0)
(1.0E-9,11.0,0.16900000000000012)(63.00661529850565 43.0)
(1.0E-9,11.0,0.16900000000000012)(62.86937652300633 58.0)
(1.0E-9,11.0,0.16900000000000012)(62.711740051310414 61.0)
(1.0E-9,11.0,0.16900000000000012)(62.88551043238531 54.0)
(1.0E-9,11.0,0.16900000000000012)(63.312853000090854 5.0)
(1.0E-9,11.0,0.16900000000000012)(62.96504853923961 48.0)
(1.0E-9,11.0,0.16900000000000012)(62.978938154471024 46.0)
(1.0E-9,11.0,0.16900000000000012)(62.96504853923961 49.0)
(1.0E-9,11.0,0.16900000000000012)(62.153338281781856 59.0)
(1.0E-9,11.0,0.16900000000000012)(62.153338281781856 57.0)
(1.0E-9,11.0,0.16900000000000012)(60.21634728564738 66.0)
(1.0E-9 11.0 0.17000000000000012)(22.4416151960925 112.0)
(1.0E-9,11.0,0.17000000000000012)(63.1358937928245 18.0)
(1.0E-9,11.0,0.17000000000000012)(60.722854754976616 61.0)
(1.0E-9,11.0,0.17000000000000012)(63.00661529850565 40.0)
(1.0E-9,11.0,0.17000000000000012)(63.06677138509911 41.0)
(1.0E-9,11.0,0.17000000000000012)(63.312853000090854 1.0)
(1.0E-9,11.0,0.17000000000000012)(63.00661529850565 43.0)
(1.0E-9,11.0,0.17000000000000012)(62.86937652300633 57.0)
(1.0E-9,11.0,0.17000000000000012)(62.78421182653205 59.0)
(1.0E-9,11.0,0.17000000000000012)(62.86937652300633 58.0)
(1.0E-9,11.0,0.17000000000000012)(62.82741558420556 61.0)
(1.0E-9,11.0,0.17000000000000012)(62.82741558420556 64.0)
(1.0E-9,11.0,0.17000000000000012)(62.82741558420556 65.0)
(1.0E-9,11.0,0.17000000000000012)(62.75886683616182 65.0)
(1.0E-9 11.0 0.17100000000000012)(22.4416151960925 112.0)
(1.0E-9,11.0,0.17100000000000012)(63.1358937928245 18.0)
(1.0E-9,11.0,0.17100000000000012)(60.722854754976616 61.0)
(1.0E-9,11.0,0.17100000000000012)(63.00661529850565 40.0)
(1.0E-9,11.0,0.17100000000000012)(63.00661529850565 43.0)
(1.0E-9,11.0,0.17100000000000012)(63.00661529850565 42.0)
(1.0E-9,11.0,0.17100000000000012)(62.86937652300633 56.0)
(1.0E-9,11.0,0.17100000000000012)(63.312853000090854 1.0)
(1.0E-9,11.0,0.17100000000000012)(62.86937652300633 58.0)
(1.0E-9,11.0,0.17100000000000012)(62.82741558420556 61.0)
(1.0E-9,11.0,0.17100000000000012)(62.84532689809026 60.0)
(1.0E-9,11.0,0.17100000000000012)(60.575700299205444 67.0)
(1.0E-9,11.0,0.17100000000000012)(62.84143407633668 63.0)
(1.0E-9,11.0,0.17100000000000012)(60.548814331024964 66.0)
(1.0E-9 11.0 0.17200000000000013)(22.504832608254727 111.0)
(1.0E-9,11.0,0.17200000000000013)(63.1358937928245 18.0)
(1.0E-9,11.0,0.17200000000000013)(60.722854754976616 61.0)
(1.0E-9,11.0,0.17200000000000013)(63.00661529850565 40.0)
(1.0E-9,11.0,0.17200000000000013)(63.00661529850565 43.0)
(1.0E-9,11.0,0.17200000000000013)(63.312853000090854 1.0)
(1.0E-9,11.0,0.17200000000000013)(63.00661529850565 44.0)
(1.0E-9,11.0,0.17200000000000013)(63.00661529850565 45.0)
(1.0E-9,11.0,0.17200000000000013)(63.06677138509911 43.0)
(1.0E-9,11.0,0.17200000000000013)(62.982830976224605 47.0)
(1.0E-9,11.0,0.17200000000000013)(62.96504853923961 48.0)
(1.0E-9,11.0,0.17200000000000013)(60.25081864205866 70.0)
(1.0E-9,11.0,0.17200000000000013)(60.25081864205866 72.0)
(1.0E-9,11.0,0.17200000000000013)(62.96504853923961 51.0)
(1.0E-9 11.0 0.17300000000000013)(23.626957248554277 112.0)
(1.0E-9,11.0,0.17300000000000013)(63.1358937928245 16.0)
(1.0E-9,11.0,0.17300000000000013)(60.97207327135374 67.0)
(1.0E-9,11.0,0.17300000000000013)(62.047567411860875 64.0)
(1.0E-9,11.0,0.17300000000000013)(63.312853000090854 1.0)
(1.0E-9,11.0,0.17300000000000013)(62.93611711518174 59.0)
(1.0E-9,11.0,0.17300000000000013)(59.01467851631067 77.0)
(1.0E-9,11.0,0.17300000000000013)(63.06677138509911 41.0)
(1.0E-9,11.0,0.17300000000000013)(62.93611711518174 61.0)
(1.0E-9,11.0,0.17300000000000013)(62.08497027963189 64.0)
(1.0E-9,11.0,0.17300000000000013)(58.89111970226292 83.0)
(1.0E-9,11.0,0.17300000000000013)(62.08497027963189 63.0)
(1.0E-9,11.0,0.17300000000000013)(62.93611711518174 62.0)
(1.0E-9 11.0 0.17400000000000013)(23.626957248554277 112.0)
(1.0E-9,11.0,0.17400000000000013)(63.1358937928245 16.0)
(1.0E-9,11.0,0.17400000000000013)(60.97207327135374 67.0)
(1.0E-9,11.0,0.17400000000000013)(62.047567411860875 64.0)
(1.0E-9,11.0,0.17400000000000013)(63.312853000090854 1.0)
(1.0E-9,11.0,0.17400000000000013)(63.00661529850565 44.0)
(1.0E-9,11.0,0.17400000000000013)(62.93611711518174 59.0)
(1.0E-9,11.0,0.17400000000000013)(62.93611711518174 60.0)
(1.0E-9,11.0,0.17400000000000013)(62.02726699103571 64.0)
(1.0E-9,11.0,0.17400000000000013)(62.93611711518174 61.0)
(1.0E-9,11.0,0.17400000000000013)(58.89111970226292 83.0)
(1.0E-9,11.0,0.17400000000000013)(62.93611711518174 62.0)
(1.0E-9,11.0,0.17400000000000013)(62.93611711518174 63.0)
(1.0E-9,11.0,0.17400000000000013)(62.178920197313154 65.0)
(1.0E-9 11.0 0.17500000000000013)(23.626957248554277 112.0)
(1.0E-9,11.0,0.17500000000000013)(63.1358937928245 16.0)
(1.0E-9,11.0,0.17500000000000013)(60.97207327135374 67.0)
(1.0E-9,11.0,0.17500000000000013)(60.79477887628037 69.0)
(1.0E-9,11.0,0.17500000000000013)(63.312853000090854 1.0)
(1.0E-9,11.0,0.17500000000000013)(62.981115503392125 55.0)
(1.0E-9,11.0,0.17500000000000013)(63.00661529850565 44.0)
(1.0E-9,11.0,0.17500000000000013)(62.981115503392125 54.0)
(1.0E-9,11.0,0.17500000000000013)(62.981115503392125 57.0)
(1.0E-9,11.0,0.17500000000000013)(62.08497027963189 62.0)
(1.0E-9,11.0,0.17500000000000013)(62.93611711518174 64.0)
(1.0E-9 11.0 0.17600000000000013)(23.626957248554277 112.0)
(1.0E-9,11.0,0.17600000000000013)(63.1358937928245 16.0)
(1.0E-9,11.0,0.17600000000000013)(60.97207327135374 67.0)
(1.0E-9,11.0,0.17600000000000013)(60.79477887628037 69.0)
(1.0E-9,11.0,0.17600000000000013)(63.312853000090854 1.0)
(1.0E-9,11.0,0.17600000000000013)(62.981115503392125 55.0)
(1.0E-9,11.0,0.17600000000000013)(63.00661529850565 44.0)
(1.0E-9,11.0,0.17600000000000013)(62.981115503392125 54.0)
(1.0E-9,11.0,0.17600000000000013)(62.981115503392125 57.0)
(1.0E-9,11.0,0.17600000000000013)(62.08497027963189 62.0)
(1.0E-9,11.0,0.17600000000000013)(62.93611711518174 64.0)
(1.0E-9 11.0 0.17700000000000013)(23.003543136789393 111.0)
(1.0E-9,11.0,0.17700000000000013)(63.1358937928245 14.0)
(1.0E-9,11.0,0.17700000000000013)(62.40251146485262 47.0)
(1.0E-9,11.0,0.17700000000000013)(63.312853000090854 3.0)
(1.0E-9,11.0,0.17700000000000013)(63.312853000090854 1.0)
(1.0E-9,11.0,0.17700000000000013)(63.06722645401987 40.0)
(1.0E-9,11.0,0.17700000000000013)(63.00661529850565 40.0)
(1.0E-9,11.0,0.17700000000000013)(63.00661529850565 41.0)
(1.0E-9,11.0,0.17700000000000013)(63.00661529850565 44.0)
(1.0E-9,11.0,0.17700000000000013)(63.00661529850565 46.0)
(1.0E-9,11.0,0.17700000000000013)(62.44706169888543 50.0)
(1.0E-9 11.0 0.17800000000000013)(23.003543136789393 111.0)
(1.0E-9,11.0,0.17800000000000013)(63.1358937928245 16.0)
(1.0E-9,11.0,0.17800000000000013)(61.427906960044574 58.0)
(1.0E-9,11.0,0.17800000000000013)(63.00661529850565 38.0)
(1.0E-9,11.0,0.17800000000000013)(63.312853000090854 1.0)
(1.0E-9,11.0,0.17800000000000013)(63.00661529850565 40.0)
(1.0E-9,11.0,0.17800000000000013)(63.12639931142351 38.0)
(1.0E-9,11.0,0.17800000000000013)(63.00661529850565 42.0)
(1.0E-9,11.0,0.17800000000000013)(63.00661529850565 43.0)
(1.0E-9,11.0,0.17800000000000013)(63.312853000090854 10.0)
(1.0E-9,11.0,0.17800000000000013)(63.312853000090854 3.0)
(1.0E-9,11.0,0.17800000000000013)(63.00661529850565 44.0)
(1.0E-9,11.0,0.17800000000000013)(63.00661529850565 45.0)
(1.0E-9,11.0,0.17800000000000013)(63.00661529850565 48.0)
(1.0E-9,11.0,0.17800000000000013)(63.00661529850565 46.0)
(1.0E-9,11.0,0.17800000000000013)(62.54040209381848 50.0)
(1.0E-9 11.0 0.17900000000000013)(23.003543136789393 111.0)
(1.0E-9,11.0,0.17900000000000013)(63.1358937928245 16.0)
(1.0E-9,11.0,0.17900000000000013)(62.40251146485262 47.0)
(1.0E-9,11.0,0.17900000000000013)(63.312853000090854 1.0)
(1.0E-9,11.0,0.17900000000000013)(63.00661529850565 40.0)
(1.0E-9,11.0,0.17900000000000013)(63.00661529850565 43.0)
(1.0E-9,11.0,0.17900000000000013)(63.00661529850565 44.0)
(1.0E-9,11.0,0.17900000000000013)(63.00661529850565 45.0)
(1.0E-9,11.0,0.17900000000000013)(63.00661529850565 46.0)
(1.0E-9,11.0,0.17900000000000013)(62.54040209381848 48.0)
(1.0E-9 11.0 0.18000000000000013)(23.626957248554277 112.0)
(1.0E-9,11.0,0.18000000000000013)(63.1358937928245 16.0)
(1.0E-9,11.0,0.18000000000000013)(61.10739360547718 64.0)
(1.0E-9,11.0,0.18000000000000013)(63.00661529850565 42.0)
(1.0E-9,11.0,0.18000000000000013)(63.312853000090854 1.0)
(1.0E-9,11.0,0.18000000000000013)(63.00661529850565 44.0)
(1.0E-9,11.0,0.18000000000000013)(63.00661529850565 45.0)
(1.0E-9,11.0,0.18000000000000013)(62.178920197313154 60.0)
(1.0E-9,11.0,0.18000000000000013)(62.93611711518174 60.0)
(1.0E-9,11.0,0.18000000000000013)(63.01650861089896 41.0)
(1.0E-9,11.0,0.18000000000000013)(63.01650861089896 40.0)
(1.0E-9,11.0,0.18000000000000013)(62.93611711518174 63.0)
(1.0E-9,11.0,0.18000000000000013)(60.59812057749495 70.0)
(1.0E-9 11.0 0.18100000000000013)(21.25105968587583 114.0)
(1.0E-9,11.0,0.18100000000000013)(63.1358937928245 16.0)
(1.0E-9,11.0,0.18100000000000013)(60.87688328948909 65.0)
(1.0E-9,11.0,0.18100000000000013)(63.00661529850565 40.0)
(1.0E-9,11.0,0.18100000000000013)(63.312853000090854 1.0)
(1.0E-9,11.0,0.18100000000000013)(62.93611711518174 59.0)
(1.0E-9,11.0,0.18100000000000013)(62.93611711518174 61.0)
(1.0E-9,11.0,0.18100000000000013)(62.93611711518174 60.0)
(1.0E-9,11.0,0.18100000000000013)(63.00661529850565 49.0)
(1.0E-9,11.0,0.18100000000000013)(60.77595041004673 71.0)
(1.0E-9,11.0,0.18100000000000013)(62.308607249086485 61.0)
(1.0E-9,11.0,0.18100000000000013)(60.78111235117086 71.0)
(1.0E-9 11.0 0.18200000000000013)(21.25105968587583 114.0)
(1.0E-9,11.0,0.18200000000000013)(63.1358937928245 16.0)
(1.0E-9,11.0,0.18200000000000013)(60.87688328948909 65.0)
(1.0E-9,11.0,0.18200000000000013)(63.00661529850565 40.0)
(1.0E-9,11.0,0.18200000000000013)(63.312853000090854 1.0)
(1.0E-9,11.0,0.18200000000000013)(62.93611711518174 59.0)
(1.0E-9,11.0,0.18200000000000013)(62.93611711518174 61.0)
(1.0E-9,11.0,0.18200000000000013)(62.93611711518174 60.0)
(1.0E-9,11.0,0.18200000000000013)(63.00661529850565 49.0)
(1.0E-9,11.0,0.18200000000000013)(60.77595041004673 71.0)
(1.0E-9,11.0,0.18200000000000013)(62.308607249086485 61.0)
(1.0E-9,11.0,0.18200000000000013)(60.78111235117086 71.0)
(1.0E-9 11.0 0.18300000000000013)(21.25105968587583 114.0)
(1.0E-9,11.0,0.18300000000000013)(63.1358937928245 16.0)
(1.0E-9,11.0,0.18300000000000013)(61.10739360547718 64.0)
(1.0E-9,11.0,0.18300000000000013)(63.312853000090854 1.0)
(1.0E-9,11.0,0.18300000000000013)(62.93611711518174 59.0)
(1.0E-9,11.0,0.18300000000000013)(62.93611711518174 61.0)
(1.0E-9,11.0,0.18300000000000013)(62.93611711518174 60.0)
(1.0E-9,11.0,0.18300000000000013)(63.06677138509911 47.0)
(1.0E-9,11.0,0.18300000000000013)(62.93611711518174 63.0)
(1.0E-9,11.0,0.18300000000000013)(63.00661529850565 52.0)
(1.0E-9,11.0,0.18300000000000013)(62.178920197313154 60.0)
(1.0E-9 11.0 0.18400000000000014)(21.25105968587583 114.0)
(1.0E-9,11.0,0.18400000000000014)(63.1358937928245 16.0)
(1.0E-9,11.0,0.18400000000000014)(61.10739360547718 64.0)
(1.0E-9,11.0,0.18400000000000014)(63.00661529850565 42.0)
(1.0E-9,11.0,0.18400000000000014)(63.312853000090854 1.0)
(1.0E-9,11.0,0.18400000000000014)(62.981115503392125 55.0)
(1.0E-9,11.0,0.18400000000000014)(62.981115503392125 53.0)
(1.0E-9,11.0,0.18400000000000014)(62.93611711518174 61.0)
(1.0E-9,11.0,0.18400000000000014)(62.93611711518174 63.0)
(1.0E-9,11.0,0.18400000000000014)(62.93611711518174 65.0)
(1.0E-9,11.0,0.18400000000000014)(63.01650861089896 41.0)
(1.0E-9 11.0 0.18500000000000014)(21.25105968587583 114.0)
(1.0E-9,11.0,0.18500000000000014)(63.1358937928245 16.0)
(1.0E-9,11.0,0.18500000000000014)(61.10739360547718 64.0)
(1.0E-9,11.0,0.18500000000000014)(63.00661529850565 42.0)
(1.0E-9,11.0,0.18500000000000014)(63.312853000090854 1.0)
(1.0E-9,11.0,0.18500000000000014)(63.00661529850565 44.0)
(1.0E-9,11.0,0.18500000000000014)(62.93611711518174 59.0)
(1.0E-9,11.0,0.18500000000000014)(62.178920197313154 61.0)
(1.0E-9,11.0,0.18500000000000014)(62.178920197313154 60.0)
(1.0E-9,11.0,0.18500000000000014)(62.88551043238531 56.0)
(1.0E-9,11.0,0.18500000000000014)(62.93611711518174 63.0)
(1.0E-9,11.0,0.18500000000000014)(62.15252246510253 64.0)
(1.0E-9,11.0,0.18500000000000014)(63.00661529850565 52.0)
(1.0E-9 11.0 0.18600000000000014)(21.108048432645486 117.0)
(1.0E-9,11.0,0.18600000000000014)(63.1358937928245 16.0)
(1.0E-9,11.0,0.18600000000000014)(60.97207327135374 67.0)
(1.0E-9,11.0,0.18600000000000014)(63.312853000090854 1.0)
(1.0E-9,11.0,0.18600000000000014)(62.93611711518174 59.0)
(1.0E-9,11.0,0.18600000000000014)(62.93611711518174 60.0)
(1.0E-9,11.0,0.18600000000000014)(62.93611711518174 61.0)
(1.0E-9,11.0,0.18600000000000014)(63.00661529850565 51.0)
(1.0E-9,11.0,0.18600000000000014)(63.01650861089896 41.0)
(1.0E-9,11.0,0.18600000000000014)(62.93611711518174 66.0)
(1.0E-9 11.0 0.18700000000000014)(20.736953938532363 118.0)
(1.0E-9,11.0,0.18700000000000014)(63.1358937928245 16.0)
(1.0E-9,11.0,0.18700000000000014)(60.97207327135374 67.0)
(1.0E-9,11.0,0.18700000000000014)(63.00661529850565 44.0)
(1.0E-9,11.0,0.18700000000000014)(63.312853000090854 1.0)
(1.0E-9,11.0,0.18700000000000014)(63.1358937928245 21.0)
(1.0E-9,11.0,0.18700000000000014)(63.00661529850565 45.0)
(1.0E-9,11.0,0.18700000000000014)(63.00661529850565 46.0)
(1.0E-9,11.0,0.18700000000000014)(63.00661529850565 47.0)
(1.0E-9,11.0,0.18700000000000014)(63.00661529850565 49.0)
(1.0E-9,11.0,0.18700000000000014)(62.93611711518174 64.0)
(1.0E-9,11.0,0.18700000000000014)(62.93611711518174 65.0)
(1.0E-9,11.0,0.18700000000000014)(63.00661529850565 51.0)
(1.0E-9,11.0,0.18700000000000014)(63.00661529850565 48.0)
(1.0E-9 11.0 0.18800000000000014)(20.736953938532363 118.0)
(1.0E-9,11.0,0.18800000000000014)(63.1358937928245 16.0)
(1.0E-9,11.0,0.18800000000000014)(60.97207327135374 67.0)
(1.0E-9,11.0,0.18800000000000014)(60.323534251126446 72.0)
(1.0E-9,11.0,0.18800000000000014)(63.312853000090854 3.0)
(1.0E-9,11.0,0.18800000000000014)(63.312853000090854 1.0)
(1.0E-9,11.0,0.18800000000000014)(63.06677138509911 42.0)
(1.0E-9,11.0,0.18800000000000014)(63.06677138509911 40.0)
(1.0E-9,11.0,0.18800000000000014)(63.06677138509911 44.0)
(1.0E-9,11.0,0.18800000000000014)(62.981115503392125 57.0)
(1.0E-9,11.0,0.18800000000000014)(62.08497027963189 63.0)
(1.0E-9,11.0,0.18800000000000014)(60.50719253320425 72.0)
(1.0E-9,11.0,0.18800000000000014)(63.00661529850565 52.0)
(1.0E-9 11.0 0.18900000000000014)(20.736953938532363 118.0)
(1.0E-9,11.0,0.18900000000000014)(63.1358937928245 16.0)
(1.0E-9,11.0,0.18900000000000014)(60.97207327135374 67.0)
(1.0E-9,11.0,0.18900000000000014)(60.323534251126446 72.0)
(1.0E-9,11.0,0.18900000000000014)(63.312853000090854 3.0)
(1.0E-9,11.0,0.18900000000000014)(63.312853000090854 1.0)
(1.0E-9,11.0,0.18900000000000014)(63.06677138509911 42.0)
(1.0E-9,11.0,0.18900000000000014)(63.06677138509911 40.0)
(1.0E-9,11.0,0.18900000000000014)(63.06677138509911 44.0)
(1.0E-9,11.0,0.18900000000000014)(62.981115503392125 57.0)
(1.0E-9,11.0,0.18900000000000014)(62.08497027963189 63.0)
(1.0E-9,11.0,0.18900000000000014)(60.50719253320425 72.0)
(1.0E-9,11.0,0.18900000000000014)(63.00661529850565 52.0)
(1.0E-9 11.0 0.19000000000000014)(20.691829788540193 120.0)
(1.0E-9,11.0,0.19000000000000014)(63.1358937928245 16.0)
(1.0E-9,11.0,0.19000000000000014)(60.55991130043745 70.0)
(1.0E-9,11.0,0.19000000000000014)(63.312853000090854 1.0)
(1.0E-9,11.0,0.19000000000000014)(63.08036974803937 33.0)
(1.0E-9,11.0,0.19000000000000014)(63.02040143265253 37.0)
(1.0E-9,11.0,0.19000000000000014)(63.00661529850565 48.0)
(1.0E-9,11.0,0.19000000000000014)(62.93611711518174 63.0)
(1.0E-9,11.0,0.19000000000000014)(63.00661529850565 52.0)
(1.0E-9 11.0 0.19100000000000014)(20.691829788540193 120.0)
(1.0E-9,11.0,0.19100000000000014)(63.1358937928245 16.0)
(1.0E-9,11.0,0.19100000000000014)(62.179639137791405 60.0)
(1.0E-9,11.0,0.19100000000000014)(63.00661529850565 44.0)
(1.0E-9,11.0,0.19100000000000014)(63.00661529850565 46.0)
(1.0E-9,11.0,0.19100000000000014)(63.01650861089896 40.0)
(1.0E-9,11.0,0.19100000000000014)(62.354059107685174 58.0)
(1.0E-9,11.0,0.19100000000000014)(62.354059107685174 57.0)
(1.0E-9,11.0,0.19100000000000014)(62.13008056115507 61.0)
(1.0E-9,11.0,0.19100000000000014)(63.00661529850565 49.0)
(1.0E-9,11.0,0.19100000000000014)(63.312853000090854 1.0)
(1.0E-9,11.0,0.19100000000000014)(63.00661529850565 52.0)
(1.0E-9 11.0 0.19200000000000014)(20.691829788540193 120.0)
(1.0E-9,11.0,0.19200000000000014)(63.1358937928245 16.0)
(1.0E-9,11.0,0.19200000000000014)(62.179639137791405 60.0)
(1.0E-9,11.0,0.19200000000000014)(63.00661529850565 43.0)
(1.0E-9,11.0,0.19200000000000014)(63.00661529850565 44.0)
(1.0E-9,11.0,0.19200000000000014)(63.00661529850565 46.0)
(1.0E-9,11.0,0.19200000000000014)(63.312853000090854 1.0)
(1.0E-9,11.0,0.19200000000000014)(63.00661529850565 45.0)
(1.0E-9,11.0,0.19200000000000014)(62.22458705372148 60.0)
(1.0E-9,11.0,0.19200000000000014)(63.00661529850565 47.0)
(1.0E-9,11.0,0.19200000000000014)(62.179639137791405 61.0)
(1.0E-9,11.0,0.19200000000000014)(63.00661529850565 52.0)
(1.0E-9 11.0 0.19300000000000014)(20.691829788540193 120.0)
(1.0E-9,11.0,0.19300000000000014)(63.1358937928245 16.0)
(1.0E-9,11.0,0.19300000000000014)(62.179639137791405 60.0)
(1.0E-9,11.0,0.19300000000000014)(63.312853000090854 1.0)
(1.0E-9,11.0,0.19300000000000014)(63.312853000090854 14.0)
(1.0E-9,11.0,0.19300000000000014)(63.01650861089896 41.0)
(1.0E-9,11.0,0.19300000000000014)(63.01650861089896 39.0)
(1.0E-9,11.0,0.19300000000000014)(63.01650861089896 40.0)
(1.0E-9,11.0,0.19300000000000014)(62.259977113527384 59.0)
(1.0E-9,11.0,0.19300000000000014)(63.00661529850565 46.0)
(1.0E-9,11.0,0.19300000000000014)(62.259977113527384 58.0)
(1.0E-9,11.0,0.19300000000000014)(62.13008056115507 60.0)
(1.0E-9,11.0,0.19300000000000014)(63.00661529850565 48.0)
(1.0E-9,11.0,0.19300000000000014)(62.08497027963189 61.0)
(1.0E-9,11.0,0.19300000000000014)(62.22458705372148 60.0)
(1.0E-9 11.0 0.19400000000000014)(19.430549333369886 118.0)
(1.0E-9,11.0,0.19400000000000014)(63.1358937928245 18.0)
(1.0E-9,11.0,0.19400000000000014)(62.179639137791405 58.0)
(1.0E-9,11.0,0.19400000000000014)(61.1125555466013 63.0)
(1.0E-9,11.0,0.19400000000000014)(63.312853000090854 1.0)
(1.0E-9,11.0,0.19400000000000014)(63.00661529850565 44.0)
(1.0E-9,11.0,0.19400000000000014)(63.00661529850565 43.0)
(1.0E-9,11.0,0.19400000000000014)(63.312853000090854 3.0)
(1.0E-9 11.0 0.19500000000000015)(19.430549333369886 118.0)
(1.0E-9,11.0,0.19500000000000015)(63.1358937928245 18.0)
(1.0E-9,11.0,0.19500000000000015)(62.179639137791405 58.0)
(1.0E-9,11.0,0.19500000000000015)(61.1125555466013 63.0)
(1.0E-9,11.0,0.19500000000000015)(63.312853000090854 1.0)
(1.0E-9,11.0,0.19500000000000015)(63.00661529850565 44.0)
(1.0E-9,11.0,0.19500000000000015)(63.00661529850565 43.0)
(1.0E-9,11.0,0.19500000000000015)(63.312853000090854 3.0)
(1.0E-9 11.0 0.19600000000000015)(19.430549333369886 118.0)
(1.0E-9,11.0,0.19600000000000015)(63.1358937928245 18.0)
(1.0E-9,11.0,0.19600000000000015)(62.179639137791405 58.0)
(1.0E-9,11.0,0.19600000000000015)(60.882045230613215 64.0)
(1.0E-9,11.0,0.19600000000000015)(63.312853000090854 1.0)
(1.0E-9,11.0,0.19600000000000015)(63.00661529850565 43.0)
(1.0E-9,11.0,0.19600000000000015)(63.01650861089896 38.0)
(1.0E-9,11.0,0.19600000000000015)(63.01650861089896 39.0)
(1.0E-9,11.0,0.19600000000000015)(63.312853000090854 21.0)
(1.0E-9,11.0,0.19600000000000015)(63.00661529850565 44.0)
(1.0E-9,11.0,0.19600000000000015)(63.00661529850565 46.0)
(1.0E-9 11.0 0.19700000000000015)(19.430549333369886 118.0)
(1.0E-9,11.0,0.19700000000000015)(63.1358937928245 18.0)
(1.0E-9,11.0,0.19700000000000015)(62.179639137791405 58.0)
(1.0E-9,11.0,0.19700000000000015)(60.930285052839494 64.0)
(1.0E-9,11.0,0.19700000000000015)(63.312853000090854 1.0)
(1.0E-9,11.0,0.19700000000000015)(63.06677138509911 38.0)
(1.0E-9,11.0,0.19700000000000015)(62.93611711518174 56.0)
(1.0E-9,11.0,0.19700000000000015)(63.00661529850565 42.0)
(1.0E-9,11.0,0.19700000000000015)(63.00661529850565 45.0)
(1.0E-9,11.0,0.19700000000000015)(63.12639931142351 44.0)
(1.0E-9,11.0,0.19700000000000015)(63.00661529850565 48.0)
(1.0E-9,11.0,0.19700000000000015)(63.00661529850565 46.0)
(1.0E-9,11.0,0.19700000000000015)(63.00661529850565 47.0)
(1.0E-9 11.0 0.19800000000000015)(19.430549333369886 118.0)
(1.0E-9,11.0,0.19800000000000015)(63.1358937928245 18.0)
(1.0E-9,11.0,0.19800000000000015)(62.27326017539604 57.0)
(1.0E-9,11.0,0.19800000000000015)(60.69914048103434 65.0)
(1.0E-9,11.0,0.19800000000000015)(63.312853000090854 1.0)
(1.0E-9,11.0,0.19800000000000015)(63.00661529850565 43.0)
(1.0E-9,11.0,0.19800000000000015)(63.01650861089896 38.0)
(1.0E-9,11.0,0.19800000000000015)(63.01650861089896 39.0)
(1.0E-9,11.0,0.19800000000000015)(63.00661529850565 46.0)
(1.0E-9 11.0 0.19900000000000015)(26.108877744780173 116.0)
(1.0E-9,11.0,0.19900000000000015)(63.1358937928245 18.0)
(1.0E-9,11.0,0.19900000000000015)(62.14239466894998 60.0)
(1.0E-9,11.0,0.19900000000000015)(60.5174228742504 67.0)
(1.0E-9,11.0,0.19900000000000015)(63.312853000090854 1.0)
(1.0E-9,11.0,0.19900000000000015)(63.312853000090854 3.0)
(1.0E-9,11.0,0.19900000000000015)(63.00661529850565 41.0)
(1.0E-9,11.0,0.19900000000000015)(63.01650861089896 36.0)
(1.0E-9,11.0,0.19900000000000015)(63.01650861089896 38.0)
(1.0E-9,11.0,0.19900000000000015)(63.01650861089896 37.0)
(1.0E-9,11.0,0.19900000000000015)(63.01650861089896 35.0)
(1.0E-9,11.0,0.19900000000000015)(63.00661529850565 46.0)
(1.0E-9 12.0 0.01)(63.07693199520658 21.0)
(1.0E-9,12.0,0.01)(63.312853000090854 1.0)
(1.0E-9,12.0,0.01)(63.312853000090854 3.0)
(1.0E-9,12.0,0.01)(63.312853000090854 5.0)
(1.0E-9,12.0,0.01)(63.1358937928245 9.0)
(1.0E-9,12.0,0.01)(63.1358937928245 11.0)
(1.0E-9,12.0,0.01)(63.1358937928245 14.0)
(1.0E-9,12.0,0.01)(63.1358937928245 16.0)
(1.0E-9,12.0,0.01)(63.1358937928245 17.0)
(1.0E-9,12.0,0.01)(63.07693199520658 21.0)
(1.0E-9 12.0 0.011)(63.07693199520658 21.0)
(1.0E-9,12.0,0.011)(63.312853000090854 1.0)
(1.0E-9,12.0,0.011)(63.312853000090854 3.0)
(1.0E-9,12.0,0.011)(63.312853000090854 5.0)
(1.0E-9,12.0,0.011)(63.1358937928245 9.0)
(1.0E-9,12.0,0.011)(63.1358937928245 11.0)
(1.0E-9,12.0,0.011)(63.1358937928245 13.0)
(1.0E-9,12.0,0.011)(63.1358937928245 14.0)
(1.0E-9,12.0,0.011)(63.1358937928245 16.0)
(1.0E-9,12.0,0.011)(63.1358937928245 17.0)
(1.0E-9,12.0,0.011)(63.07693199520658 21.0)
(1.0E-9 12.0 0.012)(63.07693199520658 21.0)
(1.0E-9,12.0,0.012)(63.312853000090854 1.0)
(1.0E-9,12.0,0.012)(63.312853000090854 3.0)
(1.0E-9,12.0,0.012)(63.312853000090854 5.0)
(1.0E-9,12.0,0.012)(63.1358937928245 9.0)
(1.0E-9,12.0,0.012)(63.1358937928245 11.0)
(1.0E-9,12.0,0.012)(63.1358937928245 14.0)
(1.0E-9,12.0,0.012)(63.1358937928245 16.0)
(1.0E-9,12.0,0.012)(63.1358937928245 17.0)
(1.0E-9,12.0,0.012)(63.1358937928245 20.0)
(1.0E-9,12.0,0.012)(63.07693199520658 21.0)
(1.0E-9 12.0 0.013000000000000001)(63.07693199520658 21.0)
(1.0E-9,12.0,0.013000000000000001)(63.312853000090854 1.0)
(1.0E-9,12.0,0.013000000000000001)(63.312853000090854 3.0)
(1.0E-9,12.0,0.013000000000000001)(63.312853000090854 5.0)
(1.0E-9,12.0,0.013000000000000001)(63.1358937928245 9.0)
(1.0E-9,12.0,0.013000000000000001)(63.1358937928245 11.0)
(1.0E-9,12.0,0.013000000000000001)(63.1358937928245 14.0)
(1.0E-9,12.0,0.013000000000000001)(63.1358937928245 16.0)
(1.0E-9,12.0,0.013000000000000001)(63.1358937928245 17.0)
(1.0E-9,12.0,0.013000000000000001)(63.1358937928245 20.0)
(1.0E-9,12.0,0.013000000000000001)(63.07693199520658 21.0)
(1.0E-9 12.0 0.014000000000000002)(63.07693199520658 21.0)
(1.0E-9,12.0,0.014000000000000002)(63.312853000090854 1.0)
(1.0E-9,12.0,0.014000000000000002)(63.312853000090854 3.0)
(1.0E-9,12.0,0.014000000000000002)(63.312853000090854 5.0)
(1.0E-9,12.0,0.014000000000000002)(63.1358937928245 11.0)
(1.0E-9,12.0,0.014000000000000002)(63.1358937928245 13.0)
(1.0E-9,12.0,0.014000000000000002)(63.1358937928245 14.0)
(1.0E-9,12.0,0.014000000000000002)(63.1358937928245 16.0)
(1.0E-9,12.0,0.014000000000000002)(63.1358937928245 17.0)
(1.0E-9,12.0,0.014000000000000002)(63.07693199520658 21.0)
(1.0E-9 12.0 0.015000000000000003)(63.07693199520658 21.0)
(1.0E-9,12.0,0.015000000000000003)(63.312853000090854 1.0)
(1.0E-9,12.0,0.015000000000000003)(63.312853000090854 3.0)
(1.0E-9,12.0,0.015000000000000003)(63.312853000090854 5.0)
(1.0E-9,12.0,0.015000000000000003)(63.1358937928245 11.0)
(1.0E-9,12.0,0.015000000000000003)(63.1358937928245 14.0)
(1.0E-9,12.0,0.015000000000000003)(63.1358937928245 16.0)
(1.0E-9,12.0,0.015000000000000003)(63.1358937928245 17.0)
(1.0E-9,12.0,0.015000000000000003)(63.07693199520658 21.0)
(1.0E-9 12.0 0.016000000000000004)(63.07693199520658 21.0)
(1.0E-9,12.0,0.016000000000000004)(63.312853000090854 1.0)
(1.0E-9,12.0,0.016000000000000004)(63.312853000090854 3.0)
(1.0E-9,12.0,0.016000000000000004)(63.312853000090854 5.0)
(1.0E-9,12.0,0.016000000000000004)(63.1358937928245 9.0)
(1.0E-9,12.0,0.016000000000000004)(63.1358937928245 11.0)
(1.0E-9,12.0,0.016000000000000004)(63.1358937928245 13.0)
(1.0E-9,12.0,0.016000000000000004)(63.1358937928245 14.0)
(1.0E-9,12.0,0.016000000000000004)(63.1358937928245 16.0)
(1.0E-9,12.0,0.016000000000000004)(63.1358937928245 17.0)
(1.0E-9,12.0,0.016000000000000004)(63.07693199520658 21.0)
(1.0E-9 12.0 0.017000000000000005)(63.07693199520658 21.0)
(1.0E-9,12.0,0.017000000000000005)(63.312853000090854 1.0)
(1.0E-9,12.0,0.017000000000000005)(63.312853000090854 3.0)
(1.0E-9,12.0,0.017000000000000005)(63.312853000090854 5.0)
(1.0E-9,12.0,0.017000000000000005)(63.1358937928245 11.0)
(1.0E-9,12.0,0.017000000000000005)(63.1358937928245 14.0)
(1.0E-9,12.0,0.017000000000000005)(63.1358937928245 16.0)
(1.0E-9,12.0,0.017000000000000005)(63.1358937928245 17.0)
(1.0E-9,12.0,0.017000000000000005)(63.07693199520658 21.0)
(1.0E-9 12.0 0.018000000000000006)(63.03025880802586 23.0)
(1.0E-9,12.0,0.018000000000000006)(63.312853000090854 1.0)
(1.0E-9,12.0,0.018000000000000006)(63.312853000090854 3.0)
(1.0E-9,12.0,0.018000000000000006)(63.312853000090854 5.0)
(1.0E-9,12.0,0.018000000000000006)(63.1358937928245 9.0)
(1.0E-9,12.0,0.018000000000000006)(63.1358937928245 11.0)
(1.0E-9,12.0,0.018000000000000006)(63.1358937928245 14.0)
(1.0E-9,12.0,0.018000000000000006)(63.1358937928245 16.0)
(1.0E-9,12.0,0.018000000000000006)(63.1358937928245 17.0)
(1.0E-9,12.0,0.018000000000000006)(63.07693199520658 21.0)
(1.0E-9,12.0,0.018000000000000006)(63.07693199520658 22.0)
(1.0E-9,12.0,0.018000000000000006)(63.03025880802586 23.0)
(1.0E-9 12.0 0.019000000000000006)(63.03025880802586 23.0)
(1.0E-9,12.0,0.019000000000000006)(63.312853000090854 1.0)
(1.0E-9,12.0,0.019000000000000006)(63.312853000090854 3.0)
(1.0E-9,12.0,0.019000000000000006)(63.312853000090854 5.0)
(1.0E-9,12.0,0.019000000000000006)(63.1358937928245 9.0)
(1.0E-9,12.0,0.019000000000000006)(63.1358937928245 11.0)
(1.0E-9,12.0,0.019000000000000006)(63.1358937928245 14.0)
(1.0E-9,12.0,0.019000000000000006)(63.1358937928245 16.0)
(1.0E-9,12.0,0.019000000000000006)(63.1358937928245 17.0)
(1.0E-9,12.0,0.019000000000000006)(63.07693199520658 21.0)
(1.0E-9,12.0,0.019000000000000006)(63.07693199520658 22.0)
(1.0E-9 12.0 0.020000000000000007)(63.03025880802586 23.0)
(1.0E-9,12.0,0.020000000000000007)(63.312853000090854 1.0)
(1.0E-9,12.0,0.020000000000000007)(63.312853000090854 3.0)
(1.0E-9,12.0,0.020000000000000007)(63.312853000090854 5.0)
(1.0E-9,12.0,0.020000000000000007)(63.1358937928245 9.0)
(1.0E-9,12.0,0.020000000000000007)(63.1358937928245 11.0)
(1.0E-9,12.0,0.020000000000000007)(63.1358937928245 14.0)
(1.0E-9,12.0,0.020000000000000007)(63.1358937928245 16.0)
(1.0E-9,12.0,0.020000000000000007)(63.1358937928245 17.0)
(1.0E-9,12.0,0.020000000000000007)(63.07693199520658 21.0)
(1.0E-9,12.0,0.020000000000000007)(63.07693199520658 22.0)
(1.0E-9 12.0 0.021000000000000008)(63.03025880802586 24.0)
(1.0E-9,12.0,0.021000000000000008)(63.312853000090854 1.0)
(1.0E-9,12.0,0.021000000000000008)(63.312853000090854 3.0)
(1.0E-9,12.0,0.021000000000000008)(63.312853000090854 5.0)
(1.0E-9,12.0,0.021000000000000008)(63.1358937928245 11.0)
(1.0E-9,12.0,0.021000000000000008)(63.1358937928245 14.0)
(1.0E-9,12.0,0.021000000000000008)(63.1358937928245 16.0)
(1.0E-9,12.0,0.021000000000000008)(63.1358937928245 17.0)
(1.0E-9,12.0,0.021000000000000008)(63.07693199520658 21.0)
(1.0E-9,12.0,0.021000000000000008)(63.07693199520658 22.0)
(1.0E-9,12.0,0.021000000000000008)(63.03025880802586 23.0)
(1.0E-9,12.0,0.021000000000000008)(63.03025880802586 24.0)
(1.0E-9 12.0 0.02200000000000001)(62.86663067005866 32.0)
(1.0E-9,12.0,0.02200000000000001)(63.312853000090854 1.0)
(1.0E-9,12.0,0.02200000000000001)(63.312853000090854 5.0)
(1.0E-9,12.0,0.02200000000000001)(63.1358937928245 11.0)
(1.0E-9,12.0,0.02200000000000001)(63.1358937928245 13.0)
(1.0E-9,12.0,0.02200000000000001)(63.1358937928245 16.0)
(1.0E-9,12.0,0.02200000000000001)(63.1358937928245 17.0)
(1.0E-9,12.0,0.02200000000000001)(63.07693199520658 21.0)
(1.0E-9,12.0,0.02200000000000001)(63.07693199520658 22.0)
(1.0E-9,12.0,0.02200000000000001)(63.03025880802586 23.0)
(1.0E-9,12.0,0.02200000000000001)(63.03025880802586 24.0)
(1.0E-9,12.0,0.02200000000000001)(63.03025880802586 25.0)
(1.0E-9 12.0 0.02300000000000001)(62.96101575209007 31.0)
(1.0E-9,12.0,0.02300000000000001)(63.312853000090854 1.0)
(1.0E-9,12.0,0.02300000000000001)(63.312853000090854 5.0)
(1.0E-9,12.0,0.02300000000000001)(63.1358937928245 9.0)
(1.0E-9,12.0,0.02300000000000001)(63.1358937928245 13.0)
(1.0E-9,12.0,0.02300000000000001)(63.1358937928245 14.0)
(1.0E-9,12.0,0.02300000000000001)(63.1358937928245 16.0)
(1.0E-9,12.0,0.02300000000000001)(63.07693199520658 21.0)
(1.0E-9,12.0,0.02300000000000001)(63.07693199520658 22.0)
(1.0E-9,12.0,0.02300000000000001)(63.03025880802586 23.0)
(1.0E-9,12.0,0.02300000000000001)(63.03025880802586 24.0)
(1.0E-9 12.0 0.02400000000000001)(62.86663067005866 31.0)
(1.0E-9,12.0,0.02400000000000001)(63.312853000090854 1.0)
(1.0E-9,12.0,0.02400000000000001)(63.312853000090854 5.0)
(1.0E-9,12.0,0.02400000000000001)(63.1358937928245 11.0)
(1.0E-9,12.0,0.02400000000000001)(63.1358937928245 14.0)
(1.0E-9,12.0,0.02400000000000001)(63.1358937928245 16.0)
(1.0E-9,12.0,0.02400000000000001)(63.1358937928245 17.0)
(1.0E-9,12.0,0.02400000000000001)(63.07693199520658 22.0)
(1.0E-9,12.0,0.02400000000000001)(63.07693199520658 21.0)
(1.0E-9,12.0,0.02400000000000001)(63.03025880802586 23.0)
(1.0E-9,12.0,0.02400000000000001)(63.03025880802586 24.0)
(1.0E-9 12.0 0.025000000000000012)(62.70452548317137 34.0)
(1.0E-9,12.0,0.025000000000000012)(63.312853000090854 1.0)
(1.0E-9,12.0,0.025000000000000012)(63.312853000090854 5.0)
(1.0E-9,12.0,0.025000000000000012)(63.1358937928245 11.0)
(1.0E-9,12.0,0.025000000000000012)(63.1358937928245 14.0)
(1.0E-9,12.0,0.025000000000000012)(63.1358937928245 16.0)
(1.0E-9,12.0,0.025000000000000012)(63.1358937928245 19.0)
(1.0E-9,12.0,0.025000000000000012)(63.090035119442504 20.0)
(1.0E-9,12.0,0.025000000000000012)(63.090035119442504 21.0)
(1.0E-9,12.0,0.025000000000000012)(63.03025880802586 23.0)
(1.0E-9,12.0,0.025000000000000012)(63.03025880802586 24.0)
(1.0E-9,12.0,0.025000000000000012)(63.03025880802586 25.0)
(1.0E-9 12.0 0.026000000000000013)(62.70452548317137 34.0)
(1.0E-9,12.0,0.026000000000000013)(63.312853000090854 1.0)
(1.0E-9,12.0,0.026000000000000013)(63.312853000090854 5.0)
(1.0E-9,12.0,0.026000000000000013)(63.1358937928245 11.0)
(1.0E-9,12.0,0.026000000000000013)(63.1358937928245 14.0)
(1.0E-9,12.0,0.026000000000000013)(63.1358937928245 16.0)
(1.0E-9,12.0,0.026000000000000013)(63.1358937928245 19.0)
(1.0E-9,12.0,0.026000000000000013)(63.090035119442504 20.0)
(1.0E-9,12.0,0.026000000000000013)(63.090035119442504 21.0)
(1.0E-9,12.0,0.026000000000000013)(63.03025880802586 23.0)
(1.0E-9,12.0,0.026000000000000013)(63.03025880802586 24.0)
(1.0E-9,12.0,0.026000000000000013)(63.03025880802586 25.0)
(1.0E-9 12.0 0.027000000000000014)(62.477683564134296 45.0)
(1.0E-9,12.0,0.027000000000000014)(63.312853000090854 1.0)
(1.0E-9,12.0,0.027000000000000014)(63.312853000090854 5.0)
(1.0E-9,12.0,0.027000000000000014)(63.1358937928245 11.0)
(1.0E-9,12.0,0.027000000000000014)(63.1358937928245 14.0)
(1.0E-9,12.0,0.027000000000000014)(63.1358937928245 16.0)
(1.0E-9,12.0,0.027000000000000014)(63.1358937928245 19.0)
(1.0E-9,12.0,0.027000000000000014)(63.090035119442504 20.0)
(1.0E-9,12.0,0.027000000000000014)(63.07693199520658 22.0)
(1.0E-9,12.0,0.027000000000000014)(63.03025880802586 23.0)
(1.0E-9,12.0,0.027000000000000014)(63.03025880802586 24.0)
(1.0E-9,12.0,0.027000000000000014)(63.03025880802586 25.0)
(1.0E-9 12.0 0.028000000000000014)(62.477683564134296 45.0)
(1.0E-9,12.0,0.028000000000000014)(63.312853000090854 1.0)
(1.0E-9,12.0,0.028000000000000014)(63.312853000090854 5.0)
(1.0E-9,12.0,0.028000000000000014)(63.1358937928245 13.0)
(1.0E-9,12.0,0.028000000000000014)(63.1358937928245 16.0)
(1.0E-9,12.0,0.028000000000000014)(63.1358937928245 17.0)
(1.0E-9,12.0,0.028000000000000014)(63.07693199520658 21.0)
(1.0E-9,12.0,0.028000000000000014)(63.07693199520658 22.0)
(1.0E-9,12.0,0.028000000000000014)(63.03025880802586 24.0)
(1.0E-9,12.0,0.028000000000000014)(63.03025880802586 25.0)
(1.0E-9 12.0 0.029000000000000015)(62.477683564134296 45.0)
(1.0E-9,12.0,0.029000000000000015)(63.312853000090854 1.0)
(1.0E-9,12.0,0.029000000000000015)(63.312853000090854 5.0)
(1.0E-9,12.0,0.029000000000000015)(63.1358937928245 13.0)
(1.0E-9,12.0,0.029000000000000015)(63.1358937928245 16.0)
(1.0E-9,12.0,0.029000000000000015)(63.1358937928245 17.0)
(1.0E-9,12.0,0.029000000000000015)(63.07693199520658 21.0)
(1.0E-9,12.0,0.029000000000000015)(63.07693199520658 22.0)
(1.0E-9,12.0,0.029000000000000015)(63.03025880802586 24.0)
(1.0E-9,12.0,0.029000000000000015)(63.03025880802586 25.0)
(1.0E-9 12.0 0.030000000000000016)(62.477683564134296 43.0)
(1.0E-9,12.0,0.030000000000000016)(63.312853000090854 1.0)
(1.0E-9,12.0,0.030000000000000016)(63.312853000090854 5.0)
(1.0E-9,12.0,0.030000000000000016)(63.1358937928245 13.0)
(1.0E-9,12.0,0.030000000000000016)(63.1358937928245 16.0)
(1.0E-9,12.0,0.030000000000000016)(63.1358937928245 17.0)
(1.0E-9,12.0,0.030000000000000016)(63.07693199520658 21.0)
(1.0E-9,12.0,0.030000000000000016)(63.090035119442504 21.0)
(1.0E-9,12.0,0.030000000000000016)(63.03025880802586 23.0)
(1.0E-9,12.0,0.030000000000000016)(63.03025880802586 24.0)
(1.0E-9,12.0,0.030000000000000016)(63.03025880802586 25.0)
(1.0E-9 12.0 0.031000000000000017)(61.23706195005199 52.0)
(1.0E-9,12.0,0.031000000000000017)(63.312853000090854 1.0)
(1.0E-9,12.0,0.031000000000000017)(63.1358937928245 9.0)
(1.0E-9,12.0,0.031000000000000017)(63.1358937928245 16.0)
(1.0E-9,12.0,0.031000000000000017)(63.1358937928245 17.0)
(1.0E-9,12.0,0.031000000000000017)(63.07693199520658 21.0)
(1.0E-9,12.0,0.031000000000000017)(63.07693199520658 22.0)
(1.0E-9,12.0,0.031000000000000017)(63.03025880802586 23.0)
(1.0E-9,12.0,0.031000000000000017)(63.03025880802586 24.0)
(1.0E-9,12.0,0.031000000000000017)(63.03025880802586 25.0)
(1.0E-9 12.0 0.032000000000000015)(61.23706195005199 52.0)
(1.0E-9,12.0,0.032000000000000015)(63.312853000090854 1.0)
(1.0E-9,12.0,0.032000000000000015)(63.1358937928245 9.0)
(1.0E-9,12.0,0.032000000000000015)(63.1358937928245 14.0)
(1.0E-9,12.0,0.032000000000000015)(63.1358937928245 16.0)
(1.0E-9,12.0,0.032000000000000015)(63.1358937928245 17.0)
(1.0E-9,12.0,0.032000000000000015)(63.07693199520658 22.0)
(1.0E-9,12.0,0.032000000000000015)(63.03025880802586 23.0)
(1.0E-9,12.0,0.032000000000000015)(63.03025880802586 24.0)
(1.0E-9,12.0,0.032000000000000015)(63.03025880802586 25.0)
(1.0E-9 12.0 0.033000000000000015)(61.23706195005199 52.0)
(1.0E-9,12.0,0.033000000000000015)(63.312853000090854 1.0)
(1.0E-9,12.0,0.033000000000000015)(63.1358937928245 9.0)
(1.0E-9,12.0,0.033000000000000015)(63.1358937928245 14.0)
(1.0E-9,12.0,0.033000000000000015)(63.1358937928245 16.0)
(1.0E-9,12.0,0.033000000000000015)(63.1358937928245 17.0)
(1.0E-9,12.0,0.033000000000000015)(63.07693199520658 22.0)
(1.0E-9,12.0,0.033000000000000015)(63.03025880802586 23.0)
(1.0E-9,12.0,0.033000000000000015)(63.03025880802586 24.0)
(1.0E-9,12.0,0.033000000000000015)(63.03025880802586 25.0)
(1.0E-9 12.0 0.034000000000000016)(61.23706195005199 52.0)
(1.0E-9,12.0,0.034000000000000016)(63.312853000090854 3.0)
(1.0E-9,12.0,0.034000000000000016)(63.1358937928245 11.0)
(1.0E-9,12.0,0.034000000000000016)(63.1358937928245 16.0)
(1.0E-9,12.0,0.034000000000000016)(63.1358937928245 17.0)
(1.0E-9,12.0,0.034000000000000016)(63.07693199520658 21.0)
(1.0E-9,12.0,0.034000000000000016)(63.07693199520658 22.0)
(1.0E-9,12.0,0.034000000000000016)(63.03025880802586 23.0)
(1.0E-9,12.0,0.034000000000000016)(63.03025880802586 24.0)
(1.0E-9,12.0,0.034000000000000016)(63.03025880802586 25.0)
(1.0E-9 12.0 0.03500000000000002)(61.23706195005199 52.0)
(1.0E-9,12.0,0.03500000000000002)(63.312853000090854 3.0)
(1.0E-9,12.0,0.03500000000000002)(63.1358937928245 11.0)
(1.0E-9,12.0,0.03500000000000002)(63.1358937928245 16.0)
(1.0E-9,12.0,0.03500000000000002)(63.1358937928245 17.0)
(1.0E-9,12.0,0.03500000000000002)(63.1358937928245 20.0)
(1.0E-9,12.0,0.03500000000000002)(63.07693199520658 22.0)
(1.0E-9,12.0,0.03500000000000002)(63.03025880802586 23.0)
(1.0E-9,12.0,0.03500000000000002)(63.03025880802586 25.0)
(1.0E-9,12.0,0.03500000000000002)(63.03025880802586 24.0)
(1.0E-9 12.0 0.03600000000000002)(61.23706195005199 52.0)
(1.0E-9,12.0,0.03600000000000002)(63.312853000090854 3.0)
(1.0E-9,12.0,0.03600000000000002)(63.1358937928245 11.0)
(1.0E-9,12.0,0.03600000000000002)(63.1358937928245 16.0)
(1.0E-9,12.0,0.03600000000000002)(63.1358937928245 17.0)
(1.0E-9,12.0,0.03600000000000002)(63.1358937928245 20.0)
(1.0E-9,12.0,0.03600000000000002)(63.07693199520658 22.0)
(1.0E-9,12.0,0.03600000000000002)(63.03025880802586 23.0)
(1.0E-9,12.0,0.03600000000000002)(63.03025880802586 25.0)
(1.0E-9,12.0,0.03600000000000002)(63.03025880802586 24.0)
(1.0E-9 12.0 0.03700000000000002)(61.23706195005199 54.0)
(1.0E-9,12.0,0.03700000000000002)(63.312853000090854 3.0)
(1.0E-9,12.0,0.03700000000000002)(63.1358937928245 11.0)
(1.0E-9,12.0,0.03700000000000002)(63.1358937928245 14.0)
(1.0E-9,12.0,0.03700000000000002)(63.1358937928245 16.0)
(1.0E-9,12.0,0.03700000000000002)(63.1358937928245 20.0)
(1.0E-9,12.0,0.03700000000000002)(63.07693199520658 22.0)
(1.0E-9,12.0,0.03700000000000002)(63.03025880802586 23.0)
(1.0E-9,12.0,0.03700000000000002)(63.03025880802586 24.0)
(1.0E-9,12.0,0.03700000000000002)(63.03025880802586 25.0)
(1.0E-9 12.0 0.03800000000000002)(61.871082967626464 50.0)
(1.0E-9,12.0,0.03800000000000002)(63.312853000090854 3.0)
(1.0E-9,12.0,0.03800000000000002)(63.1358937928245 11.0)
(1.0E-9,12.0,0.03800000000000002)(63.1358937928245 16.0)
(1.0E-9,12.0,0.03800000000000002)(63.1358937928245 17.0)
(1.0E-9,12.0,0.03800000000000002)(63.07693199520658 22.0)
(1.0E-9,12.0,0.03800000000000002)(63.03025880802586 23.0)
(1.0E-9,12.0,0.03800000000000002)(63.03025880802586 24.0)
(1.0E-9,12.0,0.03800000000000002)(63.03025880802586 25.0)
(1.0E-9 12.0 0.03900000000000002)(61.871082967626464 50.0)
(1.0E-9,12.0,0.03900000000000002)(63.312853000090854 3.0)
(1.0E-9,12.0,0.03900000000000002)(63.1358937928245 11.0)
(1.0E-9,12.0,0.03900000000000002)(63.1358937928245 16.0)
(1.0E-9,12.0,0.03900000000000002)(63.1358937928245 17.0)
(1.0E-9,12.0,0.03900000000000002)(63.07693199520658 22.0)
(1.0E-9,12.0,0.03900000000000002)(63.03025880802586 23.0)
(1.0E-9,12.0,0.03900000000000002)(63.03025880802586 24.0)
(1.0E-9,12.0,0.03900000000000002)(63.03025880802586 25.0)
(1.0E-9 12.0 0.04000000000000002)(61.871082967626464 50.0)
(1.0E-9,12.0,0.04000000000000002)(63.312853000090854 3.0)
(1.0E-9,12.0,0.04000000000000002)(63.1358937928245 11.0)
(1.0E-9,12.0,0.04000000000000002)(63.1358937928245 16.0)
(1.0E-9,12.0,0.04000000000000002)(63.1358937928245 17.0)
(1.0E-9,12.0,0.04000000000000002)(63.07693199520658 22.0)
(1.0E-9,12.0,0.04000000000000002)(63.03025880802586 23.0)
(1.0E-9,12.0,0.04000000000000002)(63.03025880802586 24.0)
(1.0E-9,12.0,0.04000000000000002)(63.03025880802586 25.0)
(1.0E-9 12.0 0.04100000000000002)(61.871082967626464 50.0)
(1.0E-9,12.0,0.04100000000000002)(63.312853000090854 3.0)
(1.0E-9,12.0,0.04100000000000002)(63.1358937928245 11.0)
(1.0E-9,12.0,0.04100000000000002)(63.1358937928245 16.0)
(1.0E-9,12.0,0.04100000000000002)(63.1358937928245 17.0)
(1.0E-9,12.0,0.04100000000000002)(63.07693199520658 22.0)
(1.0E-9,12.0,0.04100000000000002)(63.03025880802586 23.0)
(1.0E-9,12.0,0.04100000000000002)(63.03025880802586 24.0)
(1.0E-9,12.0,0.04100000000000002)(63.03025880802586 25.0)
(1.0E-9 12.0 0.04200000000000002)(61.871082967626464 50.0)
(1.0E-9,12.0,0.04200000000000002)(63.312853000090854 3.0)
(1.0E-9,12.0,0.04200000000000002)(63.1358937928245 11.0)
(1.0E-9,12.0,0.04200000000000002)(63.1358937928245 16.0)
(1.0E-9,12.0,0.04200000000000002)(63.1358937928245 17.0)
(1.0E-9,12.0,0.04200000000000002)(63.07693199520658 22.0)
(1.0E-9,12.0,0.04200000000000002)(63.03025880802586 23.0)
(1.0E-9,12.0,0.04200000000000002)(63.03025880802586 24.0)
(1.0E-9,12.0,0.04200000000000002)(63.03025880802586 25.0)
(1.0E-9 12.0 0.043000000000000024)(61.871082967626464 50.0)
(1.0E-9,12.0,0.043000000000000024)(63.312853000090854 3.0)
(1.0E-9,12.0,0.043000000000000024)(63.1358937928245 11.0)
(1.0E-9,12.0,0.043000000000000024)(63.1358937928245 16.0)
(1.0E-9,12.0,0.043000000000000024)(63.1358937928245 17.0)
(1.0E-9,12.0,0.043000000000000024)(63.07693199520658 22.0)
(1.0E-9,12.0,0.043000000000000024)(63.03025880802586 23.0)
(1.0E-9,12.0,0.043000000000000024)(63.03025880802586 24.0)
(1.0E-9,12.0,0.043000000000000024)(63.03025880802586 25.0)
(1.0E-9 12.0 0.044000000000000025)(61.871082967626464 50.0)
(1.0E-9,12.0,0.044000000000000025)(63.312853000090854 3.0)
(1.0E-9,12.0,0.044000000000000025)(63.1358937928245 11.0)
(1.0E-9,12.0,0.044000000000000025)(63.1358937928245 16.0)
(1.0E-9,12.0,0.044000000000000025)(63.1358937928245 17.0)
(1.0E-9,12.0,0.044000000000000025)(63.07693199520658 22.0)
(1.0E-9,12.0,0.044000000000000025)(63.03025880802586 23.0)
(1.0E-9,12.0,0.044000000000000025)(63.03025880802586 24.0)
(1.0E-9,12.0,0.044000000000000025)(63.03025880802586 25.0)
(1.0E-9 12.0 0.045000000000000026)(61.871082967626464 50.0)
(1.0E-9,12.0,0.045000000000000026)(63.312853000090854 3.0)
(1.0E-9,12.0,0.045000000000000026)(63.1358937928245 11.0)
(1.0E-9,12.0,0.045000000000000026)(63.1358937928245 16.0)
(1.0E-9,12.0,0.045000000000000026)(63.1358937928245 17.0)
(1.0E-9,12.0,0.045000000000000026)(63.07693199520658 22.0)
(1.0E-9,12.0,0.045000000000000026)(63.03025880802586 23.0)
(1.0E-9,12.0,0.045000000000000026)(63.03025880802586 24.0)
(1.0E-9,12.0,0.045000000000000026)(63.03025880802586 25.0)
(1.0E-9 12.0 0.04600000000000003)(61.871082967626464 50.0)
(1.0E-9,12.0,0.04600000000000003)(63.312853000090854 3.0)
(1.0E-9,12.0,0.04600000000000003)(63.1358937928245 11.0)
(1.0E-9,12.0,0.04600000000000003)(63.1358937928245 16.0)
(1.0E-9,12.0,0.04600000000000003)(63.1358937928245 17.0)
(1.0E-9,12.0,0.04600000000000003)(63.07693199520658 22.0)
(1.0E-9,12.0,0.04600000000000003)(63.03025880802586 23.0)
(1.0E-9,12.0,0.04600000000000003)(63.03025880802586 24.0)
(1.0E-9,12.0,0.04600000000000003)(63.03025880802586 25.0)
(1.0E-9 12.0 0.04700000000000003)(61.871082967626464 50.0)
(1.0E-9,12.0,0.04700000000000003)(63.312853000090854 3.0)
(1.0E-9,12.0,0.04700000000000003)(63.1358937928245 11.0)
(1.0E-9,12.0,0.04700000000000003)(63.1358937928245 16.0)
(1.0E-9,12.0,0.04700000000000003)(63.1358937928245 17.0)
(1.0E-9,12.0,0.04700000000000003)(63.07693199520658 22.0)
(1.0E-9,12.0,0.04700000000000003)(63.03025880802586 23.0)
(1.0E-9,12.0,0.04700000000000003)(63.03025880802586 24.0)
(1.0E-9,12.0,0.04700000000000003)(63.03025880802586 25.0)
(1.0E-9 12.0 0.04800000000000003)(61.871082967626464 50.0)
(1.0E-9,12.0,0.04800000000000003)(63.312853000090854 3.0)
(1.0E-9,12.0,0.04800000000000003)(63.1358937928245 11.0)
(1.0E-9,12.0,0.04800000000000003)(63.1358937928245 16.0)
(1.0E-9,12.0,0.04800000000000003)(63.1358937928245 17.0)
(1.0E-9,12.0,0.04800000000000003)(63.090035119442504 21.0)
(1.0E-9,12.0,0.04800000000000003)(63.03025880802586 23.0)
(1.0E-9,12.0,0.04800000000000003)(63.03025880802586 24.0)
(1.0E-9,12.0,0.04800000000000003)(63.03025880802586 25.0)
(1.0E-9 12.0 0.04900000000000003)(61.871082967626464 50.0)
(1.0E-9,12.0,0.04900000000000003)(63.312853000090854 3.0)
(1.0E-9,12.0,0.04900000000000003)(63.1358937928245 11.0)
(1.0E-9,12.0,0.04900000000000003)(63.1358937928245 14.0)
(1.0E-9,12.0,0.04900000000000003)(63.1358937928245 16.0)
(1.0E-9,12.0,0.04900000000000003)(63.1358937928245 17.0)
(1.0E-9,12.0,0.04900000000000003)(63.07693199520658 22.0)
(1.0E-9,12.0,0.04900000000000003)(63.03025880802586 23.0)
(1.0E-9,12.0,0.04900000000000003)(63.03025880802586 24.0)
(1.0E-9,12.0,0.04900000000000003)(63.03025880802586 25.0)
(1.0E-9 12.0 0.05000000000000003)(61.871082967626464 50.0)
(1.0E-9,12.0,0.05000000000000003)(63.312853000090854 3.0)
(1.0E-9,12.0,0.05000000000000003)(63.1358937928245 11.0)
(1.0E-9,12.0,0.05000000000000003)(63.1358937928245 14.0)
(1.0E-9,12.0,0.05000000000000003)(63.1358937928245 16.0)
(1.0E-9,12.0,0.05000000000000003)(63.1358937928245 17.0)
(1.0E-9,12.0,0.05000000000000003)(63.07693199520658 22.0)
(1.0E-9,12.0,0.05000000000000003)(63.03025880802586 23.0)
(1.0E-9,12.0,0.05000000000000003)(63.03025880802586 24.0)
(1.0E-9,12.0,0.05000000000000003)(63.03025880802586 25.0)
(1.0E-9 12.0 0.05100000000000003)(61.69049626037969 51.0)
(1.0E-9,12.0,0.05100000000000003)(63.312853000090854 3.0)
(1.0E-9,12.0,0.05100000000000003)(63.1358937928245 11.0)
(1.0E-9,12.0,0.05100000000000003)(63.1358937928245 14.0)
(1.0E-9,12.0,0.05100000000000003)(63.1358937928245 16.0)
(1.0E-9,12.0,0.05100000000000003)(63.1358937928245 17.0)
(1.0E-9,12.0,0.05100000000000003)(63.1358937928245 20.0)
(1.0E-9,12.0,0.05100000000000003)(63.07693199520658 22.0)
(1.0E-9,12.0,0.05100000000000003)(63.03025880802586 23.0)
(1.0E-9,12.0,0.05100000000000003)(63.03025880802586 24.0)
(1.0E-9,12.0,0.05100000000000003)(63.03025880802586 25.0)
(1.0E-9 12.0 0.05200000000000003)(61.69049626037969 51.0)
(1.0E-9,12.0,0.05200000000000003)(63.312853000090854 3.0)
(1.0E-9,12.0,0.05200000000000003)(63.1358937928245 11.0)
(1.0E-9,12.0,0.05200000000000003)(63.1358937928245 14.0)
(1.0E-9,12.0,0.05200000000000003)(63.1358937928245 16.0)
(1.0E-9,12.0,0.05200000000000003)(63.1358937928245 17.0)
(1.0E-9,12.0,0.05200000000000003)(63.1358937928245 20.0)
(1.0E-9,12.0,0.05200000000000003)(63.07693199520658 22.0)
(1.0E-9,12.0,0.05200000000000003)(63.03025880802586 23.0)
(1.0E-9,12.0,0.05200000000000003)(63.03025880802586 24.0)
(1.0E-9,12.0,0.05200000000000003)(63.03025880802586 25.0)
(1.0E-9 12.0 0.05300000000000003)(61.69049626037969 51.0)
(1.0E-9,12.0,0.05300000000000003)(63.312853000090854 3.0)
(1.0E-9,12.0,0.05300000000000003)(63.1358937928245 11.0)
(1.0E-9,12.0,0.05300000000000003)(63.1358937928245 14.0)
(1.0E-9,12.0,0.05300000000000003)(63.1358937928245 16.0)
(1.0E-9,12.0,0.05300000000000003)(63.1358937928245 17.0)
(1.0E-9,12.0,0.05300000000000003)(63.1358937928245 20.0)
(1.0E-9,12.0,0.05300000000000003)(63.07693199520658 22.0)
(1.0E-9,12.0,0.05300000000000003)(63.03025880802586 23.0)
(1.0E-9,12.0,0.05300000000000003)(63.03025880802586 24.0)
(1.0E-9 12.0 0.054000000000000034)(61.69049626037969 51.0)
(1.0E-9,12.0,0.054000000000000034)(63.312853000090854 3.0)
(1.0E-9,12.0,0.054000000000000034)(63.1358937928245 11.0)
(1.0E-9,12.0,0.054000000000000034)(63.1358937928245 14.0)
(1.0E-9,12.0,0.054000000000000034)(63.1358937928245 16.0)
(1.0E-9,12.0,0.054000000000000034)(63.1358937928245 17.0)
(1.0E-9,12.0,0.054000000000000034)(63.1358937928245 20.0)
(1.0E-9,12.0,0.054000000000000034)(63.07693199520658 22.0)
(1.0E-9,12.0,0.054000000000000034)(63.03025880802586 23.0)
(1.0E-9,12.0,0.054000000000000034)(63.03025880802586 24.0)
(1.0E-9 12.0 0.055000000000000035)(61.69049626037969 51.0)
(1.0E-9,12.0,0.055000000000000035)(63.312853000090854 3.0)
(1.0E-9,12.0,0.055000000000000035)(63.1358937928245 11.0)
(1.0E-9,12.0,0.055000000000000035)(63.1358937928245 14.0)
(1.0E-9,12.0,0.055000000000000035)(63.1358937928245 16.0)
(1.0E-9,12.0,0.055000000000000035)(63.1358937928245 17.0)
(1.0E-9,12.0,0.055000000000000035)(63.1358937928245 20.0)
(1.0E-9,12.0,0.055000000000000035)(63.07693199520658 22.0)
(1.0E-9,12.0,0.055000000000000035)(63.03025880802586 23.0)
(1.0E-9,12.0,0.055000000000000035)(63.03025880802586 24.0)
(1.0E-9,12.0,0.055000000000000035)(63.07693199520658 21.0)
(1.0E-9 12.0 0.056000000000000036)(61.69049626037969 51.0)
(1.0E-9,12.0,0.056000000000000036)(63.312853000090854 3.0)
(1.0E-9,12.0,0.056000000000000036)(63.1358937928245 11.0)
(1.0E-9,12.0,0.056000000000000036)(63.1358937928245 14.0)
(1.0E-9,12.0,0.056000000000000036)(63.1358937928245 16.0)
(1.0E-9,12.0,0.056000000000000036)(63.1358937928245 17.0)
(1.0E-9,12.0,0.056000000000000036)(63.1358937928245 20.0)
(1.0E-9,12.0,0.056000000000000036)(63.07693199520658 22.0)
(1.0E-9,12.0,0.056000000000000036)(63.03025880802586 23.0)
(1.0E-9,12.0,0.056000000000000036)(63.03025880802586 24.0)
(1.0E-9 12.0 0.05700000000000004)(61.69049626037969 51.0)
(1.0E-9,12.0,0.05700000000000004)(63.312853000090854 3.0)
(1.0E-9,12.0,0.05700000000000004)(63.1358937928245 11.0)
(1.0E-9,12.0,0.05700000000000004)(63.1358937928245 14.0)
(1.0E-9,12.0,0.05700000000000004)(63.1358937928245 16.0)
(1.0E-9,12.0,0.05700000000000004)(63.1358937928245 17.0)
(1.0E-9,12.0,0.05700000000000004)(63.1358937928245 20.0)
(1.0E-9,12.0,0.05700000000000004)(63.07693199520658 22.0)
(1.0E-9,12.0,0.05700000000000004)(63.03025880802586 23.0)
(1.0E-9,12.0,0.05700000000000004)(63.07693199520658 24.0)
(1.0E-9 12.0 0.05800000000000004)(61.69049626037969 51.0)
(1.0E-9,12.0,0.05800000000000004)(63.312853000090854 3.0)
(1.0E-9,12.0,0.05800000000000004)(63.1358937928245 11.0)
(1.0E-9,12.0,0.05800000000000004)(63.1358937928245 14.0)
(1.0E-9,12.0,0.05800000000000004)(63.1358937928245 16.0)
(1.0E-9,12.0,0.05800000000000004)(63.1358937928245 17.0)
(1.0E-9,12.0,0.05800000000000004)(63.1358937928245 20.0)
(1.0E-9,12.0,0.05800000000000004)(63.07693199520658 22.0)
(1.0E-9,12.0,0.05800000000000004)(63.03025880802586 23.0)
(1.0E-9,12.0,0.05800000000000004)(63.1358937928245 21.0)
(1.0E-9,12.0,0.05800000000000004)(63.07693199520658 24.0)
(1.0E-9 12.0 0.05900000000000004)(61.69049626037969 51.0)
(1.0E-9,12.0,0.05900000000000004)(63.312853000090854 3.0)
(1.0E-9,12.0,0.05900000000000004)(63.1358937928245 11.0)
(1.0E-9,12.0,0.05900000000000004)(63.1358937928245 14.0)
(1.0E-9,12.0,0.05900000000000004)(63.1358937928245 16.0)
(1.0E-9,12.0,0.05900000000000004)(63.1358937928245 17.0)
(1.0E-9,12.0,0.05900000000000004)(63.1358937928245 20.0)
(1.0E-9,12.0,0.05900000000000004)(63.07693199520658 22.0)
(1.0E-9,12.0,0.05900000000000004)(63.03025880802586 23.0)
(1.0E-9,12.0,0.05900000000000004)(63.1358937928245 21.0)
(1.0E-9,12.0,0.05900000000000004)(63.07693199520658 24.0)
(1.0E-9 12.0 0.06000000000000004)(61.69049626037969 51.0)
(1.0E-9,12.0,0.06000000000000004)(63.312853000090854 3.0)
(1.0E-9,12.0,0.06000000000000004)(63.1358937928245 11.0)
(1.0E-9,12.0,0.06000000000000004)(63.1358937928245 14.0)
(1.0E-9,12.0,0.06000000000000004)(63.1358937928245 16.0)
(1.0E-9,12.0,0.06000000000000004)(63.1358937928245 20.0)
(1.0E-9,12.0,0.06000000000000004)(63.07693199520658 22.0)
(1.0E-9,12.0,0.06000000000000004)(63.03025880802586 23.0)
(1.0E-9,12.0,0.06000000000000004)(63.1358937928245 21.0)
(1.0E-9,12.0,0.06000000000000004)(63.07693199520658 24.0)
(1.0E-9 12.0 0.06100000000000004)(61.69049626037969 51.0)
(1.0E-9,12.0,0.06100000000000004)(63.312853000090854 3.0)
(1.0E-9,12.0,0.06100000000000004)(63.1358937928245 11.0)
(1.0E-9,12.0,0.06100000000000004)(63.1358937928245 14.0)
(1.0E-9,12.0,0.06100000000000004)(63.1358937928245 16.0)
(1.0E-9,12.0,0.06100000000000004)(63.1358937928245 17.0)
(1.0E-9,12.0,0.06100000000000004)(63.07693199520658 22.0)
(1.0E-9,12.0,0.06100000000000004)(63.03025880802586 23.0)
(1.0E-9,12.0,0.06100000000000004)(63.03025880802586 24.0)
(1.0E-9,12.0,0.06100000000000004)(63.1358937928245 21.0)
(1.0E-9,12.0,0.06100000000000004)(63.1358937928245 20.0)
(1.0E-9 12.0 0.06200000000000004)(61.69049626037969 51.0)
(1.0E-9,12.0,0.06200000000000004)(63.312853000090854 3.0)
(1.0E-9,12.0,0.06200000000000004)(63.1358937928245 11.0)
(1.0E-9,12.0,0.06200000000000004)(63.1358937928245 14.0)
(1.0E-9,12.0,0.06200000000000004)(63.1358937928245 16.0)
(1.0E-9,12.0,0.06200000000000004)(63.1358937928245 20.0)
(1.0E-9,12.0,0.06200000000000004)(63.07693199520658 22.0)
(1.0E-9,12.0,0.06200000000000004)(63.03025880802586 23.0)
(1.0E-9,12.0,0.06200000000000004)(63.03025880802586 24.0)
(1.0E-9,12.0,0.06200000000000004)(63.1358937928245 21.0)
(1.0E-9 12.0 0.06300000000000004)(61.69049626037969 51.0)
(1.0E-9,12.0,0.06300000000000004)(63.312853000090854 3.0)
(1.0E-9,12.0,0.06300000000000004)(63.1358937928245 11.0)
(1.0E-9,12.0,0.06300000000000004)(63.1358937928245 14.0)
(1.0E-9,12.0,0.06300000000000004)(63.1358937928245 16.0)
(1.0E-9,12.0,0.06300000000000004)(63.1358937928245 20.0)
(1.0E-9,12.0,0.06300000000000004)(63.07693199520658 22.0)
(1.0E-9,12.0,0.06300000000000004)(63.03025880802586 23.0)
(1.0E-9,12.0,0.06300000000000004)(63.03025880802586 24.0)
(1.0E-9 12.0 0.06400000000000004)(61.69049626037969 51.0)
(1.0E-9,12.0,0.06400000000000004)(63.312853000090854 3.0)
(1.0E-9,12.0,0.06400000000000004)(63.1358937928245 11.0)
(1.0E-9,12.0,0.06400000000000004)(63.1358937928245 14.0)
(1.0E-9,12.0,0.06400000000000004)(63.1358937928245 16.0)
(1.0E-9,12.0,0.06400000000000004)(63.1358937928245 20.0)
(1.0E-9,12.0,0.06400000000000004)(63.07693199520658 22.0)
(1.0E-9,12.0,0.06400000000000004)(63.03025880802586 23.0)
(1.0E-9,12.0,0.06400000000000004)(63.03025880802586 24.0)
(1.0E-9 12.0 0.06500000000000004)(61.69049626037969 51.0)
(1.0E-9,12.0,0.06500000000000004)(63.312853000090854 3.0)
(1.0E-9,12.0,0.06500000000000004)(63.1358937928245 11.0)
(1.0E-9,12.0,0.06500000000000004)(63.1358937928245 14.0)
(1.0E-9,12.0,0.06500000000000004)(63.1358937928245 16.0)
(1.0E-9,12.0,0.06500000000000004)(63.1358937928245 20.0)
(1.0E-9,12.0,0.06500000000000004)(63.07693199520658 22.0)
(1.0E-9,12.0,0.06500000000000004)(63.03025880802586 23.0)
(1.0E-9,12.0,0.06500000000000004)(63.03025880802586 24.0)
(1.0E-9 12.0 0.06600000000000004)(61.455365508360096 52.0)
(1.0E-9,12.0,0.06600000000000004)(63.312853000090854 3.0)
(1.0E-9,12.0,0.06600000000000004)(63.1358937928245 13.0)
(1.0E-9,12.0,0.06600000000000004)(63.1358937928245 16.0)
(1.0E-9,12.0,0.06600000000000004)(63.1358937928245 17.0)
(1.0E-9,12.0,0.06600000000000004)(63.07693199520658 22.0)
(1.0E-9,12.0,0.06600000000000004)(63.03025880802586 23.0)
(1.0E-9,12.0,0.06600000000000004)(63.03025880802586 24.0)
(1.0E-9,12.0,0.06600000000000004)(63.1358937928245 21.0)
(1.0E-9 12.0 0.06700000000000005)(61.455365508360096 52.0)
(1.0E-9,12.0,0.06700000000000005)(63.312853000090854 3.0)
(1.0E-9,12.0,0.06700000000000005)(63.1358937928245 13.0)
(1.0E-9,12.0,0.06700000000000005)(63.1358937928245 16.0)
(1.0E-9,12.0,0.06700000000000005)(63.1358937928245 17.0)
(1.0E-9,12.0,0.06700000000000005)(63.07693199520658 22.0)
(1.0E-9,12.0,0.06700000000000005)(63.03025880802586 23.0)
(1.0E-9,12.0,0.06700000000000005)(63.03025880802586 24.0)
(1.0E-9,12.0,0.06700000000000005)(63.1358937928245 21.0)
(1.0E-9,12.0,0.06700000000000005)(63.1358937928245 20.0)
(1.0E-9 12.0 0.06800000000000005)(61.455365508360096 52.0)
(1.0E-9,12.0,0.06800000000000005)(63.312853000090854 3.0)
(1.0E-9,12.0,0.06800000000000005)(63.1358937928245 13.0)
(1.0E-9,12.0,0.06800000000000005)(63.1358937928245 16.0)
(1.0E-9,12.0,0.06800000000000005)(63.1358937928245 17.0)
(1.0E-9,12.0,0.06800000000000005)(63.07693199520658 22.0)
(1.0E-9,12.0,0.06800000000000005)(63.03025880802586 23.0)
(1.0E-9,12.0,0.06800000000000005)(63.03025880802586 24.0)
(1.0E-9,12.0,0.06800000000000005)(63.1358937928245 21.0)
(1.0E-9 12.0 0.06900000000000005)(61.455365508360096 52.0)
(1.0E-9,12.0,0.06900000000000005)(63.312853000090854 3.0)
(1.0E-9,12.0,0.06900000000000005)(63.1358937928245 13.0)
(1.0E-9,12.0,0.06900000000000005)(63.1358937928245 16.0)
(1.0E-9,12.0,0.06900000000000005)(63.1358937928245 17.0)
(1.0E-9,12.0,0.06900000000000005)(63.07693199520658 22.0)
(1.0E-9,12.0,0.06900000000000005)(63.03025880802586 23.0)
(1.0E-9,12.0,0.06900000000000005)(63.03025880802586 24.0)
(1.0E-9,12.0,0.06900000000000005)(63.1358937928245 20.0)
(1.0E-9,12.0,0.06900000000000005)(63.1358937928245 21.0)
(1.0E-9 12.0 0.07000000000000005)(59.67525448224063 59.0)
(1.0E-9,12.0,0.07000000000000005)(63.312853000090854 3.0)
(1.0E-9,12.0,0.07000000000000005)(63.1358937928245 13.0)
(1.0E-9,12.0,0.07000000000000005)(63.1358937928245 16.0)
(1.0E-9,12.0,0.07000000000000005)(63.1358937928245 23.0)
(1.0E-9,12.0,0.07000000000000005)(63.0764769262858 28.0)
(1.0E-9,12.0,0.07000000000000005)(63.01650861089896 31.0)
(1.0E-9,12.0,0.07000000000000005)(63.01650861089896 32.0)
(1.0E-9,12.0,0.07000000000000005)(63.01650861089896 33.0)
(1.0E-9,12.0,0.07000000000000005)(63.01650861089896 35.0)
(1.0E-9,12.0,0.07000000000000005)(63.01650861089896 36.0)
(1.0E-9 12.0 0.07100000000000005)(59.67525448224063 59.0)
(1.0E-9,12.0,0.07100000000000005)(63.312853000090854 3.0)
(1.0E-9,12.0,0.07100000000000005)(63.1358937928245 13.0)
(1.0E-9,12.0,0.07100000000000005)(63.1358937928245 16.0)
(1.0E-9,12.0,0.07100000000000005)(63.1358937928245 23.0)
(1.0E-9,12.0,0.07100000000000005)(63.0764769262858 28.0)
(1.0E-9,12.0,0.07100000000000005)(63.0764769262858 30.0)
(1.0E-9,12.0,0.07100000000000005)(63.01650861089896 31.0)
(1.0E-9,12.0,0.07100000000000005)(63.01650861089896 32.0)
(1.0E-9,12.0,0.07100000000000005)(63.01650861089896 33.0)
(1.0E-9,12.0,0.07100000000000005)(63.01650861089896 35.0)
(1.0E-9 12.0 0.07200000000000005)(59.67525448224063 59.0)
(1.0E-9,12.0,0.07200000000000005)(63.312853000090854 3.0)
(1.0E-9,12.0,0.07200000000000005)(63.1358937928245 13.0)
(1.0E-9,12.0,0.07200000000000005)(63.1358937928245 16.0)
(1.0E-9,12.0,0.07200000000000005)(63.1358937928245 23.0)
(1.0E-9,12.0,0.07200000000000005)(63.0764769262858 28.0)
(1.0E-9,12.0,0.07200000000000005)(63.0764769262858 30.0)
(1.0E-9,12.0,0.07200000000000005)(63.01650861089896 31.0)
(1.0E-9,12.0,0.07200000000000005)(63.01650861089896 32.0)
(1.0E-9,12.0,0.07200000000000005)(63.01650861089896 33.0)
(1.0E-9,12.0,0.07200000000000005)(63.01650861089896 35.0)
(1.0E-9 12.0 0.07300000000000005)(59.67525448224063 59.0)
(1.0E-9,12.0,0.07300000000000005)(63.312853000090854 3.0)
(1.0E-9,12.0,0.07300000000000005)(63.1358937928245 13.0)
(1.0E-9,12.0,0.07300000000000005)(63.1358937928245 16.0)
(1.0E-9,12.0,0.07300000000000005)(63.1358937928245 23.0)
(1.0E-9,12.0,0.07300000000000005)(63.0764769262858 28.0)
(1.0E-9,12.0,0.07300000000000005)(63.0764769262858 30.0)
(1.0E-9,12.0,0.07300000000000005)(63.01650861089896 31.0)
(1.0E-9,12.0,0.07300000000000005)(63.01650861089896 32.0)
(1.0E-9,12.0,0.07300000000000005)(63.01650861089896 33.0)
(1.0E-9,12.0,0.07300000000000005)(63.01650861089896 35.0)
(1.0E-9 12.0 0.07400000000000005)(59.42296247700099 63.0)
(1.0E-9,12.0,0.07400000000000005)(63.312853000090854 3.0)
(1.0E-9,12.0,0.07400000000000005)(63.1358937928245 14.0)
(1.0E-9,12.0,0.07400000000000005)(63.1358937928245 21.0)
(1.0E-9,12.0,0.07400000000000005)(63.1358937928245 23.0)
(1.0E-9,12.0,0.07400000000000005)(63.0764769262858 28.0)
(1.0E-9,12.0,0.07400000000000005)(63.01650861089896 31.0)
(1.0E-9,12.0,0.07400000000000005)(63.01650861089896 32.0)
(1.0E-9,12.0,0.07400000000000005)(63.01650861089896 33.0)
(1.0E-9,12.0,0.07400000000000005)(63.01650861089896 35.0)
(1.0E-9 12.0 0.07500000000000005)(59.42296247700099 63.0)
(1.0E-9,12.0,0.07500000000000005)(63.312853000090854 3.0)
(1.0E-9,12.0,0.07500000000000005)(63.1358937928245 14.0)
(1.0E-9,12.0,0.07500000000000005)(63.1358937928245 22.0)
(1.0E-9,12.0,0.07500000000000005)(63.1358937928245 24.0)
(1.0E-9,12.0,0.07500000000000005)(63.0764769262858 30.0)
(1.0E-9,12.0,0.07500000000000005)(63.01650861089896 31.0)
(1.0E-9,12.0,0.07500000000000005)(63.01650861089896 32.0)
(1.0E-9,12.0,0.07500000000000005)(63.01650861089896 33.0)
(1.0E-9,12.0,0.07500000000000005)(63.01650861089896 35.0)
(1.0E-9 12.0 0.07600000000000005)(58.946360081420934 64.0)
(1.0E-9,12.0,0.07600000000000005)(63.312853000090854 3.0)
(1.0E-9,12.0,0.07600000000000005)(63.1358937928245 14.0)
(1.0E-9,12.0,0.07600000000000005)(63.1358937928245 22.0)
(1.0E-9,12.0,0.07600000000000005)(63.0764769262858 28.0)
(1.0E-9,12.0,0.07600000000000005)(63.01650861089896 31.0)
(1.0E-9,12.0,0.07600000000000005)(63.01650861089896 32.0)
(1.0E-9,12.0,0.07600000000000005)(63.01650861089896 33.0)
(1.0E-9,12.0,0.07600000000000005)(63.01650861089896 35.0)
(1.0E-9 12.0 0.07700000000000005)(58.7240158374108 64.0)
(1.0E-9,12.0,0.07700000000000005)(63.312853000090854 3.0)
(1.0E-9,12.0,0.07700000000000005)(63.1358937928245 14.0)
(1.0E-9,12.0,0.07700000000000005)(63.1358937928245 19.0)
(1.0E-9,12.0,0.07700000000000005)(63.1358937928245 21.0)
(1.0E-9,12.0,0.07700000000000005)(63.1358937928245 26.0)
(1.0E-9,12.0,0.07700000000000005)(63.01650861089896 28.0)
(1.0E-9,12.0,0.07700000000000005)(63.01650861089896 29.0)
(1.0E-9,12.0,0.07700000000000005)(63.07693199520658 28.0)
(1.0E-9,12.0,0.07700000000000005)(63.07693199520658 30.0)
(1.0E-9 12.0 0.07800000000000006)(58.7240158374108 64.0)
(1.0E-9,12.0,0.07800000000000006)(63.312853000090854 3.0)
(1.0E-9,12.0,0.07800000000000006)(63.1358937928245 14.0)
(1.0E-9,12.0,0.07800000000000006)(63.1358937928245 19.0)
(1.0E-9,12.0,0.07800000000000006)(63.1358937928245 21.0)
(1.0E-9,12.0,0.07800000000000006)(63.1358937928245 26.0)
(1.0E-9,12.0,0.07800000000000006)(63.01650861089896 28.0)
(1.0E-9,12.0,0.07800000000000006)(63.01650861089896 29.0)
(1.0E-9,12.0,0.07800000000000006)(63.07693199520658 28.0)
(1.0E-9,12.0,0.07800000000000006)(63.07693199520658 30.0)
(1.0E-9 12.0 0.07900000000000006)(60.46353935395269 62.0)
(1.0E-9,12.0,0.07900000000000006)(63.312853000090854 3.0)
(1.0E-9,12.0,0.07900000000000006)(63.1358937928245 13.0)
(1.0E-9,12.0,0.07900000000000006)(63.1358937928245 18.0)
(1.0E-9,12.0,0.07900000000000006)(63.1358937928245 21.0)
(1.0E-9,12.0,0.07900000000000006)(63.07693199520658 23.0)
(1.0E-9,12.0,0.07900000000000006)(63.01650861089896 28.0)
(1.0E-9,12.0,0.07900000000000006)(63.01650861089896 29.0)
(1.0E-9,12.0,0.07900000000000006)(63.07693199520658 31.0)
(1.0E-9,12.0,0.07900000000000006)(63.07693199520658 30.0)
(1.0E-9 12.0 0.08000000000000006)(60.46353935395269 62.0)
(1.0E-9,12.0,0.08000000000000006)(63.312853000090854 3.0)
(1.0E-9,12.0,0.08000000000000006)(63.1358937928245 16.0)
(1.0E-9,12.0,0.08000000000000006)(63.1358937928245 19.0)
(1.0E-9,12.0,0.08000000000000006)(63.1358937928245 26.0)
(1.0E-9,12.0,0.08000000000000006)(63.01650861089896 28.0)
(1.0E-9,12.0,0.08000000000000006)(63.07693199520658 28.0)
(1.0E-9,12.0,0.08000000000000006)(63.07693199520658 29.0)
(1.0E-9,12.0,0.08000000000000006)(63.07693199520658 31.0)
(1.0E-9,12.0,0.08000000000000006)(63.06722645401987 34.0)
(1.0E-9,12.0,0.08000000000000006)(63.07693199520658 30.0)
(1.0E-9 12.0 0.08100000000000006)(57.50073048955072 72.0)
(1.0E-9,12.0,0.08100000000000006)(63.312853000090854 3.0)
(1.0E-9,12.0,0.08100000000000006)(63.1358937928245 18.0)
(1.0E-9,12.0,0.08100000000000006)(63.1358937928245 25.0)
(1.0E-9,12.0,0.08100000000000006)(63.01650861089896 29.0)
(1.0E-9,12.0,0.08100000000000006)(63.07693199520658 28.0)
(1.0E-9,12.0,0.08100000000000006)(63.07693199520658 30.0)
(1.0E-9,12.0,0.08100000000000006)(63.06722645401987 35.0)
(1.0E-9,12.0,0.08100000000000006)(63.07693199520658 31.0)
(1.0E-9,12.0,0.08100000000000006)(63.06722645401987 36.0)
(1.0E-9,12.0,0.08100000000000006)(63.06722645401987 34.0)
(1.0E-9 12.0 0.08200000000000006)(57.50073048955072 72.0)
(1.0E-9,12.0,0.08200000000000006)(63.312853000090854 3.0)
(1.0E-9,12.0,0.08200000000000006)(63.1358937928245 18.0)
(1.0E-9,12.0,0.08200000000000006)(63.1358937928245 25.0)
(1.0E-9,12.0,0.08200000000000006)(63.01650861089896 29.0)
(1.0E-9,12.0,0.08200000000000006)(63.07693199520658 28.0)
(1.0E-9,12.0,0.08200000000000006)(63.07693199520658 30.0)
(1.0E-9,12.0,0.08200000000000006)(63.06722645401987 33.0)
(1.0E-9,12.0,0.08200000000000006)(63.06722645401987 34.0)
(1.0E-9,12.0,0.08200000000000006)(63.06722645401987 36.0)
(1.0E-9 12.0 0.08300000000000006)(57.50073048955072 72.0)
(1.0E-9,12.0,0.08300000000000006)(63.312853000090854 3.0)
(1.0E-9,12.0,0.08300000000000006)(63.1358937928245 18.0)
(1.0E-9,12.0,0.08300000000000006)(63.1358937928245 26.0)
(1.0E-9,12.0,0.08300000000000006)(63.07693199520658 28.0)
(1.0E-9,12.0,0.08300000000000006)(63.07693199520658 31.0)
(1.0E-9,12.0,0.08300000000000006)(63.07693199520658 29.0)
(1.0E-9,12.0,0.08300000000000006)(63.07693199520658 30.0)
(1.0E-9 12.0 0.08400000000000006)(49.61943637451142 78.0)
(1.0E-9,12.0,0.08400000000000006)(63.312853000090854 3.0)
(1.0E-9,12.0,0.08400000000000006)(63.1358937928245 19.0)
(1.0E-9,12.0,0.08400000000000006)(63.0764769262858 27.0)
(1.0E-9,12.0,0.08400000000000006)(63.07693199520658 28.0)
(1.0E-9,12.0,0.08400000000000006)(63.07693199520658 29.0)
(1.0E-9,12.0,0.08400000000000006)(63.07693199520658 31.0)
(1.0E-9,12.0,0.08400000000000006)(63.07693199520658 30.0)
(1.0E-9 12.0 0.08500000000000006)(49.61943637451142 78.0)
(1.0E-9,12.0,0.08500000000000006)(63.312853000090854 3.0)
(1.0E-9,12.0,0.08500000000000006)(63.1358937928245 19.0)
(1.0E-9,12.0,0.08500000000000006)(63.0764769262858 27.0)
(1.0E-9,12.0,0.08500000000000006)(63.07693199520658 28.0)
(1.0E-9,12.0,0.08500000000000006)(63.07693199520658 29.0)
(1.0E-9,12.0,0.08500000000000006)(63.07693199520658 31.0)
(1.0E-9,12.0,0.08500000000000006)(63.07693199520658 30.0)
(1.0E-9 12.0 0.08600000000000006)(49.61943637451142 78.0)
(1.0E-9,12.0,0.08600000000000006)(63.312853000090854 3.0)
(1.0E-9,12.0,0.08600000000000006)(63.1358937928245 19.0)
(1.0E-9,12.0,0.08600000000000006)(63.0764769262858 27.0)
(1.0E-9,12.0,0.08600000000000006)(63.07693199520658 28.0)
(1.0E-9,12.0,0.08600000000000006)(63.07693199520658 29.0)
(1.0E-9,12.0,0.08600000000000006)(63.07693199520658 31.0)
(1.0E-9,12.0,0.08600000000000006)(63.07693199520658 30.0)
(1.0E-9,12.0,0.08600000000000006)(63.07693199520658 33.0)
(1.0E-9,12.0,0.08600000000000006)(63.07693199520658 32.0)
(1.0E-9 12.0 0.08700000000000006)(49.37515071602898 79.0)
(1.0E-9,12.0,0.08700000000000006)(63.312853000090854 5.0)
(1.0E-9,12.0,0.08700000000000006)(63.1358937928245 19.0)
(1.0E-9,12.0,0.08700000000000006)(63.07693199520658 27.0)
(1.0E-9,12.0,0.08700000000000006)(63.07693199520658 28.0)
(1.0E-9,12.0,0.08700000000000006)(63.07693199520658 29.0)
(1.0E-9,12.0,0.08700000000000006)(63.07693199520658 32.0)
(1.0E-9,12.0,0.08700000000000006)(63.07693199520658 30.0)
(1.0E-9,12.0,0.08700000000000006)(63.07693199520658 31.0)
(1.0E-9 12.0 0.08800000000000006)(49.37515071602898 79.0)
(1.0E-9,12.0,0.08800000000000006)(63.312853000090854 5.0)
(1.0E-9,12.0,0.08800000000000006)(63.1358937928245 19.0)
(1.0E-9,12.0,0.08800000000000006)(63.07693199520658 27.0)
(1.0E-9,12.0,0.08800000000000006)(63.07693199520658 28.0)
(1.0E-9,12.0,0.08800000000000006)(63.07693199520658 29.0)
(1.0E-9,12.0,0.08800000000000006)(63.07693199520658 32.0)
(1.0E-9,12.0,0.08800000000000006)(63.07693199520658 30.0)
(1.0E-9,12.0,0.08800000000000006)(63.07693199520658 31.0)
(1.0E-9,12.0,0.08800000000000006)(63.06722645401987 36.0)
(1.0E-9,12.0,0.08800000000000006)(63.06722645401987 35.0)
(1.0E-9 12.0 0.08900000000000007)(49.60423737011951 78.0)
(1.0E-9,12.0,0.08900000000000007)(63.312853000090854 5.0)
(1.0E-9,12.0,0.08900000000000007)(63.1358937928245 19.0)
(1.0E-9,12.0,0.08900000000000007)(63.07693199520658 27.0)
(1.0E-9,12.0,0.08900000000000007)(63.07693199520658 28.0)
(1.0E-9,12.0,0.08900000000000007)(63.07693199520658 29.0)
(1.0E-9,12.0,0.08900000000000007)(63.07693199520658 32.0)
(1.0E-9,12.0,0.08900000000000007)(63.07693199520658 30.0)
(1.0E-9,12.0,0.08900000000000007)(63.07693199520658 31.0)
(1.0E-9,12.0,0.08900000000000007)(63.06722645401987 37.0)
(1.0E-9,12.0,0.08900000000000007)(63.06722645401987 36.0)
(1.0E-9 12.0 0.09000000000000007)(49.60423737011951 78.0)
(1.0E-9,12.0,0.09000000000000007)(63.312853000090854 5.0)
(1.0E-9,12.0,0.09000000000000007)(63.1358937928245 19.0)
(1.0E-9,12.0,0.09000000000000007)(63.07693199520658 27.0)
(1.0E-9,12.0,0.09000000000000007)(63.07693199520658 28.0)
(1.0E-9,12.0,0.09000000000000007)(63.07693199520658 29.0)
(1.0E-9,12.0,0.09000000000000007)(63.07693199520658 32.0)
(1.0E-9,12.0,0.09000000000000007)(63.06722645401987 35.0)
(1.0E-9,12.0,0.09000000000000007)(63.07693199520658 33.0)
(1.0E-9,12.0,0.09000000000000007)(63.07693199520658 30.0)
(1.0E-9 12.0 0.09100000000000007)(49.60423737011951 78.0)
(1.0E-9,12.0,0.09100000000000007)(63.312853000090854 5.0)
(1.0E-9,12.0,0.09100000000000007)(63.1358937928245 19.0)
(1.0E-9,12.0,0.09100000000000007)(63.07693199520658 27.0)
(1.0E-9,12.0,0.09100000000000007)(63.07693199520658 28.0)
(1.0E-9,12.0,0.09100000000000007)(63.07693199520658 29.0)
(1.0E-9,12.0,0.09100000000000007)(63.07693199520658 32.0)
(1.0E-9,12.0,0.09100000000000007)(63.06722645401987 35.0)
(1.0E-9,12.0,0.09100000000000007)(63.07693199520658 33.0)
(1.0E-9,12.0,0.09100000000000007)(63.07693199520658 30.0)
(1.0E-9 12.0 0.09200000000000007)(49.43464378694158 79.0)
(1.0E-9,12.0,0.09200000000000007)(63.312853000090854 5.0)
(1.0E-9,12.0,0.09200000000000007)(63.1358937928245 19.0)
(1.0E-9,12.0,0.09200000000000007)(63.01650861089896 28.0)
(1.0E-9,12.0,0.09200000000000007)(63.07693199520658 28.0)
(1.0E-9,12.0,0.09200000000000007)(63.07693199520658 31.0)
(1.0E-9,12.0,0.09200000000000007)(63.07693199520658 34.0)
(1.0E-9,12.0,0.09200000000000007)(63.07693199520658 30.0)
(1.0E-9,12.0,0.09200000000000007)(63.06722645401987 36.0)
(1.0E-9,12.0,0.09200000000000007)(63.06722645401987 37.0)
(1.0E-9 12.0 0.09300000000000007)(48.97188180609896 84.0)
(1.0E-9,12.0,0.09300000000000007)(63.312853000090854 5.0)
(1.0E-9,12.0,0.09300000000000007)(63.1358937928245 21.0)
(1.0E-9,12.0,0.09300000000000007)(63.01650861089896 32.0)
(1.0E-9,12.0,0.09300000000000007)(62.633338336740074 46.0)
(1.0E-9,12.0,0.09300000000000007)(62.35684453239775 50.0)
(1.0E-9,12.0,0.09300000000000007)(61.81076996746752 55.0)
(1.0E-9,12.0,0.09300000000000007)(61.81076996746752 54.0)
(1.0E-9,12.0,0.09300000000000007)(62.22691006853085 50.0)
(1.0E-9,12.0,0.09300000000000007)(62.01101903886405 51.0)
(1.0E-9,12.0,0.09300000000000007)(62.01101903886405 53.0)
(1.0E-9 12.0 0.09400000000000007)(49.43464378694158 79.0)
(1.0E-9,12.0,0.09400000000000007)(63.312853000090854 5.0)
(1.0E-9,12.0,0.09400000000000007)(63.1358937928245 19.0)
(1.0E-9,12.0,0.09400000000000007)(63.01650861089896 28.0)
(1.0E-9,12.0,0.09400000000000007)(63.07693199520658 28.0)
(1.0E-9,12.0,0.09400000000000007)(63.07693199520658 31.0)
(1.0E-9,12.0,0.09400000000000007)(63.07693199520658 32.0)
(1.0E-9,12.0,0.09400000000000007)(63.07693199520658 30.0)
(1.0E-9,12.0,0.09400000000000007)(63.06722645401987 34.0)
(1.0E-9 12.0 0.09500000000000007)(49.43464378694158 79.0)
(1.0E-9,12.0,0.09500000000000007)(63.312853000090854 5.0)
(1.0E-9,12.0,0.09500000000000007)(63.1358937928245 19.0)
(1.0E-9,12.0,0.09500000000000007)(63.01650861089896 28.0)
(1.0E-9,12.0,0.09500000000000007)(63.07693199520658 28.0)
(1.0E-9,12.0,0.09500000000000007)(63.07693199520658 29.0)
(1.0E-9,12.0,0.09500000000000007)(63.07693199520658 32.0)
(1.0E-9,12.0,0.09500000000000007)(63.07693199520658 33.0)
(1.0E-9,12.0,0.09500000000000007)(63.07693199520658 31.0)
(1.0E-9,12.0,0.09500000000000007)(63.06722645401987 34.0)
(1.0E-9,12.0,0.09500000000000007)(63.06722645401987 36.0)
(1.0E-9 12.0 0.09600000000000007)(49.43464378694158 79.0)
(1.0E-9,12.0,0.09600000000000007)(63.312853000090854 5.0)
(1.0E-9,12.0,0.09600000000000007)(63.1358937928245 19.0)
(1.0E-9,12.0,0.09600000000000007)(63.01650861089896 28.0)
(1.0E-9,12.0,0.09600000000000007)(63.07693199520658 28.0)
(1.0E-9,12.0,0.09600000000000007)(63.07693199520658 29.0)
(1.0E-9,12.0,0.09600000000000007)(63.07693199520658 32.0)
(1.0E-9,12.0,0.09600000000000007)(63.07693199520658 30.0)
(1.0E-9,12.0,0.09600000000000007)(63.07693199520658 31.0)
(1.0E-9 12.0 0.09700000000000007)(46.15043988980439 82.0)
(1.0E-9,12.0,0.09700000000000007)(63.312853000090854 5.0)
(1.0E-9,12.0,0.09700000000000007)(63.1358937928245 21.0)
(1.0E-9,12.0,0.09700000000000007)(63.01650861089896 29.0)
(1.0E-9,12.0,0.09700000000000007)(63.07693199520658 28.0)
(1.0E-9,12.0,0.09700000000000007)(63.07693199520658 31.0)
(1.0E-9,12.0,0.09700000000000007)(63.07693199520658 30.0)
(1.0E-9,12.0,0.09700000000000007)(63.07693199520658 33.0)
(1.0E-9,12.0,0.09700000000000007)(63.06722645401987 38.0)
(1.0E-9 12.0 0.09800000000000007)(46.15043988980439 82.0)
(1.0E-9,12.0,0.09800000000000007)(63.312853000090854 5.0)
(1.0E-9,12.0,0.09800000000000007)(63.1358937928245 21.0)
(1.0E-9,12.0,0.09800000000000007)(63.01650861089896 29.0)
(1.0E-9,12.0,0.09800000000000007)(63.07693199520658 28.0)
(1.0E-9,12.0,0.09800000000000007)(63.07693199520658 31.0)
(1.0E-9,12.0,0.09800000000000007)(63.07693199520658 30.0)
(1.0E-9,12.0,0.09800000000000007)(63.07693199520658 33.0)
(1.0E-9,12.0,0.09800000000000007)(63.06722645401987 38.0)
(1.0E-9 12.0 0.09900000000000007)(41.79824614659996 83.0)
(1.0E-9,12.0,0.09900000000000007)(63.312853000090854 5.0)
(1.0E-9,12.0,0.09900000000000007)(63.1358937928245 21.0)
(1.0E-9,12.0,0.09900000000000007)(63.07693199520658 28.0)
(1.0E-9,12.0,0.09900000000000007)(63.07693199520658 29.0)
(1.0E-9,12.0,0.09900000000000007)(63.07693199520658 31.0)
(1.0E-9,12.0,0.09900000000000007)(63.07693199520658 32.0)
(1.0E-9,12.0,0.09900000000000007)(63.07693199520658 30.0)
(1.0E-9,12.0,0.09900000000000007)(63.06722645401987 37.0)
(1.0E-9,12.0,0.09900000000000007)(63.07693199520658 33.0)
(1.0E-9 12.0 0.10000000000000007)(41.79824614659996 83.0)
(1.0E-9,12.0,0.10000000000000007)(63.312853000090854 6.0)
(1.0E-9,12.0,0.10000000000000007)(63.1358937928245 21.0)
(1.0E-9,12.0,0.10000000000000007)(63.07693199520658 28.0)
(1.0E-9,12.0,0.10000000000000007)(63.07693199520658 29.0)
(1.0E-9,12.0,0.10000000000000007)(63.07693199520658 31.0)
(1.0E-9,12.0,0.10000000000000007)(63.07693199520658 32.0)
(1.0E-9,12.0,0.10000000000000007)(63.06722645401987 36.0)
(1.0E-9,12.0,0.10000000000000007)(63.06722645401987 35.0)
(1.0E-9,12.0,0.10000000000000007)(63.07693199520658 30.0)
(1.0E-9,12.0,0.10000000000000007)(63.07693199520658 33.0)
(1.0E-9 12.0 0.10100000000000008)(39.762628365355155 92.0)
(1.0E-9,12.0,0.10100000000000008)(63.312853000090854 5.0)
(1.0E-9,12.0,0.10100000000000008)(63.1358937928245 24.0)
(1.0E-9,12.0,0.10100000000000008)(63.01650861089896 34.0)
(1.0E-9,12.0,0.10100000000000008)(62.54040209381848 46.0)
(1.0E-9,12.0,0.10100000000000008)(62.44706169888543 47.0)
(1.0E-9,12.0,0.10100000000000008)(61.81076996746752 54.0)
(1.0E-9,12.0,0.10100000000000008)(63.06722645401987 36.0)
(1.0E-9,12.0,0.10100000000000008)(61.916703537044135 54.0)
(1.0E-9,12.0,0.10100000000000008)(62.01101903886405 52.0)
(1.0E-9,12.0,0.10100000000000008)(61.916703537044135 55.0)
(1.0E-9,12.0,0.10100000000000008)(62.01101903886405 51.0)
(1.0E-9,12.0,0.10100000000000008)(61.916703537044135 56.0)
(1.0E-9 12.0 0.10200000000000008)(39.762628365355155 92.0)
(1.0E-9,12.0,0.10200000000000008)(63.312853000090854 5.0)
(1.0E-9,12.0,0.10200000000000008)(63.1358937928245 24.0)
(1.0E-9,12.0,0.10200000000000008)(63.01650861089896 34.0)
(1.0E-9,12.0,0.10200000000000008)(62.54040209381848 46.0)
(1.0E-9,12.0,0.10200000000000008)(62.44706169888543 47.0)
(1.0E-9,12.0,0.10200000000000008)(61.81076996746752 54.0)
(1.0E-9,12.0,0.10200000000000008)(63.06722645401987 36.0)
(1.0E-9,12.0,0.10200000000000008)(62.01101903886405 52.0)
(1.0E-9,12.0,0.10200000000000008)(61.984793385686004 53.0)
(1.0E-9,12.0,0.10200000000000008)(61.97411650025809 56.0)
(1.0E-9 12.0 0.10300000000000008)(39.762628365355155 92.0)
(1.0E-9,12.0,0.10300000000000008)(63.312853000090854 5.0)
(1.0E-9,12.0,0.10300000000000008)(63.1358937928245 24.0)
(1.0E-9,12.0,0.10300000000000008)(63.01650861089896 34.0)
(1.0E-9,12.0,0.10300000000000008)(62.45047280281832 49.0)
(1.0E-9,12.0,0.10300000000000008)(62.44706169888543 47.0)
(1.0E-9,12.0,0.10300000000000008)(61.916703537044135 53.0)
(1.0E-9,12.0,0.10300000000000008)(63.06722645401987 35.0)
(1.0E-9,12.0,0.10300000000000008)(61.81076996746752 54.0)
(1.0E-9,12.0,0.10300000000000008)(61.81076996746752 56.0)
(1.0E-9 12.0 0.10400000000000008)(39.762628365355155 92.0)
(1.0E-9,12.0,0.10400000000000008)(63.312853000090854 5.0)
(1.0E-9,12.0,0.10400000000000008)(63.1358937928245 24.0)
(1.0E-9,12.0,0.10400000000000008)(63.01650861089896 34.0)
(1.0E-9,12.0,0.10400000000000008)(62.45047280281832 49.0)
(1.0E-9,12.0,0.10400000000000008)(62.44706169888543 47.0)
(1.0E-9,12.0,0.10400000000000008)(61.916703537044135 53.0)
(1.0E-9,12.0,0.10400000000000008)(63.06722645401987 35.0)
(1.0E-9,12.0,0.10400000000000008)(61.81076996746752 54.0)
(1.0E-9,12.0,0.10400000000000008)(61.81076996746752 56.0)
(1.0E-9 12.0 0.10500000000000008)(39.762628365355155 92.0)
(1.0E-9,12.0,0.10500000000000008)(63.312853000090854 5.0)
(1.0E-9,12.0,0.10500000000000008)(63.1358937928245 24.0)
(1.0E-9,12.0,0.10500000000000008)(63.01650861089896 34.0)
(1.0E-9,12.0,0.10500000000000008)(62.45047280281832 49.0)
(1.0E-9,12.0,0.10500000000000008)(62.44706169888543 47.0)
(1.0E-9,12.0,0.10500000000000008)(62.01101903886405 51.0)
(1.0E-9,12.0,0.10500000000000008)(63.06722645401987 35.0)
(1.0E-9,12.0,0.10500000000000008)(61.879032926267506 54.0)
(1.0E-9,12.0,0.10500000000000008)(62.09561418885465 53.0)
(1.0E-9,12.0,0.10500000000000008)(62.22691006853085 51.0)
(1.0E-9,12.0,0.10500000000000008)(61.916703537044135 53.0)
(1.0E-9,12.0,0.10500000000000008)(62.121793864800146 53.0)
(1.0E-9,12.0,0.10500000000000008)(61.870947117463544 57.0)
(1.0E-9,12.0,0.10500000000000008)(62.087394111552214 54.0)
(1.0E-9 12.0 0.10600000000000008)(39.762628365355155 92.0)
(1.0E-9,12.0,0.10600000000000008)(63.312853000090854 5.0)
(1.0E-9,12.0,0.10600000000000008)(63.1358937928245 24.0)
(1.0E-9,12.0,0.10600000000000008)(63.01650861089896 34.0)
(1.0E-9,12.0,0.10600000000000008)(62.45047280281832 49.0)
(1.0E-9,12.0,0.10600000000000008)(62.44706169888543 47.0)
(1.0E-9,12.0,0.10600000000000008)(61.7843927828878 55.0)
(1.0E-9,12.0,0.10600000000000008)(63.06722645401987 36.0)
(1.0E-9,12.0,0.10600000000000008)(62.00136625253311 55.0)
(1.0E-9,12.0,0.10600000000000008)(62.0276144249753 54.0)
(1.0E-9,12.0,0.10600000000000008)(62.00136625253311 57.0)
(1.0E-9,12.0,0.10600000000000008)(62.13301442191451 52.0)
(1.0E-9 12.0 0.10700000000000008)(34.170806762968745 91.0)
(1.0E-9,12.0,0.10700000000000008)(63.312853000090854 6.0)
(1.0E-9,12.0,0.10700000000000008)(63.1358937928245 26.0)
(1.0E-9,12.0,0.10700000000000008)(63.07693199520658 28.0)
(1.0E-9,12.0,0.10700000000000008)(63.07693199520658 29.0)
(1.0E-9,12.0,0.10700000000000008)(63.07693199520658 31.0)
(1.0E-9,12.0,0.10700000000000008)(63.07693199520658 30.0)
(1.0E-9,12.0,0.10700000000000008)(63.07693199520658 32.0)
(1.0E-9,12.0,0.10700000000000008)(63.06722645401987 37.0)
(1.0E-9 12.0 0.10800000000000008)(34.170806762968745 91.0)
(1.0E-9,12.0,0.10800000000000008)(63.312853000090854 6.0)
(1.0E-9,12.0,0.10800000000000008)(63.1358937928245 26.0)
(1.0E-9,12.0,0.10800000000000008)(63.07693199520658 28.0)
(1.0E-9,12.0,0.10800000000000008)(63.07693199520658 29.0)
(1.0E-9,12.0,0.10800000000000008)(63.07693199520658 31.0)
(1.0E-9,12.0,0.10800000000000008)(63.06722645401987 34.0)
(1.0E-9,12.0,0.10800000000000008)(63.06722645401987 35.0)
(1.0E-9,12.0,0.10800000000000008)(63.07693199520658 30.0)
(1.0E-9,12.0,0.10800000000000008)(63.312853000090854 1.0)
(1.0E-9,12.0,0.10800000000000008)(63.07693199520658 32.0)
(1.0E-9,12.0,0.10800000000000008)(63.07693199520658 33.0)
(1.0E-9,12.0,0.10800000000000008)(63.06722645401987 39.0)
(1.0E-9 12.0 0.10900000000000008)(33.36662924969925 92.0)
(1.0E-9,12.0,0.10900000000000008)(63.312853000090854 6.0)
(1.0E-9,12.0,0.10900000000000008)(63.1358937928245 26.0)
(1.0E-9,12.0,0.10900000000000008)(63.07693199520658 28.0)
(1.0E-9,12.0,0.10900000000000008)(63.07693199520658 29.0)
(1.0E-9,12.0,0.10900000000000008)(63.07693199520658 31.0)
(1.0E-9,12.0,0.10900000000000008)(63.06722645401987 34.0)
(1.0E-9,12.0,0.10900000000000008)(63.07693199520658 30.0)
(1.0E-9,12.0,0.10900000000000008)(63.06722645401987 35.0)
(1.0E-9,12.0,0.10900000000000008)(63.312853000090854 1.0)
(1.0E-9,12.0,0.10900000000000008)(63.06722645401987 33.0)
(1.0E-9,12.0,0.10900000000000008)(63.07693199520658 32.0)
(1.0E-9,12.0,0.10900000000000008)(63.06722645401987 38.0)
(1.0E-9 12.0 0.11000000000000008)(31.523602968818278 94.0)
(1.0E-9,12.0,0.11000000000000008)(63.1358937928245 9.0)
(1.0E-9,12.0,0.11000000000000008)(63.07693199520658 27.0)
(1.0E-9,12.0,0.11000000000000008)(63.07693199520658 30.0)
(1.0E-9,12.0,0.11000000000000008)(63.07693199520658 31.0)
(1.0E-9,12.0,0.11000000000000008)(63.06722645401987 34.0)
(1.0E-9,12.0,0.11000000000000008)(63.06722645401987 35.0)
(1.0E-9,12.0,0.11000000000000008)(63.06722645401987 37.0)
(1.0E-9,12.0,0.11000000000000008)(63.312853000090854 1.0)
(1.0E-9,12.0,0.11000000000000008)(63.06722645401987 36.0)
(1.0E-9,12.0,0.11000000000000008)(63.07693199520658 32.0)
(1.0E-9 12.0 0.11100000000000008)(31.523602968818278 94.0)
(1.0E-9,12.0,0.11100000000000008)(63.1358937928245 9.0)
(1.0E-9,12.0,0.11100000000000008)(63.07693199520658 27.0)
(1.0E-9,12.0,0.11100000000000008)(63.07693199520658 30.0)
(1.0E-9,12.0,0.11100000000000008)(63.07693199520658 31.0)
(1.0E-9,12.0,0.11100000000000008)(63.06722645401987 34.0)
(1.0E-9,12.0,0.11100000000000008)(63.06722645401987 35.0)
(1.0E-9,12.0,0.11100000000000008)(63.06722645401987 37.0)
(1.0E-9,12.0,0.11100000000000008)(63.312853000090854 1.0)
(1.0E-9,12.0,0.11100000000000008)(63.06722645401987 36.0)
(1.0E-9,12.0,0.11100000000000008)(63.07693199520658 32.0)
(1.0E-9 12.0 0.11200000000000009)(31.523602968818278 94.0)
(1.0E-9,12.0,0.11200000000000009)(63.1358937928245 11.0)
(1.0E-9,12.0,0.11200000000000009)(63.01650861089896 28.0)
(1.0E-9,12.0,0.11200000000000009)(63.07693199520658 28.0)
(1.0E-9,12.0,0.11200000000000009)(63.07693199520658 31.0)
(1.0E-9,12.0,0.11200000000000009)(63.06722645401987 32.0)
(1.0E-9,12.0,0.11200000000000009)(63.07693199520658 30.0)
(1.0E-9,12.0,0.11200000000000009)(63.06722645401987 38.0)
(1.0E-9,12.0,0.11200000000000009)(63.06722645401987 39.0)
(1.0E-9,12.0,0.11200000000000009)(63.06722645401987 41.0)
(1.0E-9 12.0 0.11300000000000009)(29.95244570715859 101.0)
(1.0E-9,12.0,0.11300000000000009)(63.1358937928245 11.0)
(1.0E-9,12.0,0.11300000000000009)(63.01650861089896 32.0)
(1.0E-9,12.0,0.11300000000000009)(62.35684453239775 50.0)
(1.0E-9,12.0,0.11300000000000009)(62.54040209381848 45.0)
(1.0E-9,12.0,0.11300000000000009)(63.06722645401987 37.0)
(1.0E-9,12.0,0.11300000000000009)(62.6450168020008 45.0)
(1.0E-9,12.0,0.11300000000000009)(62.54040209381848 47.0)
(1.0E-9,12.0,0.11300000000000009)(62.54040209381848 48.0)
(1.0E-9,12.0,0.11300000000000009)(62.6450168020008 46.0)
(1.0E-9 12.0 0.11400000000000009)(29.76719186720778 103.0)
(1.0E-9,12.0,0.11400000000000009)(63.1358937928245 11.0)
(1.0E-9,12.0,0.11400000000000009)(63.07693199520658 32.0)
(1.0E-9,12.0,0.11400000000000009)(62.45047280281832 49.0)
(1.0E-9,12.0,0.11400000000000009)(62.54040209381848 45.0)
(1.0E-9,12.0,0.11400000000000009)(62.0276144249753 55.0)
(1.0E-9,12.0,0.11400000000000009)(62.6450168020008 46.0)
(1.0E-9,12.0,0.11400000000000009)(62.51434323576098 46.0)
(1.0E-9,12.0,0.11400000000000009)(62.51434323576098 50.0)
(1.0E-9,12.0,0.11400000000000009)(62.54040209381848 47.0)
(1.0E-9,12.0,0.11400000000000009)(62.6450168020008 48.0)
(1.0E-9 12.0 0.11500000000000009)(29.246859221852393 97.0)
(1.0E-9,12.0,0.11500000000000009)(63.1358937928245 11.0)
(1.0E-9,12.0,0.11500000000000009)(63.01650861089896 29.0)
(1.0E-9,12.0,0.11500000000000009)(63.07693199520658 31.0)
(1.0E-9,12.0,0.11500000000000009)(63.06722645401987 34.0)
(1.0E-9,12.0,0.11500000000000009)(63.06722645401987 36.0)
(1.0E-9,12.0,0.11500000000000009)(63.312853000090854 1.0)
(1.0E-9,12.0,0.11500000000000009)(63.06722645401987 35.0)
(1.0E-9,12.0,0.11500000000000009)(63.07693199520658 37.0)
(1.0E-9,12.0,0.11500000000000009)(63.07693199520658 32.0)
(1.0E-9 12.0 0.11600000000000009)(27.70632875091793 104.0)
(1.0E-9,12.0,0.11600000000000009)(63.1358937928245 11.0)
(1.0E-9,12.0,0.11600000000000009)(63.01650861089896 33.0)
(1.0E-9,12.0,0.11600000000000009)(62.555973380832754 45.0)
(1.0E-9,12.0,0.11600000000000009)(62.42090549729099 47.0)
(1.0E-9,12.0,0.11600000000000009)(61.57335282892816 58.0)
(1.0E-9,12.0,0.11600000000000009)(62.39472582134549 48.0)
(1.0E-9,12.0,0.11600000000000009)(62.42090549729099 50.0)
(1.0E-9,12.0,0.11600000000000009)(62.39472582134549 49.0)
(1.0E-9,12.0,0.11600000000000009)(62.5260217010217 47.0)
(1.0E-9,12.0,0.11600000000000009)(62.6450168020008 46.0)
(1.0E-9 12.0 0.11700000000000009)(27.70632875091793 104.0)
(1.0E-9,12.0,0.11700000000000009)(63.1358937928245 11.0)
(1.0E-9,12.0,0.11700000000000009)(63.01650861089896 33.0)
(1.0E-9,12.0,0.11700000000000009)(62.555973380832754 45.0)
(1.0E-9,12.0,0.11700000000000009)(62.42090549729099 47.0)
(1.0E-9,12.0,0.11700000000000009)(61.57335282892816 58.0)
(1.0E-9,12.0,0.11700000000000009)(62.39472582134549 48.0)
(1.0E-9,12.0,0.11700000000000009)(62.42090549729099 50.0)
(1.0E-9,12.0,0.11700000000000009)(62.39472582134549 49.0)
(1.0E-9,12.0,0.11700000000000009)(62.5260217010217 47.0)
(1.0E-9,12.0,0.11700000000000009)(62.6450168020008 46.0)
(1.0E-9 12.0 0.11800000000000009)(27.49040901449052 105.0)
(1.0E-9,12.0,0.11800000000000009)(63.1358937928245 11.0)
(1.0E-9,12.0,0.11800000000000009)(63.01650861089896 33.0)
(1.0E-9,12.0,0.11800000000000009)(62.44706169888543 47.0)
(1.0E-9,12.0,0.11800000000000009)(61.661377985532816 58.0)
(1.0E-9,12.0,0.11800000000000009)(61.879032926267506 56.0)
(1.0E-9,12.0,0.11800000000000009)(62.46930126905196 46.0)
(1.0E-9,12.0,0.11800000000000009)(62.5260217010217 46.0)
(1.0E-9,12.0,0.11800000000000009)(62.552080559079194 45.0)
(1.0E-9,12.0,0.11800000000000009)(62.44316887713186 47.0)
(1.0E-9,12.0,0.11800000000000009)(62.57422134943239 45.0)
(1.0E-9,12.0,0.11800000000000009)(62.54818773732562 46.0)
(1.0E-9,12.0,0.11800000000000009)(62.60022933060055 48.0)
(1.0E-9,12.0,0.11800000000000009)(62.42090549729099 48.0)
(1.0E-9 12.0 0.11900000000000009)(27.49040901449052 105.0)
(1.0E-9,12.0,0.11900000000000009)(63.1358937928245 11.0)
(1.0E-9,12.0,0.11900000000000009)(63.01650861089896 34.0)
(1.0E-9,12.0,0.11900000000000009)(62.44706169888543 47.0)
(1.0E-9,12.0,0.11900000000000009)(62.44706169888543 48.0)
(1.0E-9,12.0,0.11900000000000009)(61.81076996746752 56.0)
(1.0E-9,12.0,0.11900000000000009)(62.552080559079194 46.0)
(1.0E-9,12.0,0.11900000000000009)(62.5260217010217 46.0)
(1.0E-9,12.0,0.11900000000000009)(62.54040209381848 48.0)
(1.0E-9,12.0,0.11900000000000009)(62.6450168020008 46.0)
(1.0E-9,12.0,0.11900000000000009)(62.6929540152837 48.0)
(1.0E-9 12.0 0.12000000000000009)(27.49040901449052 105.0)
(1.0E-9,12.0,0.12000000000000009)(63.1358937928245 11.0)
(1.0E-9,12.0,0.12000000000000009)(63.01650861089896 33.0)
(1.0E-9,12.0,0.12000000000000009)(62.44706169888543 47.0)
(1.0E-9,12.0,0.12000000000000009)(62.5637590243399 47.0)
(1.0E-9,12.0,0.12000000000000009)(60.95606200901441 58.0)
(1.0E-9,12.0,0.12000000000000009)(62.50383079292683 49.0)
(1.0E-9,12.0,0.12000000000000009)(62.47772255509331 50.0)
(1.0E-9,12.0,0.12000000000000009)(62.49604514941969 48.0)
(1.0E-9,12.0,0.12000000000000009)(62.47772255509331 52.0)
(1.0E-9,12.0,0.12000000000000009)(62.57422134943239 50.0)
(1.0E-9,12.0,0.12000000000000009)(62.54040209381848 47.0)
(1.0E-9,12.0,0.12000000000000009)(62.552080559079194 51.0)
(1.0E-9,12.0,0.12000000000000009)(62.60022933060055 47.0)
(1.0E-9,12.0,0.12000000000000009)(62.35684453239775 51.0)
(1.0E-9 12.0 0.1210000000000001)(26.727190498397874 106.0)
(1.0E-9,12.0,0.1210000000000001)(63.1358937928245 13.0)
(1.0E-9,12.0,0.1210000000000001)(63.01650861089896 34.0)
(1.0E-9,12.0,0.1210000000000001)(62.35684453239775 50.0)
(1.0E-9,12.0,0.1210000000000001)(62.50383079292683 50.0)
(1.0E-9,12.0,0.1210000000000001)(61.97411650025809 55.0)
(1.0E-9,12.0,0.1210000000000001)(62.46245741720971 50.0)
(1.0E-9,12.0,0.1210000000000001)(62.50383079292683 49.0)
(1.0E-9,12.0,0.1210000000000001)(62.35684453239775 51.0)
(1.0E-9,12.0,0.1210000000000001)(62.48550819860045 51.0)
(1.0E-9,12.0,0.1210000000000001)(62.54818773732562 47.0)
(1.0E-9,12.0,0.1210000000000001)(62.42090549729099 52.0)
(1.0E-9,12.0,0.1210000000000001)(62.552080559079194 47.0)
(1.0E-9,12.0,0.1210000000000001)(62.61906128353731 53.0)
(1.0E-9,12.0,0.1210000000000001)(62.6450168020008 46.0)
(1.0E-9,12.0,0.1210000000000001)(62.42434041089822 53.0)
(1.0E-9 12.0 0.1220000000000001)(26.836905789223266 105.0)
(1.0E-9,12.0,0.1220000000000001)(63.1358937928245 13.0)
(1.0E-9,12.0,0.1220000000000001)(62.6929540152837 41.0)
(1.0E-9,12.0,0.1220000000000001)(63.06722645401987 36.0)
(1.0E-9,12.0,0.1220000000000001)(63.06722645401987 37.0)
(1.0E-9,12.0,0.1220000000000001)(63.06722645401987 38.0)
(1.0E-9,12.0,0.1220000000000001)(63.06722645401987 40.0)
(1.0E-9,12.0,0.1220000000000001)(63.06722645401987 39.0)
(1.0E-9,12.0,0.1220000000000001)(63.05748166817281 40.0)
(1.0E-9,12.0,0.1220000000000001)(63.039912877234535 46.0)
(1.0E-9,12.0,0.1220000000000001)(63.026199390384186 47.0)
(1.0E-9,12.0,0.1220000000000001)(63.039912877234535 49.0)
(1.0E-9,12.0,0.1220000000000001)(62.54040209381848 48.0)
(1.0E-9,12.0,0.1220000000000001)(62.6450168020008 48.0)
(1.0E-9,12.0,0.1220000000000001)(62.51434323576098 50.0)
(1.0E-9 12.0 0.1230000000000001)(23.988913356228846 109.0)
(1.0E-9,12.0,0.1230000000000001)(63.1358937928245 13.0)
(1.0E-9,12.0,0.1230000000000001)(62.22458705372148 53.0)
(1.0E-9,12.0,0.1230000000000001)(59.92329038528891 68.0)
(1.0E-9,12.0,0.1230000000000001)(59.44162917770051 72.0)
(1.0E-9,12.0,0.1230000000000001)(59.44162917770051 73.0)
(1.0E-9,12.0,0.1230000000000001)(59.44162917770051 71.0)
(1.0E-9,12.0,0.1230000000000001)(59.44162917770051 74.0)
(1.0E-9,12.0,0.1230000000000001)(59.44162917770051 70.0)
(1.0E-9,12.0,0.1230000000000001)(59.85351741294458 71.0)
(1.0E-9 12.0 0.1240000000000001)(23.988913356228846 109.0)
(1.0E-9,12.0,0.1240000000000001)(63.1358937928245 13.0)
(1.0E-9,12.0,0.1240000000000001)(62.22458705372148 53.0)
(1.0E-9,12.0,0.1240000000000001)(59.92329038528891 68.0)
(1.0E-9,12.0,0.1240000000000001)(59.44162917770051 72.0)
(1.0E-9,12.0,0.1240000000000001)(59.44162917770051 73.0)
(1.0E-9,12.0,0.1240000000000001)(59.44162917770051 71.0)
(1.0E-9,12.0,0.1240000000000001)(59.44162917770051 74.0)
(1.0E-9,12.0,0.1240000000000001)(59.44162917770051 70.0)
(1.0E-9,12.0,0.1240000000000001)(59.85351741294458 71.0)
(1.0E-9 12.0 0.12500000000000008)(24.956805585728755 106.0)
(1.0E-9,12.0,0.12500000000000008)(63.1358937928245 14.0)
(1.0E-9,12.0,0.12500000000000008)(62.64890962375436 44.0)
(1.0E-9,12.0,0.12500000000000008)(63.06722645401987 36.0)
(1.0E-9,12.0,0.12500000000000008)(63.06722645401987 38.0)
(1.0E-9,12.0,0.12500000000000008)(63.06722645401987 37.0)
(1.0E-9,12.0,0.12500000000000008)(63.06722645401987 40.0)
(1.0E-9,12.0,0.12500000000000008)(62.37589735511184 51.0)
(1.0E-9,12.0,0.12500000000000008)(63.06722645401987 41.0)
(1.0E-9,12.0,0.12500000000000008)(63.039912877234535 46.0)
(1.0E-9,12.0,0.12500000000000008)(63.039912877234535 47.0)
(1.0E-9,12.0,0.12500000000000008)(63.026199390384186 46.0)
(1.0E-9,12.0,0.12500000000000008)(63.026199390384186 49.0)
(1.0E-9,12.0,0.12500000000000008)(62.54040209381848 47.0)
(1.0E-9,12.0,0.12500000000000008)(62.6450168020008 46.0)
(1.0E-9 12.0 0.12600000000000008)(24.956805585728755 106.0)
(1.0E-9,12.0,0.12600000000000008)(63.1358937928245 14.0)
(1.0E-9,12.0,0.12600000000000008)(62.54040209381848 45.0)
(1.0E-9,12.0,0.12600000000000008)(62.68611416528341 47.0)
(1.0E-9,12.0,0.12600000000000008)(63.06722645401987 39.0)
(1.0E-9,12.0,0.12600000000000008)(63.05748166817281 39.0)
(1.0E-9,12.0,0.12600000000000008)(62.45047280281832 50.0)
(1.0E-9,12.0,0.12600000000000008)(63.05748166817281 42.0)
(1.0E-9,12.0,0.12600000000000008)(63.06722645401987 40.0)
(1.0E-9,12.0,0.12600000000000008)(63.06722645401987 41.0)
(1.0E-9,12.0,0.12600000000000008)(63.039912877234535 43.0)
(1.0E-9,12.0,0.12600000000000008)(62.60022933060055 45.0)
(1.0E-9,12.0,0.12600000000000008)(62.60022933060055 46.0)
(1.0E-9,12.0,0.12600000000000008)(62.6929540152837 44.0)
(1.0E-9 12.0 0.12700000000000009)(23.689242396611444 107.0)
(1.0E-9,12.0,0.12700000000000009)(63.1358937928245 14.0)
(1.0E-9,12.0,0.12700000000000009)(62.54040209381848 46.0)
(1.0E-9,12.0,0.12700000000000009)(63.06722645401987 35.0)
(1.0E-9,12.0,0.12700000000000009)(63.06722645401987 38.0)
(1.0E-9,12.0,0.12700000000000009)(63.06722645401987 39.0)
(1.0E-9,12.0,0.12700000000000009)(63.06722645401987 41.0)
(1.0E-9,12.0,0.12700000000000009)(63.06722645401987 40.0)
(1.0E-9,12.0,0.12700000000000009)(63.05748166817281 41.0)
(1.0E-9,12.0,0.12700000000000009)(63.039912877234535 44.0)
(1.0E-9,12.0,0.12700000000000009)(62.552080559079194 46.0)
(1.0E-9,12.0,0.12700000000000009)(62.44706169888543 49.0)
(1.0E-9,12.0,0.12700000000000009)(62.60022933060055 46.0)
(1.0E-9 12.0 0.12800000000000009)(24.956805585728755 106.0)
(1.0E-9,12.0,0.12800000000000009)(63.1358937928245 14.0)
(1.0E-9,12.0,0.12800000000000009)(62.54040209381848 46.0)
(1.0E-9,12.0,0.12800000000000009)(62.68611416528341 46.0)
(1.0E-9,12.0,0.12800000000000009)(63.06722645401987 38.0)
(1.0E-9,12.0,0.12800000000000009)(63.06722645401987 39.0)
(1.0E-9,12.0,0.12800000000000009)(63.06722645401987 41.0)
(1.0E-9,12.0,0.12800000000000009)(63.06722645401987 42.0)
(1.0E-9,12.0,0.12800000000000009)(63.05748166817281 43.0)
(1.0E-9,12.0,0.12800000000000009)(63.039912877234535 45.0)
(1.0E-9,12.0,0.12800000000000009)(62.552080559079194 48.0)
(1.0E-9,12.0,0.12800000000000009)(63.026199390384186 49.0)
(1.0E-9,12.0,0.12800000000000009)(62.552080559079194 47.0)
(1.0E-9 12.0 0.1290000000000001)(23.689242396611444 107.0)
(1.0E-9,12.0,0.1290000000000001)(63.1358937928245 14.0)
(1.0E-9,12.0,0.1290000000000001)(62.54040209381848 46.0)
(1.0E-9,12.0,0.1290000000000001)(62.79373260573801 45.0)
(1.0E-9,12.0,0.1290000000000001)(63.06722645401987 38.0)
(1.0E-9,12.0,0.1290000000000001)(63.312853000090854 1.0)
(1.0E-9,12.0,0.1290000000000001)(63.12639931142351 37.0)
(1.0E-9,12.0,0.1290000000000001)(62.58322364933286 52.0)
(1.0E-9,12.0,0.1290000000000001)(63.039912877234535 44.0)
(1.0E-9,12.0,0.1290000000000001)(63.06722645401987 42.0)
(1.0E-9,12.0,0.1290000000000001)(63.026199390384186 47.0)
(1.0E-9,12.0,0.1290000000000001)(62.552080559079194 47.0)
(1.0E-9,12.0,0.1290000000000001)(63.026199390384186 51.0)
(1.0E-9 12.0 0.1300000000000001)(23.689242396611444 107.0)
(1.0E-9,12.0,0.1300000000000001)(63.1358937928245 14.0)
(1.0E-9,12.0,0.1300000000000001)(62.54040209381848 46.0)
(1.0E-9,12.0,0.1300000000000001)(62.79373260573801 45.0)
(1.0E-9,12.0,0.1300000000000001)(63.06722645401987 38.0)
(1.0E-9,12.0,0.1300000000000001)(63.312853000090854 1.0)
(1.0E-9,12.0,0.1300000000000001)(63.12639931142351 37.0)
(1.0E-9,12.0,0.1300000000000001)(62.58322364933286 52.0)
(1.0E-9,12.0,0.1300000000000001)(63.039912877234535 44.0)
(1.0E-9,12.0,0.1300000000000001)(63.06722645401987 42.0)
(1.0E-9,12.0,0.1300000000000001)(63.026199390384186 47.0)
(1.0E-9,12.0,0.1300000000000001)(62.552080559079194 47.0)
(1.0E-9,12.0,0.1300000000000001)(63.026199390384186 51.0)
(1.0E-9 12.0 0.1310000000000001)(24.956805585728755 106.0)
(1.0E-9,12.0,0.1310000000000001)(63.1358937928245 14.0)
(1.0E-9,12.0,0.1310000000000001)(62.54040209381848 46.0)
(1.0E-9,12.0,0.1310000000000001)(63.06722645401987 36.0)
(1.0E-9,12.0,0.1310000000000001)(63.312853000090854 1.0)
(1.0E-9,12.0,0.1310000000000001)(63.12639931142351 36.0)
(1.0E-9,12.0,0.1310000000000001)(62.96165139462426 50.0)
(1.0E-9,12.0,0.1310000000000001)(63.12639931142351 41.0)
(1.0E-9,12.0,0.1310000000000001)(63.039912877234535 44.0)
(1.0E-9,12.0,0.1310000000000001)(63.06722645401987 43.0)
(1.0E-9,12.0,0.1310000000000001)(63.039912877234535 45.0)
(1.0E-9,12.0,0.1310000000000001)(63.026199390384186 50.0)
(1.0E-9,12.0,0.1310000000000001)(63.039912877234535 48.0)
(1.0E-9,12.0,0.1310000000000001)(62.6450168020008 46.0)
(1.0E-9 12.0 0.1320000000000001)(24.956805585728755 106.0)
(1.0E-9,12.0,0.1320000000000001)(63.1358937928245 14.0)
(1.0E-9,12.0,0.1320000000000001)(62.54040209381848 46.0)
(1.0E-9,12.0,0.1320000000000001)(63.06722645401987 35.0)
(1.0E-9,12.0,0.1320000000000001)(63.312853000090854 1.0)
(1.0E-9,12.0,0.1320000000000001)(63.06722645401987 38.0)
(1.0E-9,12.0,0.1320000000000001)(63.06722645401987 39.0)
(1.0E-9,12.0,0.1320000000000001)(63.12639931142351 39.0)
(1.0E-9,12.0,0.1320000000000001)(63.06722645401987 42.0)
(1.0E-9,12.0,0.1320000000000001)(63.026199390384186 51.0)
(1.0E-9,12.0,0.1320000000000001)(63.08597570180083 45.0)
(1.0E-9,12.0,0.1320000000000001)(63.039912877234535 47.0)
(1.0E-9 12.0 0.1330000000000001)(24.956805585728755 106.0)
(1.0E-9,12.0,0.1330000000000001)(63.1358937928245 14.0)
(1.0E-9,12.0,0.1330000000000001)(62.54040209381848 46.0)
(1.0E-9,12.0,0.1330000000000001)(62.79373260573801 45.0)
(1.0E-9,12.0,0.1330000000000001)(63.00275878784539 46.0)
(1.0E-9,12.0,0.1330000000000001)(63.312853000090854 1.0)
(1.0E-9,12.0,0.1330000000000001)(63.06722645401987 39.0)
(1.0E-9,12.0,0.1330000000000001)(62.88551043238531 50.0)
(1.0E-9,12.0,0.1330000000000001)(63.12639931142351 38.0)
(1.0E-9,12.0,0.1330000000000001)(63.06722645401987 40.0)
(1.0E-9,12.0,0.1330000000000001)(63.05748166817281 42.0)
(1.0E-9,12.0,0.1330000000000001)(62.507723614680394 51.0)
(1.0E-9,12.0,0.1330000000000001)(63.039912877234535 47.0)
(1.0E-9,12.0,0.1330000000000001)(63.026199390384186 49.0)
(1.0E-9 12.0 0.1340000000000001)(23.084497970890887 107.0)
(1.0E-9,12.0,0.1340000000000001)(63.1358937928245 16.0)
(1.0E-9,12.0,0.1340000000000001)(62.54040209381848 46.0)
(1.0E-9,12.0,0.1340000000000001)(62.79373260573801 45.0)
(1.0E-9,12.0,0.1340000000000001)(63.312853000090854 1.0)
(1.0E-9,12.0,0.1340000000000001)(63.06722645401987 39.0)
(1.0E-9,12.0,0.1340000000000001)(61.10233537447132 64.0)
(1.0E-9,12.0,0.1340000000000001)(63.06722645401987 40.0)
(1.0E-9,12.0,0.1340000000000001)(63.12639931142351 38.0)
(1.0E-9,12.0,0.1340000000000001)(63.039912877234535 44.0)
(1.0E-9,12.0,0.1340000000000001)(63.099492754821036 41.0)
(1.0E-9,12.0,0.1340000000000001)(63.026199390384186 48.0)
(1.0E-9,12.0,0.1340000000000001)(63.039912877234535 49.0)
(1.0E-9,12.0,0.1340000000000001)(63.026199390384186 51.0)
(1.0E-9 12.0 0.1350000000000001)(23.084497970890887 107.0)
(1.0E-9,12.0,0.1350000000000001)(63.1358937928245 16.0)
(1.0E-9,12.0,0.1350000000000001)(62.54040209381848 46.0)
(1.0E-9,12.0,0.1350000000000001)(62.81553674137628 44.0)
(1.0E-9,12.0,0.1350000000000001)(63.06722645401987 38.0)
(1.0E-9,12.0,0.1350000000000001)(63.06722645401987 37.0)
(1.0E-9,12.0,0.1350000000000001)(63.06722645401987 39.0)
(1.0E-9,12.0,0.1350000000000001)(63.312853000090854 1.0)
(1.0E-9,12.0,0.1350000000000001)(63.00661529850565 41.0)
(1.0E-9,12.0,0.1350000000000001)(62.8379570145525 49.0)
(1.0E-9,12.0,0.1350000000000001)(62.95350986615674 55.0)
(1.0E-9,12.0,0.1350000000000001)(62.95350986615674 54.0)
(1.0E-9,12.0,0.1350000000000001)(62.981187010191356 53.0)
(1.0E-9,12.0,0.1350000000000001)(61.58036265096808 60.0)
(1.0E-9,12.0,0.1350000000000001)(61.58036265096808 62.0)
(1.0E-9,12.0,0.1350000000000001)(62.939620250925316 59.0)
(1.0E-9 12.0 0.1360000000000001)(23.084497970890887 107.0)
(1.0E-9,12.0,0.1360000000000001)(63.1358937928245 16.0)
(1.0E-9,12.0,0.1360000000000001)(62.54040209381848 46.0)
(1.0E-9,12.0,0.1360000000000001)(62.79373260573801 45.0)
(1.0E-9,12.0,0.1360000000000001)(63.312853000090854 1.0)
(1.0E-9,12.0,0.1360000000000001)(63.06722645401987 39.0)
(1.0E-9,12.0,0.1360000000000001)(63.06722645401987 40.0)
(1.0E-9,12.0,0.1360000000000001)(63.05748166817281 41.0)
(1.0E-9,12.0,0.1360000000000001)(63.039912877234535 42.0)
(1.0E-9,12.0,0.1360000000000001)(63.026199390384186 48.0)
(1.0E-9,12.0,0.1360000000000001)(63.026199390384186 49.0)
(1.0E-9,12.0,0.1360000000000001)(62.982936967352835 52.0)
(1.0E-9,12.0,0.1360000000000001)(63.026199390384186 51.0)
(1.0E-9 12.0 0.1370000000000001)(23.084497970890887 107.0)
(1.0E-9,12.0,0.1370000000000001)(63.1358937928245 16.0)
(1.0E-9,12.0,0.1370000000000001)(62.54040209381848 46.0)
(1.0E-9,12.0,0.1370000000000001)(62.79373260573801 45.0)
(1.0E-9,12.0,0.1370000000000001)(63.312853000090854 1.0)
(1.0E-9,12.0,0.1370000000000001)(63.06722645401987 39.0)
(1.0E-9,12.0,0.1370000000000001)(63.06722645401987 40.0)
(1.0E-9,12.0,0.1370000000000001)(63.05748166817281 41.0)
(1.0E-9,12.0,0.1370000000000001)(63.039912877234535 42.0)
(1.0E-9,12.0,0.1370000000000001)(63.026199390384186 48.0)
(1.0E-9,12.0,0.1370000000000001)(63.026199390384186 49.0)
(1.0E-9,12.0,0.1370000000000001)(62.982936967352835 52.0)
(1.0E-9,12.0,0.1370000000000001)(63.026199390384186 51.0)
(1.0E-9 12.0 0.1380000000000001)(23.084497970890887 107.0)
(1.0E-9,12.0,0.1380000000000001)(63.1358937928245 16.0)
(1.0E-9,12.0,0.1380000000000001)(62.54040209381848 46.0)
(1.0E-9,12.0,0.1380000000000001)(63.06722645401987 36.0)
(1.0E-9,12.0,0.1380000000000001)(63.312853000090854 1.0)
(1.0E-9,12.0,0.1380000000000001)(63.06722645401987 39.0)
(1.0E-9,12.0,0.1380000000000001)(63.05748166817281 44.0)
(1.0E-9,12.0,0.1380000000000001)(63.06722645401987 41.0)
(1.0E-9,12.0,0.1380000000000001)(63.039912877234535 44.0)
(1.0E-9,12.0,0.1380000000000001)(62.978938154471024 45.0)
(1.0E-9,12.0,0.1380000000000001)(61.58864731133024 60.0)
(1.0E-9,12.0,0.1380000000000001)(62.69141130265201 51.0)
(1.0E-9,12.0,0.1380000000000001)(63.026199390384186 48.0)
(1.0E-9,12.0,0.1380000000000001)(63.026199390384186 50.0)
(1.0E-9,12.0,0.1380000000000001)(63.08597570180083 47.0)
(1.0E-9 12.0 0.1390000000000001)(23.084497970890887 107.0)
(1.0E-9,12.0,0.1390000000000001)(63.1358937928245 16.0)
(1.0E-9,12.0,0.1390000000000001)(61.81702301951495 55.0)
(1.0E-9,12.0,0.1390000000000001)(62.79373260573801 45.0)
(1.0E-9,12.0,0.1390000000000001)(63.312853000090854 1.0)
(1.0E-9,12.0,0.1390000000000001)(62.981187010191356 51.0)
(1.0E-9,12.0,0.1390000000000001)(62.54159298803597 49.0)
(1.0E-9,12.0,0.1390000000000001)(62.97125850209213 52.0)
(1.0E-9,12.0,0.1390000000000001)(63.020448768466686 52.0)
(1.0E-9,12.0,0.1390000000000001)(62.99298508448944 54.0)
(1.0E-9,12.0,0.1390000000000001)(62.97125850209213 53.0)
(1.0E-9,12.0,0.1390000000000001)(62.97919895034255 56.0)
(1.0E-9,12.0,0.1390000000000001)(62.99298508448944 57.0)
(1.0E-9,12.0,0.1390000000000001)(61.44231050972021 62.0)
(1.0E-9,12.0,0.1390000000000001)(62.99298508448944 59.0)
(1.0E-9 12.0 0.1400000000000001)(23.084497970890887 107.0)
(1.0E-9,12.0,0.1400000000000001)(63.1358937928245 16.0)
(1.0E-9,12.0,0.1400000000000001)(62.54040209381848 46.0)
(1.0E-9,12.0,0.1400000000000001)(63.00661529850565 37.0)
(1.0E-9,12.0,0.1400000000000001)(63.312853000090854 1.0)
(1.0E-9,12.0,0.1400000000000001)(63.00661529850565 40.0)
(1.0E-9,12.0,0.1400000000000001)(63.12639931142351 40.0)
(1.0E-9,12.0,0.1400000000000001)(62.978938154471024 45.0)
(1.0E-9,12.0,0.1400000000000001)(62.978938154471024 47.0)
(1.0E-9,12.0,0.1400000000000001)(62.40251146485262 50.0)
(1.0E-9,12.0,0.1400000000000001)(62.281993139345694 51.0)
(1.0E-9 12.0 0.1410000000000001)(23.084497970890887 107.0)
(1.0E-9,12.0,0.1410000000000001)(63.1358937928245 16.0)
(1.0E-9,12.0,0.1410000000000001)(62.54040209381848 46.0)
(1.0E-9,12.0,0.1410000000000001)(62.568287488627675 47.0)
(1.0E-9,12.0,0.1410000000000001)(63.312853000090854 1.0)
(1.0E-9,12.0,0.1410000000000001)(63.312853000090854 7.0)
(1.0E-9,12.0,0.1410000000000001)(63.00661529850565 42.0)
(1.0E-9,12.0,0.1410000000000001)(62.891688792111495 56.0)
(1.0E-9,12.0,0.1410000000000001)(62.95947404570318 56.0)
(1.0E-9,12.0,0.1410000000000001)(61.166697696634586 63.0)
(1.0E-9,12.0,0.1410000000000001)(61.166697696634586 65.0)
(1.0E-9 12.0 0.1420000000000001)(23.084497970890887 107.0)
(1.0E-9,12.0,0.1420000000000001)(63.1358937928245 16.0)
(1.0E-9,12.0,0.1420000000000001)(62.54040209381848 46.0)
(1.0E-9,12.0,0.1420000000000001)(63.00661529850565 37.0)
(1.0E-9,12.0,0.1420000000000001)(63.312853000090854 1.0)
(1.0E-9,12.0,0.1420000000000001)(63.00661529850565 40.0)
(1.0E-9,12.0,0.1420000000000001)(62.967036599088416 43.0)
(1.0E-9,12.0,0.1420000000000001)(62.35497738957394 55.0)
(1.0E-9,12.0,0.1420000000000001)(63.12639931142351 41.0)
(1.0E-9,12.0,0.1420000000000001)(63.099492754821036 44.0)
(1.0E-9,12.0,0.1420000000000001)(62.978938154471024 46.0)
(1.0E-9,12.0,0.1420000000000001)(62.978938154471024 48.0)
(1.0E-9,12.0,0.1420000000000001)(61.166697696634586 63.0)
(1.0E-9 12.0 0.1430000000000001)(23.084497970890887 107.0)
(1.0E-9,12.0,0.1430000000000001)(63.1358937928245 16.0)
(1.0E-9,12.0,0.1430000000000001)(62.54040209381848 46.0)
(1.0E-9,12.0,0.1430000000000001)(63.00661529850565 37.0)
(1.0E-9,12.0,0.1430000000000001)(63.312853000090854 1.0)
(1.0E-9,12.0,0.1430000000000001)(63.00661529850565 40.0)
(1.0E-9,12.0,0.1430000000000001)(62.967036599088416 43.0)
(1.0E-9,12.0,0.1430000000000001)(62.35497738957394 55.0)
(1.0E-9,12.0,0.1430000000000001)(63.12639931142351 41.0)
(1.0E-9,12.0,0.1430000000000001)(63.099492754821036 44.0)
(1.0E-9,12.0,0.1430000000000001)(62.978938154471024 46.0)
(1.0E-9,12.0,0.1430000000000001)(62.978938154471024 48.0)
(1.0E-9,12.0,0.1430000000000001)(61.166697696634586 63.0)
(1.0E-9 12.0 0.1440000000000001)(23.084497970890887 107.0)
(1.0E-9,12.0,0.1440000000000001)(63.1358937928245 16.0)
(1.0E-9,12.0,0.1440000000000001)(62.54040209381848 46.0)
(1.0E-9,12.0,0.1440000000000001)(62.568287488627675 46.0)
(1.0E-9,12.0,0.1440000000000001)(63.312853000090854 18.0)
(1.0E-9,12.0,0.1440000000000001)(63.312853000090854 1.0)
(1.0E-9,12.0,0.1440000000000001)(62.99668679040642 43.0)
(1.0E-9,12.0,0.1440000000000001)(63.00661529850565 43.0)
(1.0E-9,12.0,0.1440000000000001)(63.00661529850565 44.0)
(1.0E-9,12.0,0.1440000000000001)(62.978938154471024 46.0)
(1.0E-9,12.0,0.1440000000000001)(62.40251146485262 49.0)
(1.0E-9 12.0 0.1450000000000001)(23.084497970890887 107.0)
(1.0E-9,12.0,0.1450000000000001)(63.1358937928245 16.0)
(1.0E-9,12.0,0.1450000000000001)(61.81702301951495 54.0)
(1.0E-9,12.0,0.1450000000000001)(62.45937580668035 50.0)
(1.0E-9,12.0,0.1450000000000001)(63.312853000090854 1.0)
(1.0E-9,12.0,0.1450000000000001)(61.25525462419707 65.0)
(1.0E-9,12.0,0.1450000000000001)(61.26715764687407 65.0)
(1.0E-9,12.0,0.1450000000000001)(63.12639931142351 39.0)
(1.0E-9,12.0,0.1450000000000001)(62.99668679040642 42.0)
(1.0E-9,12.0,0.1450000000000001)(62.96504853923961 50.0)
(1.0E-9,12.0,0.1450000000000001)(62.978938154471024 48.0)
(1.0E-9,12.0,0.1450000000000001)(62.96504853923961 52.0)
(1.0E-9 12.0 0.1460000000000001)(23.1158239537162 106.0)
(1.0E-9,12.0,0.1460000000000001)(63.1358937928245 16.0)
(1.0E-9,12.0,0.1460000000000001)(62.54040209381848 46.0)
(1.0E-9,12.0,0.1460000000000001)(63.01650861089896 35.0)
(1.0E-9,12.0,0.1460000000000001)(63.312853000090854 1.0)
(1.0E-9,12.0,0.1460000000000001)(63.00661529850565 39.0)
(1.0E-9,12.0,0.1460000000000001)(63.00661529850565 40.0)
(1.0E-9,12.0,0.1460000000000001)(62.978938154471024 42.0)
(1.0E-9,12.0,0.1460000000000001)(62.96504853923961 47.0)
(1.0E-9,12.0,0.1460000000000001)(62.978938154471024 44.0)
(1.0E-9,12.0,0.1460000000000001)(62.99668679040642 42.0)
(1.0E-9,12.0,0.1460000000000001)(62.96504853923961 49.0)
(1.0E-9 12.0 0.1470000000000001)(23.1158239537162 106.0)
(1.0E-9,12.0,0.1470000000000001)(63.1358937928245 18.0)
(1.0E-9,12.0,0.1470000000000001)(62.54040209381848 46.0)
(1.0E-9,12.0,0.1470000000000001)(62.61254343839547 46.0)
(1.0E-9,12.0,0.1470000000000001)(63.312853000090854 1.0)
(1.0E-9,12.0,0.1470000000000001)(62.94143537441942 48.0)
(1.0E-9,12.0,0.1470000000000001)(63.080178118142506 45.0)
(1.0E-9,12.0,0.1470000000000001)(62.953370073978896 51.0)
(1.0E-9,12.0,0.1470000000000001)(62.899474435618636 54.0)
(1.0E-9,12.0,0.1470000000000001)(62.899474435618636 55.0)
(1.0E-9,12.0,0.1470000000000001)(61.52519467591676 74.0)
(1.0E-9,12.0,0.1470000000000001)(62.899474435618636 58.0)
(1.0E-9 12.0 0.1480000000000001)(23.1158239537162 106.0)
(1.0E-9,12.0,0.1480000000000001)(63.1358937928245 18.0)
(1.0E-9,12.0,0.1480000000000001)(62.54040209381848 46.0)
(1.0E-9,12.0,0.1480000000000001)(63.00661529850565 37.0)
(1.0E-9,12.0,0.1480000000000001)(63.312853000090854 1.0)
(1.0E-9,12.0,0.1480000000000001)(63.00661529850565 39.0)
(1.0E-9,12.0,0.1480000000000001)(62.99668679040642 40.0)
(1.0E-9,12.0,0.1480000000000001)(63.00661529850565 41.0)
(1.0E-9,12.0,0.1480000000000001)(62.477722555093315 53.0)
(1.0E-9,12.0,0.1480000000000001)(63.00661529850565 42.0)
(1.0E-9,12.0,0.1480000000000001)(62.978938154471024 44.0)
(1.0E-9,12.0,0.1480000000000001)(62.38575402630391 56.0)
(1.0E-9,12.0,0.1480000000000001)(62.38575402630391 57.0)
(1.0E-9,12.0,0.1480000000000001)(62.96504853923961 47.0)
(1.0E-9,12.0,0.1480000000000001)(62.96504853923961 49.0)
(1.0E-9 12.0 0.1490000000000001)(23.1158239537162 106.0)
(1.0E-9,12.0,0.1490000000000001)(63.1358937928245 18.0)
(1.0E-9,12.0,0.1490000000000001)(62.54040209381848 46.0)
(1.0E-9,12.0,0.1490000000000001)(63.00661529850565 37.0)
(1.0E-9,12.0,0.1490000000000001)(63.312853000090854 1.0)
(1.0E-9,12.0,0.1490000000000001)(62.981115503392125 46.0)
(1.0E-9,12.0,0.1490000000000001)(63.06722645401987 39.0)
(1.0E-9,12.0,0.1490000000000001)(61.76426168098161 64.0)
(1.0E-9,12.0,0.1490000000000001)(62.975151323845694 50.0)
(1.0E-9,12.0,0.1490000000000001)(62.899474435618636 55.0)
(1.0E-9,12.0,0.1490000000000001)(62.91349292774977 53.0)
(1.0E-9,12.0,0.1490000000000001)(62.899474435618636 58.0)
(1.0E-9 12.0 0.1500000000000001)(23.1158239537162 106.0)
(1.0E-9,12.0,0.1500000000000001)(63.1358937928245 18.0)
(1.0E-9,12.0,0.1500000000000001)(62.54040209381848 46.0)
(1.0E-9,12.0,0.1500000000000001)(63.00661529850565 37.0)
(1.0E-9,12.0,0.1500000000000001)(63.312853000090854 1.0)
(1.0E-9,12.0,0.1500000000000001)(62.981115503392125 46.0)
(1.0E-9,12.0,0.1500000000000001)(63.06722645401987 39.0)
(1.0E-9,12.0,0.1500000000000001)(61.76426168098161 64.0)
(1.0E-9,12.0,0.1500000000000001)(62.975151323845694 50.0)
(1.0E-9,12.0,0.1500000000000001)(62.899474435618636 55.0)
(1.0E-9,12.0,0.1500000000000001)(62.91349292774977 53.0)
(1.0E-9,12.0,0.1500000000000001)(62.899474435618636 58.0)
(1.0E-9 12.0 0.1510000000000001)(23.06800021490177 107.0)
(1.0E-9,12.0,0.1510000000000001)(63.1358937928245 18.0)
(1.0E-9,12.0,0.1510000000000001)(62.54040209381848 46.0)
(1.0E-9,12.0,0.1510000000000001)(63.00661529850565 37.0)
(1.0E-9,12.0,0.1510000000000001)(63.312853000090854 1.0)
(1.0E-9,12.0,0.1510000000000001)(63.312853000090854 25.0)
(1.0E-9,12.0,0.1510000000000001)(62.96950854493063 50.0)
(1.0E-9,12.0,0.1510000000000001)(62.521179236916794 51.0)
(1.0E-9,12.0,0.1510000000000001)(62.80127495164256 54.0)
(1.0E-9,12.0,0.1510000000000001)(60.60267819304076 65.0)
(1.0E-9,12.0,0.1510000000000001)(60.52517067577732 68.0)
(1.0E-9,12.0,0.1510000000000001)(60.52517067577732 70.0)
(1.0E-9 12.0 0.1520000000000001)(23.06800021490177 107.0)
(1.0E-9,12.0,0.1520000000000001)(63.1358937928245 18.0)
(1.0E-9,12.0,0.1520000000000001)(62.54040209381848 46.0)
(1.0E-9,12.0,0.1520000000000001)(62.61254343839547 46.0)
(1.0E-9,12.0,0.1520000000000001)(63.312853000090854 1.0)
(1.0E-9,12.0,0.1520000000000001)(63.312853000090854 9.0)
(1.0E-9,12.0,0.1520000000000001)(63.312853000090854 10.0)
(1.0E-9,12.0,0.1520000000000001)(63.312853000090854 5.0)
(1.0E-9,12.0,0.1520000000000001)(61.24378966772166 66.0)
(1.0E-9,12.0,0.1520000000000001)(62.86320689495121 53.0)
(1.0E-9,12.0,0.1520000000000001)(60.545604626551544 70.0)
(1.0E-9,12.0,0.1520000000000001)(60.45280172863247 77.0)
(1.0E-9,12.0,0.1520000000000001)(60.45280172863247 74.0)
(1.0E-9 12.0 0.1530000000000001)(22.70218057419637 110.0)
(1.0E-9,12.0,0.1530000000000001)(63.1358937928245 18.0)
(1.0E-9,12.0,0.1530000000000001)(62.54040209381848 46.0)
(1.0E-9,12.0,0.1530000000000001)(63.00661529850565 37.0)
(1.0E-9,12.0,0.1530000000000001)(63.312853000090854 1.0)
(1.0E-9,12.0,0.1530000000000001)(63.008770303205964 48.0)
(1.0E-9,12.0,0.1530000000000001)(62.61254343839547 50.0)
(1.0E-9,12.0,0.1530000000000001)(62.891084925921746 50.0)
(1.0E-9,12.0,0.1530000000000001)(62.521179236916794 53.0)
(1.0E-9,12.0,0.1530000000000001)(62.978938154471024 43.0)
(1.0E-9,12.0,0.1530000000000001)(62.44596814667612 55.0)
(1.0E-9,12.0,0.1530000000000001)(62.38575402630391 55.0)
(1.0E-9,12.0,0.1530000000000001)(62.371184319122435 59.0)
(1.0E-9,12.0,0.1530000000000001)(62.371184319122435 57.0)
(1.0E-9 12.0 0.1540000000000001)(22.70218057419637 110.0)
(1.0E-9,12.0,0.1540000000000001)(63.1358937928245 18.0)
(1.0E-9,12.0,0.1540000000000001)(62.54040209381848 46.0)
(1.0E-9,12.0,0.1540000000000001)(63.00661529850565 37.0)
(1.0E-9,12.0,0.1540000000000001)(63.312853000090854 1.0)
(1.0E-9,12.0,0.1540000000000001)(63.01994673780508 49.0)
(1.0E-9,12.0,0.1540000000000001)(60.9999420037652 66.0)
(1.0E-9,12.0,0.1540000000000001)(60.688213329337636 67.0)
(1.0E-9,12.0,0.1540000000000001)(60.59516440797327 67.0)
(1.0E-9,12.0,0.1540000000000001)(60.545604626551544 69.0)
(1.0E-9,12.0,0.1540000000000001)(62.86320689495121 53.0)
(1.0E-9,12.0,0.1540000000000001)(60.45280172863247 73.0)
(1.0E-9,12.0,0.1540000000000001)(60.45280172863247 77.0)
(1.0E-9,12.0,0.1540000000000001)(60.45280172863247 74.0)
(1.0E-9,12.0,0.1540000000000001)(60.52517067577732 68.0)
(1.0E-9 12.0 0.1550000000000001)(24.78597618683064 112.0)
(1.0E-9,12.0,0.1550000000000001)(63.1358937928245 19.0)
(1.0E-9,12.0,0.1550000000000001)(62.22458705372148 53.0)
(1.0E-9,12.0,0.1550000000000001)(62.09275592313902 61.0)
(1.0E-9,12.0,0.1550000000000001)(59.091775689558766 71.0)
(1.0E-9,12.0,0.1550000000000001)(58.905358673806816 71.0)
(1.0E-9,12.0,0.1550000000000001)(56.719347674928514 71.0)
(1.0E-9,12.0,0.1550000000000001)(59.50779871076884 69.0)
(1.0E-9,12.0,0.1550000000000001)(59.50779871076884 70.0)
(1.0E-9,12.0,0.1550000000000001)(59.50779871076884 72.0)
(1.0E-9,12.0,0.1550000000000001)(59.91955290633217 69.0)
(1.0E-9,12.0,0.1550000000000001)(62.13008056115507 61.0)
(1.0E-9,12.0,0.1550000000000001)(62.13008056115507 60.0)
(1.0E-9,12.0,0.1550000000000001)(62.10817096087519 71.0)
(1.0E-9 12.0 0.1560000000000001)(24.78597618683064 112.0)
(1.0E-9,12.0,0.1560000000000001)(63.1358937928245 19.0)
(1.0E-9,12.0,0.1560000000000001)(62.22458705372148 53.0)
(1.0E-9,12.0,0.1560000000000001)(62.09275592313902 61.0)
(1.0E-9,12.0,0.1560000000000001)(59.091775689558766 71.0)
(1.0E-9,12.0,0.1560000000000001)(58.905358673806816 71.0)
(1.0E-9,12.0,0.1560000000000001)(56.719347674928514 71.0)
(1.0E-9,12.0,0.1560000000000001)(59.50779871076884 69.0)
(1.0E-9,12.0,0.1560000000000001)(59.50779871076884 70.0)
(1.0E-9,12.0,0.1560000000000001)(59.50779871076884 72.0)
(1.0E-9,12.0,0.1560000000000001)(59.91955290633217 69.0)
(1.0E-9,12.0,0.1560000000000001)(62.13008056115507 61.0)
(1.0E-9,12.0,0.1560000000000001)(62.13008056115507 60.0)
(1.0E-9,12.0,0.1560000000000001)(62.10817096087519 71.0)
(1.0E-9 12.0 0.1570000000000001)(24.78597618683064 112.0)
(1.0E-9,12.0,0.1570000000000001)(63.1358937928245 19.0)
(1.0E-9,12.0,0.1570000000000001)(62.22458705372148 53.0)
(1.0E-9,12.0,0.1570000000000001)(59.83591578367394 70.0)
(1.0E-9,12.0,0.1570000000000001)(59.0214265516336 74.0)
(1.0E-9,12.0,0.1570000000000001)(56.719347674928514 71.0)
(1.0E-9,12.0,0.1570000000000001)(56.719347674928514 72.0)
(1.0E-9,12.0,0.1570000000000001)(59.50779871076884 70.0)
(1.0E-9,12.0,0.1570000000000001)(59.50779871076884 69.0)
(1.0E-9,12.0,0.1570000000000001)(59.315025190311765 73.0)
(1.0E-9,12.0,0.1570000000000001)(59.91955290633217 69.0)
(1.0E-9,12.0,0.1570000000000001)(62.13008056115507 61.0)
(1.0E-9 12.0 0.1580000000000001)(24.78597618683064 112.0)
(1.0E-9,12.0,0.1580000000000001)(63.1358937928245 19.0)
(1.0E-9,12.0,0.1580000000000001)(62.22458705372148 53.0)
(1.0E-9,12.0,0.1580000000000001)(59.890267683317724 67.0)
(1.0E-9,12.0,0.1580000000000001)(59.091775689558766 71.0)
(1.0E-9,12.0,0.1580000000000001)(56.719347674928514 70.0)
(1.0E-9,12.0,0.1580000000000001)(59.50779871076884 70.0)
(1.0E-9,12.0,0.1580000000000001)(59.50779871076884 68.0)
(1.0E-9,12.0,0.1580000000000001)(59.315025190311765 69.0)
(1.0E-9,12.0,0.1580000000000001)(62.14239466894998 67.0)
(1.0E-9,12.0,0.1580000000000001)(59.91955290633217 69.0)
(1.0E-9,12.0,0.1580000000000001)(62.10817096087519 71.0)
(1.0E-9,12.0,0.1580000000000001)(62.13008056115507 60.0)
(1.0E-9 12.0 0.1590000000000001)(24.74827905116039 113.0)
(1.0E-9,12.0,0.1590000000000001)(63.1358937928245 19.0)
(1.0E-9,12.0,0.1590000000000001)(62.22458705372148 53.0)
(1.0E-9,12.0,0.1590000000000001)(59.83591578367394 70.0)
(1.0E-9,12.0,0.1590000000000001)(59.04462893091417 76.0)
(1.0E-9,12.0,0.1590000000000001)(62.14239466894998 67.0)
(1.0E-9,12.0,0.1590000000000001)(59.50779871076884 68.0)
(1.0E-9,12.0,0.1590000000000001)(59.50779871076884 69.0)
(1.0E-9,12.0,0.1590000000000001)(59.91955290633217 69.0)
(1.0E-9,12.0,0.1590000000000001)(62.13008056115507 61.0)
(1.0E-9,12.0,0.1590000000000001)(62.10817096087519 72.0)
(1.0E-9 12.0 0.16000000000000011)(24.74827905116039 113.0)
(1.0E-9,12.0,0.16000000000000011)(63.1358937928245 19.0)
(1.0E-9,12.0,0.16000000000000011)(62.22458705372148 53.0)
(1.0E-9,12.0,0.16000000000000011)(62.09275592313902 64.0)
(1.0E-9,12.0,0.16000000000000011)(61.768746560026806 68.0)
(1.0E-9,12.0,0.16000000000000011)(59.098721234075256 70.0)
(1.0E-9,12.0,0.16000000000000011)(59.50779871076884 69.0)
(1.0E-9,12.0,0.16000000000000011)(62.10817096087519 70.0)
(1.0E-9,12.0,0.16000000000000011)(62.10817096087519 71.0)
(1.0E-9,12.0,0.16000000000000011)(59.91955290633217 70.0)
(1.0E-9,12.0,0.16000000000000011)(62.13008056115507 63.0)
(1.0E-9,12.0,0.16000000000000011)(62.13008056115507 61.0)
(1.0E-9,12.0,0.16000000000000011)(62.10817096087519 72.0)
(1.0E-9 12.0 0.16100000000000012)(24.74827905116039 113.0)
(1.0E-9,12.0,0.16100000000000012)(63.1358937928245 19.0)
(1.0E-9,12.0,0.16100000000000012)(62.22458705372148 54.0)
(1.0E-9,12.0,0.16100000000000012)(62.09275592313902 61.0)
(1.0E-9,12.0,0.16100000000000012)(61.75765700984011 71.0)
(1.0E-9,12.0,0.16100000000000012)(62.14239466894998 67.0)
(1.0E-9,12.0,0.16100000000000012)(62.14239466894998 68.0)
(1.0E-9,12.0,0.16100000000000012)(63.00661529850565 41.0)
(1.0E-9,12.0,0.16100000000000012)(62.10817096087519 70.0)
(1.0E-9 12.0 0.16200000000000012)(24.46357079466367 114.0)
(1.0E-9,12.0,0.16200000000000012)(63.1358937928245 19.0)
(1.0E-9,12.0,0.16200000000000012)(62.22458705372148 53.0)
(1.0E-9,12.0,0.16200000000000012)(62.09275592313902 61.0)
(1.0E-9,12.0,0.16200000000000012)(62.14239466894998 66.0)
(1.0E-9,12.0,0.16200000000000012)(62.14239466894998 68.0)
(1.0E-9,12.0,0.16200000000000012)(63.00661529850565 41.0)
(1.0E-9,12.0,0.16200000000000012)(63.00661529850565 42.0)
(1.0E-9,12.0,0.16200000000000012)(62.14239466894998 71.0)
(1.0E-9,12.0,0.16200000000000012)(62.10817096087519 72.0)
(1.0E-9,12.0,0.16200000000000012)(62.10817096087519 73.0)
(1.0E-9,12.0,0.16200000000000012)(62.10817096087519 74.0)
(1.0E-9 12.0 0.16300000000000012)(24.46357079466367 114.0)
(1.0E-9,12.0,0.16300000000000012)(63.1358937928245 19.0)
(1.0E-9,12.0,0.16300000000000012)(62.22458705372148 53.0)
(1.0E-9,12.0,0.16300000000000012)(62.09275592313902 61.0)
(1.0E-9,12.0,0.16300000000000012)(62.14239466894998 66.0)
(1.0E-9,12.0,0.16300000000000012)(62.14239466894998 68.0)
(1.0E-9,12.0,0.16300000000000012)(63.00661529850565 41.0)
(1.0E-9,12.0,0.16300000000000012)(63.00661529850565 42.0)
(1.0E-9,12.0,0.16300000000000012)(62.14239466894998 71.0)
(1.0E-9,12.0,0.16300000000000012)(62.10817096087519 72.0)
(1.0E-9,12.0,0.16300000000000012)(62.10817096087519 73.0)
(1.0E-9,12.0,0.16300000000000012)(62.10817096087519 74.0)
(1.0E-9 12.0 0.16400000000000012)(22.63840379286634 111.0)
(1.0E-9,12.0,0.16400000000000012)(63.1358937928245 18.0)
(1.0E-9,12.0,0.16400000000000012)(62.54040209381848 46.0)
(1.0E-9,12.0,0.16400000000000012)(63.00661529850565 37.0)
(1.0E-9,12.0,0.16400000000000012)(63.312853000090854 1.0)
(1.0E-9,12.0,0.16400000000000012)(62.891084925921746 52.0)
(1.0E-9,12.0,0.16400000000000012)(63.06722645401987 38.0)
(1.0E-9,12.0,0.16400000000000012)(62.59807467486365 52.0)
(1.0E-9,12.0,0.16400000000000012)(62.882671003719054 52.0)
(1.0E-9,12.0,0.16400000000000012)(62.985199440982285 53.0)
(1.0E-9,12.0,0.16400000000000012)(62.371184319122435 58.0)
(1.0E-9,12.0,0.16400000000000012)(62.53671153297208 56.0)
(1.0E-9,12.0,0.16400000000000012)(62.59807467486365 54.0)
(1.0E-9,12.0,0.16400000000000012)(62.53671153297208 57.0)
(1.0E-9 12.0 0.16500000000000012)(22.348187474006785 112.0)
(1.0E-9,12.0,0.16500000000000012)(63.1358937928245 19.0)
(1.0E-9,12.0,0.16500000000000012)(61.23339964028697 58.0)
(1.0E-9,12.0,0.16500000000000012)(63.00661529850565 37.0)
(1.0E-9,12.0,0.16500000000000012)(63.312853000090854 1.0)
(1.0E-9,12.0,0.16500000000000012)(62.96165139462426 46.0)
(1.0E-9,12.0,0.16500000000000012)(60.62203535952691 70.0)
(1.0E-9,12.0,0.16500000000000012)(62.59807467486365 52.0)
(1.0E-9,12.0,0.16500000000000012)(61.040087243119714 71.0)
(1.0E-9,12.0,0.16500000000000012)(60.328426206878916 73.0)
(1.0E-9,12.0,0.16500000000000012)(60.25081864205866 70.0)
(1.0E-9,12.0,0.16500000000000012)(60.545604626551544 72.0)
(1.0E-9 12.0 0.16600000000000012)(22.348187474006785 112.0)
(1.0E-9,12.0,0.16600000000000012)(63.1358937928245 19.0)
(1.0E-9,12.0,0.16600000000000012)(61.23339964028697 58.0)
(1.0E-9,12.0,0.16600000000000012)(63.00661529850565 37.0)
(1.0E-9,12.0,0.16600000000000012)(63.312853000090854 1.0)
(1.0E-9,12.0,0.16600000000000012)(61.207888054028636 68.0)
(1.0E-9,12.0,0.16600000000000012)(60.62203535952691 70.0)
(1.0E-9,12.0,0.16600000000000012)(61.10401213345825 68.0)
(1.0E-9,12.0,0.16600000000000012)(61.040087243119714 71.0)
(1.0E-9,12.0,0.16600000000000012)(57.87287403150974 73.0)
(1.0E-9,12.0,0.16600000000000012)(61.040087243119714 72.0)
(1.0E-9,12.0,0.16600000000000012)(60.52517067577732 69.0)
(1.0E-9,12.0,0.16600000000000012)(60.25081864205866 75.0)
(1.0E-9 12.0 0.16700000000000012)(22.348187474006785 112.0)
(1.0E-9,12.0,0.16700000000000012)(63.1358937928245 19.0)
(1.0E-9,12.0,0.16700000000000012)(61.23339964028697 58.0)
(1.0E-9,12.0,0.16700000000000012)(63.00661529850565 37.0)
(1.0E-9,12.0,0.16700000000000012)(63.312853000090854 1.0)
(1.0E-9,12.0,0.16700000000000012)(63.00661529850565 41.0)
(1.0E-9,12.0,0.16700000000000012)(60.31596261817189 69.0)
(1.0E-9,12.0,0.16700000000000012)(63.00661529850565 42.0)
(1.0E-9,12.0,0.16700000000000012)(63.00661529850565 40.0)
(1.0E-9,12.0,0.16700000000000012)(60.517671756996364 71.0)
(1.0E-9,12.0,0.16700000000000012)(60.5955281920678 73.0)
(1.0E-9,12.0,0.16700000000000012)(60.46806781824046 72.0)
(1.0E-9,12.0,0.16700000000000012)(62.84921971984382 56.0)
(1.0E-9,12.0,0.16700000000000012)(62.84921971984382 59.0)
(1.0E-9 12.0 0.16800000000000012)(22.348187474006785 112.0)
(1.0E-9,12.0,0.16800000000000012)(63.1358937928245 19.0)
(1.0E-9,12.0,0.16800000000000012)(61.23339964028697 58.0)
(1.0E-9,12.0,0.16800000000000012)(63.00661529850565 37.0)
(1.0E-9,12.0,0.16800000000000012)(63.312853000090854 1.0)
(1.0E-9,12.0,0.16800000000000012)(62.96165139462426 46.0)
(1.0E-9,12.0,0.16800000000000012)(62.82940364405435 51.0)
(1.0E-9,12.0,0.16800000000000012)(60.62203535952691 70.0)
(1.0E-9,12.0,0.16800000000000012)(62.891084925921746 55.0)
(1.0E-9,12.0,0.16800000000000012)(60.62203535952691 69.0)
(1.0E-9,12.0,0.16800000000000012)(62.891084925921746 52.0)
(1.0E-9,12.0,0.16800000000000012)(62.84921971984382 54.0)
(1.0E-9,12.0,0.16800000000000012)(63.312853000090854 7.0)
(1.0E-9,12.0,0.16800000000000012)(62.967520485081835 53.0)
(1.0E-9,12.0,0.16800000000000012)(63.08597570180083 40.0)
(1.0E-9,12.0,0.16800000000000012)(62.967520485081835 56.0)
(1.0E-9 12.0 0.16900000000000012)(22.348187474006785 112.0)
(1.0E-9,12.0,0.16900000000000012)(63.1358937928245 19.0)
(1.0E-9,12.0,0.16900000000000012)(61.23339964028697 58.0)
(1.0E-9,12.0,0.16900000000000012)(63.00661529850565 37.0)
(1.0E-9,12.0,0.16900000000000012)(63.312853000090854 1.0)
(1.0E-9,12.0,0.16900000000000012)(62.96165139462426 46.0)
(1.0E-9,12.0,0.16900000000000012)(62.82940364405435 51.0)
(1.0E-9,12.0,0.16900000000000012)(60.62203535952691 70.0)
(1.0E-9,12.0,0.16900000000000012)(62.891084925921746 55.0)
(1.0E-9,12.0,0.16900000000000012)(60.62203535952691 69.0)
(1.0E-9,12.0,0.16900000000000012)(62.891084925921746 52.0)
(1.0E-9,12.0,0.16900000000000012)(62.84921971984382 54.0)
(1.0E-9,12.0,0.16900000000000012)(63.312853000090854 7.0)
(1.0E-9,12.0,0.16900000000000012)(62.967520485081835 53.0)
(1.0E-9,12.0,0.16900000000000012)(63.08597570180083 40.0)
(1.0E-9,12.0,0.16900000000000012)(62.967520485081835 56.0)
(1.0E-9 12.0 0.17000000000000012)(22.348187474006785 112.0)
(1.0E-9,12.0,0.17000000000000012)(63.1358937928245 19.0)
(1.0E-9,12.0,0.17000000000000012)(61.23339964028697 58.0)
(1.0E-9,12.0,0.17000000000000012)(63.00661529850565 37.0)
(1.0E-9,12.0,0.17000000000000012)(63.312853000090854 1.0)
(1.0E-9,12.0,0.17000000000000012)(63.312853000090854 14.0)
(1.0E-9,12.0,0.17000000000000012)(63.312853000090854 20.0)
(1.0E-9,12.0,0.17000000000000012)(62.96504853923961 44.0)
(1.0E-9,12.0,0.17000000000000012)(62.35269957344418 62.0)
(1.0E-9,12.0,0.17000000000000012)(62.96504853923961 47.0)
(1.0E-9 12.0 0.17100000000000012)(22.25001415167523 113.0)
(1.0E-9,12.0,0.17100000000000012)(63.1358937928245 19.0)
(1.0E-9,12.0,0.17100000000000012)(61.43390237817286 58.0)
(1.0E-9,12.0,0.17100000000000012)(63.06722645401987 38.0)
(1.0E-9,12.0,0.17100000000000012)(63.312853000090854 1.0)
(1.0E-9,12.0,0.17100000000000012)(63.06722645401987 42.0)
(1.0E-9,12.0,0.17100000000000012)(63.04191038115853 47.0)
(1.0E-9,12.0,0.17100000000000012)(63.06722645401987 41.0)
(1.0E-9,12.0,0.17100000000000012)(63.026199390384186 44.0)
(1.0E-9,12.0,0.17100000000000012)(59.35892775278123 71.0)
(1.0E-9,12.0,0.17100000000000012)(60.724850260385494 69.0)
(1.0E-9 12.0 0.17200000000000013)(22.25001415167523 113.0)
(1.0E-9,12.0,0.17200000000000013)(63.1358937928245 19.0)
(1.0E-9,12.0,0.17200000000000013)(61.43390237817286 58.0)
(1.0E-9,12.0,0.17200000000000013)(63.06722645401987 38.0)
(1.0E-9,12.0,0.17200000000000013)(63.312853000090854 1.0)
(1.0E-9,12.0,0.17200000000000013)(63.07693199520658 37.0)
(1.0E-9,12.0,0.17200000000000013)(63.312853000090854 5.0)
(1.0E-9,12.0,0.17200000000000013)(63.08597570180083 42.0)
(1.0E-9,12.0,0.17200000000000013)(63.026199390384186 44.0)
(1.0E-9,12.0,0.17200000000000013)(62.90623338274918 58.0)
(1.0E-9,12.0,0.17200000000000013)(60.724850260385494 66.0)
(1.0E-9 12.0 0.17300000000000013)(21.8879011480165 113.0)
(1.0E-9,12.0,0.17300000000000013)(63.1358937928245 18.0)
(1.0E-9,12.0,0.17300000000000013)(62.31203543325964 57.0)
(1.0E-9,12.0,0.17300000000000013)(62.23424865991627 63.0)
(1.0E-9,12.0,0.17300000000000013)(63.312853000090854 1.0)
(1.0E-9,12.0,0.17300000000000013)(63.06722645401987 39.0)
(1.0E-9,12.0,0.17300000000000013)(63.03602005548097 41.0)
(1.0E-9,12.0,0.17300000000000013)(63.12639931142351 39.0)
(1.0E-9,12.0,0.17300000000000013)(62.24496968371472 62.0)
(1.0E-9,12.0,0.17300000000000013)(63.06722645401987 45.0)
(1.0E-9 12.0 0.17400000000000013)(21.8879011480165 113.0)
(1.0E-9,12.0,0.17400000000000013)(63.1358937928245 18.0)
(1.0E-9,12.0,0.17400000000000013)(62.31203543325964 57.0)
(1.0E-9,12.0,0.17400000000000013)(62.36349994937285 61.0)
(1.0E-9,12.0,0.17400000000000013)(63.312853000090854 1.0)
(1.0E-9,12.0,0.17400000000000013)(63.02818745023299 46.0)
(1.0E-9,12.0,0.17400000000000013)(63.06722645401987 41.0)
(1.0E-9,12.0,0.17400000000000013)(63.02818745023299 45.0)
(1.0E-9,12.0,0.17400000000000013)(63.1053736364234 44.0)
(1.0E-9,12.0,0.17400000000000013)(63.06722645401987 42.0)
(1.0E-9,12.0,0.17400000000000013)(63.03602005548097 45.0)
(1.0E-9,12.0,0.17400000000000013)(62.24496968371472 62.0)
(1.0E-9 12.0 0.17500000000000013)(21.8879011480165 113.0)
(1.0E-9,12.0,0.17500000000000013)(63.1358937928245 18.0)
(1.0E-9,12.0,0.17500000000000013)(62.31203543325964 57.0)
(1.0E-9,12.0,0.17500000000000013)(63.06722645401987 41.0)
(1.0E-9,12.0,0.17500000000000013)(63.312853000090854 1.0)
(1.0E-9,12.0,0.17500000000000013)(63.06722645401987 40.0)
(1.0E-9,12.0,0.17500000000000013)(62.36349994937285 61.0)
(1.0E-9,12.0,0.17500000000000013)(63.06722645401987 42.0)
(1.0E-9,12.0,0.17500000000000013)(63.06722645401987 44.0)
(1.0E-9,12.0,0.17500000000000013)(63.06722645401987 45.0)
(1.0E-9,12.0,0.17500000000000013)(63.06722645401987 46.0)
(1.0E-9 12.0 0.17600000000000013)(21.8879011480165 113.0)
(1.0E-9,12.0,0.17600000000000013)(63.1358937928245 18.0)
(1.0E-9,12.0,0.17600000000000013)(62.31203543325964 57.0)
(1.0E-9,12.0,0.17600000000000013)(63.06722645401987 41.0)
(1.0E-9,12.0,0.17600000000000013)(63.312853000090854 1.0)
(1.0E-9,12.0,0.17600000000000013)(63.06722645401987 40.0)
(1.0E-9,12.0,0.17600000000000013)(62.36349994937285 61.0)
(1.0E-9,12.0,0.17600000000000013)(63.06722645401987 42.0)
(1.0E-9,12.0,0.17600000000000013)(63.06722645401987 44.0)
(1.0E-9,12.0,0.17600000000000013)(63.06722645401987 45.0)
(1.0E-9,12.0,0.17600000000000013)(63.06722645401987 46.0)
(1.0E-9 12.0 0.17700000000000013)(22.592197778888774 113.0)
(1.0E-9,12.0,0.17700000000000013)(63.1358937928245 16.0)
(1.0E-9,12.0,0.17700000000000013)(62.46237906285896 48.0)
(1.0E-9,12.0,0.17700000000000013)(63.312853000090854 1.0)
(1.0E-9,12.0,0.17700000000000013)(63.06722645401987 31.0)
(1.0E-9,12.0,0.17700000000000013)(63.06722645401987 35.0)
(1.0E-9,12.0,0.17700000000000013)(63.06722645401987 36.0)
(1.0E-9,12.0,0.17700000000000013)(63.06722645401987 38.0)
(1.0E-9,12.0,0.17700000000000013)(63.06722645401987 39.0)
(1.0E-9,12.0,0.17700000000000013)(63.06722645401987 40.0)
(1.0E-9,12.0,0.17700000000000013)(63.07693199520658 39.0)
(1.0E-9,12.0,0.17700000000000013)(62.559866718811435 49.0)
(1.0E-9,12.0,0.17700000000000013)(62.559866718811435 50.0)
(1.0E-9,12.0,0.17700000000000013)(62.559866718811435 52.0)
(1.0E-9 12.0 0.17800000000000013)(22.592197778888774 113.0)
(1.0E-9,12.0,0.17800000000000013)(63.1358937928245 16.0)
(1.0E-9,12.0,0.17800000000000013)(62.46237906285896 48.0)
(1.0E-9,12.0,0.17800000000000013)(63.312853000090854 1.0)
(1.0E-9,12.0,0.17800000000000013)(63.06722645401987 39.0)
(1.0E-9,12.0,0.17800000000000013)(63.06722645401987 40.0)
(1.0E-9,12.0,0.17800000000000013)(63.06722645401987 42.0)
(1.0E-9,12.0,0.17800000000000013)(63.06722645401987 41.0)
(1.0E-9,12.0,0.17800000000000013)(63.06722645401987 44.0)
(1.0E-9,12.0,0.17800000000000013)(62.559866718811435 50.0)
(1.0E-9,12.0,0.17800000000000013)(63.06722645401987 47.0)
(1.0E-9 12.0 0.17900000000000013)(22.592197778888774 113.0)
(1.0E-9,12.0,0.17900000000000013)(63.1358937928245 16.0)
(1.0E-9,12.0,0.17900000000000013)(62.53650978829001 47.0)
(1.0E-9,12.0,0.17900000000000013)(63.312853000090854 1.0)
(1.0E-9,12.0,0.17900000000000013)(63.27617077005083 36.0)
(1.0E-9,12.0,0.17900000000000013)(63.12639931142351 37.0)
(1.0E-9,12.0,0.17900000000000013)(63.06722645401987 40.0)
(1.0E-9,12.0,0.17900000000000013)(63.06722645401987 42.0)
(1.0E-9,12.0,0.17900000000000013)(63.06722645401987 41.0)
(1.0E-9,12.0,0.17900000000000013)(62.44021302655503 52.0)
(1.0E-9,12.0,0.17900000000000013)(62.559866718811435 49.0)
(1.0E-9,12.0,0.17900000000000013)(63.06722645401987 44.0)
(1.0E-9 12.0 0.18000000000000013)(21.8879011480165 113.0)
(1.0E-9,12.0,0.18000000000000013)(63.1358937928245 18.0)
(1.0E-9,12.0,0.18000000000000013)(62.31203543325964 57.0)
(1.0E-9,12.0,0.18000000000000013)(63.06722645401987 41.0)
(1.0E-9,12.0,0.18000000000000013)(63.312853000090854 1.0)
(1.0E-9,12.0,0.18000000000000013)(63.07693199520658 41.0)
(1.0E-9 12.0 0.18100000000000013)(21.097494401779272 116.0)
(1.0E-9,12.0,0.18100000000000013)(63.1358937928245 16.0)
(1.0E-9,12.0,0.18100000000000013)(61.43892553151385 61.0)
(1.0E-9,12.0,0.18100000000000013)(63.06722645401987 41.0)
(1.0E-9,12.0,0.18100000000000013)(63.312853000090854 3.0)
(1.0E-9,12.0,0.18100000000000013)(63.312853000090854 1.0)
(1.0E-9,12.0,0.18100000000000013)(63.06722645401987 42.0)
(1.0E-9,12.0,0.18100000000000013)(62.96594926391666 60.0)
(1.0E-9,12.0,0.18100000000000013)(62.96594926391666 58.0)
(1.0E-9,12.0,0.18100000000000013)(62.96594926391666 56.0)
(1.0E-9,12.0,0.18100000000000013)(63.06722645401987 50.0)
(1.0E-9,12.0,0.18100000000000013)(62.44074340644739 64.0)
(1.0E-9,12.0,0.18100000000000013)(63.07693199520658 45.0)
(1.0E-9 12.0 0.18200000000000013)(21.097494401779272 116.0)
(1.0E-9,12.0,0.18200000000000013)(63.1358937928245 16.0)
(1.0E-9,12.0,0.18200000000000013)(61.43892553151385 61.0)
(1.0E-9,12.0,0.18200000000000013)(63.06722645401987 41.0)
(1.0E-9,12.0,0.18200000000000013)(63.312853000090854 3.0)
(1.0E-9,12.0,0.18200000000000013)(63.312853000090854 1.0)
(1.0E-9,12.0,0.18200000000000013)(63.06722645401987 42.0)
(1.0E-9,12.0,0.18200000000000013)(62.96594926391666 60.0)
(1.0E-9,12.0,0.18200000000000013)(62.96594926391666 58.0)
(1.0E-9,12.0,0.18200000000000013)(62.96594926391666 56.0)
(1.0E-9,12.0,0.18200000000000013)(63.06722645401987 50.0)
(1.0E-9,12.0,0.18200000000000013)(62.44074340644739 64.0)
(1.0E-9,12.0,0.18200000000000013)(63.07693199520658 45.0)
(1.0E-9 12.0 0.18300000000000013)(21.19091203700606 115.0)
(1.0E-9,12.0,0.18300000000000013)(63.1358937928245 16.0)
(1.0E-9,12.0,0.18300000000000013)(60.91145658660585 65.0)
(1.0E-9,12.0,0.18300000000000013)(63.00661529850565 42.0)
(1.0E-9,12.0,0.18300000000000013)(63.312853000090854 1.0)
(1.0E-9,12.0,0.18300000000000013)(63.08036974803937 31.0)
(1.0E-9,12.0,0.18300000000000013)(63.06677138509911 40.0)
(1.0E-9,12.0,0.18300000000000013)(63.00661529850565 43.0)
(1.0E-9,12.0,0.18300000000000013)(62.85994235189318 56.0)
(1.0E-9,12.0,0.18300000000000013)(62.93611711518174 57.0)
(1.0E-9,12.0,0.18300000000000013)(62.93611711518174 59.0)
(1.0E-9,12.0,0.18300000000000013)(63.00661529850565 46.0)
(1.0E-9,12.0,0.18300000000000013)(62.178920197313154 61.0)
(1.0E-9,12.0,0.18300000000000013)(63.00661529850565 49.0)
(1.0E-9,12.0,0.18300000000000013)(63.01650861089896 43.0)
(1.0E-9,12.0,0.18300000000000013)(63.01650861089896 44.0)
(1.0E-9,12.0,0.18300000000000013)(63.01650861089896 41.0)
(1.0E-9 12.0 0.18400000000000014)(21.19091203700606 115.0)
(1.0E-9,12.0,0.18400000000000014)(63.1358937928245 16.0)
(1.0E-9,12.0,0.18400000000000014)(60.91145658660585 65.0)
(1.0E-9,12.0,0.18400000000000014)(63.00661529850565 42.0)
(1.0E-9,12.0,0.18400000000000014)(63.312853000090854 1.0)
(1.0E-9,12.0,0.18400000000000014)(63.312853000090854 3.0)
(1.0E-9,12.0,0.18400000000000014)(63.00661529850565 39.0)
(1.0E-9,12.0,0.18400000000000014)(62.93611711518174 60.0)
(1.0E-9,12.0,0.18400000000000014)(63.312853000090854 7.0)
(1.0E-9,12.0,0.18400000000000014)(62.93611711518174 63.0)
(1.0E-9 12.0 0.18500000000000014)(21.25105968587583 114.0)
(1.0E-9,12.0,0.18500000000000014)(63.1358937928245 16.0)
(1.0E-9,12.0,0.18500000000000014)(61.10739360547718 64.0)
(1.0E-9,12.0,0.18500000000000014)(63.00661529850565 42.0)
(1.0E-9,12.0,0.18500000000000014)(63.312853000090854 1.0)
(1.0E-9,12.0,0.18500000000000014)(63.00661529850565 44.0)
(1.0E-9,12.0,0.18500000000000014)(62.93611711518174 59.0)
(1.0E-9,12.0,0.18500000000000014)(62.178920197313154 61.0)
(1.0E-9,12.0,0.18500000000000014)(62.178920197313154 60.0)
(1.0E-9,12.0,0.18500000000000014)(62.88551043238531 56.0)
(1.0E-9,12.0,0.18500000000000014)(62.93611711518174 63.0)
(1.0E-9,12.0,0.18500000000000014)(62.15252246510253 64.0)
(1.0E-9,12.0,0.18500000000000014)(63.00661529850565 52.0)
(1.0E-9 12.0 0.18600000000000014)(21.108048432645486 117.0)
(1.0E-9,12.0,0.18600000000000014)(63.1358937928245 16.0)
(1.0E-9,12.0,0.18600000000000014)(60.97207327135374 67.0)
(1.0E-9,12.0,0.18600000000000014)(63.312853000090854 1.0)
(1.0E-9,12.0,0.18600000000000014)(62.93611711518174 59.0)
(1.0E-9,12.0,0.18600000000000014)(62.93611711518174 60.0)
(1.0E-9,12.0,0.18600000000000014)(62.93611711518174 61.0)
(1.0E-9,12.0,0.18600000000000014)(63.00661529850565 51.0)
(1.0E-9,12.0,0.18600000000000014)(63.01650861089896 41.0)
(1.0E-9,12.0,0.18600000000000014)(62.93611711518174 66.0)
(1.0E-9 12.0 0.18700000000000014)(20.736953938532363 118.0)
(1.0E-9,12.0,0.18700000000000014)(63.1358937928245 16.0)
(1.0E-9,12.0,0.18700000000000014)(60.97207327135374 67.0)
(1.0E-9,12.0,0.18700000000000014)(63.00661529850565 44.0)
(1.0E-9,12.0,0.18700000000000014)(63.312853000090854 1.0)
(1.0E-9,12.0,0.18700000000000014)(63.1358937928245 21.0)
(1.0E-9,12.0,0.18700000000000014)(63.00661529850565 45.0)
(1.0E-9,12.0,0.18700000000000014)(63.00661529850565 46.0)
(1.0E-9,12.0,0.18700000000000014)(63.00661529850565 47.0)
(1.0E-9,12.0,0.18700000000000014)(63.00661529850565 49.0)
(1.0E-9,12.0,0.18700000000000014)(62.93611711518174 64.0)
(1.0E-9,12.0,0.18700000000000014)(62.93611711518174 65.0)
(1.0E-9,12.0,0.18700000000000014)(63.00661529850565 51.0)
(1.0E-9,12.0,0.18700000000000014)(63.00661529850565 48.0)
(1.0E-9 12.0 0.18800000000000014)(20.736953938532363 118.0)
(1.0E-9,12.0,0.18800000000000014)(63.1358937928245 16.0)
(1.0E-9,12.0,0.18800000000000014)(60.97207327135374 67.0)
(1.0E-9,12.0,0.18800000000000014)(60.323534251126446 72.0)
(1.0E-9,12.0,0.18800000000000014)(63.312853000090854 3.0)
(1.0E-9,12.0,0.18800000000000014)(63.312853000090854 1.0)
(1.0E-9,12.0,0.18800000000000014)(63.06677138509911 42.0)
(1.0E-9,12.0,0.18800000000000014)(63.06677138509911 40.0)
(1.0E-9,12.0,0.18800000000000014)(63.06677138509911 44.0)
(1.0E-9,12.0,0.18800000000000014)(62.981115503392125 57.0)
(1.0E-9,12.0,0.18800000000000014)(62.08497027963189 63.0)
(1.0E-9,12.0,0.18800000000000014)(60.50719253320425 72.0)
(1.0E-9,12.0,0.18800000000000014)(63.00661529850565 52.0)
(1.0E-9 12.0 0.18900000000000014)(20.736953938532363 118.0)
(1.0E-9,12.0,0.18900000000000014)(63.1358937928245 16.0)
(1.0E-9,12.0,0.18900000000000014)(60.97207327135374 67.0)
(1.0E-9,12.0,0.18900000000000014)(60.323534251126446 72.0)
(1.0E-9,12.0,0.18900000000000014)(63.312853000090854 3.0)
(1.0E-9,12.0,0.18900000000000014)(63.312853000090854 1.0)
(1.0E-9,12.0,0.18900000000000014)(63.06677138509911 42.0)
(1.0E-9,12.0,0.18900000000000014)(63.06677138509911 40.0)
(1.0E-9,12.0,0.18900000000000014)(63.06677138509911 44.0)
(1.0E-9,12.0,0.18900000000000014)(62.981115503392125 57.0)
(1.0E-9,12.0,0.18900000000000014)(62.08497027963189 63.0)
(1.0E-9,12.0,0.18900000000000014)(60.50719253320425 72.0)
(1.0E-9,12.0,0.18900000000000014)(63.00661529850565 52.0)
(1.0E-9 12.0 0.19000000000000014)(20.691829788540193 120.0)
(1.0E-9,12.0,0.19000000000000014)(63.1358937928245 16.0)
(1.0E-9,12.0,0.19000000000000014)(60.55991130043745 70.0)
(1.0E-9,12.0,0.19000000000000014)(63.312853000090854 1.0)
(1.0E-9,12.0,0.19000000000000014)(63.08036974803937 33.0)
(1.0E-9,12.0,0.19000000000000014)(63.02040143265253 37.0)
(1.0E-9,12.0,0.19000000000000014)(63.00661529850565 48.0)
(1.0E-9,12.0,0.19000000000000014)(62.93611711518174 63.0)
(1.0E-9,12.0,0.19000000000000014)(63.00661529850565 52.0)
(1.0E-9 12.0 0.19100000000000014)(20.691829788540193 120.0)
(1.0E-9,12.0,0.19100000000000014)(63.1358937928245 16.0)
(1.0E-9,12.0,0.19100000000000014)(60.55991130043745 70.0)
(1.0E-9,12.0,0.19100000000000014)(63.312853000090854 1.0)
(1.0E-9,12.0,0.19100000000000014)(63.00661529850565 44.0)
(1.0E-9,12.0,0.19100000000000014)(63.00661529850565 45.0)
(1.0E-9,12.0,0.19100000000000014)(63.00661529850565 46.0)
(1.0E-9,12.0,0.19100000000000014)(63.00661529850565 47.0)
(1.0E-9,12.0,0.19100000000000014)(62.08497027963189 62.0)
(1.0E-9,12.0,0.19100000000000014)(62.08497027963189 64.0)
(1.0E-9,12.0,0.19100000000000014)(63.01650861089896 42.0)
(1.0E-9,12.0,0.19100000000000014)(62.309326189564736 61.0)
(1.0E-9,12.0,0.19100000000000014)(63.00661529850565 52.0)
(1.0E-9 12.0 0.19200000000000014)(20.691829788540193 120.0)
(1.0E-9,12.0,0.19200000000000014)(63.1358937928245 16.0)
(1.0E-9,12.0,0.19200000000000014)(59.2235323771326 70.0)
(1.0E-9,12.0,0.19200000000000014)(63.312853000090854 1.0)
(1.0E-9,12.0,0.19200000000000014)(63.01650861089896 42.0)
(1.0E-9,12.0,0.19200000000000014)(62.93611711518174 59.0)
(1.0E-9,12.0,0.19200000000000014)(62.179639137791405 61.0)
(1.0E-9,12.0,0.19200000000000014)(60.68519386509 71.0)
(1.0E-9,12.0,0.19200000000000014)(63.00661529850565 51.0)
(1.0E-9,12.0,0.19200000000000014)(63.00661529850565 48.0)
(1.0E-9 12.0 0.19300000000000014)(20.691829788540193 120.0)
(1.0E-9,12.0,0.19300000000000014)(63.1358937928245 16.0)
(1.0E-9,12.0,0.19300000000000014)(59.2235323771326 70.0)
(1.0E-9,12.0,0.19300000000000014)(63.312853000090854 1.0)
(1.0E-9,12.0,0.19300000000000014)(62.981115503392125 56.0)
(1.0E-9,12.0,0.19300000000000014)(63.00661529850565 45.0)
(1.0E-9,12.0,0.19300000000000014)(62.981115503392125 54.0)
(1.0E-9,12.0,0.19300000000000014)(63.10128918334615 42.0)
(1.0E-9 12.0 0.19400000000000014)(19.430549333369886 118.0)
(1.0E-9,12.0,0.19400000000000014)(63.1358937928245 18.0)
(1.0E-9,12.0,0.19400000000000014)(62.179639137791405 58.0)
(1.0E-9,12.0,0.19400000000000014)(61.1125555466013 63.0)
(1.0E-9,12.0,0.19400000000000014)(63.312853000090854 1.0)
(1.0E-9,12.0,0.19400000000000014)(63.00661529850565 44.0)
(1.0E-9,12.0,0.19400000000000014)(63.00661529850565 43.0)
(1.0E-9,12.0,0.19400000000000014)(63.312853000090854 3.0)
(1.0E-9 12.0 0.19500000000000015)(19.430549333369886 118.0)
(1.0E-9,12.0,0.19500000000000015)(63.1358937928245 18.0)
(1.0E-9,12.0,0.19500000000000015)(62.179639137791405 58.0)
(1.0E-9,12.0,0.19500000000000015)(61.1125555466013 63.0)
(1.0E-9,12.0,0.19500000000000015)(63.312853000090854 1.0)
(1.0E-9,12.0,0.19500000000000015)(63.00661529850565 44.0)
(1.0E-9,12.0,0.19500000000000015)(63.00661529850565 43.0)
(1.0E-9,12.0,0.19500000000000015)(63.312853000090854 3.0)
(1.0E-9 12.0 0.19600000000000015)(19.430549333369886 118.0)
(1.0E-9,12.0,0.19600000000000015)(63.1358937928245 18.0)
(1.0E-9,12.0,0.19600000000000015)(62.179639137791405 58.0)
(1.0E-9,12.0,0.19600000000000015)(60.882045230613215 64.0)
(1.0E-9,12.0,0.19600000000000015)(63.312853000090854 1.0)
(1.0E-9,12.0,0.19600000000000015)(63.00661529850565 43.0)
(1.0E-9,12.0,0.19600000000000015)(63.01650861089896 38.0)
(1.0E-9,12.0,0.19600000000000015)(63.01650861089896 39.0)
(1.0E-9,12.0,0.19600000000000015)(63.312853000090854 21.0)
(1.0E-9,12.0,0.19600000000000015)(63.00661529850565 44.0)
(1.0E-9,12.0,0.19600000000000015)(63.00661529850565 46.0)
(1.0E-9 12.0 0.19700000000000015)(19.430549333369886 118.0)
(1.0E-9,12.0,0.19700000000000015)(63.1358937928245 18.0)
(1.0E-9,12.0,0.19700000000000015)(62.179639137791405 58.0)
(1.0E-9,12.0,0.19700000000000015)(60.930285052839494 64.0)
(1.0E-9,12.0,0.19700000000000015)(63.312853000090854 1.0)
(1.0E-9,12.0,0.19700000000000015)(63.06677138509911 38.0)
(1.0E-9,12.0,0.19700000000000015)(62.93611711518174 56.0)
(1.0E-9,12.0,0.19700000000000015)(63.00661529850565 42.0)
(1.0E-9,12.0,0.19700000000000015)(63.00661529850565 45.0)
(1.0E-9,12.0,0.19700000000000015)(63.12639931142351 44.0)
(1.0E-9,12.0,0.19700000000000015)(63.00661529850565 48.0)
(1.0E-9,12.0,0.19700000000000015)(63.00661529850565 46.0)
(1.0E-9,12.0,0.19700000000000015)(63.00661529850565 47.0)
(1.0E-9 12.0 0.19800000000000015)(19.430549333369886 118.0)
(1.0E-9,12.0,0.19800000000000015)(63.1358937928245 18.0)
(1.0E-9,12.0,0.19800000000000015)(62.27326017539604 57.0)
(1.0E-9,12.0,0.19800000000000015)(60.69914048103434 65.0)
(1.0E-9,12.0,0.19800000000000015)(63.312853000090854 1.0)
(1.0E-9,12.0,0.19800000000000015)(63.00661529850565 43.0)
(1.0E-9,12.0,0.19800000000000015)(63.01650861089896 38.0)
(1.0E-9,12.0,0.19800000000000015)(63.01650861089896 39.0)
(1.0E-9,12.0,0.19800000000000015)(63.00661529850565 46.0)
(1.0E-9 12.0 0.19900000000000015)(26.108877744780173 116.0)
(1.0E-9,12.0,0.19900000000000015)(63.1358937928245 18.0)
(1.0E-9,12.0,0.19900000000000015)(62.14239466894998 60.0)
(1.0E-9,12.0,0.19900000000000015)(60.5174228742504 67.0)
(1.0E-9,12.0,0.19900000000000015)(63.312853000090854 1.0)
(1.0E-9,12.0,0.19900000000000015)(63.312853000090854 3.0)
(1.0E-9,12.0,0.19900000000000015)(63.00661529850565 41.0)
(1.0E-9,12.0,0.19900000000000015)(63.01650861089896 36.0)
(1.0E-9,12.0,0.19900000000000015)(63.01650861089896 38.0)
(1.0E-9,12.0,0.19900000000000015)(63.01650861089896 37.0)
(1.0E-9,12.0,0.19900000000000015)(63.01650861089896 35.0)
(1.0E-9,12.0,0.19900000000000015)(63.00661529850565 46.0)
(1.0E-9 13.0 0.01)(63.07693199520658 21.0)
(1.0E-9,13.0,0.01)(63.312853000090854 1.0)
(1.0E-9,13.0,0.01)(63.312853000090854 3.0)
(1.0E-9,13.0,0.01)(63.312853000090854 5.0)
(1.0E-9,13.0,0.01)(63.1358937928245 9.0)
(1.0E-9,13.0,0.01)(63.1358937928245 11.0)
(1.0E-9,13.0,0.01)(63.1358937928245 14.0)
(1.0E-9,13.0,0.01)(63.1358937928245 16.0)
(1.0E-9,13.0,0.01)(63.1358937928245 17.0)
(1.0E-9,13.0,0.01)(63.07693199520658 21.0)
(1.0E-9 13.0 0.011)(63.07693199520658 21.0)
(1.0E-9,13.0,0.011)(63.312853000090854 1.0)
(1.0E-9,13.0,0.011)(63.312853000090854 3.0)
(1.0E-9,13.0,0.011)(63.312853000090854 5.0)
(1.0E-9,13.0,0.011)(63.1358937928245 11.0)
(1.0E-9,13.0,0.011)(63.1358937928245 13.0)
(1.0E-9,13.0,0.011)(63.1358937928245 14.0)
(1.0E-9,13.0,0.011)(63.1358937928245 16.0)
(1.0E-9,13.0,0.011)(63.07693199520658 21.0)
(1.0E-9 13.0 0.012)(63.07693199520658 21.0)
(1.0E-9,13.0,0.012)(63.312853000090854 1.0)
(1.0E-9,13.0,0.012)(63.312853000090854 3.0)
(1.0E-9,13.0,0.012)(63.312853000090854 5.0)
(1.0E-9,13.0,0.012)(63.1358937928245 9.0)
(1.0E-9,13.0,0.012)(63.1358937928245 11.0)
(1.0E-9,13.0,0.012)(63.1358937928245 14.0)
(1.0E-9,13.0,0.012)(63.1358937928245 16.0)
(1.0E-9,13.0,0.012)(63.07693199520658 21.0)
(1.0E-9 13.0 0.013000000000000001)(63.07693199520658 21.0)
(1.0E-9,13.0,0.013000000000000001)(63.312853000090854 1.0)
(1.0E-9,13.0,0.013000000000000001)(63.312853000090854 3.0)
(1.0E-9,13.0,0.013000000000000001)(63.312853000090854 5.0)
(1.0E-9,13.0,0.013000000000000001)(63.1358937928245 9.0)
(1.0E-9,13.0,0.013000000000000001)(63.1358937928245 11.0)
(1.0E-9,13.0,0.013000000000000001)(63.1358937928245 14.0)
(1.0E-9,13.0,0.013000000000000001)(63.1358937928245 16.0)
(1.0E-9,13.0,0.013000000000000001)(63.07693199520658 21.0)
(1.0E-9 13.0 0.014000000000000002)(63.07693199520658 21.0)
(1.0E-9,13.0,0.014000000000000002)(63.312853000090854 1.0)
(1.0E-9,13.0,0.014000000000000002)(63.312853000090854 3.0)
(1.0E-9,13.0,0.014000000000000002)(63.312853000090854 5.0)
(1.0E-9,13.0,0.014000000000000002)(63.1358937928245 11.0)
(1.0E-9,13.0,0.014000000000000002)(63.1358937928245 13.0)
(1.0E-9,13.0,0.014000000000000002)(63.1358937928245 14.0)
(1.0E-9,13.0,0.014000000000000002)(63.1358937928245 16.0)
(1.0E-9,13.0,0.014000000000000002)(63.1358937928245 17.0)
(1.0E-9,13.0,0.014000000000000002)(63.07693199520658 21.0)
(1.0E-9 13.0 0.015000000000000003)(63.07693199520658 21.0)
(1.0E-9,13.0,0.015000000000000003)(63.312853000090854 1.0)
(1.0E-9,13.0,0.015000000000000003)(63.312853000090854 3.0)
(1.0E-9,13.0,0.015000000000000003)(63.312853000090854 5.0)
(1.0E-9,13.0,0.015000000000000003)(63.1358937928245 11.0)
(1.0E-9,13.0,0.015000000000000003)(63.1358937928245 13.0)
(1.0E-9,13.0,0.015000000000000003)(63.1358937928245 14.0)
(1.0E-9,13.0,0.015000000000000003)(63.1358937928245 16.0)
(1.0E-9,13.0,0.015000000000000003)(63.07693199520658 21.0)
(1.0E-9 13.0 0.016000000000000004)(63.07693199520658 21.0)
(1.0E-9,13.0,0.016000000000000004)(63.312853000090854 1.0)
(1.0E-9,13.0,0.016000000000000004)(63.312853000090854 3.0)
(1.0E-9,13.0,0.016000000000000004)(63.312853000090854 5.0)
(1.0E-9,13.0,0.016000000000000004)(63.1358937928245 9.0)
(1.0E-9,13.0,0.016000000000000004)(63.1358937928245 13.0)
(1.0E-9,13.0,0.016000000000000004)(63.1358937928245 14.0)
(1.0E-9,13.0,0.016000000000000004)(63.1358937928245 16.0)
(1.0E-9,13.0,0.016000000000000004)(63.07693199520658 21.0)
(1.0E-9 13.0 0.017000000000000005)(63.07693199520658 21.0)
(1.0E-9,13.0,0.017000000000000005)(63.312853000090854 1.0)
(1.0E-9,13.0,0.017000000000000005)(63.312853000090854 3.0)
(1.0E-9,13.0,0.017000000000000005)(63.312853000090854 5.0)
(1.0E-9,13.0,0.017000000000000005)(63.1358937928245 11.0)
(1.0E-9,13.0,0.017000000000000005)(63.1358937928245 14.0)
(1.0E-9,13.0,0.017000000000000005)(63.1358937928245 16.0)
(1.0E-9,13.0,0.017000000000000005)(63.1358937928245 17.0)
(1.0E-9,13.0,0.017000000000000005)(63.07693199520658 21.0)
(1.0E-9 13.0 0.018000000000000006)(63.03025880802586 23.0)
(1.0E-9,13.0,0.018000000000000006)(63.312853000090854 1.0)
(1.0E-9,13.0,0.018000000000000006)(63.312853000090854 3.0)
(1.0E-9,13.0,0.018000000000000006)(63.312853000090854 5.0)
(1.0E-9,13.0,0.018000000000000006)(63.1358937928245 9.0)
(1.0E-9,13.0,0.018000000000000006)(63.1358937928245 11.0)
(1.0E-9,13.0,0.018000000000000006)(63.1358937928245 14.0)
(1.0E-9,13.0,0.018000000000000006)(63.1358937928245 16.0)
(1.0E-9,13.0,0.018000000000000006)(63.1358937928245 17.0)
(1.0E-9,13.0,0.018000000000000006)(63.07693199520658 21.0)
(1.0E-9,13.0,0.018000000000000006)(63.07693199520658 22.0)
(1.0E-9,13.0,0.018000000000000006)(63.03025880802586 23.0)
(1.0E-9 13.0 0.019000000000000006)(63.03025880802586 23.0)
(1.0E-9,13.0,0.019000000000000006)(63.312853000090854 1.0)
(1.0E-9,13.0,0.019000000000000006)(63.312853000090854 3.0)
(1.0E-9,13.0,0.019000000000000006)(63.312853000090854 5.0)
(1.0E-9,13.0,0.019000000000000006)(63.1358937928245 9.0)
(1.0E-9,13.0,0.019000000000000006)(63.1358937928245 11.0)
(1.0E-9,13.0,0.019000000000000006)(63.1358937928245 14.0)
(1.0E-9,13.0,0.019000000000000006)(63.1358937928245 16.0)
(1.0E-9,13.0,0.019000000000000006)(63.1358937928245 17.0)
(1.0E-9,13.0,0.019000000000000006)(63.07693199520658 21.0)
(1.0E-9,13.0,0.019000000000000006)(63.07693199520658 22.0)
(1.0E-9 13.0 0.020000000000000007)(63.03025880802586 23.0)
(1.0E-9,13.0,0.020000000000000007)(63.312853000090854 1.0)
(1.0E-9,13.0,0.020000000000000007)(63.312853000090854 3.0)
(1.0E-9,13.0,0.020000000000000007)(63.312853000090854 5.0)
(1.0E-9,13.0,0.020000000000000007)(63.1358937928245 9.0)
(1.0E-9,13.0,0.020000000000000007)(63.1358937928245 11.0)
(1.0E-9,13.0,0.020000000000000007)(63.1358937928245 14.0)
(1.0E-9,13.0,0.020000000000000007)(63.1358937928245 16.0)
(1.0E-9,13.0,0.020000000000000007)(63.1358937928245 17.0)
(1.0E-9,13.0,0.020000000000000007)(63.07693199520658 21.0)
(1.0E-9,13.0,0.020000000000000007)(63.07693199520658 22.0)
(1.0E-9 13.0 0.021000000000000008)(63.03025880802586 24.0)
(1.0E-9,13.0,0.021000000000000008)(63.312853000090854 1.0)
(1.0E-9,13.0,0.021000000000000008)(63.312853000090854 3.0)
(1.0E-9,13.0,0.021000000000000008)(63.312853000090854 5.0)
(1.0E-9,13.0,0.021000000000000008)(63.1358937928245 11.0)
(1.0E-9,13.0,0.021000000000000008)(63.1358937928245 14.0)
(1.0E-9,13.0,0.021000000000000008)(63.1358937928245 16.0)
(1.0E-9,13.0,0.021000000000000008)(63.1358937928245 17.0)
(1.0E-9,13.0,0.021000000000000008)(63.07693199520658 21.0)
(1.0E-9,13.0,0.021000000000000008)(63.07693199520658 22.0)
(1.0E-9,13.0,0.021000000000000008)(63.03025880802586 23.0)
(1.0E-9,13.0,0.021000000000000008)(63.03025880802586 24.0)
(1.0E-9 13.0 0.02200000000000001)(62.86663067005866 32.0)
(1.0E-9,13.0,0.02200000000000001)(63.312853000090854 1.0)
(1.0E-9,13.0,0.02200000000000001)(63.312853000090854 5.0)
(1.0E-9,13.0,0.02200000000000001)(63.1358937928245 11.0)
(1.0E-9,13.0,0.02200000000000001)(63.1358937928245 13.0)
(1.0E-9,13.0,0.02200000000000001)(63.1358937928245 16.0)
(1.0E-9,13.0,0.02200000000000001)(63.1358937928245 17.0)
(1.0E-9,13.0,0.02200000000000001)(63.07693199520658 21.0)
(1.0E-9,13.0,0.02200000000000001)(63.07693199520658 22.0)
(1.0E-9,13.0,0.02200000000000001)(63.03025880802586 23.0)
(1.0E-9,13.0,0.02200000000000001)(63.03025880802586 24.0)
(1.0E-9,13.0,0.02200000000000001)(63.03025880802586 25.0)
(1.0E-9 13.0 0.02300000000000001)(62.96101575209007 31.0)
(1.0E-9,13.0,0.02300000000000001)(63.312853000090854 1.0)
(1.0E-9,13.0,0.02300000000000001)(63.312853000090854 5.0)
(1.0E-9,13.0,0.02300000000000001)(63.1358937928245 9.0)
(1.0E-9,13.0,0.02300000000000001)(63.1358937928245 13.0)
(1.0E-9,13.0,0.02300000000000001)(63.1358937928245 14.0)
(1.0E-9,13.0,0.02300000000000001)(63.1358937928245 16.0)
(1.0E-9,13.0,0.02300000000000001)(63.07693199520658 21.0)
(1.0E-9,13.0,0.02300000000000001)(63.07693199520658 22.0)
(1.0E-9,13.0,0.02300000000000001)(63.03025880802586 23.0)
(1.0E-9,13.0,0.02300000000000001)(63.03025880802586 24.0)
(1.0E-9 13.0 0.02400000000000001)(62.86663067005866 31.0)
(1.0E-9,13.0,0.02400000000000001)(63.312853000090854 1.0)
(1.0E-9,13.0,0.02400000000000001)(63.312853000090854 5.0)
(1.0E-9,13.0,0.02400000000000001)(63.1358937928245 11.0)
(1.0E-9,13.0,0.02400000000000001)(63.1358937928245 14.0)
(1.0E-9,13.0,0.02400000000000001)(63.1358937928245 16.0)
(1.0E-9,13.0,0.02400000000000001)(63.1358937928245 17.0)
(1.0E-9,13.0,0.02400000000000001)(63.07693199520658 22.0)
(1.0E-9,13.0,0.02400000000000001)(63.07693199520658 21.0)
(1.0E-9,13.0,0.02400000000000001)(63.03025880802586 23.0)
(1.0E-9,13.0,0.02400000000000001)(63.03025880802586 24.0)
(1.0E-9 13.0 0.025000000000000012)(62.70452548317137 34.0)
(1.0E-9,13.0,0.025000000000000012)(63.312853000090854 1.0)
(1.0E-9,13.0,0.025000000000000012)(63.312853000090854 5.0)
(1.0E-9,13.0,0.025000000000000012)(63.1358937928245 11.0)
(1.0E-9,13.0,0.025000000000000012)(63.1358937928245 14.0)
(1.0E-9,13.0,0.025000000000000012)(63.1358937928245 16.0)
(1.0E-9,13.0,0.025000000000000012)(63.1358937928245 19.0)
(1.0E-9,13.0,0.025000000000000012)(63.090035119442504 20.0)
(1.0E-9,13.0,0.025000000000000012)(63.090035119442504 21.0)
(1.0E-9,13.0,0.025000000000000012)(63.03025880802586 23.0)
(1.0E-9,13.0,0.025000000000000012)(63.03025880802586 24.0)
(1.0E-9,13.0,0.025000000000000012)(63.03025880802586 25.0)
(1.0E-9 13.0 0.026000000000000013)(62.70452548317137 34.0)
(1.0E-9,13.0,0.026000000000000013)(63.312853000090854 1.0)
(1.0E-9,13.0,0.026000000000000013)(63.312853000090854 5.0)
(1.0E-9,13.0,0.026000000000000013)(63.1358937928245 11.0)
(1.0E-9,13.0,0.026000000000000013)(63.1358937928245 14.0)
(1.0E-9,13.0,0.026000000000000013)(63.1358937928245 16.0)
(1.0E-9,13.0,0.026000000000000013)(63.1358937928245 19.0)
(1.0E-9,13.0,0.026000000000000013)(63.090035119442504 20.0)
(1.0E-9,13.0,0.026000000000000013)(63.090035119442504 21.0)
(1.0E-9,13.0,0.026000000000000013)(63.03025880802586 23.0)
(1.0E-9,13.0,0.026000000000000013)(63.03025880802586 24.0)
(1.0E-9,13.0,0.026000000000000013)(63.03025880802586 25.0)
(1.0E-9 13.0 0.027000000000000014)(62.477683564134296 45.0)
(1.0E-9,13.0,0.027000000000000014)(63.312853000090854 1.0)
(1.0E-9,13.0,0.027000000000000014)(63.312853000090854 5.0)
(1.0E-9,13.0,0.027000000000000014)(63.1358937928245 11.0)
(1.0E-9,13.0,0.027000000000000014)(63.1358937928245 14.0)
(1.0E-9,13.0,0.027000000000000014)(63.1358937928245 16.0)
(1.0E-9,13.0,0.027000000000000014)(63.1358937928245 19.0)
(1.0E-9,13.0,0.027000000000000014)(63.090035119442504 20.0)
(1.0E-9,13.0,0.027000000000000014)(63.07693199520658 22.0)
(1.0E-9,13.0,0.027000000000000014)(63.03025880802586 23.0)
(1.0E-9,13.0,0.027000000000000014)(63.03025880802586 24.0)
(1.0E-9,13.0,0.027000000000000014)(63.03025880802586 25.0)
(1.0E-9 13.0 0.028000000000000014)(62.477683564134296 45.0)
(1.0E-9,13.0,0.028000000000000014)(63.312853000090854 1.0)
(1.0E-9,13.0,0.028000000000000014)(63.312853000090854 5.0)
(1.0E-9,13.0,0.028000000000000014)(63.1358937928245 13.0)
(1.0E-9,13.0,0.028000000000000014)(63.1358937928245 16.0)
(1.0E-9,13.0,0.028000000000000014)(63.1358937928245 17.0)
(1.0E-9,13.0,0.028000000000000014)(63.07693199520658 21.0)
(1.0E-9,13.0,0.028000000000000014)(63.07693199520658 22.0)
(1.0E-9,13.0,0.028000000000000014)(63.03025880802586 24.0)
(1.0E-9,13.0,0.028000000000000014)(63.03025880802586 25.0)
(1.0E-9 13.0 0.029000000000000015)(62.477683564134296 45.0)
(1.0E-9,13.0,0.029000000000000015)(63.312853000090854 1.0)
(1.0E-9,13.0,0.029000000000000015)(63.312853000090854 5.0)
(1.0E-9,13.0,0.029000000000000015)(63.1358937928245 13.0)
(1.0E-9,13.0,0.029000000000000015)(63.1358937928245 16.0)
(1.0E-9,13.0,0.029000000000000015)(63.1358937928245 17.0)
(1.0E-9,13.0,0.029000000000000015)(63.07693199520658 21.0)
(1.0E-9,13.0,0.029000000000000015)(63.07693199520658 22.0)
(1.0E-9,13.0,0.029000000000000015)(63.03025880802586 24.0)
(1.0E-9,13.0,0.029000000000000015)(63.03025880802586 25.0)
(1.0E-9 13.0 0.030000000000000016)(62.477683564134296 43.0)
(1.0E-9,13.0,0.030000000000000016)(63.312853000090854 1.0)
(1.0E-9,13.0,0.030000000000000016)(63.312853000090854 5.0)
(1.0E-9,13.0,0.030000000000000016)(63.1358937928245 13.0)
(1.0E-9,13.0,0.030000000000000016)(63.1358937928245 16.0)
(1.0E-9,13.0,0.030000000000000016)(63.1358937928245 17.0)
(1.0E-9,13.0,0.030000000000000016)(63.07693199520658 21.0)
(1.0E-9,13.0,0.030000000000000016)(63.090035119442504 21.0)
(1.0E-9,13.0,0.030000000000000016)(63.03025880802586 23.0)
(1.0E-9,13.0,0.030000000000000016)(63.03025880802586 24.0)
(1.0E-9,13.0,0.030000000000000016)(63.03025880802586 25.0)
(1.0E-9 13.0 0.031000000000000017)(61.23706195005199 52.0)
(1.0E-9,13.0,0.031000000000000017)(63.312853000090854 1.0)
(1.0E-9,13.0,0.031000000000000017)(63.1358937928245 9.0)
(1.0E-9,13.0,0.031000000000000017)(63.1358937928245 16.0)
(1.0E-9,13.0,0.031000000000000017)(63.1358937928245 17.0)
(1.0E-9,13.0,0.031000000000000017)(63.07693199520658 21.0)
(1.0E-9,13.0,0.031000000000000017)(63.07693199520658 22.0)
(1.0E-9,13.0,0.031000000000000017)(63.03025880802586 23.0)
(1.0E-9,13.0,0.031000000000000017)(63.03025880802586 24.0)
(1.0E-9,13.0,0.031000000000000017)(63.03025880802586 25.0)
(1.0E-9 13.0 0.032000000000000015)(61.23706195005199 52.0)
(1.0E-9,13.0,0.032000000000000015)(63.312853000090854 1.0)
(1.0E-9,13.0,0.032000000000000015)(63.1358937928245 9.0)
(1.0E-9,13.0,0.032000000000000015)(63.1358937928245 14.0)
(1.0E-9,13.0,0.032000000000000015)(63.1358937928245 16.0)
(1.0E-9,13.0,0.032000000000000015)(63.1358937928245 17.0)
(1.0E-9,13.0,0.032000000000000015)(63.07693199520658 22.0)
(1.0E-9,13.0,0.032000000000000015)(63.03025880802586 23.0)
(1.0E-9,13.0,0.032000000000000015)(63.03025880802586 24.0)
(1.0E-9,13.0,0.032000000000000015)(63.03025880802586 25.0)
(1.0E-9 13.0 0.033000000000000015)(61.23706195005199 52.0)
(1.0E-9,13.0,0.033000000000000015)(63.312853000090854 1.0)
(1.0E-9,13.0,0.033000000000000015)(63.1358937928245 9.0)
(1.0E-9,13.0,0.033000000000000015)(63.1358937928245 14.0)
(1.0E-9,13.0,0.033000000000000015)(63.1358937928245 16.0)
(1.0E-9,13.0,0.033000000000000015)(63.1358937928245 17.0)
(1.0E-9,13.0,0.033000000000000015)(63.07693199520658 22.0)
(1.0E-9,13.0,0.033000000000000015)(63.03025880802586 23.0)
(1.0E-9,13.0,0.033000000000000015)(63.03025880802586 24.0)
(1.0E-9,13.0,0.033000000000000015)(63.03025880802586 25.0)
(1.0E-9 13.0 0.034000000000000016)(61.23706195005199 52.0)
(1.0E-9,13.0,0.034000000000000016)(63.312853000090854 3.0)
(1.0E-9,13.0,0.034000000000000016)(63.1358937928245 11.0)
(1.0E-9,13.0,0.034000000000000016)(63.1358937928245 16.0)
(1.0E-9,13.0,0.034000000000000016)(63.1358937928245 17.0)
(1.0E-9,13.0,0.034000000000000016)(63.07693199520658 21.0)
(1.0E-9,13.0,0.034000000000000016)(63.07693199520658 22.0)
(1.0E-9,13.0,0.034000000000000016)(63.03025880802586 23.0)
(1.0E-9,13.0,0.034000000000000016)(63.03025880802586 24.0)
(1.0E-9,13.0,0.034000000000000016)(63.03025880802586 25.0)
(1.0E-9 13.0 0.03500000000000002)(61.23706195005199 52.0)
(1.0E-9,13.0,0.03500000000000002)(63.312853000090854 3.0)
(1.0E-9,13.0,0.03500000000000002)(63.1358937928245 11.0)
(1.0E-9,13.0,0.03500000000000002)(63.1358937928245 16.0)
(1.0E-9,13.0,0.03500000000000002)(63.1358937928245 17.0)
(1.0E-9,13.0,0.03500000000000002)(63.1358937928245 20.0)
(1.0E-9,13.0,0.03500000000000002)(63.07693199520658 22.0)
(1.0E-9,13.0,0.03500000000000002)(63.03025880802586 23.0)
(1.0E-9,13.0,0.03500000000000002)(63.03025880802586 25.0)
(1.0E-9,13.0,0.03500000000000002)(63.03025880802586 24.0)
(1.0E-9 13.0 0.03600000000000002)(61.23706195005199 52.0)
(1.0E-9,13.0,0.03600000000000002)(63.312853000090854 3.0)
(1.0E-9,13.0,0.03600000000000002)(63.1358937928245 11.0)
(1.0E-9,13.0,0.03600000000000002)(63.1358937928245 16.0)
(1.0E-9,13.0,0.03600000000000002)(63.1358937928245 17.0)
(1.0E-9,13.0,0.03600000000000002)(63.1358937928245 20.0)
(1.0E-9,13.0,0.03600000000000002)(63.07693199520658 22.0)
(1.0E-9,13.0,0.03600000000000002)(63.03025880802586 23.0)
(1.0E-9,13.0,0.03600000000000002)(63.03025880802586 25.0)
(1.0E-9,13.0,0.03600000000000002)(63.03025880802586 24.0)
(1.0E-9 13.0 0.03700000000000002)(61.23706195005199 54.0)
(1.0E-9,13.0,0.03700000000000002)(63.312853000090854 3.0)
(1.0E-9,13.0,0.03700000000000002)(63.1358937928245 11.0)
(1.0E-9,13.0,0.03700000000000002)(63.1358937928245 14.0)
(1.0E-9,13.0,0.03700000000000002)(63.1358937928245 16.0)
(1.0E-9,13.0,0.03700000000000002)(63.1358937928245 20.0)
(1.0E-9,13.0,0.03700000000000002)(63.07693199520658 22.0)
(1.0E-9,13.0,0.03700000000000002)(63.03025880802586 23.0)
(1.0E-9,13.0,0.03700000000000002)(63.03025880802586 24.0)
(1.0E-9,13.0,0.03700000000000002)(63.03025880802586 25.0)
(1.0E-9 13.0 0.03800000000000002)(61.871082967626464 50.0)
(1.0E-9,13.0,0.03800000000000002)(63.312853000090854 3.0)
(1.0E-9,13.0,0.03800000000000002)(63.1358937928245 11.0)
(1.0E-9,13.0,0.03800000000000002)(63.1358937928245 16.0)
(1.0E-9,13.0,0.03800000000000002)(63.1358937928245 17.0)
(1.0E-9,13.0,0.03800000000000002)(63.07693199520658 22.0)
(1.0E-9,13.0,0.03800000000000002)(63.03025880802586 23.0)
(1.0E-9,13.0,0.03800000000000002)(63.03025880802586 24.0)
(1.0E-9,13.0,0.03800000000000002)(63.03025880802586 25.0)
(1.0E-9 13.0 0.03900000000000002)(61.871082967626464 50.0)
(1.0E-9,13.0,0.03900000000000002)(63.312853000090854 3.0)
(1.0E-9,13.0,0.03900000000000002)(63.1358937928245 11.0)
(1.0E-9,13.0,0.03900000000000002)(63.1358937928245 16.0)
(1.0E-9,13.0,0.03900000000000002)(63.1358937928245 17.0)
(1.0E-9,13.0,0.03900000000000002)(63.07693199520658 22.0)
(1.0E-9,13.0,0.03900000000000002)(63.03025880802586 23.0)
(1.0E-9,13.0,0.03900000000000002)(63.03025880802586 24.0)
(1.0E-9,13.0,0.03900000000000002)(63.03025880802586 25.0)
(1.0E-9 13.0 0.04000000000000002)(61.871082967626464 50.0)
(1.0E-9,13.0,0.04000000000000002)(63.312853000090854 3.0)
(1.0E-9,13.0,0.04000000000000002)(63.1358937928245 11.0)
(1.0E-9,13.0,0.04000000000000002)(63.1358937928245 16.0)
(1.0E-9,13.0,0.04000000000000002)(63.1358937928245 17.0)
(1.0E-9,13.0,0.04000000000000002)(63.07693199520658 22.0)
(1.0E-9,13.0,0.04000000000000002)(63.03025880802586 23.0)
(1.0E-9,13.0,0.04000000000000002)(63.03025880802586 24.0)
(1.0E-9,13.0,0.04000000000000002)(63.03025880802586 25.0)
(1.0E-9 13.0 0.04100000000000002)(61.871082967626464 50.0)
(1.0E-9,13.0,0.04100000000000002)(63.312853000090854 3.0)
(1.0E-9,13.0,0.04100000000000002)(63.1358937928245 11.0)
(1.0E-9,13.0,0.04100000000000002)(63.1358937928245 16.0)
(1.0E-9,13.0,0.04100000000000002)(63.1358937928245 17.0)
(1.0E-9,13.0,0.04100000000000002)(63.07693199520658 22.0)
(1.0E-9,13.0,0.04100000000000002)(63.03025880802586 23.0)
(1.0E-9,13.0,0.04100000000000002)(63.03025880802586 24.0)
(1.0E-9,13.0,0.04100000000000002)(63.03025880802586 25.0)
(1.0E-9 13.0 0.04200000000000002)(61.871082967626464 50.0)
(1.0E-9,13.0,0.04200000000000002)(63.312853000090854 3.0)
(1.0E-9,13.0,0.04200000000000002)(63.1358937928245 11.0)
(1.0E-9,13.0,0.04200000000000002)(63.1358937928245 16.0)
(1.0E-9,13.0,0.04200000000000002)(63.1358937928245 17.0)
(1.0E-9,13.0,0.04200000000000002)(63.07693199520658 22.0)
(1.0E-9,13.0,0.04200000000000002)(63.03025880802586 23.0)
(1.0E-9,13.0,0.04200000000000002)(63.03025880802586 24.0)
(1.0E-9,13.0,0.04200000000000002)(63.03025880802586 25.0)
(1.0E-9 13.0 0.043000000000000024)(61.871082967626464 50.0)
(1.0E-9,13.0,0.043000000000000024)(63.312853000090854 3.0)
(1.0E-9,13.0,0.043000000000000024)(63.1358937928245 11.0)
(1.0E-9,13.0,0.043000000000000024)(63.1358937928245 16.0)
(1.0E-9,13.0,0.043000000000000024)(63.1358937928245 17.0)
(1.0E-9,13.0,0.043000000000000024)(63.07693199520658 22.0)
(1.0E-9,13.0,0.043000000000000024)(63.03025880802586 23.0)
(1.0E-9,13.0,0.043000000000000024)(63.03025880802586 24.0)
(1.0E-9,13.0,0.043000000000000024)(63.03025880802586 25.0)
(1.0E-9 13.0 0.044000000000000025)(61.871082967626464 50.0)
(1.0E-9,13.0,0.044000000000000025)(63.312853000090854 3.0)
(1.0E-9,13.0,0.044000000000000025)(63.1358937928245 11.0)
(1.0E-9,13.0,0.044000000000000025)(63.1358937928245 16.0)
(1.0E-9,13.0,0.044000000000000025)(63.1358937928245 17.0)
(1.0E-9,13.0,0.044000000000000025)(63.07693199520658 22.0)
(1.0E-9,13.0,0.044000000000000025)(63.03025880802586 23.0)
(1.0E-9,13.0,0.044000000000000025)(63.03025880802586 24.0)
(1.0E-9,13.0,0.044000000000000025)(63.03025880802586 25.0)
(1.0E-9 13.0 0.045000000000000026)(61.871082967626464 50.0)
(1.0E-9,13.0,0.045000000000000026)(63.312853000090854 3.0)
(1.0E-9,13.0,0.045000000000000026)(63.1358937928245 11.0)
(1.0E-9,13.0,0.045000000000000026)(63.1358937928245 16.0)
(1.0E-9,13.0,0.045000000000000026)(63.1358937928245 17.0)
(1.0E-9,13.0,0.045000000000000026)(63.07693199520658 22.0)
(1.0E-9,13.0,0.045000000000000026)(63.03025880802586 23.0)
(1.0E-9,13.0,0.045000000000000026)(63.03025880802586 24.0)
(1.0E-9,13.0,0.045000000000000026)(63.03025880802586 25.0)
(1.0E-9 13.0 0.04600000000000003)(61.871082967626464 50.0)
(1.0E-9,13.0,0.04600000000000003)(63.312853000090854 3.0)
(1.0E-9,13.0,0.04600000000000003)(63.1358937928245 11.0)
(1.0E-9,13.0,0.04600000000000003)(63.1358937928245 16.0)
(1.0E-9,13.0,0.04600000000000003)(63.1358937928245 17.0)
(1.0E-9,13.0,0.04600000000000003)(63.07693199520658 22.0)
(1.0E-9,13.0,0.04600000000000003)(63.03025880802586 23.0)
(1.0E-9,13.0,0.04600000000000003)(63.03025880802586 24.0)
(1.0E-9,13.0,0.04600000000000003)(63.03025880802586 25.0)
(1.0E-9 13.0 0.04700000000000003)(61.871082967626464 50.0)
(1.0E-9,13.0,0.04700000000000003)(63.312853000090854 3.0)
(1.0E-9,13.0,0.04700000000000003)(63.1358937928245 11.0)
(1.0E-9,13.0,0.04700000000000003)(63.1358937928245 16.0)
(1.0E-9,13.0,0.04700000000000003)(63.1358937928245 17.0)
(1.0E-9,13.0,0.04700000000000003)(63.07693199520658 22.0)
(1.0E-9,13.0,0.04700000000000003)(63.03025880802586 23.0)
(1.0E-9,13.0,0.04700000000000003)(63.03025880802586 24.0)
(1.0E-9,13.0,0.04700000000000003)(63.03025880802586 25.0)
(1.0E-9 13.0 0.04800000000000003)(61.871082967626464 50.0)
(1.0E-9,13.0,0.04800000000000003)(63.312853000090854 3.0)
(1.0E-9,13.0,0.04800000000000003)(63.1358937928245 11.0)
(1.0E-9,13.0,0.04800000000000003)(63.1358937928245 16.0)
(1.0E-9,13.0,0.04800000000000003)(63.1358937928245 17.0)
(1.0E-9,13.0,0.04800000000000003)(63.090035119442504 21.0)
(1.0E-9,13.0,0.04800000000000003)(63.03025880802586 23.0)
(1.0E-9,13.0,0.04800000000000003)(63.03025880802586 24.0)
(1.0E-9,13.0,0.04800000000000003)(63.03025880802586 25.0)
(1.0E-9 13.0 0.04900000000000003)(61.871082967626464 50.0)
(1.0E-9,13.0,0.04900000000000003)(63.312853000090854 3.0)
(1.0E-9,13.0,0.04900000000000003)(63.1358937928245 11.0)
(1.0E-9,13.0,0.04900000000000003)(63.1358937928245 14.0)
(1.0E-9,13.0,0.04900000000000003)(63.1358937928245 16.0)
(1.0E-9,13.0,0.04900000000000003)(63.1358937928245 17.0)
(1.0E-9,13.0,0.04900000000000003)(63.07693199520658 22.0)
(1.0E-9,13.0,0.04900000000000003)(63.03025880802586 23.0)
(1.0E-9,13.0,0.04900000000000003)(63.03025880802586 24.0)
(1.0E-9,13.0,0.04900000000000003)(63.03025880802586 25.0)
(1.0E-9 13.0 0.05000000000000003)(61.871082967626464 50.0)
(1.0E-9,13.0,0.05000000000000003)(63.312853000090854 3.0)
(1.0E-9,13.0,0.05000000000000003)(63.1358937928245 11.0)
(1.0E-9,13.0,0.05000000000000003)(63.1358937928245 14.0)
(1.0E-9,13.0,0.05000000000000003)(63.1358937928245 16.0)
(1.0E-9,13.0,0.05000000000000003)(63.1358937928245 17.0)
(1.0E-9,13.0,0.05000000000000003)(63.07693199520658 22.0)
(1.0E-9,13.0,0.05000000000000003)(63.03025880802586 23.0)
(1.0E-9,13.0,0.05000000000000003)(63.03025880802586 24.0)
(1.0E-9,13.0,0.05000000000000003)(63.03025880802586 25.0)
(1.0E-9 13.0 0.05100000000000003)(61.69049626037969 51.0)
(1.0E-9,13.0,0.05100000000000003)(63.312853000090854 3.0)
(1.0E-9,13.0,0.05100000000000003)(63.1358937928245 11.0)
(1.0E-9,13.0,0.05100000000000003)(63.1358937928245 14.0)
(1.0E-9,13.0,0.05100000000000003)(63.1358937928245 16.0)
(1.0E-9,13.0,0.05100000000000003)(63.1358937928245 17.0)
(1.0E-9,13.0,0.05100000000000003)(63.1358937928245 20.0)
(1.0E-9,13.0,0.05100000000000003)(63.07693199520658 22.0)
(1.0E-9,13.0,0.05100000000000003)(63.03025880802586 23.0)
(1.0E-9,13.0,0.05100000000000003)(63.03025880802586 24.0)
(1.0E-9,13.0,0.05100000000000003)(63.03025880802586 25.0)
(1.0E-9 13.0 0.05200000000000003)(61.69049626037969 51.0)
(1.0E-9,13.0,0.05200000000000003)(63.312853000090854 3.0)
(1.0E-9,13.0,0.05200000000000003)(63.1358937928245 11.0)
(1.0E-9,13.0,0.05200000000000003)(63.1358937928245 14.0)
(1.0E-9,13.0,0.05200000000000003)(63.1358937928245 16.0)
(1.0E-9,13.0,0.05200000000000003)(63.1358937928245 17.0)
(1.0E-9,13.0,0.05200000000000003)(63.1358937928245 20.0)
(1.0E-9,13.0,0.05200000000000003)(63.07693199520658 22.0)
(1.0E-9,13.0,0.05200000000000003)(63.03025880802586 23.0)
(1.0E-9,13.0,0.05200000000000003)(63.03025880802586 24.0)
(1.0E-9,13.0,0.05200000000000003)(63.03025880802586 25.0)
(1.0E-9 13.0 0.05300000000000003)(61.69049626037969 51.0)
(1.0E-9,13.0,0.05300000000000003)(63.312853000090854 3.0)
(1.0E-9,13.0,0.05300000000000003)(63.1358937928245 11.0)
(1.0E-9,13.0,0.05300000000000003)(63.1358937928245 14.0)
(1.0E-9,13.0,0.05300000000000003)(63.1358937928245 16.0)
(1.0E-9,13.0,0.05300000000000003)(63.1358937928245 17.0)
(1.0E-9,13.0,0.05300000000000003)(63.1358937928245 20.0)
(1.0E-9,13.0,0.05300000000000003)(63.07693199520658 22.0)
(1.0E-9,13.0,0.05300000000000003)(63.03025880802586 23.0)
(1.0E-9,13.0,0.05300000000000003)(63.03025880802586 24.0)
(1.0E-9 13.0 0.054000000000000034)(61.69049626037969 51.0)
(1.0E-9,13.0,0.054000000000000034)(63.312853000090854 3.0)
(1.0E-9,13.0,0.054000000000000034)(63.1358937928245 11.0)
(1.0E-9,13.0,0.054000000000000034)(63.1358937928245 14.0)
(1.0E-9,13.0,0.054000000000000034)(63.1358937928245 16.0)
(1.0E-9,13.0,0.054000000000000034)(63.1358937928245 17.0)
(1.0E-9,13.0,0.054000000000000034)(63.1358937928245 20.0)
(1.0E-9,13.0,0.054000000000000034)(63.07693199520658 22.0)
(1.0E-9,13.0,0.054000000000000034)(63.03025880802586 23.0)
(1.0E-9,13.0,0.054000000000000034)(63.03025880802586 24.0)
(1.0E-9 13.0 0.055000000000000035)(61.69049626037969 51.0)
(1.0E-9,13.0,0.055000000000000035)(63.312853000090854 3.0)
(1.0E-9,13.0,0.055000000000000035)(63.1358937928245 11.0)
(1.0E-9,13.0,0.055000000000000035)(63.1358937928245 14.0)
(1.0E-9,13.0,0.055000000000000035)(63.1358937928245 16.0)
(1.0E-9,13.0,0.055000000000000035)(63.1358937928245 17.0)
(1.0E-9,13.0,0.055000000000000035)(63.1358937928245 20.0)
(1.0E-9,13.0,0.055000000000000035)(63.07693199520658 22.0)
(1.0E-9,13.0,0.055000000000000035)(63.03025880802586 23.0)
(1.0E-9,13.0,0.055000000000000035)(63.03025880802586 24.0)
(1.0E-9,13.0,0.055000000000000035)(63.07693199520658 21.0)
(1.0E-9 13.0 0.056000000000000036)(61.69049626037969 51.0)
(1.0E-9,13.0,0.056000000000000036)(63.312853000090854 3.0)
(1.0E-9,13.0,0.056000000000000036)(63.1358937928245 11.0)
(1.0E-9,13.0,0.056000000000000036)(63.1358937928245 14.0)
(1.0E-9,13.0,0.056000000000000036)(63.1358937928245 16.0)
(1.0E-9,13.0,0.056000000000000036)(63.1358937928245 17.0)
(1.0E-9,13.0,0.056000000000000036)(63.1358937928245 20.0)
(1.0E-9,13.0,0.056000000000000036)(63.07693199520658 22.0)
(1.0E-9,13.0,0.056000000000000036)(63.03025880802586 23.0)
(1.0E-9,13.0,0.056000000000000036)(63.03025880802586 24.0)
(1.0E-9 13.0 0.05700000000000004)(61.69049626037969 51.0)
(1.0E-9,13.0,0.05700000000000004)(63.312853000090854 3.0)
(1.0E-9,13.0,0.05700000000000004)(63.1358937928245 11.0)
(1.0E-9,13.0,0.05700000000000004)(63.1358937928245 14.0)
(1.0E-9,13.0,0.05700000000000004)(63.1358937928245 16.0)
(1.0E-9,13.0,0.05700000000000004)(63.1358937928245 17.0)
(1.0E-9,13.0,0.05700000000000004)(63.1358937928245 20.0)
(1.0E-9,13.0,0.05700000000000004)(63.07693199520658 22.0)
(1.0E-9,13.0,0.05700000000000004)(63.03025880802586 23.0)
(1.0E-9,13.0,0.05700000000000004)(63.07693199520658 24.0)
(1.0E-9 13.0 0.05800000000000004)(61.69049626037969 51.0)
(1.0E-9,13.0,0.05800000000000004)(63.312853000090854 3.0)
(1.0E-9,13.0,0.05800000000000004)(63.1358937928245 11.0)
(1.0E-9,13.0,0.05800000000000004)(63.1358937928245 14.0)
(1.0E-9,13.0,0.05800000000000004)(63.1358937928245 16.0)
(1.0E-9,13.0,0.05800000000000004)(63.1358937928245 17.0)
(1.0E-9,13.0,0.05800000000000004)(63.1358937928245 20.0)
(1.0E-9,13.0,0.05800000000000004)(63.07693199520658 22.0)
(1.0E-9,13.0,0.05800000000000004)(63.03025880802586 23.0)
(1.0E-9,13.0,0.05800000000000004)(63.1358937928245 21.0)
(1.0E-9,13.0,0.05800000000000004)(63.07693199520658 24.0)
(1.0E-9 13.0 0.05900000000000004)(61.69049626037969 51.0)
(1.0E-9,13.0,0.05900000000000004)(63.312853000090854 3.0)
(1.0E-9,13.0,0.05900000000000004)(63.1358937928245 11.0)
(1.0E-9,13.0,0.05900000000000004)(63.1358937928245 14.0)
(1.0E-9,13.0,0.05900000000000004)(63.1358937928245 16.0)
(1.0E-9,13.0,0.05900000000000004)(63.1358937928245 17.0)
(1.0E-9,13.0,0.05900000000000004)(63.1358937928245 20.0)
(1.0E-9,13.0,0.05900000000000004)(63.07693199520658 22.0)
(1.0E-9,13.0,0.05900000000000004)(63.03025880802586 23.0)
(1.0E-9,13.0,0.05900000000000004)(63.1358937928245 21.0)
(1.0E-9,13.0,0.05900000000000004)(63.07693199520658 24.0)
(1.0E-9 13.0 0.06000000000000004)(61.69049626037969 51.0)
(1.0E-9,13.0,0.06000000000000004)(63.312853000090854 3.0)
(1.0E-9,13.0,0.06000000000000004)(63.1358937928245 11.0)
(1.0E-9,13.0,0.06000000000000004)(63.1358937928245 14.0)
(1.0E-9,13.0,0.06000000000000004)(63.1358937928245 16.0)
(1.0E-9,13.0,0.06000000000000004)(63.1358937928245 20.0)
(1.0E-9,13.0,0.06000000000000004)(63.07693199520658 22.0)
(1.0E-9,13.0,0.06000000000000004)(63.03025880802586 23.0)
(1.0E-9,13.0,0.06000000000000004)(63.1358937928245 21.0)
(1.0E-9,13.0,0.06000000000000004)(63.07693199520658 24.0)
(1.0E-9 13.0 0.06100000000000004)(61.69049626037969 51.0)
(1.0E-9,13.0,0.06100000000000004)(63.312853000090854 3.0)
(1.0E-9,13.0,0.06100000000000004)(63.1358937928245 11.0)
(1.0E-9,13.0,0.06100000000000004)(63.1358937928245 14.0)
(1.0E-9,13.0,0.06100000000000004)(63.1358937928245 16.0)
(1.0E-9,13.0,0.06100000000000004)(63.1358937928245 17.0)
(1.0E-9,13.0,0.06100000000000004)(63.07693199520658 22.0)
(1.0E-9,13.0,0.06100000000000004)(63.03025880802586 23.0)
(1.0E-9,13.0,0.06100000000000004)(63.03025880802586 24.0)
(1.0E-9,13.0,0.06100000000000004)(63.1358937928245 21.0)
(1.0E-9,13.0,0.06100000000000004)(63.1358937928245 20.0)
(1.0E-9 13.0 0.06200000000000004)(61.69049626037969 51.0)
(1.0E-9,13.0,0.06200000000000004)(63.312853000090854 3.0)
(1.0E-9,13.0,0.06200000000000004)(63.1358937928245 11.0)
(1.0E-9,13.0,0.06200000000000004)(63.1358937928245 14.0)
(1.0E-9,13.0,0.06200000000000004)(63.1358937928245 16.0)
(1.0E-9,13.0,0.06200000000000004)(63.1358937928245 17.0)
(1.0E-9,13.0,0.06200000000000004)(63.07693199520658 22.0)
(1.0E-9,13.0,0.06200000000000004)(63.03025880802586 23.0)
(1.0E-9,13.0,0.06200000000000004)(63.03025880802586 24.0)
(1.0E-9,13.0,0.06200000000000004)(63.1358937928245 20.0)
(1.0E-9,13.0,0.06200000000000004)(63.1358937928245 21.0)
(1.0E-9 13.0 0.06300000000000004)(61.69049626037969 51.0)
(1.0E-9,13.0,0.06300000000000004)(63.312853000090854 3.0)
(1.0E-9,13.0,0.06300000000000004)(63.1358937928245 11.0)
(1.0E-9,13.0,0.06300000000000004)(63.1358937928245 14.0)
(1.0E-9,13.0,0.06300000000000004)(63.1358937928245 16.0)
(1.0E-9,13.0,0.06300000000000004)(63.1358937928245 20.0)
(1.0E-9,13.0,0.06300000000000004)(63.07693199520658 22.0)
(1.0E-9,13.0,0.06300000000000004)(63.03025880802586 23.0)
(1.0E-9,13.0,0.06300000000000004)(63.03025880802586 24.0)
(1.0E-9 13.0 0.06400000000000004)(61.69049626037969 51.0)
(1.0E-9,13.0,0.06400000000000004)(63.312853000090854 3.0)
(1.0E-9,13.0,0.06400000000000004)(63.1358937928245 11.0)
(1.0E-9,13.0,0.06400000000000004)(63.1358937928245 14.0)
(1.0E-9,13.0,0.06400000000000004)(63.1358937928245 16.0)
(1.0E-9,13.0,0.06400000000000004)(63.1358937928245 20.0)
(1.0E-9,13.0,0.06400000000000004)(63.07693199520658 22.0)
(1.0E-9,13.0,0.06400000000000004)(63.03025880802586 23.0)
(1.0E-9,13.0,0.06400000000000004)(63.03025880802586 24.0)
(1.0E-9 13.0 0.06500000000000004)(61.69049626037969 51.0)
(1.0E-9,13.0,0.06500000000000004)(63.312853000090854 3.0)
(1.0E-9,13.0,0.06500000000000004)(63.1358937928245 11.0)
(1.0E-9,13.0,0.06500000000000004)(63.1358937928245 14.0)
(1.0E-9,13.0,0.06500000000000004)(63.1358937928245 16.0)
(1.0E-9,13.0,0.06500000000000004)(63.1358937928245 20.0)
(1.0E-9,13.0,0.06500000000000004)(63.07693199520658 22.0)
(1.0E-9,13.0,0.06500000000000004)(63.03025880802586 23.0)
(1.0E-9,13.0,0.06500000000000004)(63.03025880802586 24.0)
(1.0E-9 13.0 0.06600000000000004)(61.455365508360096 52.0)
(1.0E-9,13.0,0.06600000000000004)(63.312853000090854 3.0)
(1.0E-9,13.0,0.06600000000000004)(63.1358937928245 13.0)
(1.0E-9,13.0,0.06600000000000004)(63.1358937928245 16.0)
(1.0E-9,13.0,0.06600000000000004)(63.1358937928245 17.0)
(1.0E-9,13.0,0.06600000000000004)(63.07693199520658 22.0)
(1.0E-9,13.0,0.06600000000000004)(63.03025880802586 23.0)
(1.0E-9,13.0,0.06600000000000004)(63.03025880802586 24.0)
(1.0E-9,13.0,0.06600000000000004)(63.1358937928245 21.0)
(1.0E-9 13.0 0.06700000000000005)(61.455365508360096 52.0)
(1.0E-9,13.0,0.06700000000000005)(63.312853000090854 3.0)
(1.0E-9,13.0,0.06700000000000005)(63.1358937928245 13.0)
(1.0E-9,13.0,0.06700000000000005)(63.1358937928245 16.0)
(1.0E-9,13.0,0.06700000000000005)(63.1358937928245 17.0)
(1.0E-9,13.0,0.06700000000000005)(63.07693199520658 22.0)
(1.0E-9,13.0,0.06700000000000005)(63.03025880802586 23.0)
(1.0E-9,13.0,0.06700000000000005)(63.03025880802586 24.0)
(1.0E-9,13.0,0.06700000000000005)(63.1358937928245 21.0)
(1.0E-9,13.0,0.06700000000000005)(63.1358937928245 20.0)
(1.0E-9 13.0 0.06800000000000005)(61.455365508360096 52.0)
(1.0E-9,13.0,0.06800000000000005)(63.312853000090854 3.0)
(1.0E-9,13.0,0.06800000000000005)(63.1358937928245 13.0)
(1.0E-9,13.0,0.06800000000000005)(63.1358937928245 16.0)
(1.0E-9,13.0,0.06800000000000005)(63.1358937928245 17.0)
(1.0E-9,13.0,0.06800000000000005)(63.07693199520658 22.0)
(1.0E-9,13.0,0.06800000000000005)(63.03025880802586 23.0)
(1.0E-9,13.0,0.06800000000000005)(63.03025880802586 24.0)
(1.0E-9,13.0,0.06800000000000005)(63.1358937928245 21.0)
(1.0E-9 13.0 0.06900000000000005)(61.455365508360096 52.0)
(1.0E-9,13.0,0.06900000000000005)(63.312853000090854 3.0)
(1.0E-9,13.0,0.06900000000000005)(63.1358937928245 13.0)
(1.0E-9,13.0,0.06900000000000005)(63.1358937928245 16.0)
(1.0E-9,13.0,0.06900000000000005)(63.1358937928245 17.0)
(1.0E-9,13.0,0.06900000000000005)(63.07693199520658 22.0)
(1.0E-9,13.0,0.06900000000000005)(63.03025880802586 23.0)
(1.0E-9,13.0,0.06900000000000005)(63.03025880802586 24.0)
(1.0E-9,13.0,0.06900000000000005)(63.1358937928245 20.0)
(1.0E-9,13.0,0.06900000000000005)(63.1358937928245 21.0)
(1.0E-9 13.0 0.07000000000000005)(59.67525448224063 58.0)
(1.0E-9,13.0,0.07000000000000005)(63.312853000090854 3.0)
(1.0E-9,13.0,0.07000000000000005)(63.1358937928245 13.0)
(1.0E-9,13.0,0.07000000000000005)(63.1358937928245 16.0)
(1.0E-9,13.0,0.07000000000000005)(63.1358937928245 23.0)
(1.0E-9,13.0,0.07000000000000005)(63.0764769262858 28.0)
(1.0E-9,13.0,0.07000000000000005)(63.01650861089896 31.0)
(1.0E-9,13.0,0.07000000000000005)(63.01650861089896 32.0)
(1.0E-9,13.0,0.07000000000000005)(63.01650861089896 34.0)
(1.0E-9 13.0 0.07100000000000005)(59.67525448224063 58.0)
(1.0E-9,13.0,0.07100000000000005)(63.312853000090854 3.0)
(1.0E-9,13.0,0.07100000000000005)(63.1358937928245 14.0)
(1.0E-9,13.0,0.07100000000000005)(63.1358937928245 21.0)
(1.0E-9,13.0,0.07100000000000005)(63.1358937928245 23.0)
(1.0E-9,13.0,0.07100000000000005)(63.0764769262858 28.0)
(1.0E-9,13.0,0.07100000000000005)(63.0764769262858 30.0)
(1.0E-9,13.0,0.07100000000000005)(63.01650861089896 31.0)
(1.0E-9,13.0,0.07100000000000005)(63.01650861089896 32.0)
(1.0E-9,13.0,0.07100000000000005)(63.01650861089896 34.0)
(1.0E-9,13.0,0.07100000000000005)(63.01650861089896 35.0)
(1.0E-9 13.0 0.07200000000000005)(59.67525448224063 58.0)
(1.0E-9,13.0,0.07200000000000005)(63.312853000090854 3.0)
(1.0E-9,13.0,0.07200000000000005)(63.1358937928245 14.0)
(1.0E-9,13.0,0.07200000000000005)(63.1358937928245 21.0)
(1.0E-9,13.0,0.07200000000000005)(63.1358937928245 23.0)
(1.0E-9,13.0,0.07200000000000005)(63.0764769262858 28.0)
(1.0E-9,13.0,0.07200000000000005)(63.0764769262858 30.0)
(1.0E-9,13.0,0.07200000000000005)(63.01650861089896 31.0)
(1.0E-9,13.0,0.07200000000000005)(63.01650861089896 32.0)
(1.0E-9,13.0,0.07200000000000005)(63.01650861089896 34.0)
(1.0E-9,13.0,0.07200000000000005)(63.01650861089896 35.0)
(1.0E-9 13.0 0.07300000000000005)(59.67525448224063 58.0)
(1.0E-9,13.0,0.07300000000000005)(63.312853000090854 3.0)
(1.0E-9,13.0,0.07300000000000005)(63.1358937928245 14.0)
(1.0E-9,13.0,0.07300000000000005)(63.1358937928245 21.0)
(1.0E-9,13.0,0.07300000000000005)(63.1358937928245 23.0)
(1.0E-9,13.0,0.07300000000000005)(63.1358937928245 24.0)
(1.0E-9,13.0,0.07300000000000005)(63.0764769262858 29.0)
(1.0E-9,13.0,0.07300000000000005)(63.01650861089896 30.0)
(1.0E-9,13.0,0.07300000000000005)(63.01650861089896 31.0)
(1.0E-9,13.0,0.07300000000000005)(63.01650861089896 32.0)
(1.0E-9,13.0,0.07300000000000005)(63.01650861089896 34.0)
(1.0E-9 13.0 0.07400000000000005)(59.42296247700099 62.0)
(1.0E-9,13.0,0.07400000000000005)(63.312853000090854 3.0)
(1.0E-9,13.0,0.07400000000000005)(63.1358937928245 14.0)
(1.0E-9,13.0,0.07400000000000005)(63.1358937928245 22.0)
(1.0E-9,13.0,0.07400000000000005)(63.1358937928245 23.0)
(1.0E-9,13.0,0.07400000000000005)(63.0764769262858 30.0)
(1.0E-9,13.0,0.07400000000000005)(63.01650861089896 30.0)
(1.0E-9,13.0,0.07400000000000005)(63.01650861089896 32.0)
(1.0E-9,13.0,0.07400000000000005)(63.01650861089896 34.0)
(1.0E-9,13.0,0.07400000000000005)(63.01650861089896 35.0)
(1.0E-9 13.0 0.07500000000000005)(59.42296247700099 62.0)
(1.0E-9,13.0,0.07500000000000005)(63.312853000090854 3.0)
(1.0E-9,13.0,0.07500000000000005)(63.1358937928245 14.0)
(1.0E-9,13.0,0.07500000000000005)(63.1358937928245 22.0)
(1.0E-9,13.0,0.07500000000000005)(63.1358937928245 24.0)
(1.0E-9,13.0,0.07500000000000005)(63.0764769262858 30.0)
(1.0E-9,13.0,0.07500000000000005)(63.01650861089896 30.0)
(1.0E-9,13.0,0.07500000000000005)(63.01650861089896 31.0)
(1.0E-9,13.0,0.07500000000000005)(63.01650861089896 32.0)
(1.0E-9,13.0,0.07500000000000005)(63.01650861089896 34.0)
(1.0E-9,13.0,0.07500000000000005)(63.01650861089896 33.0)
(1.0E-9 13.0 0.07600000000000005)(58.946360081420934 63.0)
(1.0E-9,13.0,0.07600000000000005)(63.312853000090854 3.0)
(1.0E-9,13.0,0.07600000000000005)(63.1358937928245 17.0)
(1.0E-9,13.0,0.07600000000000005)(63.1358937928245 23.0)
(1.0E-9,13.0,0.07600000000000005)(63.0764769262858 29.0)
(1.0E-9,13.0,0.07600000000000005)(63.01650861089896 30.0)
(1.0E-9,13.0,0.07600000000000005)(63.01650861089896 31.0)
(1.0E-9,13.0,0.07600000000000005)(63.01650861089896 32.0)
(1.0E-9,13.0,0.07600000000000005)(63.01650861089896 34.0)
(1.0E-9,13.0,0.07600000000000005)(63.01650861089896 36.0)
(1.0E-9 13.0 0.07700000000000005)(58.7240158374108 64.0)
(1.0E-9,13.0,0.07700000000000005)(63.312853000090854 3.0)
(1.0E-9,13.0,0.07700000000000005)(63.1358937928245 14.0)
(1.0E-9,13.0,0.07700000000000005)(63.1358937928245 19.0)
(1.0E-9,13.0,0.07700000000000005)(63.1358937928245 21.0)
(1.0E-9,13.0,0.07700000000000005)(63.1358937928245 22.0)
(1.0E-9,13.0,0.07700000000000005)(63.07693199520658 27.0)
(1.0E-9,13.0,0.07700000000000005)(63.01650861089896 29.0)
(1.0E-9,13.0,0.07700000000000005)(63.01650861089896 30.0)
(1.0E-9 13.0 0.07800000000000006)(58.7240158374108 64.0)
(1.0E-9,13.0,0.07800000000000006)(63.312853000090854 3.0)
(1.0E-9,13.0,0.07800000000000006)(63.1358937928245 14.0)
(1.0E-9,13.0,0.07800000000000006)(63.1358937928245 19.0)
(1.0E-9,13.0,0.07800000000000006)(63.1358937928245 21.0)
(1.0E-9,13.0,0.07800000000000006)(63.1358937928245 22.0)
(1.0E-9,13.0,0.07800000000000006)(63.07693199520658 27.0)
(1.0E-9,13.0,0.07800000000000006)(63.01650861089896 29.0)
(1.0E-9,13.0,0.07800000000000006)(63.01650861089896 30.0)
(1.0E-9 13.0 0.07900000000000006)(58.67718884517644 65.0)
(1.0E-9,13.0,0.07900000000000006)(63.312853000090854 3.0)
(1.0E-9,13.0,0.07900000000000006)(63.1358937928245 16.0)
(1.0E-9,13.0,0.07900000000000006)(63.1358937928245 19.0)
(1.0E-9,13.0,0.07900000000000006)(63.1358937928245 21.0)
(1.0E-9,13.0,0.07900000000000006)(63.1358937928245 22.0)
(1.0E-9,13.0,0.07900000000000006)(63.07693199520658 27.0)
(1.0E-9,13.0,0.07900000000000006)(63.01650861089896 29.0)
(1.0E-9,13.0,0.07900000000000006)(63.01650861089896 30.0)
(1.0E-9,13.0,0.07900000000000006)(63.01650861089896 31.0)
(1.0E-9 13.0 0.08000000000000006)(58.67718884517644 65.0)
(1.0E-9,13.0,0.08000000000000006)(63.312853000090854 3.0)
(1.0E-9,13.0,0.08000000000000006)(63.1358937928245 16.0)
(1.0E-9,13.0,0.08000000000000006)(63.1358937928245 19.0)
(1.0E-9,13.0,0.08000000000000006)(63.1358937928245 21.0)
(1.0E-9,13.0,0.08000000000000006)(63.0764769262858 27.0)
(1.0E-9,13.0,0.08000000000000006)(63.01650861089896 29.0)
(1.0E-9,13.0,0.08000000000000006)(62.6929540152837 38.0)
(1.0E-9,13.0,0.08000000000000006)(62.34864760283683 47.0)
(1.0E-9,13.0,0.08000000000000006)(62.25474338707069 48.0)
(1.0E-9,13.0,0.08000000000000006)(60.94454565869171 55.0)
(1.0E-9,13.0,0.08000000000000006)(61.348563588599575 52.0)
(1.0E-9,13.0,0.08000000000000006)(60.86051719541699 58.0)
(1.0E-9,13.0,0.08000000000000006)(60.94454565869171 56.0)
(1.0E-9,13.0,0.08000000000000006)(61.348563588599575 53.0)
(1.0E-9 13.0 0.08100000000000006)(53.9513014552535 75.0)
(1.0E-9,13.0,0.08100000000000006)(63.312853000090854 3.0)
(1.0E-9,13.0,0.08100000000000006)(63.1358937928245 18.0)
(1.0E-9,13.0,0.08100000000000006)(63.1358937928245 21.0)
(1.0E-9,13.0,0.08100000000000006)(63.0764769262858 27.0)
(1.0E-9,13.0,0.08100000000000006)(62.6929540152837 38.0)
(1.0E-9,13.0,0.08100000000000006)(62.34864760283683 47.0)
(1.0E-9,13.0,0.08100000000000006)(62.25474338707069 48.0)
(1.0E-9,13.0,0.08100000000000006)(62.44706169888543 42.0)
(1.0E-9,13.0,0.08100000000000006)(60.94454565869171 55.0)
(1.0E-9,13.0,0.08100000000000006)(61.348563588599575 52.0)
(1.0E-9,13.0,0.08100000000000006)(60.94454565869171 56.0)
(1.0E-9,13.0,0.08100000000000006)(61.348563588599575 53.0)
(1.0E-9,13.0,0.08100000000000006)(61.2651235017151 55.0)
(1.0E-9 13.0 0.08200000000000006)(57.50073048955072 72.0)
(1.0E-9,13.0,0.08200000000000006)(63.312853000090854 3.0)
(1.0E-9,13.0,0.08200000000000006)(63.1358937928245 18.0)
(1.0E-9,13.0,0.08200000000000006)(63.1358937928245 25.0)
(1.0E-9,13.0,0.08200000000000006)(63.01650861089896 29.0)
(1.0E-9,13.0,0.08200000000000006)(63.07693199520658 28.0)
(1.0E-9,13.0,0.08200000000000006)(63.07693199520658 30.0)
(1.0E-9,13.0,0.08200000000000006)(63.06722645401987 33.0)
(1.0E-9,13.0,0.08200000000000006)(63.06722645401987 34.0)
(1.0E-9,13.0,0.08200000000000006)(63.06722645401987 36.0)
(1.0E-9 13.0 0.08300000000000006)(57.50073048955072 72.0)
(1.0E-9,13.0,0.08300000000000006)(63.312853000090854 3.0)
(1.0E-9,13.0,0.08300000000000006)(63.1358937928245 18.0)
(1.0E-9,13.0,0.08300000000000006)(63.1358937928245 26.0)
(1.0E-9,13.0,0.08300000000000006)(63.07693199520658 28.0)
(1.0E-9,13.0,0.08300000000000006)(63.07693199520658 31.0)
(1.0E-9,13.0,0.08300000000000006)(63.07693199520658 29.0)
(1.0E-9,13.0,0.08300000000000006)(63.07693199520658 30.0)
(1.0E-9 13.0 0.08400000000000006)(49.61943637451142 78.0)
(1.0E-9,13.0,0.08400000000000006)(63.312853000090854 3.0)
(1.0E-9,13.0,0.08400000000000006)(63.1358937928245 19.0)
(1.0E-9,13.0,0.08400000000000006)(63.0764769262858 27.0)
(1.0E-9,13.0,0.08400000000000006)(63.07693199520658 28.0)
(1.0E-9,13.0,0.08400000000000006)(63.07693199520658 29.0)
(1.0E-9,13.0,0.08400000000000006)(63.07693199520658 31.0)
(1.0E-9,13.0,0.08400000000000006)(63.07693199520658 30.0)
(1.0E-9 13.0 0.08500000000000006)(49.61943637451142 78.0)
(1.0E-9,13.0,0.08500000000000006)(63.312853000090854 3.0)
(1.0E-9,13.0,0.08500000000000006)(63.1358937928245 19.0)
(1.0E-9,13.0,0.08500000000000006)(63.0764769262858 27.0)
(1.0E-9,13.0,0.08500000000000006)(63.07693199520658 28.0)
(1.0E-9,13.0,0.08500000000000006)(63.07693199520658 29.0)
(1.0E-9,13.0,0.08500000000000006)(63.07693199520658 31.0)
(1.0E-9,13.0,0.08500000000000006)(63.07693199520658 30.0)
(1.0E-9 13.0 0.08600000000000006)(49.61943637451142 78.0)
(1.0E-9,13.0,0.08600000000000006)(63.312853000090854 3.0)
(1.0E-9,13.0,0.08600000000000006)(63.1358937928245 19.0)
(1.0E-9,13.0,0.08600000000000006)(63.0764769262858 27.0)
(1.0E-9,13.0,0.08600000000000006)(63.07693199520658 28.0)
(1.0E-9,13.0,0.08600000000000006)(63.07693199520658 29.0)
(1.0E-9,13.0,0.08600000000000006)(63.07693199520658 31.0)
(1.0E-9,13.0,0.08600000000000006)(63.07693199520658 30.0)
(1.0E-9,13.0,0.08600000000000006)(63.07693199520658 33.0)
(1.0E-9,13.0,0.08600000000000006)(63.07693199520658 32.0)
(1.0E-9 13.0 0.08700000000000006)(49.37515071602898 79.0)
(1.0E-9,13.0,0.08700000000000006)(63.312853000090854 5.0)
(1.0E-9,13.0,0.08700000000000006)(63.1358937928245 19.0)
(1.0E-9,13.0,0.08700000000000006)(63.07693199520658 27.0)
(1.0E-9,13.0,0.08700000000000006)(63.07693199520658 28.0)
(1.0E-9,13.0,0.08700000000000006)(63.07693199520658 29.0)
(1.0E-9,13.0,0.08700000000000006)(63.07693199520658 32.0)
(1.0E-9,13.0,0.08700000000000006)(63.07693199520658 30.0)
(1.0E-9,13.0,0.08700000000000006)(63.07693199520658 31.0)
(1.0E-9 13.0 0.08800000000000006)(49.37515071602898 79.0)
(1.0E-9,13.0,0.08800000000000006)(63.312853000090854 5.0)
(1.0E-9,13.0,0.08800000000000006)(63.1358937928245 19.0)
(1.0E-9,13.0,0.08800000000000006)(63.07693199520658 27.0)
(1.0E-9,13.0,0.08800000000000006)(63.07693199520658 28.0)
(1.0E-9,13.0,0.08800000000000006)(63.07693199520658 29.0)
(1.0E-9,13.0,0.08800000000000006)(63.07693199520658 32.0)
(1.0E-9,13.0,0.08800000000000006)(63.07693199520658 30.0)
(1.0E-9,13.0,0.08800000000000006)(63.07693199520658 31.0)
(1.0E-9,13.0,0.08800000000000006)(63.06722645401987 36.0)
(1.0E-9,13.0,0.08800000000000006)(63.06722645401987 35.0)
(1.0E-9 13.0 0.08900000000000007)(49.60423737011951 78.0)
(1.0E-9,13.0,0.08900000000000007)(63.312853000090854 5.0)
(1.0E-9,13.0,0.08900000000000007)(63.1358937928245 19.0)
(1.0E-9,13.0,0.08900000000000007)(63.07693199520658 27.0)
(1.0E-9,13.0,0.08900000000000007)(63.07693199520658 28.0)
(1.0E-9,13.0,0.08900000000000007)(63.07693199520658 29.0)
(1.0E-9,13.0,0.08900000000000007)(63.07693199520658 32.0)
(1.0E-9,13.0,0.08900000000000007)(63.07693199520658 30.0)
(1.0E-9,13.0,0.08900000000000007)(63.07693199520658 31.0)
(1.0E-9,13.0,0.08900000000000007)(63.06722645401987 37.0)
(1.0E-9,13.0,0.08900000000000007)(63.06722645401987 36.0)
(1.0E-9 13.0 0.09000000000000007)(49.60423737011951 78.0)
(1.0E-9,13.0,0.09000000000000007)(63.312853000090854 5.0)
(1.0E-9,13.0,0.09000000000000007)(63.1358937928245 19.0)
(1.0E-9,13.0,0.09000000000000007)(63.07693199520658 27.0)
(1.0E-9,13.0,0.09000000000000007)(63.07693199520658 28.0)
(1.0E-9,13.0,0.09000000000000007)(63.07693199520658 29.0)
(1.0E-9,13.0,0.09000000000000007)(63.07693199520658 32.0)
(1.0E-9,13.0,0.09000000000000007)(63.06722645401987 35.0)
(1.0E-9,13.0,0.09000000000000007)(63.07693199520658 33.0)
(1.0E-9,13.0,0.09000000000000007)(63.07693199520658 30.0)
(1.0E-9 13.0 0.09100000000000007)(49.60423737011951 78.0)
(1.0E-9,13.0,0.09100000000000007)(63.312853000090854 5.0)
(1.0E-9,13.0,0.09100000000000007)(63.1358937928245 19.0)
(1.0E-9,13.0,0.09100000000000007)(63.07693199520658 27.0)
(1.0E-9,13.0,0.09100000000000007)(63.07693199520658 28.0)
(1.0E-9,13.0,0.09100000000000007)(63.07693199520658 29.0)
(1.0E-9,13.0,0.09100000000000007)(63.07693199520658 32.0)
(1.0E-9,13.0,0.09100000000000007)(63.06722645401987 35.0)
(1.0E-9,13.0,0.09100000000000007)(63.07693199520658 33.0)
(1.0E-9,13.0,0.09100000000000007)(63.07693199520658 30.0)
(1.0E-9 13.0 0.09200000000000007)(49.43464378694158 79.0)
(1.0E-9,13.0,0.09200000000000007)(63.312853000090854 5.0)
(1.0E-9,13.0,0.09200000000000007)(63.1358937928245 19.0)
(1.0E-9,13.0,0.09200000000000007)(63.01650861089896 28.0)
(1.0E-9,13.0,0.09200000000000007)(63.07693199520658 28.0)
(1.0E-9,13.0,0.09200000000000007)(63.07693199520658 31.0)
(1.0E-9,13.0,0.09200000000000007)(63.07693199520658 34.0)
(1.0E-9,13.0,0.09200000000000007)(63.07693199520658 30.0)
(1.0E-9,13.0,0.09200000000000007)(63.06722645401987 36.0)
(1.0E-9,13.0,0.09200000000000007)(63.06722645401987 37.0)
(1.0E-9 13.0 0.09300000000000007)(48.97188180609896 84.0)
(1.0E-9,13.0,0.09300000000000007)(63.312853000090854 5.0)
(1.0E-9,13.0,0.09300000000000007)(63.1358937928245 21.0)
(1.0E-9,13.0,0.09300000000000007)(63.01650861089896 32.0)
(1.0E-9,13.0,0.09300000000000007)(62.633338336740074 46.0)
(1.0E-9,13.0,0.09300000000000007)(62.35684453239775 50.0)
(1.0E-9,13.0,0.09300000000000007)(61.81076996746752 55.0)
(1.0E-9,13.0,0.09300000000000007)(61.81076996746752 54.0)
(1.0E-9,13.0,0.09300000000000007)(62.22691006853085 50.0)
(1.0E-9,13.0,0.09300000000000007)(62.01101903886405 51.0)
(1.0E-9,13.0,0.09300000000000007)(62.01101903886405 53.0)
(1.0E-9 13.0 0.09400000000000007)(49.43464378694158 79.0)
(1.0E-9,13.0,0.09400000000000007)(63.312853000090854 5.0)
(1.0E-9,13.0,0.09400000000000007)(63.1358937928245 19.0)
(1.0E-9,13.0,0.09400000000000007)(63.01650861089896 28.0)
(1.0E-9,13.0,0.09400000000000007)(63.07693199520658 28.0)
(1.0E-9,13.0,0.09400000000000007)(63.07693199520658 31.0)
(1.0E-9,13.0,0.09400000000000007)(63.07693199520658 32.0)
(1.0E-9,13.0,0.09400000000000007)(63.07693199520658 30.0)
(1.0E-9,13.0,0.09400000000000007)(63.06722645401987 34.0)
(1.0E-9 13.0 0.09500000000000007)(49.43464378694158 79.0)
(1.0E-9,13.0,0.09500000000000007)(63.312853000090854 5.0)
(1.0E-9,13.0,0.09500000000000007)(63.1358937928245 19.0)
(1.0E-9,13.0,0.09500000000000007)(63.01650861089896 28.0)
(1.0E-9,13.0,0.09500000000000007)(63.07693199520658 28.0)
(1.0E-9,13.0,0.09500000000000007)(63.07693199520658 29.0)
(1.0E-9,13.0,0.09500000000000007)(63.07693199520658 32.0)
(1.0E-9,13.0,0.09500000000000007)(63.07693199520658 33.0)
(1.0E-9,13.0,0.09500000000000007)(63.07693199520658 31.0)
(1.0E-9,13.0,0.09500000000000007)(63.06722645401987 34.0)
(1.0E-9,13.0,0.09500000000000007)(63.06722645401987 36.0)
(1.0E-9 13.0 0.09600000000000007)(49.43464378694158 79.0)
(1.0E-9,13.0,0.09600000000000007)(63.312853000090854 5.0)
(1.0E-9,13.0,0.09600000000000007)(63.1358937928245 19.0)
(1.0E-9,13.0,0.09600000000000007)(63.01650861089896 28.0)
(1.0E-9,13.0,0.09600000000000007)(63.07693199520658 28.0)
(1.0E-9,13.0,0.09600000000000007)(63.07693199520658 29.0)
(1.0E-9,13.0,0.09600000000000007)(63.07693199520658 32.0)
(1.0E-9,13.0,0.09600000000000007)(63.07693199520658 30.0)
(1.0E-9,13.0,0.09600000000000007)(63.07693199520658 31.0)
(1.0E-9 13.0 0.09700000000000007)(46.15043988980439 82.0)
(1.0E-9,13.0,0.09700000000000007)(63.312853000090854 5.0)
(1.0E-9,13.0,0.09700000000000007)(63.1358937928245 21.0)
(1.0E-9,13.0,0.09700000000000007)(63.01650861089896 29.0)
(1.0E-9,13.0,0.09700000000000007)(63.07693199520658 28.0)
(1.0E-9,13.0,0.09700000000000007)(63.07693199520658 31.0)
(1.0E-9,13.0,0.09700000000000007)(63.07693199520658 30.0)
(1.0E-9,13.0,0.09700000000000007)(63.07693199520658 33.0)
(1.0E-9,13.0,0.09700000000000007)(63.06722645401987 38.0)
(1.0E-9 13.0 0.09800000000000007)(46.15043988980439 82.0)
(1.0E-9,13.0,0.09800000000000007)(63.312853000090854 5.0)
(1.0E-9,13.0,0.09800000000000007)(63.1358937928245 21.0)
(1.0E-9,13.0,0.09800000000000007)(63.01650861089896 29.0)
(1.0E-9,13.0,0.09800000000000007)(63.07693199520658 28.0)
(1.0E-9,13.0,0.09800000000000007)(63.07693199520658 31.0)
(1.0E-9,13.0,0.09800000000000007)(63.07693199520658 30.0)
(1.0E-9,13.0,0.09800000000000007)(63.07693199520658 33.0)
(1.0E-9,13.0,0.09800000000000007)(63.06722645401987 38.0)
(1.0E-9 13.0 0.09900000000000007)(41.79824614659996 83.0)
(1.0E-9,13.0,0.09900000000000007)(63.312853000090854 5.0)
(1.0E-9,13.0,0.09900000000000007)(63.1358937928245 21.0)
(1.0E-9,13.0,0.09900000000000007)(63.07693199520658 28.0)
(1.0E-9,13.0,0.09900000000000007)(63.07693199520658 29.0)
(1.0E-9,13.0,0.09900000000000007)(63.07693199520658 31.0)
(1.0E-9,13.0,0.09900000000000007)(63.07693199520658 32.0)
(1.0E-9,13.0,0.09900000000000007)(63.07693199520658 30.0)
(1.0E-9,13.0,0.09900000000000007)(63.06722645401987 37.0)
(1.0E-9,13.0,0.09900000000000007)(63.07693199520658 33.0)
(1.0E-9 13.0 0.10000000000000007)(41.79824614659996 83.0)
(1.0E-9,13.0,0.10000000000000007)(63.312853000090854 6.0)
(1.0E-9,13.0,0.10000000000000007)(63.1358937928245 21.0)
(1.0E-9,13.0,0.10000000000000007)(63.07693199520658 28.0)
(1.0E-9,13.0,0.10000000000000007)(63.07693199520658 29.0)
(1.0E-9,13.0,0.10000000000000007)(63.07693199520658 31.0)
(1.0E-9,13.0,0.10000000000000007)(63.07693199520658 32.0)
(1.0E-9,13.0,0.10000000000000007)(63.06722645401987 36.0)
(1.0E-9,13.0,0.10000000000000007)(63.06722645401987 35.0)
(1.0E-9,13.0,0.10000000000000007)(63.07693199520658 30.0)
(1.0E-9,13.0,0.10000000000000007)(63.07693199520658 33.0)
(1.0E-9 13.0 0.10100000000000008)(39.762628365355155 92.0)
(1.0E-9,13.0,0.10100000000000008)(63.312853000090854 5.0)
(1.0E-9,13.0,0.10100000000000008)(63.1358937928245 24.0)
(1.0E-9,13.0,0.10100000000000008)(63.01650861089896 34.0)
(1.0E-9,13.0,0.10100000000000008)(62.54040209381848 46.0)
(1.0E-9,13.0,0.10100000000000008)(62.44706169888543 47.0)
(1.0E-9,13.0,0.10100000000000008)(61.81076996746752 54.0)
(1.0E-9,13.0,0.10100000000000008)(63.06722645401987 36.0)
(1.0E-9,13.0,0.10100000000000008)(61.916703537044135 54.0)
(1.0E-9,13.0,0.10100000000000008)(62.01101903886405 52.0)
(1.0E-9,13.0,0.10100000000000008)(61.916703537044135 55.0)
(1.0E-9,13.0,0.10100000000000008)(62.01101903886405 51.0)
(1.0E-9,13.0,0.10100000000000008)(61.916703537044135 56.0)
(1.0E-9 13.0 0.10200000000000008)(39.762628365355155 92.0)
(1.0E-9,13.0,0.10200000000000008)(63.312853000090854 5.0)
(1.0E-9,13.0,0.10200000000000008)(63.1358937928245 24.0)
(1.0E-9,13.0,0.10200000000000008)(63.01650861089896 34.0)
(1.0E-9,13.0,0.10200000000000008)(62.54040209381848 46.0)
(1.0E-9,13.0,0.10200000000000008)(62.44706169888543 47.0)
(1.0E-9,13.0,0.10200000000000008)(61.81076996746752 54.0)
(1.0E-9,13.0,0.10200000000000008)(63.06722645401987 36.0)
(1.0E-9,13.0,0.10200000000000008)(62.01101903886405 52.0)
(1.0E-9,13.0,0.10200000000000008)(61.984793385686004 53.0)
(1.0E-9,13.0,0.10200000000000008)(61.97411650025809 56.0)
(1.0E-9 13.0 0.10300000000000008)(39.762628365355155 92.0)
(1.0E-9,13.0,0.10300000000000008)(63.312853000090854 5.0)
(1.0E-9,13.0,0.10300000000000008)(63.1358937928245 24.0)
(1.0E-9,13.0,0.10300000000000008)(63.01650861089896 34.0)
(1.0E-9,13.0,0.10300000000000008)(62.45047280281832 49.0)
(1.0E-9,13.0,0.10300000000000008)(62.44706169888543 47.0)
(1.0E-9,13.0,0.10300000000000008)(61.916703537044135 53.0)
(1.0E-9,13.0,0.10300000000000008)(63.06722645401987 35.0)
(1.0E-9,13.0,0.10300000000000008)(61.81076996746752 54.0)
(1.0E-9,13.0,0.10300000000000008)(61.81076996746752 56.0)
(1.0E-9 13.0 0.10400000000000008)(39.762628365355155 92.0)
(1.0E-9,13.0,0.10400000000000008)(63.312853000090854 5.0)
(1.0E-9,13.0,0.10400000000000008)(63.1358937928245 24.0)
(1.0E-9,13.0,0.10400000000000008)(63.01650861089896 34.0)
(1.0E-9,13.0,0.10400000000000008)(62.45047280281832 49.0)
(1.0E-9,13.0,0.10400000000000008)(62.44706169888543 47.0)
(1.0E-9,13.0,0.10400000000000008)(61.916703537044135 53.0)
(1.0E-9,13.0,0.10400000000000008)(63.06722645401987 35.0)
(1.0E-9,13.0,0.10400000000000008)(61.81076996746752 54.0)
(1.0E-9,13.0,0.10400000000000008)(61.81076996746752 56.0)
(1.0E-9 13.0 0.10500000000000008)(39.762628365355155 92.0)
(1.0E-9,13.0,0.10500000000000008)(63.312853000090854 5.0)
(1.0E-9,13.0,0.10500000000000008)(63.1358937928245 24.0)
(1.0E-9,13.0,0.10500000000000008)(63.01650861089896 34.0)
(1.0E-9,13.0,0.10500000000000008)(62.45047280281832 49.0)
(1.0E-9,13.0,0.10500000000000008)(62.44706169888543 47.0)
(1.0E-9,13.0,0.10500000000000008)(62.01101903886405 51.0)
(1.0E-9,13.0,0.10500000000000008)(63.06722645401987 35.0)
(1.0E-9,13.0,0.10500000000000008)(61.879032926267506 54.0)
(1.0E-9,13.0,0.10500000000000008)(62.09561418885465 53.0)
(1.0E-9,13.0,0.10500000000000008)(62.22691006853085 51.0)
(1.0E-9,13.0,0.10500000000000008)(61.916703537044135 53.0)
(1.0E-9,13.0,0.10500000000000008)(62.121793864800146 53.0)
(1.0E-9,13.0,0.10500000000000008)(61.870947117463544 57.0)
(1.0E-9,13.0,0.10500000000000008)(62.087394111552214 54.0)
(1.0E-9 13.0 0.10600000000000008)(39.762628365355155 92.0)
(1.0E-9,13.0,0.10600000000000008)(63.312853000090854 5.0)
(1.0E-9,13.0,0.10600000000000008)(63.1358937928245 24.0)
(1.0E-9,13.0,0.10600000000000008)(63.01650861089896 34.0)
(1.0E-9,13.0,0.10600000000000008)(62.45047280281832 49.0)
(1.0E-9,13.0,0.10600000000000008)(62.44706169888543 47.0)
(1.0E-9,13.0,0.10600000000000008)(61.7843927828878 55.0)
(1.0E-9,13.0,0.10600000000000008)(63.06722645401987 36.0)
(1.0E-9,13.0,0.10600000000000008)(62.00136625253311 55.0)
(1.0E-9,13.0,0.10600000000000008)(62.0276144249753 54.0)
(1.0E-9,13.0,0.10600000000000008)(62.00136625253311 57.0)
(1.0E-9,13.0,0.10600000000000008)(62.13301442191451 52.0)
(1.0E-9 13.0 0.10700000000000008)(34.170806762968745 91.0)
(1.0E-9,13.0,0.10700000000000008)(63.312853000090854 6.0)
(1.0E-9,13.0,0.10700000000000008)(63.1358937928245 26.0)
(1.0E-9,13.0,0.10700000000000008)(63.07693199520658 28.0)
(1.0E-9,13.0,0.10700000000000008)(63.07693199520658 29.0)
(1.0E-9,13.0,0.10700000000000008)(63.07693199520658 31.0)
(1.0E-9,13.0,0.10700000000000008)(63.07693199520658 30.0)
(1.0E-9,13.0,0.10700000000000008)(63.07693199520658 32.0)
(1.0E-9,13.0,0.10700000000000008)(63.06722645401987 37.0)
(1.0E-9 13.0 0.10800000000000008)(34.170806762968745 91.0)
(1.0E-9,13.0,0.10800000000000008)(63.312853000090854 6.0)
(1.0E-9,13.0,0.10800000000000008)(63.1358937928245 26.0)
(1.0E-9,13.0,0.10800000000000008)(63.07693199520658 28.0)
(1.0E-9,13.0,0.10800000000000008)(63.07693199520658 29.0)
(1.0E-9,13.0,0.10800000000000008)(63.07693199520658 31.0)
(1.0E-9,13.0,0.10800000000000008)(63.06722645401987 34.0)
(1.0E-9,13.0,0.10800000000000008)(63.06722645401987 35.0)
(1.0E-9,13.0,0.10800000000000008)(63.07693199520658 30.0)
(1.0E-9,13.0,0.10800000000000008)(63.312853000090854 1.0)
(1.0E-9,13.0,0.10800000000000008)(63.07693199520658 32.0)
(1.0E-9,13.0,0.10800000000000008)(63.07693199520658 33.0)
(1.0E-9,13.0,0.10800000000000008)(63.06722645401987 39.0)
(1.0E-9 13.0 0.10900000000000008)(33.36662924969925 92.0)
(1.0E-9,13.0,0.10900000000000008)(63.312853000090854 6.0)
(1.0E-9,13.0,0.10900000000000008)(63.1358937928245 26.0)
(1.0E-9,13.0,0.10900000000000008)(63.07693199520658 28.0)
(1.0E-9,13.0,0.10900000000000008)(63.07693199520658 29.0)
(1.0E-9,13.0,0.10900000000000008)(63.07693199520658 31.0)
(1.0E-9,13.0,0.10900000000000008)(63.06722645401987 34.0)
(1.0E-9,13.0,0.10900000000000008)(63.07693199520658 30.0)
(1.0E-9,13.0,0.10900000000000008)(63.06722645401987 35.0)
(1.0E-9,13.0,0.10900000000000008)(63.312853000090854 1.0)
(1.0E-9,13.0,0.10900000000000008)(63.06722645401987 33.0)
(1.0E-9,13.0,0.10900000000000008)(63.07693199520658 32.0)
(1.0E-9,13.0,0.10900000000000008)(63.06722645401987 38.0)
(1.0E-9 13.0 0.11000000000000008)(31.523602968818278 94.0)
(1.0E-9,13.0,0.11000000000000008)(63.1358937928245 9.0)
(1.0E-9,13.0,0.11000000000000008)(63.07693199520658 27.0)
(1.0E-9,13.0,0.11000000000000008)(63.07693199520658 30.0)
(1.0E-9,13.0,0.11000000000000008)(63.07693199520658 31.0)
(1.0E-9,13.0,0.11000000000000008)(63.06722645401987 34.0)
(1.0E-9,13.0,0.11000000000000008)(63.06722645401987 35.0)
(1.0E-9,13.0,0.11000000000000008)(63.06722645401987 37.0)
(1.0E-9,13.0,0.11000000000000008)(63.312853000090854 1.0)
(1.0E-9,13.0,0.11000000000000008)(63.06722645401987 36.0)
(1.0E-9,13.0,0.11000000000000008)(63.07693199520658 32.0)
(1.0E-9 13.0 0.11100000000000008)(31.523602968818278 94.0)
(1.0E-9,13.0,0.11100000000000008)(63.1358937928245 9.0)
(1.0E-9,13.0,0.11100000000000008)(63.07693199520658 27.0)
(1.0E-9,13.0,0.11100000000000008)(63.07693199520658 30.0)
(1.0E-9,13.0,0.11100000000000008)(63.07693199520658 31.0)
(1.0E-9,13.0,0.11100000000000008)(63.06722645401987 34.0)
(1.0E-9,13.0,0.11100000000000008)(63.06722645401987 35.0)
(1.0E-9,13.0,0.11100000000000008)(63.06722645401987 37.0)
(1.0E-9,13.0,0.11100000000000008)(63.312853000090854 1.0)
(1.0E-9,13.0,0.11100000000000008)(63.06722645401987 36.0)
(1.0E-9,13.0,0.11100000000000008)(63.07693199520658 32.0)
(1.0E-9 13.0 0.11200000000000009)(31.523602968818278 94.0)
(1.0E-9,13.0,0.11200000000000009)(63.1358937928245 11.0)
(1.0E-9,13.0,0.11200000000000009)(63.01650861089896 28.0)
(1.0E-9,13.0,0.11200000000000009)(63.07693199520658 28.0)
(1.0E-9,13.0,0.11200000000000009)(63.07693199520658 31.0)
(1.0E-9,13.0,0.11200000000000009)(63.06722645401987 32.0)
(1.0E-9,13.0,0.11200000000000009)(63.07693199520658 30.0)
(1.0E-9,13.0,0.11200000000000009)(63.06722645401987 38.0)
(1.0E-9,13.0,0.11200000000000009)(63.06722645401987 39.0)
(1.0E-9,13.0,0.11200000000000009)(63.06722645401987 41.0)
(1.0E-9 13.0 0.11300000000000009)(27.250884529682033 103.0)
(1.0E-9,13.0,0.11300000000000009)(63.1358937928245 11.0)
(1.0E-9,13.0,0.11300000000000009)(63.01650861089896 32.0)
(1.0E-9,13.0,0.11300000000000009)(62.35684453239775 50.0)
(1.0E-9,13.0,0.11300000000000009)(61.99066715036199 55.0)
(1.0E-9,13.0,0.11300000000000009)(61.99066715036199 56.0)
(1.0E-9,13.0,0.11300000000000009)(63.06722645401987 39.0)
(1.0E-9,13.0,0.11300000000000009)(62.13301442191451 57.0)
(1.0E-9,13.0,0.11300000000000009)(62.0276144249753 54.0)
(1.0E-9,13.0,0.11300000000000009)(62.10685822032007 55.0)
(1.0E-9,13.0,0.11300000000000009)(62.00136625253311 54.0)
(1.0E-9,13.0,0.11300000000000009)(62.13301442191451 53.0)
(1.0E-9 13.0 0.11400000000000009)(27.073646603605646 105.0)
(1.0E-9,13.0,0.11400000000000009)(63.1358937928245 11.0)
(1.0E-9,13.0,0.11400000000000009)(63.01650861089896 33.0)
(1.0E-9,13.0,0.11400000000000009)(62.54040209381848 46.0)
(1.0E-9,13.0,0.11400000000000009)(62.00136625253311 54.0)
(1.0E-9,13.0,0.11400000000000009)(62.0276144249753 54.0)
(1.0E-9,13.0,0.11400000000000009)(62.13301442191451 53.0)
(1.0E-9,13.0,0.11400000000000009)(62.13301442191451 55.0)
(1.0E-9,13.0,0.11400000000000009)(61.97509586334772 58.0)
(1.0E-9,13.0,0.11400000000000009)(62.0276144249753 56.0)
(1.0E-9,13.0,0.11400000000000009)(62.10685822032007 59.0)
(1.0E-9 13.0 0.11500000000000009)(29.246859221852393 97.0)
(1.0E-9,13.0,0.11500000000000009)(63.1358937928245 11.0)
(1.0E-9,13.0,0.11500000000000009)(63.01650861089896 29.0)
(1.0E-9,13.0,0.11500000000000009)(63.07693199520658 31.0)
(1.0E-9,13.0,0.11500000000000009)(63.06722645401987 34.0)
(1.0E-9,13.0,0.11500000000000009)(63.06722645401987 36.0)
(1.0E-9,13.0,0.11500000000000009)(63.312853000090854 1.0)
(1.0E-9,13.0,0.11500000000000009)(63.06722645401987 35.0)
(1.0E-9,13.0,0.11500000000000009)(63.07693199520658 37.0)
(1.0E-9,13.0,0.11500000000000009)(63.07693199520658 32.0)
(1.0E-9 13.0 0.11600000000000009)(25.0822194631659 106.0)
(1.0E-9,13.0,0.11600000000000009)(63.1358937928245 11.0)
(1.0E-9,13.0,0.11600000000000009)(63.01650861089896 33.0)
(1.0E-9,13.0,0.11600000000000009)(62.44706169888543 47.0)
(1.0E-9,13.0,0.11600000000000009)(61.77356633769145 56.0)
(1.0E-9,13.0,0.11600000000000009)(61.77356633769145 57.0)
(1.0E-9,13.0,0.11600000000000009)(61.7843927828878 56.0)
(1.0E-9,13.0,0.11600000000000009)(61.77356633769145 58.0)
(1.0E-9,13.0,0.11600000000000009)(61.97509586334772 56.0)
(1.0E-9,13.0,0.11600000000000009)(61.75799505067717 58.0)
(1.0E-9,13.0,0.11600000000000009)(61.81076996746752 56.0)
(1.0E-9,13.0,0.11600000000000009)(61.916703537044135 55.0)
(1.0E-9,13.0,0.11600000000000009)(61.7843927828878 59.0)
(1.0E-9 13.0 0.11700000000000009)(25.0822194631659 106.0)
(1.0E-9,13.0,0.11700000000000009)(63.1358937928245 11.0)
(1.0E-9,13.0,0.11700000000000009)(63.01650861089896 33.0)
(1.0E-9,13.0,0.11700000000000009)(62.44706169888543 47.0)
(1.0E-9,13.0,0.11700000000000009)(61.77356633769145 56.0)
(1.0E-9,13.0,0.11700000000000009)(61.77356633769145 57.0)
(1.0E-9,13.0,0.11700000000000009)(61.7843927828878 56.0)
(1.0E-9,13.0,0.11700000000000009)(61.77356633769145 58.0)
(1.0E-9,13.0,0.11700000000000009)(61.97509586334772 56.0)
(1.0E-9,13.0,0.11700000000000009)(61.75799505067717 58.0)
(1.0E-9,13.0,0.11700000000000009)(61.81076996746752 56.0)
(1.0E-9,13.0,0.11700000000000009)(61.916703537044135 55.0)
(1.0E-9,13.0,0.11700000000000009)(61.7843927828878 59.0)
(1.0E-9 13.0 0.11800000000000009)(27.49040901449052 105.0)
(1.0E-9,13.0,0.11800000000000009)(63.1358937928245 11.0)
(1.0E-9,13.0,0.11800000000000009)(63.01650861089896 33.0)
(1.0E-9,13.0,0.11800000000000009)(62.44706169888543 47.0)
(1.0E-9,13.0,0.11800000000000009)(61.661377985532816 58.0)
(1.0E-9,13.0,0.11800000000000009)(61.879032926267506 56.0)
(1.0E-9,13.0,0.11800000000000009)(62.46930126905196 46.0)
(1.0E-9,13.0,0.11800000000000009)(62.5260217010217 46.0)
(1.0E-9,13.0,0.11800000000000009)(62.552080559079194 45.0)
(1.0E-9,13.0,0.11800000000000009)(62.44316887713186 47.0)
(1.0E-9,13.0,0.11800000000000009)(62.57422134943239 45.0)
(1.0E-9,13.0,0.11800000000000009)(62.54818773732562 46.0)
(1.0E-9,13.0,0.11800000000000009)(62.60022933060055 48.0)
(1.0E-9,13.0,0.11800000000000009)(62.42090549729099 48.0)
(1.0E-9 13.0 0.11900000000000009)(27.49040901449052 105.0)
(1.0E-9,13.0,0.11900000000000009)(63.1358937928245 11.0)
(1.0E-9,13.0,0.11900000000000009)(63.01650861089896 34.0)
(1.0E-9,13.0,0.11900000000000009)(62.44706169888543 47.0)
(1.0E-9,13.0,0.11900000000000009)(62.44706169888543 48.0)
(1.0E-9,13.0,0.11900000000000009)(61.81076996746752 56.0)
(1.0E-9,13.0,0.11900000000000009)(62.552080559079194 46.0)
(1.0E-9,13.0,0.11900000000000009)(62.5260217010217 46.0)
(1.0E-9,13.0,0.11900000000000009)(62.54040209381848 48.0)
(1.0E-9,13.0,0.11900000000000009)(62.6450168020008 46.0)
(1.0E-9,13.0,0.11900000000000009)(62.6929540152837 48.0)
(1.0E-9 13.0 0.12000000000000009)(27.49040901449052 105.0)
(1.0E-9,13.0,0.12000000000000009)(63.1358937928245 11.0)
(1.0E-9,13.0,0.12000000000000009)(63.01650861089896 33.0)
(1.0E-9,13.0,0.12000000000000009)(62.44706169888543 47.0)
(1.0E-9,13.0,0.12000000000000009)(62.5637590243399 47.0)
(1.0E-9,13.0,0.12000000000000009)(60.95606200901441 58.0)
(1.0E-9,13.0,0.12000000000000009)(62.50383079292683 49.0)
(1.0E-9,13.0,0.12000000000000009)(62.47772255509331 50.0)
(1.0E-9,13.0,0.12000000000000009)(62.49604514941969 48.0)
(1.0E-9,13.0,0.12000000000000009)(62.47772255509331 52.0)
(1.0E-9,13.0,0.12000000000000009)(62.57422134943239 50.0)
(1.0E-9,13.0,0.12000000000000009)(62.54040209381848 47.0)
(1.0E-9,13.0,0.12000000000000009)(62.552080559079194 51.0)
(1.0E-9,13.0,0.12000000000000009)(62.60022933060055 47.0)
(1.0E-9,13.0,0.12000000000000009)(62.35684453239775 51.0)
(1.0E-9 13.0 0.1210000000000001)(26.727190498397874 106.0)
(1.0E-9,13.0,0.1210000000000001)(63.1358937928245 13.0)
(1.0E-9,13.0,0.1210000000000001)(63.01650861089896 34.0)
(1.0E-9,13.0,0.1210000000000001)(62.35684453239775 50.0)
(1.0E-9,13.0,0.1210000000000001)(62.50383079292683 50.0)
(1.0E-9,13.0,0.1210000000000001)(61.97411650025809 55.0)
(1.0E-9,13.0,0.1210000000000001)(62.46245741720971 50.0)
(1.0E-9,13.0,0.1210000000000001)(62.50383079292683 49.0)
(1.0E-9,13.0,0.1210000000000001)(62.35684453239775 51.0)
(1.0E-9,13.0,0.1210000000000001)(62.48550819860045 51.0)
(1.0E-9,13.0,0.1210000000000001)(62.54818773732562 47.0)
(1.0E-9,13.0,0.1210000000000001)(62.42090549729099 52.0)
(1.0E-9,13.0,0.1210000000000001)(62.552080559079194 47.0)
(1.0E-9,13.0,0.1210000000000001)(62.61906128353731 53.0)
(1.0E-9,13.0,0.1210000000000001)(62.6450168020008 46.0)
(1.0E-9,13.0,0.1210000000000001)(62.42434041089822 53.0)
(1.0E-9 13.0 0.1220000000000001)(26.836905789223266 105.0)
(1.0E-9,13.0,0.1220000000000001)(63.1358937928245 13.0)
(1.0E-9,13.0,0.1220000000000001)(62.6929540152837 41.0)
(1.0E-9,13.0,0.1220000000000001)(63.06722645401987 36.0)
(1.0E-9,13.0,0.1220000000000001)(63.06722645401987 37.0)
(1.0E-9,13.0,0.1220000000000001)(63.06722645401987 38.0)
(1.0E-9,13.0,0.1220000000000001)(63.06722645401987 40.0)
(1.0E-9,13.0,0.1220000000000001)(63.06722645401987 39.0)
(1.0E-9,13.0,0.1220000000000001)(63.05748166817281 40.0)
(1.0E-9,13.0,0.1220000000000001)(63.039912877234535 46.0)
(1.0E-9,13.0,0.1220000000000001)(63.026199390384186 47.0)
(1.0E-9,13.0,0.1220000000000001)(63.039912877234535 49.0)
(1.0E-9,13.0,0.1220000000000001)(62.54040209381848 48.0)
(1.0E-9,13.0,0.1220000000000001)(62.6450168020008 48.0)
(1.0E-9,13.0,0.1220000000000001)(62.51434323576098 50.0)
(1.0E-9 13.0 0.1230000000000001)(23.988913356228846 109.0)
(1.0E-9,13.0,0.1230000000000001)(63.1358937928245 13.0)
(1.0E-9,13.0,0.1230000000000001)(62.22458705372148 53.0)
(1.0E-9,13.0,0.1230000000000001)(59.92329038528891 68.0)
(1.0E-9,13.0,0.1230000000000001)(59.44162917770051 72.0)
(1.0E-9,13.0,0.1230000000000001)(59.44162917770051 73.0)
(1.0E-9,13.0,0.1230000000000001)(59.44162917770051 71.0)
(1.0E-9,13.0,0.1230000000000001)(59.44162917770051 74.0)
(1.0E-9,13.0,0.1230000000000001)(59.44162917770051 70.0)
(1.0E-9,13.0,0.1230000000000001)(59.85351741294458 71.0)
(1.0E-9 13.0 0.1240000000000001)(23.988913356228846 109.0)
(1.0E-9,13.0,0.1240000000000001)(63.1358937928245 13.0)
(1.0E-9,13.0,0.1240000000000001)(62.22458705372148 53.0)
(1.0E-9,13.0,0.1240000000000001)(59.92329038528891 68.0)
(1.0E-9,13.0,0.1240000000000001)(59.44162917770051 72.0)
(1.0E-9,13.0,0.1240000000000001)(59.44162917770051 73.0)
(1.0E-9,13.0,0.1240000000000001)(59.44162917770051 71.0)
(1.0E-9,13.0,0.1240000000000001)(59.44162917770051 74.0)
(1.0E-9,13.0,0.1240000000000001)(59.44162917770051 70.0)
(1.0E-9,13.0,0.1240000000000001)(59.85351741294458 71.0)
(1.0E-9 13.0 0.12500000000000008)(24.956805585728755 106.0)
(1.0E-9,13.0,0.12500000000000008)(63.1358937928245 14.0)
(1.0E-9,13.0,0.12500000000000008)(62.64890962375436 44.0)
(1.0E-9,13.0,0.12500000000000008)(63.06722645401987 36.0)
(1.0E-9,13.0,0.12500000000000008)(63.06722645401987 38.0)
(1.0E-9,13.0,0.12500000000000008)(63.06722645401987 37.0)
(1.0E-9,13.0,0.12500000000000008)(63.06722645401987 40.0)
(1.0E-9,13.0,0.12500000000000008)(62.37589735511184 51.0)
(1.0E-9,13.0,0.12500000000000008)(63.06722645401987 41.0)
(1.0E-9,13.0,0.12500000000000008)(63.039912877234535 46.0)
(1.0E-9,13.0,0.12500000000000008)(63.039912877234535 47.0)
(1.0E-9,13.0,0.12500000000000008)(63.026199390384186 46.0)
(1.0E-9,13.0,0.12500000000000008)(63.026199390384186 49.0)
(1.0E-9,13.0,0.12500000000000008)(62.54040209381848 47.0)
(1.0E-9,13.0,0.12500000000000008)(62.6450168020008 46.0)
(1.0E-9 13.0 0.12600000000000008)(24.956805585728755 106.0)
(1.0E-9,13.0,0.12600000000000008)(63.1358937928245 14.0)
(1.0E-9,13.0,0.12600000000000008)(62.54040209381848 45.0)
(1.0E-9,13.0,0.12600000000000008)(62.68611416528341 47.0)
(1.0E-9,13.0,0.12600000000000008)(63.06722645401987 39.0)
(1.0E-9,13.0,0.12600000000000008)(63.05748166817281 39.0)
(1.0E-9,13.0,0.12600000000000008)(62.45047280281832 50.0)
(1.0E-9,13.0,0.12600000000000008)(63.05748166817281 42.0)
(1.0E-9,13.0,0.12600000000000008)(63.06722645401987 40.0)
(1.0E-9,13.0,0.12600000000000008)(63.06722645401987 41.0)
(1.0E-9,13.0,0.12600000000000008)(63.039912877234535 43.0)
(1.0E-9,13.0,0.12600000000000008)(62.60022933060055 45.0)
(1.0E-9,13.0,0.12600000000000008)(62.60022933060055 46.0)
(1.0E-9,13.0,0.12600000000000008)(62.6929540152837 44.0)
(1.0E-9 13.0 0.12700000000000009)(23.689242396611444 107.0)
(1.0E-9,13.0,0.12700000000000009)(63.1358937928245 14.0)
(1.0E-9,13.0,0.12700000000000009)(62.54040209381848 46.0)
(1.0E-9,13.0,0.12700000000000009)(63.06722645401987 35.0)
(1.0E-9,13.0,0.12700000000000009)(63.06722645401987 38.0)
(1.0E-9,13.0,0.12700000000000009)(63.06722645401987 39.0)
(1.0E-9,13.0,0.12700000000000009)(63.06722645401987 41.0)
(1.0E-9,13.0,0.12700000000000009)(63.06722645401987 40.0)
(1.0E-9,13.0,0.12700000000000009)(63.05748166817281 41.0)
(1.0E-9,13.0,0.12700000000000009)(63.039912877234535 44.0)
(1.0E-9,13.0,0.12700000000000009)(62.552080559079194 46.0)
(1.0E-9,13.0,0.12700000000000009)(62.44706169888543 49.0)
(1.0E-9,13.0,0.12700000000000009)(62.60022933060055 46.0)
(1.0E-9 13.0 0.12800000000000009)(24.956805585728755 106.0)
(1.0E-9,13.0,0.12800000000000009)(63.1358937928245 14.0)
(1.0E-9,13.0,0.12800000000000009)(62.54040209381848 46.0)
(1.0E-9,13.0,0.12800000000000009)(62.68611416528341 46.0)
(1.0E-9,13.0,0.12800000000000009)(63.06722645401987 38.0)
(1.0E-9,13.0,0.12800000000000009)(63.06722645401987 39.0)
(1.0E-9,13.0,0.12800000000000009)(63.06722645401987 41.0)
(1.0E-9,13.0,0.12800000000000009)(63.06722645401987 42.0)
(1.0E-9,13.0,0.12800000000000009)(63.05748166817281 43.0)
(1.0E-9,13.0,0.12800000000000009)(63.039912877234535 45.0)
(1.0E-9,13.0,0.12800000000000009)(62.552080559079194 48.0)
(1.0E-9,13.0,0.12800000000000009)(63.026199390384186 49.0)
(1.0E-9,13.0,0.12800000000000009)(62.552080559079194 47.0)
(1.0E-9 13.0 0.1290000000000001)(23.689242396611444 107.0)
(1.0E-9,13.0,0.1290000000000001)(63.1358937928245 14.0)
(1.0E-9,13.0,0.1290000000000001)(62.54040209381848 46.0)
(1.0E-9,13.0,0.1290000000000001)(62.79373260573801 45.0)
(1.0E-9,13.0,0.1290000000000001)(63.06722645401987 38.0)
(1.0E-9,13.0,0.1290000000000001)(63.312853000090854 1.0)
(1.0E-9,13.0,0.1290000000000001)(63.12639931142351 37.0)
(1.0E-9,13.0,0.1290000000000001)(62.58322364933286 52.0)
(1.0E-9,13.0,0.1290000000000001)(63.039912877234535 44.0)
(1.0E-9,13.0,0.1290000000000001)(63.06722645401987 42.0)
(1.0E-9,13.0,0.1290000000000001)(63.026199390384186 47.0)
(1.0E-9,13.0,0.1290000000000001)(62.552080559079194 47.0)
(1.0E-9,13.0,0.1290000000000001)(63.026199390384186 51.0)
(1.0E-9 13.0 0.1300000000000001)(23.689242396611444 107.0)
(1.0E-9,13.0,0.1300000000000001)(63.1358937928245 14.0)
(1.0E-9,13.0,0.1300000000000001)(62.54040209381848 46.0)
(1.0E-9,13.0,0.1300000000000001)(62.79373260573801 45.0)
(1.0E-9,13.0,0.1300000000000001)(63.06722645401987 38.0)
(1.0E-9,13.0,0.1300000000000001)(63.312853000090854 1.0)
(1.0E-9,13.0,0.1300000000000001)(63.12639931142351 37.0)
(1.0E-9,13.0,0.1300000000000001)(62.58322364933286 52.0)
(1.0E-9,13.0,0.1300000000000001)(63.039912877234535 44.0)
(1.0E-9,13.0,0.1300000000000001)(63.06722645401987 42.0)
(1.0E-9,13.0,0.1300000000000001)(63.026199390384186 47.0)
(1.0E-9,13.0,0.1300000000000001)(62.552080559079194 47.0)
(1.0E-9,13.0,0.1300000000000001)(63.026199390384186 51.0)
(1.0E-9 13.0 0.1310000000000001)(24.956805585728755 106.0)
(1.0E-9,13.0,0.1310000000000001)(63.1358937928245 14.0)
(1.0E-9,13.0,0.1310000000000001)(62.54040209381848 46.0)
(1.0E-9,13.0,0.1310000000000001)(63.06722645401987 36.0)
(1.0E-9,13.0,0.1310000000000001)(63.312853000090854 1.0)
(1.0E-9,13.0,0.1310000000000001)(63.12639931142351 36.0)
(1.0E-9,13.0,0.1310000000000001)(62.96165139462426 50.0)
(1.0E-9,13.0,0.1310000000000001)(63.12639931142351 41.0)
(1.0E-9,13.0,0.1310000000000001)(63.039912877234535 44.0)
(1.0E-9,13.0,0.1310000000000001)(63.06722645401987 43.0)
(1.0E-9,13.0,0.1310000000000001)(63.039912877234535 45.0)
(1.0E-9,13.0,0.1310000000000001)(63.026199390384186 50.0)
(1.0E-9,13.0,0.1310000000000001)(63.039912877234535 48.0)
(1.0E-9,13.0,0.1310000000000001)(62.6450168020008 46.0)
(1.0E-9 13.0 0.1320000000000001)(24.956805585728755 106.0)
(1.0E-9,13.0,0.1320000000000001)(63.1358937928245 14.0)
(1.0E-9,13.0,0.1320000000000001)(62.54040209381848 46.0)
(1.0E-9,13.0,0.1320000000000001)(63.06722645401987 35.0)
(1.0E-9,13.0,0.1320000000000001)(63.312853000090854 1.0)
(1.0E-9,13.0,0.1320000000000001)(63.06722645401987 38.0)
(1.0E-9,13.0,0.1320000000000001)(63.06722645401987 39.0)
(1.0E-9,13.0,0.1320000000000001)(63.12639931142351 39.0)
(1.0E-9,13.0,0.1320000000000001)(63.06722645401987 42.0)
(1.0E-9,13.0,0.1320000000000001)(63.026199390384186 51.0)
(1.0E-9,13.0,0.1320000000000001)(63.08597570180083 45.0)
(1.0E-9,13.0,0.1320000000000001)(63.039912877234535 47.0)
(1.0E-9 13.0 0.1330000000000001)(24.956805585728755 106.0)
(1.0E-9,13.0,0.1330000000000001)(63.1358937928245 14.0)
(1.0E-9,13.0,0.1330000000000001)(62.54040209381848 46.0)
(1.0E-9,13.0,0.1330000000000001)(62.79373260573801 45.0)
(1.0E-9,13.0,0.1330000000000001)(63.00275878784539 46.0)
(1.0E-9,13.0,0.1330000000000001)(63.312853000090854 1.0)
(1.0E-9,13.0,0.1330000000000001)(63.06722645401987 39.0)
(1.0E-9,13.0,0.1330000000000001)(62.88551043238531 50.0)
(1.0E-9,13.0,0.1330000000000001)(63.12639931142351 38.0)
(1.0E-9,13.0,0.1330000000000001)(63.06722645401987 40.0)
(1.0E-9,13.0,0.1330000000000001)(63.05748166817281 42.0)
(1.0E-9,13.0,0.1330000000000001)(62.507723614680394 51.0)
(1.0E-9,13.0,0.1330000000000001)(63.039912877234535 47.0)
(1.0E-9,13.0,0.1330000000000001)(63.026199390384186 49.0)
(1.0E-9 13.0 0.1340000000000001)(23.084497970890887 107.0)
(1.0E-9,13.0,0.1340000000000001)(63.1358937928245 16.0)
(1.0E-9,13.0,0.1340000000000001)(62.54040209381848 46.0)
(1.0E-9,13.0,0.1340000000000001)(62.79373260573801 45.0)
(1.0E-9,13.0,0.1340000000000001)(63.312853000090854 1.0)
(1.0E-9,13.0,0.1340000000000001)(63.06722645401987 39.0)
(1.0E-9,13.0,0.1340000000000001)(61.10233537447132 64.0)
(1.0E-9,13.0,0.1340000000000001)(63.06722645401987 40.0)
(1.0E-9,13.0,0.1340000000000001)(63.12639931142351 38.0)
(1.0E-9,13.0,0.1340000000000001)(63.039912877234535 44.0)
(1.0E-9,13.0,0.1340000000000001)(63.099492754821036 41.0)
(1.0E-9,13.0,0.1340000000000001)(63.026199390384186 48.0)
(1.0E-9,13.0,0.1340000000000001)(63.039912877234535 49.0)
(1.0E-9,13.0,0.1340000000000001)(63.026199390384186 51.0)
(1.0E-9 13.0 0.1350000000000001)(23.084497970890887 107.0)
(1.0E-9,13.0,0.1350000000000001)(63.1358937928245 16.0)
(1.0E-9,13.0,0.1350000000000001)(62.54040209381848 46.0)
(1.0E-9,13.0,0.1350000000000001)(62.81553674137628 44.0)
(1.0E-9,13.0,0.1350000000000001)(63.06722645401987 38.0)
(1.0E-9,13.0,0.1350000000000001)(63.06722645401987 37.0)
(1.0E-9,13.0,0.1350000000000001)(63.06722645401987 39.0)
(1.0E-9,13.0,0.1350000000000001)(63.312853000090854 1.0)
(1.0E-9,13.0,0.1350000000000001)(63.00661529850565 41.0)
(1.0E-9,13.0,0.1350000000000001)(62.8379570145525 49.0)
(1.0E-9,13.0,0.1350000000000001)(62.95350986615674 55.0)
(1.0E-9,13.0,0.1350000000000001)(62.95350986615674 54.0)
(1.0E-9,13.0,0.1350000000000001)(62.981187010191356 53.0)
(1.0E-9,13.0,0.1350000000000001)(61.58036265096808 60.0)
(1.0E-9,13.0,0.1350000000000001)(61.58036265096808 62.0)
(1.0E-9,13.0,0.1350000000000001)(62.939620250925316 59.0)
(1.0E-9 13.0 0.1360000000000001)(23.084497970890887 107.0)
(1.0E-9,13.0,0.1360000000000001)(63.1358937928245 16.0)
(1.0E-9,13.0,0.1360000000000001)(62.54040209381848 46.0)
(1.0E-9,13.0,0.1360000000000001)(62.79373260573801 45.0)
(1.0E-9,13.0,0.1360000000000001)(63.312853000090854 1.0)
(1.0E-9,13.0,0.1360000000000001)(63.06722645401987 39.0)
(1.0E-9,13.0,0.1360000000000001)(63.06722645401987 40.0)
(1.0E-9,13.0,0.1360000000000001)(63.05748166817281 41.0)
(1.0E-9,13.0,0.1360000000000001)(63.039912877234535 42.0)
(1.0E-9,13.0,0.1360000000000001)(63.026199390384186 48.0)
(1.0E-9,13.0,0.1360000000000001)(63.026199390384186 49.0)
(1.0E-9,13.0,0.1360000000000001)(62.982936967352835 52.0)
(1.0E-9,13.0,0.1360000000000001)(63.026199390384186 51.0)
(1.0E-9 13.0 0.1370000000000001)(23.084497970890887 107.0)
(1.0E-9,13.0,0.1370000000000001)(63.1358937928245 16.0)
(1.0E-9,13.0,0.1370000000000001)(62.54040209381848 46.0)
(1.0E-9,13.0,0.1370000000000001)(62.79373260573801 45.0)
(1.0E-9,13.0,0.1370000000000001)(63.312853000090854 1.0)
(1.0E-9,13.0,0.1370000000000001)(63.06722645401987 39.0)
(1.0E-9,13.0,0.1370000000000001)(63.06722645401987 40.0)
(1.0E-9,13.0,0.1370000000000001)(63.05748166817281 41.0)
(1.0E-9,13.0,0.1370000000000001)(63.039912877234535 42.0)
(1.0E-9,13.0,0.1370000000000001)(63.026199390384186 48.0)
(1.0E-9,13.0,0.1370000000000001)(63.026199390384186 49.0)
(1.0E-9,13.0,0.1370000000000001)(62.982936967352835 52.0)
(1.0E-9,13.0,0.1370000000000001)(63.026199390384186 51.0)
(1.0E-9 13.0 0.1380000000000001)(23.084497970890887 107.0)
(1.0E-9,13.0,0.1380000000000001)(63.1358937928245 16.0)
(1.0E-9,13.0,0.1380000000000001)(62.54040209381848 46.0)
(1.0E-9,13.0,0.1380000000000001)(63.06722645401987 36.0)
(1.0E-9,13.0,0.1380000000000001)(63.312853000090854 1.0)
(1.0E-9,13.0,0.1380000000000001)(63.06722645401987 39.0)
(1.0E-9,13.0,0.1380000000000001)(63.05748166817281 44.0)
(1.0E-9,13.0,0.1380000000000001)(63.06722645401987 41.0)
(1.0E-9,13.0,0.1380000000000001)(63.039912877234535 44.0)
(1.0E-9,13.0,0.1380000000000001)(62.978938154471024 45.0)
(1.0E-9,13.0,0.1380000000000001)(61.58864731133024 60.0)
(1.0E-9,13.0,0.1380000000000001)(62.69141130265201 51.0)
(1.0E-9,13.0,0.1380000000000001)(63.026199390384186 48.0)
(1.0E-9,13.0,0.1380000000000001)(63.026199390384186 50.0)
(1.0E-9,13.0,0.1380000000000001)(63.08597570180083 47.0)
(1.0E-9 13.0 0.1390000000000001)(23.084497970890887 107.0)
(1.0E-9,13.0,0.1390000000000001)(63.1358937928245 16.0)
(1.0E-9,13.0,0.1390000000000001)(61.81702301951495 55.0)
(1.0E-9,13.0,0.1390000000000001)(62.79373260573801 45.0)
(1.0E-9,13.0,0.1390000000000001)(63.312853000090854 1.0)
(1.0E-9,13.0,0.1390000000000001)(62.981187010191356 51.0)
(1.0E-9,13.0,0.1390000000000001)(62.54159298803597 49.0)
(1.0E-9,13.0,0.1390000000000001)(62.97125850209213 52.0)
(1.0E-9,13.0,0.1390000000000001)(63.020448768466686 52.0)
(1.0E-9,13.0,0.1390000000000001)(62.99298508448944 54.0)
(1.0E-9,13.0,0.1390000000000001)(62.97125850209213 53.0)
(1.0E-9,13.0,0.1390000000000001)(62.97919895034255 56.0)
(1.0E-9,13.0,0.1390000000000001)(62.99298508448944 57.0)
(1.0E-9,13.0,0.1390000000000001)(61.44231050972021 62.0)
(1.0E-9,13.0,0.1390000000000001)(62.99298508448944 59.0)
(1.0E-9 13.0 0.1400000000000001)(23.084497970890887 107.0)
(1.0E-9,13.0,0.1400000000000001)(63.1358937928245 16.0)
(1.0E-9,13.0,0.1400000000000001)(62.54040209381848 46.0)
(1.0E-9,13.0,0.1400000000000001)(63.00661529850565 37.0)
(1.0E-9,13.0,0.1400000000000001)(63.312853000090854 1.0)
(1.0E-9,13.0,0.1400000000000001)(63.00661529850565 40.0)
(1.0E-9,13.0,0.1400000000000001)(63.12639931142351 40.0)
(1.0E-9,13.0,0.1400000000000001)(62.978938154471024 45.0)
(1.0E-9,13.0,0.1400000000000001)(62.978938154471024 47.0)
(1.0E-9,13.0,0.1400000000000001)(62.40251146485262 50.0)
(1.0E-9,13.0,0.1400000000000001)(62.281993139345694 51.0)
(1.0E-9 13.0 0.1410000000000001)(23.084497970890887 107.0)
(1.0E-9,13.0,0.1410000000000001)(63.1358937928245 16.0)
(1.0E-9,13.0,0.1410000000000001)(62.54040209381848 46.0)
(1.0E-9,13.0,0.1410000000000001)(62.568287488627675 47.0)
(1.0E-9,13.0,0.1410000000000001)(63.312853000090854 1.0)
(1.0E-9,13.0,0.1410000000000001)(63.312853000090854 7.0)
(1.0E-9,13.0,0.1410000000000001)(63.00661529850565 42.0)
(1.0E-9,13.0,0.1410000000000001)(62.891688792111495 56.0)
(1.0E-9,13.0,0.1410000000000001)(62.95947404570318 56.0)
(1.0E-9,13.0,0.1410000000000001)(61.166697696634586 63.0)
(1.0E-9,13.0,0.1410000000000001)(61.166697696634586 65.0)
(1.0E-9 13.0 0.1420000000000001)(23.084497970890887 107.0)
(1.0E-9,13.0,0.1420000000000001)(63.1358937928245 16.0)
(1.0E-9,13.0,0.1420000000000001)(62.54040209381848 46.0)
(1.0E-9,13.0,0.1420000000000001)(63.00661529850565 37.0)
(1.0E-9,13.0,0.1420000000000001)(63.312853000090854 1.0)
(1.0E-9,13.0,0.1420000000000001)(63.00661529850565 40.0)
(1.0E-9,13.0,0.1420000000000001)(62.967036599088416 43.0)
(1.0E-9,13.0,0.1420000000000001)(62.35497738957394 55.0)
(1.0E-9,13.0,0.1420000000000001)(63.12639931142351 41.0)
(1.0E-9,13.0,0.1420000000000001)(63.099492754821036 44.0)
(1.0E-9,13.0,0.1420000000000001)(62.978938154471024 46.0)
(1.0E-9,13.0,0.1420000000000001)(62.978938154471024 48.0)
(1.0E-9,13.0,0.1420000000000001)(61.166697696634586 63.0)
(1.0E-9 13.0 0.1430000000000001)(23.084497970890887 107.0)
(1.0E-9,13.0,0.1430000000000001)(63.1358937928245 16.0)
(1.0E-9,13.0,0.1430000000000001)(62.54040209381848 46.0)
(1.0E-9,13.0,0.1430000000000001)(63.00661529850565 37.0)
(1.0E-9,13.0,0.1430000000000001)(63.312853000090854 1.0)
(1.0E-9,13.0,0.1430000000000001)(63.00661529850565 40.0)
(1.0E-9,13.0,0.1430000000000001)(62.967036599088416 43.0)
(1.0E-9,13.0,0.1430000000000001)(62.35497738957394 55.0)
(1.0E-9,13.0,0.1430000000000001)(63.12639931142351 41.0)
(1.0E-9,13.0,0.1430000000000001)(63.099492754821036 44.0)
(1.0E-9,13.0,0.1430000000000001)(62.978938154471024 46.0)
(1.0E-9,13.0,0.1430000000000001)(62.978938154471024 48.0)
(1.0E-9,13.0,0.1430000000000001)(61.166697696634586 63.0)
(1.0E-9 13.0 0.1440000000000001)(23.084497970890887 107.0)
(1.0E-9,13.0,0.1440000000000001)(63.1358937928245 16.0)
(1.0E-9,13.0,0.1440000000000001)(62.54040209381848 46.0)
(1.0E-9,13.0,0.1440000000000001)(62.568287488627675 46.0)
(1.0E-9,13.0,0.1440000000000001)(63.312853000090854 18.0)
(1.0E-9,13.0,0.1440000000000001)(63.312853000090854 1.0)
(1.0E-9,13.0,0.1440000000000001)(62.99668679040642 43.0)
(1.0E-9,13.0,0.1440000000000001)(63.00661529850565 43.0)
(1.0E-9,13.0,0.1440000000000001)(63.00661529850565 44.0)
(1.0E-9,13.0,0.1440000000000001)(62.978938154471024 46.0)
(1.0E-9,13.0,0.1440000000000001)(62.40251146485262 49.0)
(1.0E-9 13.0 0.1450000000000001)(23.084497970890887 107.0)
(1.0E-9,13.0,0.1450000000000001)(63.1358937928245 16.0)
(1.0E-9,13.0,0.1450000000000001)(61.81702301951495 54.0)
(1.0E-9,13.0,0.1450000000000001)(62.45937580668035 50.0)
(1.0E-9,13.0,0.1450000000000001)(63.312853000090854 1.0)
(1.0E-9,13.0,0.1450000000000001)(61.25525462419707 65.0)
(1.0E-9,13.0,0.1450000000000001)(61.26715764687407 65.0)
(1.0E-9,13.0,0.1450000000000001)(63.12639931142351 39.0)
(1.0E-9,13.0,0.1450000000000001)(62.99668679040642 42.0)
(1.0E-9,13.0,0.1450000000000001)(62.96504853923961 50.0)
(1.0E-9,13.0,0.1450000000000001)(62.978938154471024 48.0)
(1.0E-9,13.0,0.1450000000000001)(62.96504853923961 52.0)
(1.0E-9 13.0 0.1460000000000001)(23.1158239537162 106.0)
(1.0E-9,13.0,0.1460000000000001)(63.1358937928245 16.0)
(1.0E-9,13.0,0.1460000000000001)(62.54040209381848 46.0)
(1.0E-9,13.0,0.1460000000000001)(63.01650861089896 35.0)
(1.0E-9,13.0,0.1460000000000001)(63.312853000090854 1.0)
(1.0E-9,13.0,0.1460000000000001)(63.00661529850565 39.0)
(1.0E-9,13.0,0.1460000000000001)(63.00661529850565 40.0)
(1.0E-9,13.0,0.1460000000000001)(62.978938154471024 42.0)
(1.0E-9,13.0,0.1460000000000001)(62.96504853923961 47.0)
(1.0E-9,13.0,0.1460000000000001)(62.978938154471024 44.0)
(1.0E-9,13.0,0.1460000000000001)(62.99668679040642 42.0)
(1.0E-9,13.0,0.1460000000000001)(62.96504853923961 49.0)
(1.0E-9 13.0 0.1470000000000001)(23.1158239537162 106.0)
(1.0E-9,13.0,0.1470000000000001)(63.1358937928245 18.0)
(1.0E-9,13.0,0.1470000000000001)(62.54040209381848 46.0)
(1.0E-9,13.0,0.1470000000000001)(62.61254343839547 46.0)
(1.0E-9,13.0,0.1470000000000001)(63.312853000090854 1.0)
(1.0E-9,13.0,0.1470000000000001)(62.94143537441942 48.0)
(1.0E-9,13.0,0.1470000000000001)(63.080178118142506 45.0)
(1.0E-9,13.0,0.1470000000000001)(62.953370073978896 51.0)
(1.0E-9,13.0,0.1470000000000001)(62.899474435618636 54.0)
(1.0E-9,13.0,0.1470000000000001)(62.899474435618636 55.0)
(1.0E-9,13.0,0.1470000000000001)(61.52519467591676 74.0)
(1.0E-9,13.0,0.1470000000000001)(62.899474435618636 58.0)
(1.0E-9 13.0 0.1480000000000001)(23.1158239537162 106.0)
(1.0E-9,13.0,0.1480000000000001)(63.1358937928245 18.0)
(1.0E-9,13.0,0.1480000000000001)(62.54040209381848 46.0)
(1.0E-9,13.0,0.1480000000000001)(63.00661529850565 37.0)
(1.0E-9,13.0,0.1480000000000001)(63.312853000090854 1.0)
(1.0E-9,13.0,0.1480000000000001)(63.00661529850565 39.0)
(1.0E-9,13.0,0.1480000000000001)(62.99668679040642 40.0)
(1.0E-9,13.0,0.1480000000000001)(63.00661529850565 41.0)
(1.0E-9,13.0,0.1480000000000001)(62.477722555093315 53.0)
(1.0E-9,13.0,0.1480000000000001)(63.00661529850565 42.0)
(1.0E-9,13.0,0.1480000000000001)(62.978938154471024 44.0)
(1.0E-9,13.0,0.1480000000000001)(62.38575402630391 56.0)
(1.0E-9,13.0,0.1480000000000001)(62.38575402630391 57.0)
(1.0E-9,13.0,0.1480000000000001)(62.96504853923961 47.0)
(1.0E-9,13.0,0.1480000000000001)(62.96504853923961 49.0)
(1.0E-9 13.0 0.1490000000000001)(23.1158239537162 106.0)
(1.0E-9,13.0,0.1490000000000001)(63.1358937928245 18.0)
(1.0E-9,13.0,0.1490000000000001)(62.54040209381848 46.0)
(1.0E-9,13.0,0.1490000000000001)(63.00661529850565 37.0)
(1.0E-9,13.0,0.1490000000000001)(63.312853000090854 1.0)
(1.0E-9,13.0,0.1490000000000001)(62.981115503392125 46.0)
(1.0E-9,13.0,0.1490000000000001)(63.06722645401987 39.0)
(1.0E-9,13.0,0.1490000000000001)(61.76426168098161 64.0)
(1.0E-9,13.0,0.1490000000000001)(62.975151323845694 50.0)
(1.0E-9,13.0,0.1490000000000001)(62.899474435618636 55.0)
(1.0E-9,13.0,0.1490000000000001)(62.91349292774977 53.0)
(1.0E-9,13.0,0.1490000000000001)(62.899474435618636 58.0)
(1.0E-9 13.0 0.1500000000000001)(23.1158239537162 106.0)
(1.0E-9,13.0,0.1500000000000001)(63.1358937928245 18.0)
(1.0E-9,13.0,0.1500000000000001)(62.54040209381848 46.0)
(1.0E-9,13.0,0.1500000000000001)(63.00661529850565 37.0)
(1.0E-9,13.0,0.1500000000000001)(63.312853000090854 1.0)
(1.0E-9,13.0,0.1500000000000001)(62.981115503392125 46.0)
(1.0E-9,13.0,0.1500000000000001)(63.06722645401987 39.0)
(1.0E-9,13.0,0.1500000000000001)(61.76426168098161 64.0)
(1.0E-9,13.0,0.1500000000000001)(62.975151323845694 50.0)
(1.0E-9,13.0,0.1500000000000001)(62.899474435618636 55.0)
(1.0E-9,13.0,0.1500000000000001)(62.91349292774977 53.0)
(1.0E-9,13.0,0.1500000000000001)(62.899474435618636 58.0)
(1.0E-9 13.0 0.1510000000000001)(23.06800021490177 107.0)
(1.0E-9,13.0,0.1510000000000001)(63.1358937928245 18.0)
(1.0E-9,13.0,0.1510000000000001)(62.54040209381848 46.0)
(1.0E-9,13.0,0.1510000000000001)(63.00661529850565 37.0)
(1.0E-9,13.0,0.1510000000000001)(63.312853000090854 1.0)
(1.0E-9,13.0,0.1510000000000001)(63.312853000090854 25.0)
(1.0E-9,13.0,0.1510000000000001)(62.96950854493063 50.0)
(1.0E-9,13.0,0.1510000000000001)(62.521179236916794 51.0)
(1.0E-9,13.0,0.1510000000000001)(62.80127495164256 54.0)
(1.0E-9,13.0,0.1510000000000001)(60.60267819304076 65.0)
(1.0E-9,13.0,0.1510000000000001)(60.52517067577732 68.0)
(1.0E-9,13.0,0.1510000000000001)(60.52517067577732 70.0)
(1.0E-9 13.0 0.1520000000000001)(23.06800021490177 107.0)
(1.0E-9,13.0,0.1520000000000001)(63.1358937928245 18.0)
(1.0E-9,13.0,0.1520000000000001)(62.54040209381848 46.0)
(1.0E-9,13.0,0.1520000000000001)(62.61254343839547 46.0)
(1.0E-9,13.0,0.1520000000000001)(63.312853000090854 1.0)
(1.0E-9,13.0,0.1520000000000001)(63.312853000090854 9.0)
(1.0E-9,13.0,0.1520000000000001)(63.312853000090854 10.0)
(1.0E-9,13.0,0.1520000000000001)(63.312853000090854 5.0)
(1.0E-9,13.0,0.1520000000000001)(61.24378966772166 66.0)
(1.0E-9,13.0,0.1520000000000001)(62.86320689495121 53.0)
(1.0E-9,13.0,0.1520000000000001)(60.545604626551544 70.0)
(1.0E-9,13.0,0.1520000000000001)(60.45280172863247 77.0)
(1.0E-9,13.0,0.1520000000000001)(60.45280172863247 74.0)
(1.0E-9 13.0 0.1530000000000001)(22.70218057419637 110.0)
(1.0E-9,13.0,0.1530000000000001)(63.1358937928245 18.0)
(1.0E-9,13.0,0.1530000000000001)(62.54040209381848 46.0)
(1.0E-9,13.0,0.1530000000000001)(63.00661529850565 37.0)
(1.0E-9,13.0,0.1530000000000001)(63.312853000090854 1.0)
(1.0E-9,13.0,0.1530000000000001)(63.008770303205964 48.0)
(1.0E-9,13.0,0.1530000000000001)(62.61254343839547 50.0)
(1.0E-9,13.0,0.1530000000000001)(62.891084925921746 50.0)
(1.0E-9,13.0,0.1530000000000001)(62.521179236916794 53.0)
(1.0E-9,13.0,0.1530000000000001)(62.978938154471024 43.0)
(1.0E-9,13.0,0.1530000000000001)(62.44596814667612 55.0)
(1.0E-9,13.0,0.1530000000000001)(62.38575402630391 55.0)
(1.0E-9,13.0,0.1530000000000001)(62.371184319122435 59.0)
(1.0E-9,13.0,0.1530000000000001)(62.371184319122435 57.0)
(1.0E-9 13.0 0.1540000000000001)(22.70218057419637 110.0)
(1.0E-9,13.0,0.1540000000000001)(63.1358937928245 18.0)
(1.0E-9,13.0,0.1540000000000001)(62.54040209381848 46.0)
(1.0E-9,13.0,0.1540000000000001)(63.00661529850565 37.0)
(1.0E-9,13.0,0.1540000000000001)(63.312853000090854 1.0)
(1.0E-9,13.0,0.1540000000000001)(63.01994673780508 49.0)
(1.0E-9,13.0,0.1540000000000001)(60.9999420037652 66.0)
(1.0E-9,13.0,0.1540000000000001)(60.688213329337636 67.0)
(1.0E-9,13.0,0.1540000000000001)(60.59516440797327 67.0)
(1.0E-9,13.0,0.1540000000000001)(60.545604626551544 69.0)
(1.0E-9,13.0,0.1540000000000001)(62.86320689495121 53.0)
(1.0E-9,13.0,0.1540000000000001)(60.45280172863247 73.0)
(1.0E-9,13.0,0.1540000000000001)(60.45280172863247 77.0)
(1.0E-9,13.0,0.1540000000000001)(60.45280172863247 74.0)
(1.0E-9,13.0,0.1540000000000001)(60.52517067577732 68.0)
(1.0E-9 13.0 0.1550000000000001)(24.78597618683064 112.0)
(1.0E-9,13.0,0.1550000000000001)(63.1358937928245 19.0)
(1.0E-9,13.0,0.1550000000000001)(62.22458705372148 53.0)
(1.0E-9,13.0,0.1550000000000001)(62.09275592313902 62.0)
(1.0E-9,13.0,0.1550000000000001)(59.0214265516336 74.0)
(1.0E-9,13.0,0.1550000000000001)(59.098721234075256 69.0)
(1.0E-9,13.0,0.1550000000000001)(59.50779871076884 68.0)
(1.0E-9,13.0,0.1550000000000001)(59.91955290633217 67.0)
(1.0E-9,13.0,0.1550000000000001)(59.50779871076884 70.0)
(1.0E-9,13.0,0.1550000000000001)(59.79525481525958 73.0)
(1.0E-9,13.0,0.1550000000000001)(62.13008056115507 59.0)
(1.0E-9,13.0,0.1550000000000001)(62.13008056115507 63.0)
(1.0E-9,13.0,0.1550000000000001)(62.13008056115507 60.0)
(1.0E-9,13.0,0.1550000000000001)(62.13008056115507 61.0)
(1.0E-9 13.0 0.1560000000000001)(24.78597618683064 112.0)
(1.0E-9,13.0,0.1560000000000001)(63.1358937928245 19.0)
(1.0E-9,13.0,0.1560000000000001)(62.22458705372148 53.0)
(1.0E-9,13.0,0.1560000000000001)(62.09275592313902 62.0)
(1.0E-9,13.0,0.1560000000000001)(59.0214265516336 74.0)
(1.0E-9,13.0,0.1560000000000001)(59.098721234075256 69.0)
(1.0E-9,13.0,0.1560000000000001)(59.50779871076884 68.0)
(1.0E-9,13.0,0.1560000000000001)(59.91955290633217 67.0)
(1.0E-9,13.0,0.1560000000000001)(59.50779871076884 70.0)
(1.0E-9,13.0,0.1560000000000001)(59.79525481525958 73.0)
(1.0E-9,13.0,0.1560000000000001)(62.13008056115507 59.0)
(1.0E-9,13.0,0.1560000000000001)(62.13008056115507 63.0)
(1.0E-9,13.0,0.1560000000000001)(62.13008056115507 60.0)
(1.0E-9,13.0,0.1560000000000001)(62.13008056115507 61.0)
(1.0E-9 13.0 0.1570000000000001)(24.78597618683064 112.0)
(1.0E-9,13.0,0.1570000000000001)(63.1358937928245 19.0)
(1.0E-9,13.0,0.1570000000000001)(62.22458705372148 53.0)
(1.0E-9,13.0,0.1570000000000001)(62.09275592313902 61.0)
(1.0E-9,13.0,0.1570000000000001)(62.047567411860875 66.0)
(1.0E-9,13.0,0.1570000000000001)(56.719347674928514 71.0)
(1.0E-9,13.0,0.1570000000000001)(59.50779871076884 70.0)
(1.0E-9,13.0,0.1570000000000001)(59.50779871076884 69.0)
(1.0E-9,13.0,0.1570000000000001)(61.87132097533756 64.0)
(1.0E-9,13.0,0.1570000000000001)(59.91955290633217 68.0)
(1.0E-9,13.0,0.1570000000000001)(59.91955290633217 73.0)
(1.0E-9,13.0,0.1570000000000001)(62.13008056115507 60.0)
(1.0E-9,13.0,0.1570000000000001)(62.10817096087519 72.0)
(1.0E-9 13.0 0.1580000000000001)(24.78597618683064 112.0)
(1.0E-9,13.0,0.1580000000000001)(63.1358937928245 19.0)
(1.0E-9,13.0,0.1580000000000001)(62.22458705372148 53.0)
(1.0E-9,13.0,0.1580000000000001)(62.09275592313902 61.0)
(1.0E-9,13.0,0.1580000000000001)(62.047567411860875 65.0)
(1.0E-9,13.0,0.1580000000000001)(56.719347674928514 70.0)
(1.0E-9,13.0,0.1580000000000001)(59.50779871076884 68.0)
(1.0E-9,13.0,0.1580000000000001)(59.50779871076884 69.0)
(1.0E-9,13.0,0.1580000000000001)(59.50779871076884 67.0)
(1.0E-9,13.0,0.1580000000000001)(61.80577001565775 63.0)
(1.0E-9,13.0,0.1580000000000001)(59.79525481525958 69.0)
(1.0E-9,13.0,0.1580000000000001)(59.91955290633217 71.0)
(1.0E-9,13.0,0.1580000000000001)(62.10817096087519 69.0)
(1.0E-9,13.0,0.1580000000000001)(62.13008056115507 59.0)
(1.0E-9 13.0 0.1590000000000001)(24.74827905116039 113.0)
(1.0E-9,13.0,0.1590000000000001)(63.1358937928245 19.0)
(1.0E-9,13.0,0.1590000000000001)(62.22458705372148 53.0)
(1.0E-9,13.0,0.1590000000000001)(62.09275592313902 64.0)
(1.0E-9,13.0,0.1590000000000001)(62.14239466894998 65.0)
(1.0E-9,13.0,0.1590000000000001)(59.098721234075256 70.0)
(1.0E-9,13.0,0.1590000000000001)(62.14239466894998 68.0)
(1.0E-9,13.0,0.1590000000000001)(59.50779871076884 70.0)
(1.0E-9,13.0,0.1590000000000001)(59.91955290633217 67.0)
(1.0E-9,13.0,0.1590000000000001)(59.50779871076884 71.0)
(1.0E-9,13.0,0.1590000000000001)(62.13008056115507 60.0)
(1.0E-9 13.0 0.16000000000000011)(24.74827905116039 113.0)
(1.0E-9,13.0,0.16000000000000011)(63.1358937928245 19.0)
(1.0E-9,13.0,0.16000000000000011)(62.22458705372148 53.0)
(1.0E-9,13.0,0.16000000000000011)(62.09275592313902 64.0)
(1.0E-9,13.0,0.16000000000000011)(61.768746560026806 68.0)
(1.0E-9,13.0,0.16000000000000011)(59.098721234075256 70.0)
(1.0E-9,13.0,0.16000000000000011)(59.50779871076884 69.0)
(1.0E-9,13.0,0.16000000000000011)(59.91955290633217 70.0)
(1.0E-9,13.0,0.16000000000000011)(62.13008056115507 60.0)
(1.0E-9,13.0,0.16000000000000011)(62.10817096087519 71.0)
(1.0E-9 13.0 0.16100000000000012)(24.74827905116039 113.0)
(1.0E-9,13.0,0.16100000000000012)(63.1358937928245 19.0)
(1.0E-9,13.0,0.16100000000000012)(62.22458705372148 53.0)
(1.0E-9,13.0,0.16100000000000012)(62.09275592313902 62.0)
(1.0E-9,13.0,0.16100000000000012)(62.08497027963189 59.0)
(1.0E-9,13.0,0.16100000000000012)(62.14239466894998 68.0)
(1.0E-9,13.0,0.16100000000000012)(63.312853000090854 1.0)
(1.0E-9,13.0,0.16100000000000012)(63.00661529850565 41.0)
(1.0E-9,13.0,0.16100000000000012)(62.14239466894998 67.0)
(1.0E-9,13.0,0.16100000000000012)(62.10817096087519 71.0)
(1.0E-9,13.0,0.16100000000000012)(62.10817096087519 72.0)
(1.0E-9 13.0 0.16200000000000012)(24.46357079466367 114.0)
(1.0E-9,13.0,0.16200000000000012)(63.1358937928245 19.0)
(1.0E-9,13.0,0.16200000000000012)(62.22458705372148 54.0)
(1.0E-9,13.0,0.16200000000000012)(62.09275592313902 62.0)
(1.0E-9,13.0,0.16200000000000012)(62.14239466894998 67.0)
(1.0E-9,13.0,0.16200000000000012)(62.14239466894998 68.0)
(1.0E-9,13.0,0.16200000000000012)(63.00661529850565 41.0)
(1.0E-9,13.0,0.16200000000000012)(63.00661529850565 42.0)
(1.0E-9,13.0,0.16200000000000012)(62.14239466894998 69.0)
(1.0E-9,13.0,0.16200000000000012)(62.10817096087519 72.0)
(1.0E-9,13.0,0.16200000000000012)(62.10817096087519 73.0)
(1.0E-9,13.0,0.16200000000000012)(63.312853000090854 1.0)
(1.0E-9 13.0 0.16300000000000012)(24.46357079466367 114.0)
(1.0E-9,13.0,0.16300000000000012)(63.1358937928245 19.0)
(1.0E-9,13.0,0.16300000000000012)(62.22458705372148 54.0)
(1.0E-9,13.0,0.16300000000000012)(62.09275592313902 62.0)
(1.0E-9,13.0,0.16300000000000012)(62.14239466894998 67.0)
(1.0E-9,13.0,0.16300000000000012)(62.14239466894998 68.0)
(1.0E-9,13.0,0.16300000000000012)(63.00661529850565 41.0)
(1.0E-9,13.0,0.16300000000000012)(63.00661529850565 42.0)
(1.0E-9,13.0,0.16300000000000012)(62.14239466894998 69.0)
(1.0E-9,13.0,0.16300000000000012)(62.10817096087519 72.0)
(1.0E-9,13.0,0.16300000000000012)(62.10817096087519 73.0)
(1.0E-9,13.0,0.16300000000000012)(63.312853000090854 1.0)
(1.0E-9 13.0 0.16400000000000012)(22.63840379286634 111.0)
(1.0E-9,13.0,0.16400000000000012)(63.1358937928245 18.0)
(1.0E-9,13.0,0.16400000000000012)(62.54040209381848 46.0)
(1.0E-9,13.0,0.16400000000000012)(63.00661529850565 37.0)
(1.0E-9,13.0,0.16400000000000012)(63.312853000090854 1.0)
(1.0E-9,13.0,0.16400000000000012)(62.891084925921746 52.0)
(1.0E-9,13.0,0.16400000000000012)(63.06722645401987 38.0)
(1.0E-9,13.0,0.16400000000000012)(62.59807467486365 52.0)
(1.0E-9,13.0,0.16400000000000012)(62.882671003719054 52.0)
(1.0E-9,13.0,0.16400000000000012)(62.985199440982285 53.0)
(1.0E-9,13.0,0.16400000000000012)(62.371184319122435 58.0)
(1.0E-9,13.0,0.16400000000000012)(62.53671153297208 56.0)
(1.0E-9,13.0,0.16400000000000012)(62.59807467486365 54.0)
(1.0E-9,13.0,0.16400000000000012)(62.53671153297208 57.0)
(1.0E-9 13.0 0.16500000000000012)(22.348187474006785 112.0)
(1.0E-9,13.0,0.16500000000000012)(63.1358937928245 19.0)
(1.0E-9,13.0,0.16500000000000012)(61.23339964028697 58.0)
(1.0E-9,13.0,0.16500000000000012)(63.00661529850565 37.0)
(1.0E-9,13.0,0.16500000000000012)(63.312853000090854 1.0)
(1.0E-9,13.0,0.16500000000000012)(62.96165139462426 46.0)
(1.0E-9,13.0,0.16500000000000012)(60.62203535952691 70.0)
(1.0E-9,13.0,0.16500000000000012)(62.59807467486365 52.0)
(1.0E-9,13.0,0.16500000000000012)(61.040087243119714 71.0)
(1.0E-9,13.0,0.16500000000000012)(60.328426206878916 73.0)
(1.0E-9,13.0,0.16500000000000012)(60.25081864205866 70.0)
(1.0E-9,13.0,0.16500000000000012)(60.545604626551544 72.0)
(1.0E-9 13.0 0.16600000000000012)(22.348187474006785 112.0)
(1.0E-9,13.0,0.16600000000000012)(63.1358937928245 19.0)
(1.0E-9,13.0,0.16600000000000012)(61.23339964028697 58.0)
(1.0E-9,13.0,0.16600000000000012)(63.00661529850565 37.0)
(1.0E-9,13.0,0.16600000000000012)(63.312853000090854 1.0)
(1.0E-9,13.0,0.16600000000000012)(61.207888054028636 68.0)
(1.0E-9,13.0,0.16600000000000012)(60.62203535952691 70.0)
(1.0E-9,13.0,0.16600000000000012)(61.10401213345825 68.0)
(1.0E-9,13.0,0.16600000000000012)(61.040087243119714 71.0)
(1.0E-9,13.0,0.16600000000000012)(57.87287403150974 73.0)
(1.0E-9,13.0,0.16600000000000012)(61.040087243119714 72.0)
(1.0E-9,13.0,0.16600000000000012)(60.52517067577732 69.0)
(1.0E-9,13.0,0.16600000000000012)(60.25081864205866 75.0)
(1.0E-9 13.0 0.16700000000000012)(22.348187474006785 112.0)
(1.0E-9,13.0,0.16700000000000012)(63.1358937928245 19.0)
(1.0E-9,13.0,0.16700000000000012)(61.23339964028697 58.0)
(1.0E-9,13.0,0.16700000000000012)(63.00661529850565 37.0)
(1.0E-9,13.0,0.16700000000000012)(63.312853000090854 1.0)
(1.0E-9,13.0,0.16700000000000012)(63.00661529850565 41.0)
(1.0E-9,13.0,0.16700000000000012)(60.31596261817189 69.0)
(1.0E-9,13.0,0.16700000000000012)(63.00661529850565 42.0)
(1.0E-9,13.0,0.16700000000000012)(63.00661529850565 40.0)
(1.0E-9,13.0,0.16700000000000012)(60.517671756996364 71.0)
(1.0E-9,13.0,0.16700000000000012)(60.5955281920678 73.0)
(1.0E-9,13.0,0.16700000000000012)(60.46806781824046 72.0)
(1.0E-9,13.0,0.16700000000000012)(62.84921971984382 56.0)
(1.0E-9,13.0,0.16700000000000012)(62.84921971984382 59.0)
(1.0E-9 13.0 0.16800000000000012)(22.348187474006785 112.0)
(1.0E-9,13.0,0.16800000000000012)(63.1358937928245 19.0)
(1.0E-9,13.0,0.16800000000000012)(61.23339964028697 58.0)
(1.0E-9,13.0,0.16800000000000012)(63.00661529850565 37.0)
(1.0E-9,13.0,0.16800000000000012)(63.312853000090854 1.0)
(1.0E-9,13.0,0.16800000000000012)(62.96165139462426 46.0)
(1.0E-9,13.0,0.16800000000000012)(62.82940364405435 51.0)
(1.0E-9,13.0,0.16800000000000012)(60.62203535952691 70.0)
(1.0E-9,13.0,0.16800000000000012)(62.891084925921746 55.0)
(1.0E-9,13.0,0.16800000000000012)(60.62203535952691 69.0)
(1.0E-9,13.0,0.16800000000000012)(62.891084925921746 52.0)
(1.0E-9,13.0,0.16800000000000012)(62.84921971984382 54.0)
(1.0E-9,13.0,0.16800000000000012)(63.312853000090854 7.0)
(1.0E-9,13.0,0.16800000000000012)(62.967520485081835 53.0)
(1.0E-9,13.0,0.16800000000000012)(63.08597570180083 40.0)
(1.0E-9,13.0,0.16800000000000012)(62.967520485081835 56.0)
(1.0E-9 13.0 0.16900000000000012)(22.348187474006785 112.0)
(1.0E-9,13.0,0.16900000000000012)(63.1358937928245 19.0)
(1.0E-9,13.0,0.16900000000000012)(61.23339964028697 58.0)
(1.0E-9,13.0,0.16900000000000012)(63.00661529850565 37.0)
(1.0E-9,13.0,0.16900000000000012)(63.312853000090854 1.0)
(1.0E-9,13.0,0.16900000000000012)(62.96165139462426 46.0)
(1.0E-9,13.0,0.16900000000000012)(62.82940364405435 51.0)
(1.0E-9,13.0,0.16900000000000012)(60.62203535952691 70.0)
(1.0E-9,13.0,0.16900000000000012)(62.891084925921746 55.0)
(1.0E-9,13.0,0.16900000000000012)(60.62203535952691 69.0)
(1.0E-9,13.0,0.16900000000000012)(62.891084925921746 52.0)
(1.0E-9,13.0,0.16900000000000012)(62.84921971984382 54.0)
(1.0E-9,13.0,0.16900000000000012)(63.312853000090854 7.0)
(1.0E-9,13.0,0.16900000000000012)(62.967520485081835 53.0)
(1.0E-9,13.0,0.16900000000000012)(63.08597570180083 40.0)
(1.0E-9,13.0,0.16900000000000012)(62.967520485081835 56.0)
(1.0E-9 13.0 0.17000000000000012)(22.348187474006785 112.0)
(1.0E-9,13.0,0.17000000000000012)(63.1358937928245 19.0)
(1.0E-9,13.0,0.17000000000000012)(61.23339964028697 58.0)
(1.0E-9,13.0,0.17000000000000012)(63.00661529850565 37.0)
(1.0E-9,13.0,0.17000000000000012)(63.312853000090854 1.0)
(1.0E-9,13.0,0.17000000000000012)(63.312853000090854 14.0)
(1.0E-9,13.0,0.17000000000000012)(63.312853000090854 20.0)
(1.0E-9,13.0,0.17000000000000012)(62.96504853923961 44.0)
(1.0E-9,13.0,0.17000000000000012)(62.35269957344418 62.0)
(1.0E-9,13.0,0.17000000000000012)(62.96504853923961 47.0)
(1.0E-9 13.0 0.17100000000000012)(22.348187474006785 112.0)
(1.0E-9,13.0,0.17100000000000012)(63.1358937928245 19.0)
(1.0E-9,13.0,0.17100000000000012)(61.23339964028697 58.0)
(1.0E-9,13.0,0.17100000000000012)(63.00661529850565 37.0)
(1.0E-9,13.0,0.17100000000000012)(63.312853000090854 1.0)
(1.0E-9,13.0,0.17100000000000012)(63.00661529850565 40.0)
(1.0E-9,13.0,0.17100000000000012)(63.06722645401987 41.0)
(1.0E-9,13.0,0.17100000000000012)(63.12639931142351 38.0)
(1.0E-9,13.0,0.17100000000000012)(62.96504853923961 43.0)
(1.0E-9,13.0,0.17100000000000012)(62.96504853923961 44.0)
(1.0E-9,13.0,0.17100000000000012)(62.978938154471024 43.0)
(1.0E-9,13.0,0.17100000000000012)(60.52517067577732 69.0)
(1.0E-9,13.0,0.17100000000000012)(60.60267819304076 66.0)
(1.0E-9 13.0 0.17200000000000013)(22.348187474006785 112.0)
(1.0E-9,13.0,0.17200000000000013)(63.1358937928245 19.0)
(1.0E-9,13.0,0.17200000000000013)(61.23339964028697 58.0)
(1.0E-9,13.0,0.17200000000000013)(63.00661529850565 37.0)
(1.0E-9,13.0,0.17200000000000013)(63.312853000090854 1.0)
(1.0E-9,13.0,0.17200000000000013)(63.00661529850565 40.0)
(1.0E-9,13.0,0.17200000000000013)(61.057501438787334 66.0)
(1.0E-9,13.0,0.17200000000000013)(63.06722645401987 41.0)
(1.0E-9,13.0,0.17200000000000013)(63.008770303205964 50.0)
(1.0E-9,13.0,0.17200000000000013)(62.967520485081835 52.0)
(1.0E-9,13.0,0.17200000000000013)(62.967520485081835 53.0)
(1.0E-9,13.0,0.17200000000000013)(62.967520485081835 54.0)
(1.0E-9,13.0,0.17200000000000013)(60.25081864205866 70.0)
(1.0E-9,13.0,0.17200000000000013)(60.181204488184605 71.0)
(1.0E-9 13.0 0.17300000000000013)(21.98516707580477 112.0)
(1.0E-9,13.0,0.17300000000000013)(63.1358937928245 18.0)
(1.0E-9,13.0,0.17300000000000013)(62.179639137791405 58.0)
(1.0E-9,13.0,0.17300000000000013)(63.00661529850565 39.0)
(1.0E-9,13.0,0.17300000000000013)(63.312853000090854 1.0)
(1.0E-9,13.0,0.17300000000000013)(63.00661529850565 40.0)
(1.0E-9,13.0,0.17300000000000013)(62.967036599088416 42.0)
(1.0E-9,13.0,0.17300000000000013)(63.06722645401987 39.0)
(1.0E-9,13.0,0.17300000000000013)(63.00661529850565 41.0)
(1.0E-9,13.0,0.17300000000000013)(63.02040143265253 39.0)
(1.0E-9,13.0,0.17300000000000013)(63.00661529850565 43.0)
(1.0E-9,13.0,0.17300000000000013)(63.00661529850565 45.0)
(1.0E-9,13.0,0.17300000000000013)(63.00661529850565 44.0)
(1.0E-9,13.0,0.17300000000000013)(63.00661529850565 46.0)
(1.0E-9 13.0 0.17400000000000013)(21.98516707580477 112.0)
(1.0E-9,13.0,0.17400000000000013)(63.1358937928245 18.0)
(1.0E-9,13.0,0.17400000000000013)(62.179639137791405 58.0)
(1.0E-9,13.0,0.17400000000000013)(63.00661529850565 39.0)
(1.0E-9,13.0,0.17400000000000013)(63.312853000090854 1.0)
(1.0E-9,13.0,0.17400000000000013)(63.06722645401987 38.0)
(1.0E-9,13.0,0.17400000000000013)(63.06722645401987 42.0)
(1.0E-9,13.0,0.17400000000000013)(63.06722645401987 41.0)
(1.0E-9,13.0,0.17400000000000013)(63.06722645401987 44.0)
(1.0E-9,13.0,0.17400000000000013)(63.06722645401987 43.0)
(1.0E-9 13.0 0.17500000000000013)(21.8879011480165 113.0)
(1.0E-9,13.0,0.17500000000000013)(63.1358937928245 18.0)
(1.0E-9,13.0,0.17500000000000013)(62.31203543325964 57.0)
(1.0E-9,13.0,0.17500000000000013)(63.06722645401987 41.0)
(1.0E-9,13.0,0.17500000000000013)(63.312853000090854 1.0)
(1.0E-9,13.0,0.17500000000000013)(63.06722645401987 40.0)
(1.0E-9,13.0,0.17500000000000013)(62.36349994937285 61.0)
(1.0E-9,13.0,0.17500000000000013)(63.06722645401987 42.0)
(1.0E-9,13.0,0.17500000000000013)(63.06722645401987 44.0)
(1.0E-9,13.0,0.17500000000000013)(63.06722645401987 45.0)
(1.0E-9,13.0,0.17500000000000013)(63.06722645401987 46.0)
(1.0E-9 13.0 0.17600000000000013)(21.8879011480165 113.0)
(1.0E-9,13.0,0.17600000000000013)(63.1358937928245 18.0)
(1.0E-9,13.0,0.17600000000000013)(62.31203543325964 57.0)
(1.0E-9,13.0,0.17600000000000013)(63.06722645401987 41.0)
(1.0E-9,13.0,0.17600000000000013)(63.312853000090854 1.0)
(1.0E-9,13.0,0.17600000000000013)(63.06722645401987 40.0)
(1.0E-9,13.0,0.17600000000000013)(62.36349994937285 61.0)
(1.0E-9,13.0,0.17600000000000013)(63.06722645401987 42.0)
(1.0E-9,13.0,0.17600000000000013)(63.06722645401987 44.0)
(1.0E-9,13.0,0.17600000000000013)(63.06722645401987 45.0)
(1.0E-9,13.0,0.17600000000000013)(63.06722645401987 46.0)
(1.0E-9 13.0 0.17700000000000013)(22.592197778888774 113.0)
(1.0E-9,13.0,0.17700000000000013)(63.1358937928245 16.0)
(1.0E-9,13.0,0.17700000000000013)(62.46237906285896 48.0)
(1.0E-9,13.0,0.17700000000000013)(63.312853000090854 1.0)
(1.0E-9,13.0,0.17700000000000013)(63.06722645401987 31.0)
(1.0E-9,13.0,0.17700000000000013)(63.06722645401987 35.0)
(1.0E-9,13.0,0.17700000000000013)(63.06722645401987 36.0)
(1.0E-9,13.0,0.17700000000000013)(63.06722645401987 38.0)
(1.0E-9,13.0,0.17700000000000013)(63.06722645401987 39.0)
(1.0E-9,13.0,0.17700000000000013)(63.06722645401987 40.0)
(1.0E-9,13.0,0.17700000000000013)(63.07693199520658 39.0)
(1.0E-9,13.0,0.17700000000000013)(62.559866718811435 49.0)
(1.0E-9,13.0,0.17700000000000013)(62.559866718811435 50.0)
(1.0E-9,13.0,0.17700000000000013)(62.559866718811435 52.0)
(1.0E-9 13.0 0.17800000000000013)(22.592197778888774 113.0)
(1.0E-9,13.0,0.17800000000000013)(63.1358937928245 16.0)
(1.0E-9,13.0,0.17800000000000013)(62.46237906285896 48.0)
(1.0E-9,13.0,0.17800000000000013)(63.312853000090854 1.0)
(1.0E-9,13.0,0.17800000000000013)(63.06722645401987 39.0)
(1.0E-9,13.0,0.17800000000000013)(63.06722645401987 40.0)
(1.0E-9,13.0,0.17800000000000013)(63.06722645401987 42.0)
(1.0E-9,13.0,0.17800000000000013)(63.06722645401987 41.0)
(1.0E-9,13.0,0.17800000000000013)(63.06722645401987 44.0)
(1.0E-9,13.0,0.17800000000000013)(62.559866718811435 50.0)
(1.0E-9,13.0,0.17800000000000013)(63.06722645401987 47.0)
(1.0E-9 13.0 0.17900000000000013)(22.592197778888774 113.0)
(1.0E-9,13.0,0.17900000000000013)(63.1358937928245 16.0)
(1.0E-9,13.0,0.17900000000000013)(62.53650978829001 47.0)
(1.0E-9,13.0,0.17900000000000013)(63.312853000090854 1.0)
(1.0E-9,13.0,0.17900000000000013)(63.27617077005083 36.0)
(1.0E-9,13.0,0.17900000000000013)(63.12639931142351 37.0)
(1.0E-9,13.0,0.17900000000000013)(63.06722645401987 40.0)
(1.0E-9,13.0,0.17900000000000013)(63.06722645401987 42.0)
(1.0E-9,13.0,0.17900000000000013)(63.06722645401987 41.0)
(1.0E-9,13.0,0.17900000000000013)(62.44021302655503 52.0)
(1.0E-9,13.0,0.17900000000000013)(62.559866718811435 49.0)
(1.0E-9,13.0,0.17900000000000013)(63.06722645401987 44.0)
(1.0E-9 13.0 0.18000000000000013)(21.8879011480165 113.0)
(1.0E-9,13.0,0.18000000000000013)(63.1358937928245 18.0)
(1.0E-9,13.0,0.18000000000000013)(62.31203543325964 57.0)
(1.0E-9,13.0,0.18000000000000013)(63.06722645401987 41.0)
(1.0E-9,13.0,0.18000000000000013)(63.312853000090854 1.0)
(1.0E-9,13.0,0.18000000000000013)(63.07693199520658 41.0)
(1.0E-9 13.0 0.18100000000000013)(21.19731219047503 114.0)
(1.0E-9,13.0,0.18100000000000013)(63.1358937928245 18.0)
(1.0E-9,13.0,0.18100000000000013)(62.404944763201954 56.0)
(1.0E-9,13.0,0.18100000000000013)(63.06722645401987 41.0)
(1.0E-9,13.0,0.18100000000000013)(63.312853000090854 1.0)
(1.0E-9,13.0,0.18100000000000013)(63.312853000090854 23.0)
(1.0E-9,13.0,0.18100000000000013)(63.03602005548097 43.0)
(1.0E-9,13.0,0.18100000000000013)(63.06722645401987 42.0)
(1.0E-9,13.0,0.18100000000000013)(62.33815495900261 63.0)
(1.0E-9,13.0,0.18100000000000013)(63.06722645401987 44.0)
(1.0E-9 13.0 0.18200000000000013)(21.19731219047503 114.0)
(1.0E-9,13.0,0.18200000000000013)(63.1358937928245 18.0)
(1.0E-9,13.0,0.18200000000000013)(62.404944763201954 56.0)
(1.0E-9,13.0,0.18200000000000013)(63.06722645401987 41.0)
(1.0E-9,13.0,0.18200000000000013)(63.312853000090854 1.0)
(1.0E-9,13.0,0.18200000000000013)(63.312853000090854 23.0)
(1.0E-9,13.0,0.18200000000000013)(63.03602005548097 43.0)
(1.0E-9,13.0,0.18200000000000013)(63.06722645401987 42.0)
(1.0E-9,13.0,0.18200000000000013)(62.33815495900261 63.0)
(1.0E-9,13.0,0.18200000000000013)(63.06722645401987 44.0)
(1.0E-9 13.0 0.18300000000000013)(21.19731219047503 114.0)
(1.0E-9,13.0,0.18300000000000013)(63.1358937928245 18.0)
(1.0E-9,13.0,0.18300000000000013)(62.404944763201954 56.0)
(1.0E-9,13.0,0.18300000000000013)(63.06722645401987 41.0)
(1.0E-9,13.0,0.18300000000000013)(63.312853000090854 1.0)
(1.0E-9,13.0,0.18300000000000013)(63.05748166817281 54.0)
(1.0E-9 13.0 0.18400000000000014)(21.19731219047503 114.0)
(1.0E-9,13.0,0.18400000000000014)(63.1358937928245 18.0)
(1.0E-9,13.0,0.18400000000000014)(62.404944763201954 56.0)
(1.0E-9,13.0,0.18400000000000014)(63.06722645401987 41.0)
(1.0E-9,13.0,0.18400000000000014)(63.312853000090854 1.0)
(1.0E-9,13.0,0.18400000000000014)(63.06722645401987 42.0)
(1.0E-9,13.0,0.18400000000000014)(63.06722645401987 45.0)
(1.0E-9,13.0,0.18400000000000014)(63.06722645401987 44.0)
(1.0E-9 13.0 0.18500000000000014)(21.19731219047503 114.0)
(1.0E-9,13.0,0.18500000000000014)(63.1358937928245 18.0)
(1.0E-9,13.0,0.18500000000000014)(62.404944763201954 56.0)
(1.0E-9,13.0,0.18500000000000014)(63.06722645401987 41.0)
(1.0E-9,13.0,0.18500000000000014)(63.312853000090854 1.0)
(1.0E-9,13.0,0.18500000000000014)(63.12639931142351 39.0)
(1.0E-9,13.0,0.18500000000000014)(63.06722645401987 40.0)
(1.0E-9,13.0,0.18500000000000014)(63.06722645401987 45.0)
(1.0E-9,13.0,0.18500000000000014)(63.06722645401987 44.0)
(1.0E-9,13.0,0.18500000000000014)(62.33887389948086 58.0)
(1.0E-9 13.0 0.18600000000000014)(21.05467336248998 117.0)
(1.0E-9,13.0,0.18600000000000014)(63.1358937928245 18.0)
(1.0E-9,13.0,0.18600000000000014)(62.2847023830406 59.0)
(1.0E-9,13.0,0.18600000000000014)(63.06722645401987 41.0)
(1.0E-9,13.0,0.18600000000000014)(63.312853000090854 1.0)
(1.0E-9,13.0,0.18600000000000014)(63.312853000090854 11.0)
(1.0E-9,13.0,0.18600000000000014)(63.06722645401987 44.0)
(1.0E-9,13.0,0.18600000000000014)(63.06722645401987 43.0)
(1.0E-9,13.0,0.18600000000000014)(63.095599933067454 43.0)
(1.0E-9,13.0,0.18600000000000014)(63.06722645401987 40.0)
(1.0E-9 13.0 0.18700000000000014)(20.685521107079225 118.0)
(1.0E-9,13.0,0.18700000000000014)(63.1358937928245 18.0)
(1.0E-9,13.0,0.18700000000000014)(62.394383658296135 58.0)
(1.0E-9,13.0,0.18700000000000014)(63.312853000090854 1.0)
(1.0E-9,13.0,0.18700000000000014)(63.312853000090854 8.0)
(1.0E-9,13.0,0.18700000000000014)(63.12639931142351 28.0)
(1.0E-9,13.0,0.18700000000000014)(63.312853000090854 3.0)
(1.0E-9,13.0,0.18700000000000014)(63.06722645401987 41.0)
(1.0E-9,13.0,0.18700000000000014)(62.44649668312068 65.0)
(1.0E-9,13.0,0.18700000000000014)(63.06722645401987 43.0)
(1.0E-9,13.0,0.18700000000000014)(63.06722645401987 45.0)
(1.0E-9 13.0 0.18800000000000014)(27.384428872377384 115.0)
(1.0E-9,13.0,0.18800000000000014)(63.1358937928245 18.0)
(1.0E-9,13.0,0.18800000000000014)(62.12201553360817 62.0)
(1.0E-9,13.0,0.18800000000000014)(63.00661529850565 41.0)
(1.0E-9,13.0,0.18800000000000014)(63.312853000090854 1.0)
(1.0E-9,13.0,0.18800000000000014)(63.00661529850565 46.0)
(1.0E-9,13.0,0.18800000000000014)(63.00661529850565 47.0)
(1.0E-9 13.0 0.18900000000000014)(27.384428872377384 115.0)
(1.0E-9,13.0,0.18900000000000014)(63.1358937928245 18.0)
(1.0E-9,13.0,0.18900000000000014)(62.12201553360817 62.0)
(1.0E-9,13.0,0.18900000000000014)(63.00661529850565 41.0)
(1.0E-9,13.0,0.18900000000000014)(63.312853000090854 1.0)
(1.0E-9,13.0,0.18900000000000014)(63.00661529850565 46.0)
(1.0E-9,13.0,0.18900000000000014)(63.00661529850565 47.0)
(1.0E-9 13.0 0.19000000000000014)(20.732446866953552 119.0)
(1.0E-9,13.0,0.19000000000000014)(63.1358937928245 18.0)
(1.0E-9,13.0,0.19000000000000014)(62.02798593151395 63.0)
(1.0E-9,13.0,0.19000000000000014)(63.00661529850565 41.0)
(1.0E-9,13.0,0.19000000000000014)(63.312853000090854 1.0)
(1.0E-9,13.0,0.19000000000000014)(62.9577585728707 48.0)
(1.0E-9,13.0,0.19000000000000014)(63.00661529850565 42.0)
(1.0E-9,13.0,0.19000000000000014)(63.00661529850565 45.0)
(1.0E-9,13.0,0.19000000000000014)(63.00661529850565 47.0)
(1.0E-9,13.0,0.19000000000000014)(63.01650861089896 38.0)
(1.0E-9,13.0,0.19000000000000014)(63.00661529850565 46.0)
(1.0E-9 13.0 0.19100000000000014)(20.732446866953552 119.0)
(1.0E-9,13.0,0.19100000000000014)(63.1358937928245 18.0)
(1.0E-9,13.0,0.19100000000000014)(60.82200498421775 66.0)
(1.0E-9,13.0,0.19100000000000014)(63.00661529850565 41.0)
(1.0E-9,13.0,0.19100000000000014)(63.312853000090854 1.0)
(1.0E-9,13.0,0.19100000000000014)(63.057026599252055 40.0)
(1.0E-9,13.0,0.19100000000000014)(63.1358937928245 20.0)
(1.0E-9,13.0,0.19100000000000014)(62.99668679040642 47.0)
(1.0E-9 13.0 0.19200000000000014)(20.9301030663757 118.0)
(1.0E-9,13.0,0.19200000000000014)(63.1358937928245 18.0)
(1.0E-9,13.0,0.19200000000000014)(62.02798593151395 63.0)
(1.0E-9,13.0,0.19200000000000014)(63.00661529850565 42.0)
(1.0E-9,13.0,0.19200000000000014)(63.312853000090854 1.0)
(1.0E-9,13.0,0.19200000000000014)(63.00661529850565 44.0)
(1.0E-9,13.0,0.19200000000000014)(63.00661529850565 43.0)
(1.0E-9,13.0,0.19200000000000014)(62.9850083251457 50.0)
(1.0E-9,13.0,0.19200000000000014)(62.85994235189318 58.0)
(1.0E-9,13.0,0.19200000000000014)(62.93611711518174 55.0)
(1.0E-9,13.0,0.19200000000000014)(62.02798593151395 64.0)
(1.0E-9,13.0,0.19200000000000014)(62.15818696917476 62.0)
(1.0E-9,13.0,0.19200000000000014)(62.92612032170389 59.0)
(1.0E-9 13.0 0.19300000000000014)(20.9301030663757 118.0)
(1.0E-9,13.0,0.19300000000000014)(63.1358937928245 18.0)
(1.0E-9,13.0,0.19300000000000014)(60.6326824203888 69.0)
(1.0E-9,13.0,0.19300000000000014)(63.00661529850565 42.0)
(1.0E-9,13.0,0.19300000000000014)(63.312853000090854 1.0)
(1.0E-9,13.0,0.19300000000000014)(63.312853000090854 5.0)
(1.0E-9,13.0,0.19300000000000014)(62.99668679040642 43.0)
(1.0E-9,13.0,0.19300000000000014)(63.01650861089896 39.0)
(1.0E-9,13.0,0.19300000000000014)(62.92612032170389 60.0)
(1.0E-9,13.0,0.19300000000000014)(63.312853000090854 13.0)
(1.0E-9,13.0,0.19300000000000014)(62.99668679040642 46.0)
(1.0E-9 13.0 0.19400000000000014)(26.14200313286325 115.0)
(1.0E-9,13.0,0.19400000000000014)(63.1358937928245 20.0)
(1.0E-9,13.0,0.19400000000000014)(62.179639137791405 57.0)
(1.0E-9,13.0,0.19400000000000014)(63.00661529850565 40.0)
(1.0E-9,13.0,0.19400000000000014)(63.312853000090854 1.0)
(1.0E-9,13.0,0.19400000000000014)(63.00661529850565 42.0)
(1.0E-9,13.0,0.19400000000000014)(63.00661529850565 43.0)
(1.0E-9,13.0,0.19400000000000014)(63.01650861089896 40.0)
(1.0E-9,13.0,0.19400000000000014)(63.00661529850565 41.0)
(1.0E-9 13.0 0.19500000000000015)(26.14200313286325 115.0)
(1.0E-9,13.0,0.19500000000000015)(63.1358937928245 20.0)
(1.0E-9,13.0,0.19500000000000015)(62.179639137791405 57.0)
(1.0E-9,13.0,0.19500000000000015)(63.00661529850565 40.0)
(1.0E-9,13.0,0.19500000000000015)(63.312853000090854 1.0)
(1.0E-9,13.0,0.19500000000000015)(63.00661529850565 42.0)
(1.0E-9,13.0,0.19500000000000015)(63.00661529850565 43.0)
(1.0E-9,13.0,0.19500000000000015)(63.01650861089896 40.0)
(1.0E-9,13.0,0.19500000000000015)(63.00661529850565 41.0)
(1.0E-9 13.0 0.19600000000000015)(26.14200313286325 115.0)
(1.0E-9,13.0,0.19600000000000015)(63.1358937928245 20.0)
(1.0E-9,13.0,0.19600000000000015)(62.179639137791405 57.0)
(1.0E-9,13.0,0.19600000000000015)(63.00661529850565 40.0)
(1.0E-9,13.0,0.19600000000000015)(63.312853000090854 1.0)
(1.0E-9,13.0,0.19600000000000015)(62.9850083251457 49.0)
(1.0E-9,13.0,0.19600000000000015)(63.00661529850565 45.0)
(1.0E-9,13.0,0.19600000000000015)(63.00661529850565 41.0)
(1.0E-9,13.0,0.19600000000000015)(63.00661529850565 42.0)
(1.0E-9,13.0,0.19600000000000015)(63.01650861089896 38.0)
(1.0E-9 13.0 0.19700000000000015)(26.14200313286325 115.0)
(1.0E-9,13.0,0.19700000000000015)(63.1358937928245 20.0)
(1.0E-9,13.0,0.19700000000000015)(62.179639137791405 57.0)
(1.0E-9,13.0,0.19700000000000015)(63.00661529850565 40.0)
(1.0E-9,13.0,0.19700000000000015)(63.312853000090854 1.0)
(1.0E-9,13.0,0.19700000000000015)(63.06677138509911 35.0)
(1.0E-9,13.0,0.19700000000000015)(63.07693199520658 43.0)
(1.0E-9,13.0,0.19700000000000015)(63.00661529850565 44.0)
(1.0E-9,13.0,0.19700000000000015)(63.00661529850565 42.0)
(1.0E-9,13.0,0.19700000000000015)(63.00661529850565 41.0)
(1.0E-9,13.0,0.19700000000000015)(63.01650861089896 39.0)
(1.0E-9 13.0 0.19800000000000015)(26.14200313286325 115.0)
(1.0E-9,13.0,0.19800000000000015)(63.1358937928245 20.0)
(1.0E-9,13.0,0.19800000000000015)(62.179639137791405 57.0)
(1.0E-9,13.0,0.19800000000000015)(63.00661529850565 40.0)
(1.0E-9,13.0,0.19800000000000015)(63.312853000090854 1.0)
(1.0E-9,13.0,0.19800000000000015)(63.00661529850565 41.0)
(1.0E-9,13.0,0.19800000000000015)(63.00661529850565 42.0)
(1.0E-9,13.0,0.19800000000000015)(63.00661529850565 44.0)
(1.0E-9,13.0,0.19800000000000015)(63.01650861089896 41.0)
(1.0E-9,13.0,0.19800000000000015)(63.00661529850565 43.0)
(1.0E-9 13.0 0.19900000000000015)(26.14200313286325 115.0)
(1.0E-9,13.0,0.19900000000000015)(63.1358937928245 20.0)
(1.0E-9,13.0,0.19900000000000015)(62.14239466894998 59.0)
(1.0E-9,13.0,0.19900000000000015)(63.00661529850565 40.0)
(1.0E-9,13.0,0.19900000000000015)(63.312853000090854 1.0)
(1.0E-9,13.0,0.19900000000000015)(63.00661529850565 41.0)
(1.0E-9,13.0,0.19900000000000015)(63.00661529850565 43.0)
(1.0E-9,13.0,0.19900000000000015)(63.00661529850565 42.0)
(1.0E-9,13.0,0.19900000000000015)(63.00661529850565 38.0)
(1.0E-9,13.0,0.19900000000000015)(63.01650861089896 44.0)
(1.0E-9 14.0 0.01)(63.07693199520658 21.0)
(1.0E-9,14.0,0.01)(63.312853000090854 1.0)
(1.0E-9,14.0,0.01)(63.312853000090854 3.0)
(1.0E-9,14.0,0.01)(63.312853000090854 5.0)
(1.0E-9,14.0,0.01)(63.1358937928245 9.0)
(1.0E-9,14.0,0.01)(63.1358937928245 11.0)
(1.0E-9,14.0,0.01)(63.1358937928245 14.0)
(1.0E-9,14.0,0.01)(63.1358937928245 16.0)
(1.0E-9,14.0,0.01)(63.07693199520658 21.0)
(1.0E-9 14.0 0.011)(63.07693199520658 21.0)
(1.0E-9,14.0,0.011)(63.312853000090854 1.0)
(1.0E-9,14.0,0.011)(63.312853000090854 3.0)
(1.0E-9,14.0,0.011)(63.312853000090854 5.0)
(1.0E-9,14.0,0.011)(63.1358937928245 11.0)
(1.0E-9,14.0,0.011)(63.1358937928245 13.0)
(1.0E-9,14.0,0.011)(63.1358937928245 14.0)
(1.0E-9,14.0,0.011)(63.1358937928245 16.0)
(1.0E-9,14.0,0.011)(63.07693199520658 21.0)
(1.0E-9 14.0 0.012)(63.07693199520658 21.0)
(1.0E-9,14.0,0.012)(63.312853000090854 1.0)
(1.0E-9,14.0,0.012)(63.312853000090854 3.0)
(1.0E-9,14.0,0.012)(63.312853000090854 5.0)
(1.0E-9,14.0,0.012)(63.1358937928245 11.0)
(1.0E-9,14.0,0.012)(63.1358937928245 13.0)
(1.0E-9,14.0,0.012)(63.1358937928245 14.0)
(1.0E-9,14.0,0.012)(63.1358937928245 16.0)
(1.0E-9,14.0,0.012)(63.07693199520658 21.0)
(1.0E-9,14.0,0.012)(63.1358937928245 20.0)
(1.0E-9 14.0 0.013000000000000001)(63.07693199520658 21.0)
(1.0E-9,14.0,0.013000000000000001)(63.312853000090854 1.0)
(1.0E-9,14.0,0.013000000000000001)(63.312853000090854 3.0)
(1.0E-9,14.0,0.013000000000000001)(63.312853000090854 5.0)
(1.0E-9,14.0,0.013000000000000001)(63.1358937928245 11.0)
(1.0E-9,14.0,0.013000000000000001)(63.1358937928245 13.0)
(1.0E-9,14.0,0.013000000000000001)(63.1358937928245 14.0)
(1.0E-9,14.0,0.013000000000000001)(63.1358937928245 16.0)
(1.0E-9,14.0,0.013000000000000001)(63.07693199520658 21.0)
(1.0E-9,14.0,0.013000000000000001)(63.1358937928245 20.0)
(1.0E-9 14.0 0.014000000000000002)(63.07693199520658 21.0)
(1.0E-9,14.0,0.014000000000000002)(63.312853000090854 1.0)
(1.0E-9,14.0,0.014000000000000002)(63.312853000090854 3.0)
(1.0E-9,14.0,0.014000000000000002)(63.312853000090854 5.0)
(1.0E-9,14.0,0.014000000000000002)(63.1358937928245 11.0)
(1.0E-9,14.0,0.014000000000000002)(63.1358937928245 14.0)
(1.0E-9,14.0,0.014000000000000002)(63.1358937928245 16.0)
(1.0E-9,14.0,0.014000000000000002)(63.07693199520658 21.0)
(1.0E-9 14.0 0.015000000000000003)(63.07693199520658 21.0)
(1.0E-9,14.0,0.015000000000000003)(63.312853000090854 1.0)
(1.0E-9,14.0,0.015000000000000003)(63.312853000090854 3.0)
(1.0E-9,14.0,0.015000000000000003)(63.312853000090854 5.0)
(1.0E-9,14.0,0.015000000000000003)(63.1358937928245 11.0)
(1.0E-9,14.0,0.015000000000000003)(63.1358937928245 14.0)
(1.0E-9,14.0,0.015000000000000003)(63.1358937928245 16.0)
(1.0E-9,14.0,0.015000000000000003)(63.1358937928245 17.0)
(1.0E-9,14.0,0.015000000000000003)(63.07693199520658 21.0)
(1.0E-9 14.0 0.016000000000000004)(63.07693199520658 21.0)
(1.0E-9,14.0,0.016000000000000004)(63.312853000090854 1.0)
(1.0E-9,14.0,0.016000000000000004)(63.312853000090854 3.0)
(1.0E-9,14.0,0.016000000000000004)(63.1358937928245 9.0)
(1.0E-9,14.0,0.016000000000000004)(63.1358937928245 11.0)
(1.0E-9,14.0,0.016000000000000004)(63.1358937928245 14.0)
(1.0E-9,14.0,0.016000000000000004)(63.1358937928245 16.0)
(1.0E-9,14.0,0.016000000000000004)(63.1358937928245 17.0)
(1.0E-9,14.0,0.016000000000000004)(63.07693199520658 21.0)
(1.0E-9 14.0 0.017000000000000005)(63.07693199520658 21.0)
(1.0E-9,14.0,0.017000000000000005)(63.312853000090854 1.0)
(1.0E-9,14.0,0.017000000000000005)(63.312853000090854 3.0)
(1.0E-9,14.0,0.017000000000000005)(63.312853000090854 5.0)
(1.0E-9,14.0,0.017000000000000005)(63.1358937928245 9.0)
(1.0E-9,14.0,0.017000000000000005)(63.1358937928245 11.0)
(1.0E-9,14.0,0.017000000000000005)(63.1358937928245 13.0)
(1.0E-9,14.0,0.017000000000000005)(63.1358937928245 14.0)
(1.0E-9,14.0,0.017000000000000005)(63.1358937928245 16.0)
(1.0E-9,14.0,0.017000000000000005)(63.1358937928245 17.0)
(1.0E-9,14.0,0.017000000000000005)(63.07693199520658 21.0)
(1.0E-9 14.0 0.018000000000000006)(63.03025880802586 23.0)
(1.0E-9,14.0,0.018000000000000006)(63.312853000090854 1.0)
(1.0E-9,14.0,0.018000000000000006)(63.312853000090854 3.0)
(1.0E-9,14.0,0.018000000000000006)(63.312853000090854 5.0)
(1.0E-9,14.0,0.018000000000000006)(63.1358937928245 11.0)
(1.0E-9,14.0,0.018000000000000006)(63.1358937928245 13.0)
(1.0E-9,14.0,0.018000000000000006)(63.1358937928245 14.0)
(1.0E-9,14.0,0.018000000000000006)(63.1358937928245 16.0)
(1.0E-9,14.0,0.018000000000000006)(63.1358937928245 17.0)
(1.0E-9,14.0,0.018000000000000006)(63.07693199520658 21.0)
(1.0E-9,14.0,0.018000000000000006)(63.07693199520658 22.0)
(1.0E-9 14.0 0.019000000000000006)(63.03025880802586 23.0)
(1.0E-9,14.0,0.019000000000000006)(63.312853000090854 1.0)
(1.0E-9,14.0,0.019000000000000006)(63.312853000090854 3.0)
(1.0E-9,14.0,0.019000000000000006)(63.312853000090854 5.0)
(1.0E-9,14.0,0.019000000000000006)(63.1358937928245 11.0)
(1.0E-9,14.0,0.019000000000000006)(63.1358937928245 13.0)
(1.0E-9,14.0,0.019000000000000006)(63.1358937928245 14.0)
(1.0E-9,14.0,0.019000000000000006)(63.1358937928245 16.0)
(1.0E-9,14.0,0.019000000000000006)(63.1358937928245 17.0)
(1.0E-9,14.0,0.019000000000000006)(63.07693199520658 21.0)
(1.0E-9,14.0,0.019000000000000006)(63.07693199520658 22.0)
(1.0E-9 14.0 0.020000000000000007)(63.03025880802586 23.0)
(1.0E-9,14.0,0.020000000000000007)(63.312853000090854 1.0)
(1.0E-9,14.0,0.020000000000000007)(63.312853000090854 3.0)
(1.0E-9,14.0,0.020000000000000007)(63.312853000090854 5.0)
(1.0E-9,14.0,0.020000000000000007)(63.1358937928245 11.0)
(1.0E-9,14.0,0.020000000000000007)(63.1358937928245 13.0)
(1.0E-9,14.0,0.020000000000000007)(63.1358937928245 14.0)
(1.0E-9,14.0,0.020000000000000007)(63.1358937928245 16.0)
(1.0E-9,14.0,0.020000000000000007)(63.1358937928245 17.0)
(1.0E-9,14.0,0.020000000000000007)(63.07693199520658 21.0)
(1.0E-9,14.0,0.020000000000000007)(63.07693199520658 22.0)
(1.0E-9 14.0 0.021000000000000008)(63.03025880802586 24.0)
(1.0E-9,14.0,0.021000000000000008)(63.312853000090854 1.0)
(1.0E-9,14.0,0.021000000000000008)(63.312853000090854 3.0)
(1.0E-9,14.0,0.021000000000000008)(63.1358937928245 9.0)
(1.0E-9,14.0,0.021000000000000008)(63.1358937928245 11.0)
(1.0E-9,14.0,0.021000000000000008)(63.1358937928245 14.0)
(1.0E-9,14.0,0.021000000000000008)(63.1358937928245 16.0)
(1.0E-9,14.0,0.021000000000000008)(63.07693199520658 21.0)
(1.0E-9,14.0,0.021000000000000008)(63.07693199520658 22.0)
(1.0E-9,14.0,0.021000000000000008)(63.03025880802586 23.0)
(1.0E-9,14.0,0.021000000000000008)(63.03025880802586 24.0)
(1.0E-9 14.0 0.02200000000000001)(62.86663067005866 32.0)
(1.0E-9,14.0,0.02200000000000001)(63.312853000090854 1.0)
(1.0E-9,14.0,0.02200000000000001)(63.312853000090854 5.0)
(1.0E-9,14.0,0.02200000000000001)(63.1358937928245 11.0)
(1.0E-9,14.0,0.02200000000000001)(63.1358937928245 14.0)
(1.0E-9,14.0,0.02200000000000001)(63.1358937928245 16.0)
(1.0E-9,14.0,0.02200000000000001)(63.1358937928245 17.0)
(1.0E-9,14.0,0.02200000000000001)(63.07693199520658 21.0)
(1.0E-9,14.0,0.02200000000000001)(63.07693199520658 22.0)
(1.0E-9,14.0,0.02200000000000001)(63.03025880802586 23.0)
(1.0E-9,14.0,0.02200000000000001)(63.03025880802586 24.0)
(1.0E-9,14.0,0.02200000000000001)(63.03025880802586 25.0)
(1.0E-9 14.0 0.02300000000000001)(62.96101575209007 31.0)
(1.0E-9,14.0,0.02300000000000001)(63.312853000090854 1.0)
(1.0E-9,14.0,0.02300000000000001)(63.312853000090854 5.0)
(1.0E-9,14.0,0.02300000000000001)(63.1358937928245 9.0)
(1.0E-9,14.0,0.02300000000000001)(63.1358937928245 13.0)
(1.0E-9,14.0,0.02300000000000001)(63.1358937928245 16.0)
(1.0E-9,14.0,0.02300000000000001)(63.07693199520658 21.0)
(1.0E-9,14.0,0.02300000000000001)(63.07693199520658 22.0)
(1.0E-9,14.0,0.02300000000000001)(63.03025880802586 23.0)
(1.0E-9,14.0,0.02300000000000001)(63.03025880802586 24.0)
(1.0E-9 14.0 0.02400000000000001)(62.86663067005866 31.0)
(1.0E-9,14.0,0.02400000000000001)(63.312853000090854 1.0)
(1.0E-9,14.0,0.02400000000000001)(63.312853000090854 5.0)
(1.0E-9,14.0,0.02400000000000001)(63.1358937928245 11.0)
(1.0E-9,14.0,0.02400000000000001)(63.1358937928245 14.0)
(1.0E-9,14.0,0.02400000000000001)(63.1358937928245 16.0)
(1.0E-9,14.0,0.02400000000000001)(63.07693199520658 21.0)
(1.0E-9,14.0,0.02400000000000001)(63.07693199520658 22.0)
(1.0E-9,14.0,0.02400000000000001)(63.03025880802586 23.0)
(1.0E-9,14.0,0.02400000000000001)(63.03025880802586 24.0)
(1.0E-9 14.0 0.025000000000000012)(62.70452548317137 34.0)
(1.0E-9,14.0,0.025000000000000012)(63.312853000090854 1.0)
(1.0E-9,14.0,0.025000000000000012)(63.312853000090854 5.0)
(1.0E-9,14.0,0.025000000000000012)(63.1358937928245 11.0)
(1.0E-9,14.0,0.025000000000000012)(63.1358937928245 14.0)
(1.0E-9,14.0,0.025000000000000012)(63.1358937928245 16.0)
(1.0E-9,14.0,0.025000000000000012)(63.1358937928245 19.0)
(1.0E-9,14.0,0.025000000000000012)(63.090035119442504 20.0)
(1.0E-9,14.0,0.025000000000000012)(63.07693199520658 22.0)
(1.0E-9,14.0,0.025000000000000012)(63.03025880802586 23.0)
(1.0E-9,14.0,0.025000000000000012)(63.03025880802586 24.0)
(1.0E-9,14.0,0.025000000000000012)(63.03025880802586 25.0)
(1.0E-9 14.0 0.026000000000000013)(62.70452548317137 34.0)
(1.0E-9,14.0,0.026000000000000013)(63.312853000090854 1.0)
(1.0E-9,14.0,0.026000000000000013)(63.312853000090854 5.0)
(1.0E-9,14.0,0.026000000000000013)(63.1358937928245 11.0)
(1.0E-9,14.0,0.026000000000000013)(63.1358937928245 14.0)
(1.0E-9,14.0,0.026000000000000013)(63.1358937928245 16.0)
(1.0E-9,14.0,0.026000000000000013)(63.1358937928245 19.0)
(1.0E-9,14.0,0.026000000000000013)(63.090035119442504 20.0)
(1.0E-9,14.0,0.026000000000000013)(63.07693199520658 22.0)
(1.0E-9,14.0,0.026000000000000013)(63.03025880802586 23.0)
(1.0E-9,14.0,0.026000000000000013)(63.03025880802586 24.0)
(1.0E-9,14.0,0.026000000000000013)(63.03025880802586 25.0)
(1.0E-9 14.0 0.027000000000000014)(62.477683564134296 45.0)
(1.0E-9,14.0,0.027000000000000014)(63.312853000090854 1.0)
(1.0E-9,14.0,0.027000000000000014)(63.312853000090854 5.0)
(1.0E-9,14.0,0.027000000000000014)(63.1358937928245 11.0)
(1.0E-9,14.0,0.027000000000000014)(63.1358937928245 16.0)
(1.0E-9,14.0,0.027000000000000014)(63.1358937928245 19.0)
(1.0E-9,14.0,0.027000000000000014)(63.090035119442504 21.0)
(1.0E-9,14.0,0.027000000000000014)(63.090035119442504 20.0)
(1.0E-9,14.0,0.027000000000000014)(63.03025880802586 23.0)
(1.0E-9,14.0,0.027000000000000014)(63.03025880802586 24.0)
(1.0E-9,14.0,0.027000000000000014)(63.03025880802586 25.0)
(1.0E-9 14.0 0.028000000000000014)(62.477683564134296 45.0)
(1.0E-9,14.0,0.028000000000000014)(63.312853000090854 1.0)
(1.0E-9,14.0,0.028000000000000014)(63.312853000090854 5.0)
(1.0E-9,14.0,0.028000000000000014)(63.1358937928245 14.0)
(1.0E-9,14.0,0.028000000000000014)(63.1358937928245 16.0)
(1.0E-9,14.0,0.028000000000000014)(63.07693199520658 21.0)
(1.0E-9,14.0,0.028000000000000014)(63.090035119442504 21.0)
(1.0E-9,14.0,0.028000000000000014)(63.03025880802586 23.0)
(1.0E-9,14.0,0.028000000000000014)(63.03025880802586 24.0)
(1.0E-9,14.0,0.028000000000000014)(63.03025880802586 25.0)
(1.0E-9 14.0 0.029000000000000015)(62.477683564134296 45.0)
(1.0E-9,14.0,0.029000000000000015)(63.312853000090854 1.0)
(1.0E-9,14.0,0.029000000000000015)(63.312853000090854 5.0)
(1.0E-9,14.0,0.029000000000000015)(63.1358937928245 14.0)
(1.0E-9,14.0,0.029000000000000015)(63.1358937928245 16.0)
(1.0E-9,14.0,0.029000000000000015)(63.07693199520658 21.0)
(1.0E-9,14.0,0.029000000000000015)(63.090035119442504 21.0)
(1.0E-9,14.0,0.029000000000000015)(63.03025880802586 23.0)
(1.0E-9,14.0,0.029000000000000015)(63.03025880802586 24.0)
(1.0E-9,14.0,0.029000000000000015)(63.03025880802586 25.0)
(1.0E-9 14.0 0.030000000000000016)(62.477683564134296 43.0)
(1.0E-9,14.0,0.030000000000000016)(63.312853000090854 1.0)
(1.0E-9,14.0,0.030000000000000016)(63.312853000090854 5.0)
(1.0E-9,14.0,0.030000000000000016)(63.1358937928245 13.0)
(1.0E-9,14.0,0.030000000000000016)(63.1358937928245 16.0)
(1.0E-9,14.0,0.030000000000000016)(63.1358937928245 17.0)
(1.0E-9,14.0,0.030000000000000016)(63.07693199520658 21.0)
(1.0E-9,14.0,0.030000000000000016)(63.090035119442504 21.0)
(1.0E-9,14.0,0.030000000000000016)(63.03025880802586 23.0)
(1.0E-9,14.0,0.030000000000000016)(63.03025880802586 24.0)
(1.0E-9,14.0,0.030000000000000016)(63.03025880802586 25.0)
(1.0E-9 14.0 0.031000000000000017)(61.23706195005199 52.0)
(1.0E-9,14.0,0.031000000000000017)(63.312853000090854 1.0)
(1.0E-9,14.0,0.031000000000000017)(63.1358937928245 9.0)
(1.0E-9,14.0,0.031000000000000017)(63.1358937928245 16.0)
(1.0E-9,14.0,0.031000000000000017)(63.1358937928245 17.0)
(1.0E-9,14.0,0.031000000000000017)(63.07693199520658 21.0)
(1.0E-9,14.0,0.031000000000000017)(63.07693199520658 22.0)
(1.0E-9,14.0,0.031000000000000017)(63.03025880802586 23.0)
(1.0E-9,14.0,0.031000000000000017)(63.03025880802586 24.0)
(1.0E-9,14.0,0.031000000000000017)(63.03025880802586 25.0)
(1.0E-9 14.0 0.032000000000000015)(61.23706195005199 52.0)
(1.0E-9,14.0,0.032000000000000015)(63.312853000090854 1.0)
(1.0E-9,14.0,0.032000000000000015)(63.1358937928245 9.0)
(1.0E-9,14.0,0.032000000000000015)(63.1358937928245 14.0)
(1.0E-9,14.0,0.032000000000000015)(63.1358937928245 16.0)
(1.0E-9,14.0,0.032000000000000015)(63.1358937928245 17.0)
(1.0E-9,14.0,0.032000000000000015)(63.07693199520658 22.0)
(1.0E-9,14.0,0.032000000000000015)(63.03025880802586 23.0)
(1.0E-9,14.0,0.032000000000000015)(63.03025880802586 24.0)
(1.0E-9,14.0,0.032000000000000015)(63.03025880802586 25.0)
(1.0E-9 14.0 0.033000000000000015)(61.23706195005199 52.0)
(1.0E-9,14.0,0.033000000000000015)(63.312853000090854 1.0)
(1.0E-9,14.0,0.033000000000000015)(63.1358937928245 9.0)
(1.0E-9,14.0,0.033000000000000015)(63.1358937928245 14.0)
(1.0E-9,14.0,0.033000000000000015)(63.1358937928245 16.0)
(1.0E-9,14.0,0.033000000000000015)(63.1358937928245 17.0)
(1.0E-9,14.0,0.033000000000000015)(63.07693199520658 22.0)
(1.0E-9,14.0,0.033000000000000015)(63.03025880802586 23.0)
(1.0E-9,14.0,0.033000000000000015)(63.03025880802586 24.0)
(1.0E-9,14.0,0.033000000000000015)(63.03025880802586 25.0)
(1.0E-9 14.0 0.034000000000000016)(61.23706195005199 52.0)
(1.0E-9,14.0,0.034000000000000016)(63.312853000090854 3.0)
(1.0E-9,14.0,0.034000000000000016)(63.1358937928245 11.0)
(1.0E-9,14.0,0.034000000000000016)(63.1358937928245 16.0)
(1.0E-9,14.0,0.034000000000000016)(63.1358937928245 17.0)
(1.0E-9,14.0,0.034000000000000016)(63.07693199520658 21.0)
(1.0E-9,14.0,0.034000000000000016)(63.07693199520658 22.0)
(1.0E-9,14.0,0.034000000000000016)(63.03025880802586 23.0)
(1.0E-9,14.0,0.034000000000000016)(63.03025880802586 24.0)
(1.0E-9,14.0,0.034000000000000016)(63.03025880802586 25.0)
(1.0E-9 14.0 0.03500000000000002)(61.23706195005199 52.0)
(1.0E-9,14.0,0.03500000000000002)(63.312853000090854 3.0)
(1.0E-9,14.0,0.03500000000000002)(63.1358937928245 11.0)
(1.0E-9,14.0,0.03500000000000002)(63.1358937928245 16.0)
(1.0E-9,14.0,0.03500000000000002)(63.1358937928245 17.0)
(1.0E-9,14.0,0.03500000000000002)(63.1358937928245 20.0)
(1.0E-9,14.0,0.03500000000000002)(63.07693199520658 22.0)
(1.0E-9,14.0,0.03500000000000002)(63.03025880802586 23.0)
(1.0E-9,14.0,0.03500000000000002)(63.03025880802586 25.0)
(1.0E-9,14.0,0.03500000000000002)(63.03025880802586 24.0)
(1.0E-9 14.0 0.03600000000000002)(61.23706195005199 52.0)
(1.0E-9,14.0,0.03600000000000002)(63.312853000090854 3.0)
(1.0E-9,14.0,0.03600000000000002)(63.1358937928245 11.0)
(1.0E-9,14.0,0.03600000000000002)(63.1358937928245 16.0)
(1.0E-9,14.0,0.03600000000000002)(63.1358937928245 17.0)
(1.0E-9,14.0,0.03600000000000002)(63.1358937928245 20.0)
(1.0E-9,14.0,0.03600000000000002)(63.07693199520658 22.0)
(1.0E-9,14.0,0.03600000000000002)(63.03025880802586 23.0)
(1.0E-9,14.0,0.03600000000000002)(63.03025880802586 25.0)
(1.0E-9,14.0,0.03600000000000002)(63.03025880802586 24.0)
(1.0E-9 14.0 0.03700000000000002)(61.23706195005199 54.0)
(1.0E-9,14.0,0.03700000000000002)(63.312853000090854 3.0)
(1.0E-9,14.0,0.03700000000000002)(63.1358937928245 11.0)
(1.0E-9,14.0,0.03700000000000002)(63.1358937928245 14.0)
(1.0E-9,14.0,0.03700000000000002)(63.1358937928245 16.0)
(1.0E-9,14.0,0.03700000000000002)(63.1358937928245 20.0)
(1.0E-9,14.0,0.03700000000000002)(63.07693199520658 22.0)
(1.0E-9,14.0,0.03700000000000002)(63.03025880802586 23.0)
(1.0E-9,14.0,0.03700000000000002)(63.03025880802586 24.0)
(1.0E-9,14.0,0.03700000000000002)(63.03025880802586 25.0)
(1.0E-9 14.0 0.03800000000000002)(61.871082967626464 50.0)
(1.0E-9,14.0,0.03800000000000002)(63.312853000090854 3.0)
(1.0E-9,14.0,0.03800000000000002)(63.1358937928245 11.0)
(1.0E-9,14.0,0.03800000000000002)(63.1358937928245 16.0)
(1.0E-9,14.0,0.03800000000000002)(63.1358937928245 17.0)
(1.0E-9,14.0,0.03800000000000002)(63.07693199520658 22.0)
(1.0E-9,14.0,0.03800000000000002)(63.03025880802586 23.0)
(1.0E-9,14.0,0.03800000000000002)(63.03025880802586 24.0)
(1.0E-9,14.0,0.03800000000000002)(63.03025880802586 25.0)
(1.0E-9 14.0 0.03900000000000002)(61.871082967626464 50.0)
(1.0E-9,14.0,0.03900000000000002)(63.312853000090854 3.0)
(1.0E-9,14.0,0.03900000000000002)(63.1358937928245 11.0)
(1.0E-9,14.0,0.03900000000000002)(63.1358937928245 16.0)
(1.0E-9,14.0,0.03900000000000002)(63.1358937928245 17.0)
(1.0E-9,14.0,0.03900000000000002)(63.07693199520658 22.0)
(1.0E-9,14.0,0.03900000000000002)(63.03025880802586 23.0)
(1.0E-9,14.0,0.03900000000000002)(63.03025880802586 24.0)
(1.0E-9,14.0,0.03900000000000002)(63.03025880802586 25.0)
(1.0E-9 14.0 0.04000000000000002)(61.871082967626464 50.0)
(1.0E-9,14.0,0.04000000000000002)(63.312853000090854 3.0)
(1.0E-9,14.0,0.04000000000000002)(63.1358937928245 11.0)
(1.0E-9,14.0,0.04000000000000002)(63.1358937928245 16.0)
(1.0E-9,14.0,0.04000000000000002)(63.1358937928245 17.0)
(1.0E-9,14.0,0.04000000000000002)(63.07693199520658 22.0)
(1.0E-9,14.0,0.04000000000000002)(63.03025880802586 23.0)
(1.0E-9,14.0,0.04000000000000002)(63.03025880802586 24.0)
(1.0E-9,14.0,0.04000000000000002)(63.03025880802586 25.0)
(1.0E-9 14.0 0.04100000000000002)(61.871082967626464 50.0)
(1.0E-9,14.0,0.04100000000000002)(63.312853000090854 3.0)
(1.0E-9,14.0,0.04100000000000002)(63.1358937928245 11.0)
(1.0E-9,14.0,0.04100000000000002)(63.1358937928245 16.0)
(1.0E-9,14.0,0.04100000000000002)(63.1358937928245 17.0)
(1.0E-9,14.0,0.04100000000000002)(63.07693199520658 22.0)
(1.0E-9,14.0,0.04100000000000002)(63.03025880802586 23.0)
(1.0E-9,14.0,0.04100000000000002)(63.03025880802586 24.0)
(1.0E-9,14.0,0.04100000000000002)(63.03025880802586 25.0)
(1.0E-9 14.0 0.04200000000000002)(61.871082967626464 50.0)
(1.0E-9,14.0,0.04200000000000002)(63.312853000090854 3.0)
(1.0E-9,14.0,0.04200000000000002)(63.1358937928245 11.0)
(1.0E-9,14.0,0.04200000000000002)(63.1358937928245 16.0)
(1.0E-9,14.0,0.04200000000000002)(63.1358937928245 17.0)
(1.0E-9,14.0,0.04200000000000002)(63.07693199520658 22.0)
(1.0E-9,14.0,0.04200000000000002)(63.03025880802586 23.0)
(1.0E-9,14.0,0.04200000000000002)(63.03025880802586 24.0)
(1.0E-9,14.0,0.04200000000000002)(63.03025880802586 25.0)
(1.0E-9 14.0 0.043000000000000024)(61.871082967626464 50.0)
(1.0E-9,14.0,0.043000000000000024)(63.312853000090854 3.0)
(1.0E-9,14.0,0.043000000000000024)(63.1358937928245 11.0)
(1.0E-9,14.0,0.043000000000000024)(63.1358937928245 16.0)
(1.0E-9,14.0,0.043000000000000024)(63.1358937928245 17.0)
(1.0E-9,14.0,0.043000000000000024)(63.07693199520658 22.0)
(1.0E-9,14.0,0.043000000000000024)(63.03025880802586 23.0)
(1.0E-9,14.0,0.043000000000000024)(63.03025880802586 24.0)
(1.0E-9,14.0,0.043000000000000024)(63.03025880802586 25.0)
(1.0E-9 14.0 0.044000000000000025)(61.871082967626464 50.0)
(1.0E-9,14.0,0.044000000000000025)(63.312853000090854 3.0)
(1.0E-9,14.0,0.044000000000000025)(63.1358937928245 11.0)
(1.0E-9,14.0,0.044000000000000025)(63.1358937928245 16.0)
(1.0E-9,14.0,0.044000000000000025)(63.1358937928245 17.0)
(1.0E-9,14.0,0.044000000000000025)(63.07693199520658 22.0)
(1.0E-9,14.0,0.044000000000000025)(63.03025880802586 23.0)
(1.0E-9,14.0,0.044000000000000025)(63.03025880802586 24.0)
(1.0E-9,14.0,0.044000000000000025)(63.03025880802586 25.0)
(1.0E-9 14.0 0.045000000000000026)(61.871082967626464 50.0)
(1.0E-9,14.0,0.045000000000000026)(63.312853000090854 3.0)
(1.0E-9,14.0,0.045000000000000026)(63.1358937928245 11.0)
(1.0E-9,14.0,0.045000000000000026)(63.1358937928245 16.0)
(1.0E-9,14.0,0.045000000000000026)(63.1358937928245 17.0)
(1.0E-9,14.0,0.045000000000000026)(63.07693199520658 22.0)
(1.0E-9,14.0,0.045000000000000026)(63.03025880802586 23.0)
(1.0E-9,14.0,0.045000000000000026)(63.03025880802586 24.0)
(1.0E-9,14.0,0.045000000000000026)(63.03025880802586 25.0)
(1.0E-9 14.0 0.04600000000000003)(61.871082967626464 50.0)
(1.0E-9,14.0,0.04600000000000003)(63.312853000090854 3.0)
(1.0E-9,14.0,0.04600000000000003)(63.1358937928245 11.0)
(1.0E-9,14.0,0.04600000000000003)(63.1358937928245 16.0)
(1.0E-9,14.0,0.04600000000000003)(63.1358937928245 17.0)
(1.0E-9,14.0,0.04600000000000003)(63.07693199520658 22.0)
(1.0E-9,14.0,0.04600000000000003)(63.03025880802586 23.0)
(1.0E-9,14.0,0.04600000000000003)(63.03025880802586 24.0)
(1.0E-9,14.0,0.04600000000000003)(63.03025880802586 25.0)
(1.0E-9 14.0 0.04700000000000003)(61.871082967626464 50.0)
(1.0E-9,14.0,0.04700000000000003)(63.312853000090854 3.0)
(1.0E-9,14.0,0.04700000000000003)(63.1358937928245 11.0)
(1.0E-9,14.0,0.04700000000000003)(63.1358937928245 16.0)
(1.0E-9,14.0,0.04700000000000003)(63.1358937928245 17.0)
(1.0E-9,14.0,0.04700000000000003)(63.07693199520658 22.0)
(1.0E-9,14.0,0.04700000000000003)(63.03025880802586 23.0)
(1.0E-9,14.0,0.04700000000000003)(63.03025880802586 24.0)
(1.0E-9,14.0,0.04700000000000003)(63.03025880802586 25.0)
(1.0E-9 14.0 0.04800000000000003)(61.871082967626464 50.0)
(1.0E-9,14.0,0.04800000000000003)(63.312853000090854 3.0)
(1.0E-9,14.0,0.04800000000000003)(63.1358937928245 11.0)
(1.0E-9,14.0,0.04800000000000003)(63.1358937928245 16.0)
(1.0E-9,14.0,0.04800000000000003)(63.1358937928245 17.0)
(1.0E-9,14.0,0.04800000000000003)(63.090035119442504 21.0)
(1.0E-9,14.0,0.04800000000000003)(63.03025880802586 23.0)
(1.0E-9,14.0,0.04800000000000003)(63.03025880802586 24.0)
(1.0E-9,14.0,0.04800000000000003)(63.03025880802586 25.0)
(1.0E-9 14.0 0.04900000000000003)(61.871082967626464 50.0)
(1.0E-9,14.0,0.04900000000000003)(63.312853000090854 3.0)
(1.0E-9,14.0,0.04900000000000003)(63.1358937928245 11.0)
(1.0E-9,14.0,0.04900000000000003)(63.1358937928245 14.0)
(1.0E-9,14.0,0.04900000000000003)(63.1358937928245 16.0)
(1.0E-9,14.0,0.04900000000000003)(63.1358937928245 17.0)
(1.0E-9,14.0,0.04900000000000003)(63.07693199520658 22.0)
(1.0E-9,14.0,0.04900000000000003)(63.03025880802586 23.0)
(1.0E-9,14.0,0.04900000000000003)(63.03025880802586 24.0)
(1.0E-9,14.0,0.04900000000000003)(63.03025880802586 25.0)
(1.0E-9 14.0 0.05000000000000003)(61.871082967626464 50.0)
(1.0E-9,14.0,0.05000000000000003)(63.312853000090854 3.0)
(1.0E-9,14.0,0.05000000000000003)(63.1358937928245 11.0)
(1.0E-9,14.0,0.05000000000000003)(63.1358937928245 14.0)
(1.0E-9,14.0,0.05000000000000003)(63.1358937928245 16.0)
(1.0E-9,14.0,0.05000000000000003)(63.1358937928245 17.0)
(1.0E-9,14.0,0.05000000000000003)(63.07693199520658 22.0)
(1.0E-9,14.0,0.05000000000000003)(63.03025880802586 23.0)
(1.0E-9,14.0,0.05000000000000003)(63.03025880802586 24.0)
(1.0E-9,14.0,0.05000000000000003)(63.03025880802586 25.0)
(1.0E-9 14.0 0.05100000000000003)(61.69049626037969 51.0)
(1.0E-9,14.0,0.05100000000000003)(63.312853000090854 3.0)
(1.0E-9,14.0,0.05100000000000003)(63.1358937928245 11.0)
(1.0E-9,14.0,0.05100000000000003)(63.1358937928245 14.0)
(1.0E-9,14.0,0.05100000000000003)(63.1358937928245 16.0)
(1.0E-9,14.0,0.05100000000000003)(63.1358937928245 17.0)
(1.0E-9,14.0,0.05100000000000003)(63.1358937928245 20.0)
(1.0E-9,14.0,0.05100000000000003)(63.07693199520658 22.0)
(1.0E-9,14.0,0.05100000000000003)(63.03025880802586 23.0)
(1.0E-9,14.0,0.05100000000000003)(63.03025880802586 24.0)
(1.0E-9,14.0,0.05100000000000003)(63.03025880802586 25.0)
(1.0E-9 14.0 0.05200000000000003)(61.69049626037969 51.0)
(1.0E-9,14.0,0.05200000000000003)(63.312853000090854 3.0)
(1.0E-9,14.0,0.05200000000000003)(63.1358937928245 11.0)
(1.0E-9,14.0,0.05200000000000003)(63.1358937928245 14.0)
(1.0E-9,14.0,0.05200000000000003)(63.1358937928245 16.0)
(1.0E-9,14.0,0.05200000000000003)(63.1358937928245 17.0)
(1.0E-9,14.0,0.05200000000000003)(63.1358937928245 20.0)
(1.0E-9,14.0,0.05200000000000003)(63.07693199520658 22.0)
(1.0E-9,14.0,0.05200000000000003)(63.03025880802586 23.0)
(1.0E-9,14.0,0.05200000000000003)(63.03025880802586 24.0)
(1.0E-9,14.0,0.05200000000000003)(63.03025880802586 25.0)
(1.0E-9 14.0 0.05300000000000003)(61.69049626037969 51.0)
(1.0E-9,14.0,0.05300000000000003)(63.312853000090854 3.0)
(1.0E-9,14.0,0.05300000000000003)(63.1358937928245 11.0)
(1.0E-9,14.0,0.05300000000000003)(63.1358937928245 14.0)
(1.0E-9,14.0,0.05300000000000003)(63.1358937928245 16.0)
(1.0E-9,14.0,0.05300000000000003)(63.1358937928245 17.0)
(1.0E-9,14.0,0.05300000000000003)(63.1358937928245 20.0)
(1.0E-9,14.0,0.05300000000000003)(63.07693199520658 22.0)
(1.0E-9,14.0,0.05300000000000003)(63.03025880802586 23.0)
(1.0E-9,14.0,0.05300000000000003)(63.03025880802586 24.0)
(1.0E-9 14.0 0.054000000000000034)(61.69049626037969 51.0)
(1.0E-9,14.0,0.054000000000000034)(63.312853000090854 3.0)
(1.0E-9,14.0,0.054000000000000034)(63.1358937928245 11.0)
(1.0E-9,14.0,0.054000000000000034)(63.1358937928245 14.0)
(1.0E-9,14.0,0.054000000000000034)(63.1358937928245 16.0)
(1.0E-9,14.0,0.054000000000000034)(63.1358937928245 17.0)
(1.0E-9,14.0,0.054000000000000034)(63.1358937928245 20.0)
(1.0E-9,14.0,0.054000000000000034)(63.07693199520658 22.0)
(1.0E-9,14.0,0.054000000000000034)(63.03025880802586 23.0)
(1.0E-9,14.0,0.054000000000000034)(63.03025880802586 24.0)
(1.0E-9 14.0 0.055000000000000035)(61.69049626037969 51.0)
(1.0E-9,14.0,0.055000000000000035)(63.312853000090854 3.0)
(1.0E-9,14.0,0.055000000000000035)(63.1358937928245 11.0)
(1.0E-9,14.0,0.055000000000000035)(63.1358937928245 14.0)
(1.0E-9,14.0,0.055000000000000035)(63.1358937928245 16.0)
(1.0E-9,14.0,0.055000000000000035)(63.1358937928245 17.0)
(1.0E-9,14.0,0.055000000000000035)(63.1358937928245 20.0)
(1.0E-9,14.0,0.055000000000000035)(63.07693199520658 22.0)
(1.0E-9,14.0,0.055000000000000035)(63.03025880802586 23.0)
(1.0E-9,14.0,0.055000000000000035)(63.03025880802586 24.0)
(1.0E-9,14.0,0.055000000000000035)(63.07693199520658 21.0)
(1.0E-9 14.0 0.056000000000000036)(61.69049626037969 51.0)
(1.0E-9,14.0,0.056000000000000036)(63.312853000090854 3.0)
(1.0E-9,14.0,0.056000000000000036)(63.1358937928245 11.0)
(1.0E-9,14.0,0.056000000000000036)(63.1358937928245 14.0)
(1.0E-9,14.0,0.056000000000000036)(63.1358937928245 16.0)
(1.0E-9,14.0,0.056000000000000036)(63.1358937928245 17.0)
(1.0E-9,14.0,0.056000000000000036)(63.1358937928245 20.0)
(1.0E-9,14.0,0.056000000000000036)(63.07693199520658 22.0)
(1.0E-9,14.0,0.056000000000000036)(63.03025880802586 23.0)
(1.0E-9,14.0,0.056000000000000036)(63.03025880802586 24.0)
(1.0E-9 14.0 0.05700000000000004)(61.69049626037969 51.0)
(1.0E-9,14.0,0.05700000000000004)(63.312853000090854 3.0)
(1.0E-9,14.0,0.05700000000000004)(63.1358937928245 11.0)
(1.0E-9,14.0,0.05700000000000004)(63.1358937928245 14.0)
(1.0E-9,14.0,0.05700000000000004)(63.1358937928245 16.0)
(1.0E-9,14.0,0.05700000000000004)(63.1358937928245 17.0)
(1.0E-9,14.0,0.05700000000000004)(63.1358937928245 20.0)
(1.0E-9,14.0,0.05700000000000004)(63.07693199520658 22.0)
(1.0E-9,14.0,0.05700000000000004)(63.03025880802586 23.0)
(1.0E-9,14.0,0.05700000000000004)(63.07693199520658 24.0)
(1.0E-9 14.0 0.05800000000000004)(61.69049626037969 51.0)
(1.0E-9,14.0,0.05800000000000004)(63.312853000090854 3.0)
(1.0E-9,14.0,0.05800000000000004)(63.1358937928245 11.0)
(1.0E-9,14.0,0.05800000000000004)(63.1358937928245 14.0)
(1.0E-9,14.0,0.05800000000000004)(63.1358937928245 16.0)
(1.0E-9,14.0,0.05800000000000004)(63.1358937928245 17.0)
(1.0E-9,14.0,0.05800000000000004)(63.1358937928245 20.0)
(1.0E-9,14.0,0.05800000000000004)(63.07693199520658 22.0)
(1.0E-9,14.0,0.05800000000000004)(63.03025880802586 23.0)
(1.0E-9,14.0,0.05800000000000004)(63.1358937928245 21.0)
(1.0E-9,14.0,0.05800000000000004)(63.07693199520658 24.0)
(1.0E-9 14.0 0.05900000000000004)(61.69049626037969 51.0)
(1.0E-9,14.0,0.05900000000000004)(63.312853000090854 3.0)
(1.0E-9,14.0,0.05900000000000004)(63.1358937928245 11.0)
(1.0E-9,14.0,0.05900000000000004)(63.1358937928245 14.0)
(1.0E-9,14.0,0.05900000000000004)(63.1358937928245 16.0)
(1.0E-9,14.0,0.05900000000000004)(63.1358937928245 17.0)
(1.0E-9,14.0,0.05900000000000004)(63.1358937928245 20.0)
(1.0E-9,14.0,0.05900000000000004)(63.07693199520658 22.0)
(1.0E-9,14.0,0.05900000000000004)(63.03025880802586 23.0)
(1.0E-9,14.0,0.05900000000000004)(63.1358937928245 21.0)
(1.0E-9,14.0,0.05900000000000004)(63.07693199520658 24.0)
(1.0E-9 14.0 0.06000000000000004)(61.69049626037969 51.0)
(1.0E-9,14.0,0.06000000000000004)(63.312853000090854 3.0)
(1.0E-9,14.0,0.06000000000000004)(63.1358937928245 11.0)
(1.0E-9,14.0,0.06000000000000004)(63.1358937928245 14.0)
(1.0E-9,14.0,0.06000000000000004)(63.1358937928245 16.0)
(1.0E-9,14.0,0.06000000000000004)(63.1358937928245 20.0)
(1.0E-9,14.0,0.06000000000000004)(63.07693199520658 22.0)
(1.0E-9,14.0,0.06000000000000004)(63.03025880802586 23.0)
(1.0E-9,14.0,0.06000000000000004)(63.1358937928245 21.0)
(1.0E-9,14.0,0.06000000000000004)(63.07693199520658 24.0)
(1.0E-9 14.0 0.06100000000000004)(61.69049626037969 51.0)
(1.0E-9,14.0,0.06100000000000004)(63.312853000090854 3.0)
(1.0E-9,14.0,0.06100000000000004)(63.1358937928245 11.0)
(1.0E-9,14.0,0.06100000000000004)(63.1358937928245 14.0)
(1.0E-9,14.0,0.06100000000000004)(63.1358937928245 16.0)
(1.0E-9,14.0,0.06100000000000004)(63.1358937928245 17.0)
(1.0E-9,14.0,0.06100000000000004)(63.07693199520658 22.0)
(1.0E-9,14.0,0.06100000000000004)(63.03025880802586 23.0)
(1.0E-9,14.0,0.06100000000000004)(63.03025880802586 24.0)
(1.0E-9,14.0,0.06100000000000004)(63.1358937928245 21.0)
(1.0E-9,14.0,0.06100000000000004)(63.1358937928245 20.0)
(1.0E-9 14.0 0.06200000000000004)(61.69049626037969 51.0)
(1.0E-9,14.0,0.06200000000000004)(63.312853000090854 3.0)
(1.0E-9,14.0,0.06200000000000004)(63.1358937928245 11.0)
(1.0E-9,14.0,0.06200000000000004)(63.1358937928245 14.0)
(1.0E-9,14.0,0.06200000000000004)(63.1358937928245 16.0)
(1.0E-9,14.0,0.06200000000000004)(63.1358937928245 17.0)
(1.0E-9,14.0,0.06200000000000004)(63.07693199520658 22.0)
(1.0E-9,14.0,0.06200000000000004)(63.03025880802586 23.0)
(1.0E-9,14.0,0.06200000000000004)(63.03025880802586 24.0)
(1.0E-9,14.0,0.06200000000000004)(63.1358937928245 20.0)
(1.0E-9,14.0,0.06200000000000004)(63.1358937928245 21.0)
(1.0E-9 14.0 0.06300000000000004)(61.69049626037969 51.0)
(1.0E-9,14.0,0.06300000000000004)(63.312853000090854 3.0)
(1.0E-9,14.0,0.06300000000000004)(63.1358937928245 11.0)
(1.0E-9,14.0,0.06300000000000004)(63.1358937928245 14.0)
(1.0E-9,14.0,0.06300000000000004)(63.1358937928245 16.0)
(1.0E-9,14.0,0.06300000000000004)(63.1358937928245 20.0)
(1.0E-9,14.0,0.06300000000000004)(63.07693199520658 22.0)
(1.0E-9,14.0,0.06300000000000004)(63.03025880802586 23.0)
(1.0E-9,14.0,0.06300000000000004)(63.03025880802586 24.0)
(1.0E-9 14.0 0.06400000000000004)(61.69049626037969 51.0)
(1.0E-9,14.0,0.06400000000000004)(63.312853000090854 3.0)
(1.0E-9,14.0,0.06400000000000004)(63.1358937928245 11.0)
(1.0E-9,14.0,0.06400000000000004)(63.1358937928245 14.0)
(1.0E-9,14.0,0.06400000000000004)(63.1358937928245 16.0)
(1.0E-9,14.0,0.06400000000000004)(63.1358937928245 20.0)
(1.0E-9,14.0,0.06400000000000004)(63.07693199520658 22.0)
(1.0E-9,14.0,0.06400000000000004)(63.03025880802586 23.0)
(1.0E-9,14.0,0.06400000000000004)(63.03025880802586 24.0)
(1.0E-9 14.0 0.06500000000000004)(61.69049626037969 51.0)
(1.0E-9,14.0,0.06500000000000004)(63.312853000090854 3.0)
(1.0E-9,14.0,0.06500000000000004)(63.1358937928245 11.0)
(1.0E-9,14.0,0.06500000000000004)(63.1358937928245 14.0)
(1.0E-9,14.0,0.06500000000000004)(63.1358937928245 16.0)
(1.0E-9,14.0,0.06500000000000004)(63.1358937928245 20.0)
(1.0E-9,14.0,0.06500000000000004)(63.07693199520658 22.0)
(1.0E-9,14.0,0.06500000000000004)(63.03025880802586 23.0)
(1.0E-9,14.0,0.06500000000000004)(63.03025880802586 24.0)
(1.0E-9 14.0 0.06600000000000004)(61.455365508360096 52.0)
(1.0E-9,14.0,0.06600000000000004)(63.312853000090854 3.0)
(1.0E-9,14.0,0.06600000000000004)(63.1358937928245 13.0)
(1.0E-9,14.0,0.06600000000000004)(63.1358937928245 16.0)
(1.0E-9,14.0,0.06600000000000004)(63.1358937928245 17.0)
(1.0E-9,14.0,0.06600000000000004)(63.07693199520658 22.0)
(1.0E-9,14.0,0.06600000000000004)(63.03025880802586 23.0)
(1.0E-9,14.0,0.06600000000000004)(63.03025880802586 24.0)
(1.0E-9,14.0,0.06600000000000004)(63.1358937928245 21.0)
(1.0E-9 14.0 0.06700000000000005)(61.455365508360096 52.0)
(1.0E-9,14.0,0.06700000000000005)(63.312853000090854 3.0)
(1.0E-9,14.0,0.06700000000000005)(63.1358937928245 13.0)
(1.0E-9,14.0,0.06700000000000005)(63.1358937928245 16.0)
(1.0E-9,14.0,0.06700000000000005)(63.1358937928245 17.0)
(1.0E-9,14.0,0.06700000000000005)(63.07693199520658 22.0)
(1.0E-9,14.0,0.06700000000000005)(63.03025880802586 23.0)
(1.0E-9,14.0,0.06700000000000005)(63.03025880802586 24.0)
(1.0E-9,14.0,0.06700000000000005)(63.1358937928245 21.0)
(1.0E-9,14.0,0.06700000000000005)(63.1358937928245 20.0)
(1.0E-9 14.0 0.06800000000000005)(61.455365508360096 52.0)
(1.0E-9,14.0,0.06800000000000005)(63.312853000090854 3.0)
(1.0E-9,14.0,0.06800000000000005)(63.1358937928245 13.0)
(1.0E-9,14.0,0.06800000000000005)(63.1358937928245 16.0)
(1.0E-9,14.0,0.06800000000000005)(63.1358937928245 17.0)
(1.0E-9,14.0,0.06800000000000005)(63.07693199520658 22.0)
(1.0E-9,14.0,0.06800000000000005)(63.03025880802586 23.0)
(1.0E-9,14.0,0.06800000000000005)(63.03025880802586 24.0)
(1.0E-9,14.0,0.06800000000000005)(63.1358937928245 21.0)
(1.0E-9 14.0 0.06900000000000005)(61.455365508360096 52.0)
(1.0E-9,14.0,0.06900000000000005)(63.312853000090854 3.0)
(1.0E-9,14.0,0.06900000000000005)(63.1358937928245 13.0)
(1.0E-9,14.0,0.06900000000000005)(63.1358937928245 16.0)
(1.0E-9,14.0,0.06900000000000005)(63.1358937928245 17.0)
(1.0E-9,14.0,0.06900000000000005)(63.07693199520658 22.0)
(1.0E-9,14.0,0.06900000000000005)(63.03025880802586 23.0)
(1.0E-9,14.0,0.06900000000000005)(63.03025880802586 24.0)
(1.0E-9,14.0,0.06900000000000005)(63.1358937928245 20.0)
(1.0E-9,14.0,0.06900000000000005)(63.1358937928245 21.0)
(1.0E-9 14.0 0.07000000000000005)(59.67525448224063 58.0)
(1.0E-9,14.0,0.07000000000000005)(63.312853000090854 3.0)
(1.0E-9,14.0,0.07000000000000005)(63.1358937928245 13.0)
(1.0E-9,14.0,0.07000000000000005)(63.1358937928245 16.0)
(1.0E-9,14.0,0.07000000000000005)(63.1358937928245 23.0)
(1.0E-9,14.0,0.07000000000000005)(63.0764769262858 28.0)
(1.0E-9,14.0,0.07000000000000005)(63.01650861089896 31.0)
(1.0E-9,14.0,0.07000000000000005)(63.01650861089896 32.0)
(1.0E-9,14.0,0.07000000000000005)(63.01650861089896 34.0)
(1.0E-9 14.0 0.07100000000000005)(59.67525448224063 58.0)
(1.0E-9,14.0,0.07100000000000005)(63.312853000090854 3.0)
(1.0E-9,14.0,0.07100000000000005)(63.1358937928245 14.0)
(1.0E-9,14.0,0.07100000000000005)(63.1358937928245 21.0)
(1.0E-9,14.0,0.07100000000000005)(63.1358937928245 23.0)
(1.0E-9,14.0,0.07100000000000005)(63.0764769262858 28.0)
(1.0E-9,14.0,0.07100000000000005)(63.0764769262858 30.0)
(1.0E-9,14.0,0.07100000000000005)(63.01650861089896 31.0)
(1.0E-9,14.0,0.07100000000000005)(63.01650861089896 32.0)
(1.0E-9,14.0,0.07100000000000005)(63.01650861089896 34.0)
(1.0E-9,14.0,0.07100000000000005)(63.01650861089896 35.0)
(1.0E-9 14.0 0.07200000000000005)(59.67525448224063 58.0)
(1.0E-9,14.0,0.07200000000000005)(63.312853000090854 3.0)
(1.0E-9,14.0,0.07200000000000005)(63.1358937928245 14.0)
(1.0E-9,14.0,0.07200000000000005)(63.1358937928245 21.0)
(1.0E-9,14.0,0.07200000000000005)(63.1358937928245 23.0)
(1.0E-9,14.0,0.07200000000000005)(63.0764769262858 28.0)
(1.0E-9,14.0,0.07200000000000005)(63.0764769262858 30.0)
(1.0E-9,14.0,0.07200000000000005)(63.01650861089896 31.0)
(1.0E-9,14.0,0.07200000000000005)(63.01650861089896 32.0)
(1.0E-9,14.0,0.07200000000000005)(63.01650861089896 34.0)
(1.0E-9,14.0,0.07200000000000005)(63.01650861089896 35.0)
(1.0E-9 14.0 0.07300000000000005)(59.67525448224063 58.0)
(1.0E-9,14.0,0.07300000000000005)(63.312853000090854 3.0)
(1.0E-9,14.0,0.07300000000000005)(63.1358937928245 14.0)
(1.0E-9,14.0,0.07300000000000005)(63.1358937928245 21.0)
(1.0E-9,14.0,0.07300000000000005)(63.1358937928245 23.0)
(1.0E-9,14.0,0.07300000000000005)(63.1358937928245 24.0)
(1.0E-9,14.0,0.07300000000000005)(63.0764769262858 29.0)
(1.0E-9,14.0,0.07300000000000005)(63.01650861089896 30.0)
(1.0E-9,14.0,0.07300000000000005)(63.01650861089896 31.0)
(1.0E-9,14.0,0.07300000000000005)(63.01650861089896 32.0)
(1.0E-9,14.0,0.07300000000000005)(63.01650861089896 34.0)
(1.0E-9 14.0 0.07400000000000005)(59.42296247700099 62.0)
(1.0E-9,14.0,0.07400000000000005)(63.312853000090854 3.0)
(1.0E-9,14.0,0.07400000000000005)(63.1358937928245 14.0)
(1.0E-9,14.0,0.07400000000000005)(63.1358937928245 22.0)
(1.0E-9,14.0,0.07400000000000005)(63.1358937928245 23.0)
(1.0E-9,14.0,0.07400000000000005)(63.0764769262858 30.0)
(1.0E-9,14.0,0.07400000000000005)(63.01650861089896 30.0)
(1.0E-9,14.0,0.07400000000000005)(63.01650861089896 32.0)
(1.0E-9,14.0,0.07400000000000005)(63.01650861089896 34.0)
(1.0E-9,14.0,0.07400000000000005)(63.01650861089896 35.0)
(1.0E-9 14.0 0.07500000000000005)(59.42296247700099 62.0)
(1.0E-9,14.0,0.07500000000000005)(63.312853000090854 3.0)
(1.0E-9,14.0,0.07500000000000005)(63.1358937928245 14.0)
(1.0E-9,14.0,0.07500000000000005)(63.1358937928245 22.0)
(1.0E-9,14.0,0.07500000000000005)(63.1358937928245 24.0)
(1.0E-9,14.0,0.07500000000000005)(63.0764769262858 30.0)
(1.0E-9,14.0,0.07500000000000005)(63.01650861089896 30.0)
(1.0E-9,14.0,0.07500000000000005)(63.01650861089896 31.0)
(1.0E-9,14.0,0.07500000000000005)(63.01650861089896 32.0)
(1.0E-9,14.0,0.07500000000000005)(63.01650861089896 34.0)
(1.0E-9,14.0,0.07500000000000005)(63.01650861089896 33.0)
(1.0E-9 14.0 0.07600000000000005)(58.946360081420934 63.0)
(1.0E-9,14.0,0.07600000000000005)(63.312853000090854 3.0)
(1.0E-9,14.0,0.07600000000000005)(63.1358937928245 17.0)
(1.0E-9,14.0,0.07600000000000005)(63.1358937928245 23.0)
(1.0E-9,14.0,0.07600000000000005)(63.0764769262858 29.0)
(1.0E-9,14.0,0.07600000000000005)(63.01650861089896 30.0)
(1.0E-9,14.0,0.07600000000000005)(63.01650861089896 31.0)
(1.0E-9,14.0,0.07600000000000005)(63.01650861089896 32.0)
(1.0E-9,14.0,0.07600000000000005)(63.01650861089896 34.0)
(1.0E-9,14.0,0.07600000000000005)(63.01650861089896 36.0)
(1.0E-9 14.0 0.07700000000000005)(58.7240158374108 64.0)
(1.0E-9,14.0,0.07700000000000005)(63.312853000090854 3.0)
(1.0E-9,14.0,0.07700000000000005)(63.1358937928245 14.0)
(1.0E-9,14.0,0.07700000000000005)(63.1358937928245 19.0)
(1.0E-9,14.0,0.07700000000000005)(63.1358937928245 21.0)
(1.0E-9,14.0,0.07700000000000005)(63.1358937928245 22.0)
(1.0E-9,14.0,0.07700000000000005)(63.07693199520658 27.0)
(1.0E-9,14.0,0.07700000000000005)(63.01650861089896 29.0)
(1.0E-9,14.0,0.07700000000000005)(63.01650861089896 30.0)
(1.0E-9 14.0 0.07800000000000006)(58.7240158374108 64.0)
(1.0E-9,14.0,0.07800000000000006)(63.312853000090854 3.0)
(1.0E-9,14.0,0.07800000000000006)(63.1358937928245 14.0)
(1.0E-9,14.0,0.07800000000000006)(63.1358937928245 19.0)
(1.0E-9,14.0,0.07800000000000006)(63.1358937928245 21.0)
(1.0E-9,14.0,0.07800000000000006)(63.1358937928245 22.0)
(1.0E-9,14.0,0.07800000000000006)(63.07693199520658 27.0)
(1.0E-9,14.0,0.07800000000000006)(63.01650861089896 29.0)
(1.0E-9,14.0,0.07800000000000006)(63.01650861089896 30.0)
(1.0E-9 14.0 0.07900000000000006)(58.67718884517644 65.0)
(1.0E-9,14.0,0.07900000000000006)(63.312853000090854 3.0)
(1.0E-9,14.0,0.07900000000000006)(63.1358937928245 16.0)
(1.0E-9,14.0,0.07900000000000006)(63.1358937928245 19.0)
(1.0E-9,14.0,0.07900000000000006)(63.1358937928245 21.0)
(1.0E-9,14.0,0.07900000000000006)(63.1358937928245 22.0)
(1.0E-9,14.0,0.07900000000000006)(63.07693199520658 27.0)
(1.0E-9,14.0,0.07900000000000006)(63.01650861089896 29.0)
(1.0E-9,14.0,0.07900000000000006)(63.01650861089896 30.0)
(1.0E-9,14.0,0.07900000000000006)(63.01650861089896 31.0)
(1.0E-9 14.0 0.08000000000000006)(58.67718884517644 65.0)
(1.0E-9,14.0,0.08000000000000006)(63.312853000090854 3.0)
(1.0E-9,14.0,0.08000000000000006)(63.1358937928245 16.0)
(1.0E-9,14.0,0.08000000000000006)(63.1358937928245 19.0)
(1.0E-9,14.0,0.08000000000000006)(63.1358937928245 21.0)
(1.0E-9,14.0,0.08000000000000006)(63.0764769262858 27.0)
(1.0E-9,14.0,0.08000000000000006)(63.01650861089896 29.0)
(1.0E-9,14.0,0.08000000000000006)(62.6929540152837 38.0)
(1.0E-9,14.0,0.08000000000000006)(62.34864760283683 47.0)
(1.0E-9,14.0,0.08000000000000006)(62.25474338707069 48.0)
(1.0E-9,14.0,0.08000000000000006)(60.94454565869171 55.0)
(1.0E-9,14.0,0.08000000000000006)(61.348563588599575 52.0)
(1.0E-9,14.0,0.08000000000000006)(60.86051719541699 58.0)
(1.0E-9,14.0,0.08000000000000006)(60.94454565869171 56.0)
(1.0E-9,14.0,0.08000000000000006)(61.348563588599575 53.0)
(1.0E-9 14.0 0.08100000000000006)(53.9513014552535 75.0)
(1.0E-9,14.0,0.08100000000000006)(63.312853000090854 3.0)
(1.0E-9,14.0,0.08100000000000006)(63.1358937928245 18.0)
(1.0E-9,14.0,0.08100000000000006)(63.1358937928245 21.0)
(1.0E-9,14.0,0.08100000000000006)(63.0764769262858 27.0)
(1.0E-9,14.0,0.08100000000000006)(62.6929540152837 38.0)
(1.0E-9,14.0,0.08100000000000006)(62.34864760283683 47.0)
(1.0E-9,14.0,0.08100000000000006)(62.25474338707069 48.0)
(1.0E-9,14.0,0.08100000000000006)(62.44706169888543 42.0)
(1.0E-9,14.0,0.08100000000000006)(60.94454565869171 55.0)
(1.0E-9,14.0,0.08100000000000006)(61.348563588599575 52.0)
(1.0E-9,14.0,0.08100000000000006)(60.94454565869171 56.0)
(1.0E-9,14.0,0.08100000000000006)(61.348563588599575 53.0)
(1.0E-9,14.0,0.08100000000000006)(61.2651235017151 55.0)
(1.0E-9 14.0 0.08200000000000006)(54.30335677364568 75.0)
(1.0E-9,14.0,0.08200000000000006)(63.312853000090854 3.0)
(1.0E-9,14.0,0.08200000000000006)(63.1358937928245 19.0)
(1.0E-9,14.0,0.08200000000000006)(63.1358937928245 21.0)
(1.0E-9,14.0,0.08200000000000006)(63.01650861089896 28.0)
(1.0E-9,14.0,0.08200000000000006)(62.6929540152837 38.0)
(1.0E-9,14.0,0.08200000000000006)(62.34864760283683 47.0)
(1.0E-9,14.0,0.08200000000000006)(62.60022933060055 39.0)
(1.0E-9,14.0,0.08200000000000006)(60.94454565869171 55.0)
(1.0E-9,14.0,0.08200000000000006)(60.94454565869171 56.0)
(1.0E-9,14.0,0.08200000000000006)(61.348563588599575 52.0)
(1.0E-9,14.0,0.08200000000000006)(61.348563588599575 53.0)
(1.0E-9 14.0 0.08300000000000006)(57.50073048955072 72.0)
(1.0E-9,14.0,0.08300000000000006)(63.312853000090854 3.0)
(1.0E-9,14.0,0.08300000000000006)(63.1358937928245 18.0)
(1.0E-9,14.0,0.08300000000000006)(63.1358937928245 26.0)
(1.0E-9,14.0,0.08300000000000006)(63.07693199520658 28.0)
(1.0E-9,14.0,0.08300000000000006)(63.07693199520658 31.0)
(1.0E-9,14.0,0.08300000000000006)(63.07693199520658 29.0)
(1.0E-9,14.0,0.08300000000000006)(63.07693199520658 30.0)
(1.0E-9 14.0 0.08400000000000006)(49.61943637451142 78.0)
(1.0E-9,14.0,0.08400000000000006)(63.312853000090854 3.0)
(1.0E-9,14.0,0.08400000000000006)(63.1358937928245 19.0)
(1.0E-9,14.0,0.08400000000000006)(63.0764769262858 27.0)
(1.0E-9,14.0,0.08400000000000006)(63.07693199520658 28.0)
(1.0E-9,14.0,0.08400000000000006)(63.07693199520658 29.0)
(1.0E-9,14.0,0.08400000000000006)(63.07693199520658 31.0)
(1.0E-9,14.0,0.08400000000000006)(63.07693199520658 30.0)
(1.0E-9 14.0 0.08500000000000006)(49.61943637451142 78.0)
(1.0E-9,14.0,0.08500000000000006)(63.312853000090854 3.0)
(1.0E-9,14.0,0.08500000000000006)(63.1358937928245 19.0)
(1.0E-9,14.0,0.08500000000000006)(63.0764769262858 27.0)
(1.0E-9,14.0,0.08500000000000006)(63.07693199520658 28.0)
(1.0E-9,14.0,0.08500000000000006)(63.07693199520658 29.0)
(1.0E-9,14.0,0.08500000000000006)(63.07693199520658 31.0)
(1.0E-9,14.0,0.08500000000000006)(63.07693199520658 30.0)
(1.0E-9 14.0 0.08600000000000006)(49.61943637451142 78.0)
(1.0E-9,14.0,0.08600000000000006)(63.312853000090854 3.0)
(1.0E-9,14.0,0.08600000000000006)(63.1358937928245 19.0)
(1.0E-9,14.0,0.08600000000000006)(63.0764769262858 27.0)
(1.0E-9,14.0,0.08600000000000006)(63.07693199520658 28.0)
(1.0E-9,14.0,0.08600000000000006)(63.07693199520658 29.0)
(1.0E-9,14.0,0.08600000000000006)(63.07693199520658 31.0)
(1.0E-9,14.0,0.08600000000000006)(63.07693199520658 30.0)
(1.0E-9,14.0,0.08600000000000006)(63.07693199520658 33.0)
(1.0E-9,14.0,0.08600000000000006)(63.07693199520658 32.0)
(1.0E-9 14.0 0.08700000000000006)(49.37515071602898 79.0)
(1.0E-9,14.0,0.08700000000000006)(63.312853000090854 5.0)
(1.0E-9,14.0,0.08700000000000006)(63.1358937928245 19.0)
(1.0E-9,14.0,0.08700000000000006)(63.07693199520658 27.0)
(1.0E-9,14.0,0.08700000000000006)(63.07693199520658 28.0)
(1.0E-9,14.0,0.08700000000000006)(63.07693199520658 29.0)
(1.0E-9,14.0,0.08700000000000006)(63.07693199520658 32.0)
(1.0E-9,14.0,0.08700000000000006)(63.07693199520658 30.0)
(1.0E-9,14.0,0.08700000000000006)(63.07693199520658 31.0)
(1.0E-9 14.0 0.08800000000000006)(49.37515071602898 79.0)
(1.0E-9,14.0,0.08800000000000006)(63.312853000090854 5.0)
(1.0E-9,14.0,0.08800000000000006)(63.1358937928245 19.0)
(1.0E-9,14.0,0.08800000000000006)(63.07693199520658 27.0)
(1.0E-9,14.0,0.08800000000000006)(63.07693199520658 28.0)
(1.0E-9,14.0,0.08800000000000006)(63.07693199520658 29.0)
(1.0E-9,14.0,0.08800000000000006)(63.07693199520658 32.0)
(1.0E-9,14.0,0.08800000000000006)(63.07693199520658 30.0)
(1.0E-9,14.0,0.08800000000000006)(63.07693199520658 31.0)
(1.0E-9,14.0,0.08800000000000006)(63.06722645401987 36.0)
(1.0E-9,14.0,0.08800000000000006)(63.06722645401987 35.0)
(1.0E-9 14.0 0.08900000000000007)(49.60423737011951 78.0)
(1.0E-9,14.0,0.08900000000000007)(63.312853000090854 5.0)
(1.0E-9,14.0,0.08900000000000007)(63.1358937928245 19.0)
(1.0E-9,14.0,0.08900000000000007)(63.07693199520658 27.0)
(1.0E-9,14.0,0.08900000000000007)(63.07693199520658 28.0)
(1.0E-9,14.0,0.08900000000000007)(63.07693199520658 29.0)
(1.0E-9,14.0,0.08900000000000007)(63.07693199520658 32.0)
(1.0E-9,14.0,0.08900000000000007)(63.07693199520658 30.0)
(1.0E-9,14.0,0.08900000000000007)(63.07693199520658 31.0)
(1.0E-9,14.0,0.08900000000000007)(63.06722645401987 37.0)
(1.0E-9,14.0,0.08900000000000007)(63.06722645401987 36.0)
(1.0E-9 14.0 0.09000000000000007)(49.60423737011951 78.0)
(1.0E-9,14.0,0.09000000000000007)(63.312853000090854 5.0)
(1.0E-9,14.0,0.09000000000000007)(63.1358937928245 19.0)
(1.0E-9,14.0,0.09000000000000007)(63.07693199520658 27.0)
(1.0E-9,14.0,0.09000000000000007)(63.07693199520658 28.0)
(1.0E-9,14.0,0.09000000000000007)(63.07693199520658 29.0)
(1.0E-9,14.0,0.09000000000000007)(63.07693199520658 32.0)
(1.0E-9,14.0,0.09000000000000007)(63.06722645401987 35.0)
(1.0E-9,14.0,0.09000000000000007)(63.07693199520658 33.0)
(1.0E-9,14.0,0.09000000000000007)(63.07693199520658 30.0)
(1.0E-9 14.0 0.09100000000000007)(49.60423737011951 78.0)
(1.0E-9,14.0,0.09100000000000007)(63.312853000090854 5.0)
(1.0E-9,14.0,0.09100000000000007)(63.1358937928245 19.0)
(1.0E-9,14.0,0.09100000000000007)(63.07693199520658 27.0)
(1.0E-9,14.0,0.09100000000000007)(63.07693199520658 28.0)
(1.0E-9,14.0,0.09100000000000007)(63.07693199520658 29.0)
(1.0E-9,14.0,0.09100000000000007)(63.07693199520658 32.0)
(1.0E-9,14.0,0.09100000000000007)(63.06722645401987 35.0)
(1.0E-9,14.0,0.09100000000000007)(63.07693199520658 33.0)
(1.0E-9,14.0,0.09100000000000007)(63.07693199520658 30.0)
(1.0E-9 14.0 0.09200000000000007)(49.43464378694158 79.0)
(1.0E-9,14.0,0.09200000000000007)(63.312853000090854 5.0)
(1.0E-9,14.0,0.09200000000000007)(63.1358937928245 19.0)
(1.0E-9,14.0,0.09200000000000007)(63.01650861089896 28.0)
(1.0E-9,14.0,0.09200000000000007)(63.07693199520658 28.0)
(1.0E-9,14.0,0.09200000000000007)(63.07693199520658 31.0)
(1.0E-9,14.0,0.09200000000000007)(63.07693199520658 34.0)
(1.0E-9,14.0,0.09200000000000007)(63.07693199520658 30.0)
(1.0E-9,14.0,0.09200000000000007)(63.06722645401987 36.0)
(1.0E-9,14.0,0.09200000000000007)(63.06722645401987 37.0)
(1.0E-9 14.0 0.09300000000000007)(45.76292212033992 85.0)
(1.0E-9,14.0,0.09300000000000007)(63.312853000090854 5.0)
(1.0E-9,14.0,0.09300000000000007)(63.1358937928245 24.0)
(1.0E-9,14.0,0.09300000000000007)(63.01650861089896 32.0)
(1.0E-9,14.0,0.09300000000000007)(62.633338336740074 46.0)
(1.0E-9,14.0,0.09300000000000007)(62.54040209381847 47.0)
(1.0E-9,14.0,0.09300000000000007)(62.44706169888543 46.0)
(1.0E-9,14.0,0.09300000000000007)(61.01015193521025 57.0)
(1.0E-9,14.0,0.09300000000000007)(61.20941564394119 56.0)
(1.0E-9,14.0,0.09300000000000007)(61.01015193521025 59.0)
(1.0E-9 14.0 0.09400000000000007)(49.43464378694158 79.0)
(1.0E-9,14.0,0.09400000000000007)(63.312853000090854 5.0)
(1.0E-9,14.0,0.09400000000000007)(63.1358937928245 19.0)
(1.0E-9,14.0,0.09400000000000007)(63.01650861089896 28.0)
(1.0E-9,14.0,0.09400000000000007)(63.07693199520658 28.0)
(1.0E-9,14.0,0.09400000000000007)(63.07693199520658 31.0)
(1.0E-9,14.0,0.09400000000000007)(63.07693199520658 32.0)
(1.0E-9,14.0,0.09400000000000007)(63.07693199520658 30.0)
(1.0E-9,14.0,0.09400000000000007)(63.06722645401987 34.0)
(1.0E-9 14.0 0.09500000000000007)(49.43464378694158 79.0)
(1.0E-9,14.0,0.09500000000000007)(63.312853000090854 5.0)
(1.0E-9,14.0,0.09500000000000007)(63.1358937928245 19.0)
(1.0E-9,14.0,0.09500000000000007)(63.01650861089896 28.0)
(1.0E-9,14.0,0.09500000000000007)(63.07693199520658 28.0)
(1.0E-9,14.0,0.09500000000000007)(63.07693199520658 29.0)
(1.0E-9,14.0,0.09500000000000007)(63.07693199520658 32.0)
(1.0E-9,14.0,0.09500000000000007)(63.07693199520658 33.0)
(1.0E-9,14.0,0.09500000000000007)(63.07693199520658 31.0)
(1.0E-9,14.0,0.09500000000000007)(63.06722645401987 34.0)
(1.0E-9,14.0,0.09500000000000007)(63.06722645401987 36.0)
(1.0E-9 14.0 0.09600000000000007)(49.43464378694158 79.0)
(1.0E-9,14.0,0.09600000000000007)(63.312853000090854 5.0)
(1.0E-9,14.0,0.09600000000000007)(63.1358937928245 19.0)
(1.0E-9,14.0,0.09600000000000007)(63.01650861089896 28.0)
(1.0E-9,14.0,0.09600000000000007)(63.07693199520658 28.0)
(1.0E-9,14.0,0.09600000000000007)(63.07693199520658 29.0)
(1.0E-9,14.0,0.09600000000000007)(63.07693199520658 32.0)
(1.0E-9,14.0,0.09600000000000007)(63.07693199520658 30.0)
(1.0E-9,14.0,0.09600000000000007)(63.07693199520658 31.0)
(1.0E-9 14.0 0.09700000000000007)(46.15043988980439 82.0)
(1.0E-9,14.0,0.09700000000000007)(63.312853000090854 5.0)
(1.0E-9,14.0,0.09700000000000007)(63.1358937928245 21.0)
(1.0E-9,14.0,0.09700000000000007)(63.01650861089896 29.0)
(1.0E-9,14.0,0.09700000000000007)(63.07693199520658 28.0)
(1.0E-9,14.0,0.09700000000000007)(63.07693199520658 31.0)
(1.0E-9,14.0,0.09700000000000007)(63.07693199520658 30.0)
(1.0E-9,14.0,0.09700000000000007)(63.07693199520658 33.0)
(1.0E-9,14.0,0.09700000000000007)(63.06722645401987 38.0)
(1.0E-9 14.0 0.09800000000000007)(46.15043988980439 82.0)
(1.0E-9,14.0,0.09800000000000007)(63.312853000090854 5.0)
(1.0E-9,14.0,0.09800000000000007)(63.1358937928245 21.0)
(1.0E-9,14.0,0.09800000000000007)(63.01650861089896 29.0)
(1.0E-9,14.0,0.09800000000000007)(63.07693199520658 28.0)
(1.0E-9,14.0,0.09800000000000007)(63.07693199520658 31.0)
(1.0E-9,14.0,0.09800000000000007)(63.07693199520658 30.0)
(1.0E-9,14.0,0.09800000000000007)(63.07693199520658 33.0)
(1.0E-9,14.0,0.09800000000000007)(63.06722645401987 38.0)
(1.0E-9 14.0 0.09900000000000007)(41.79824614659996 83.0)
(1.0E-9,14.0,0.09900000000000007)(63.312853000090854 5.0)
(1.0E-9,14.0,0.09900000000000007)(63.1358937928245 21.0)
(1.0E-9,14.0,0.09900000000000007)(63.07693199520658 28.0)
(1.0E-9,14.0,0.09900000000000007)(63.07693199520658 29.0)
(1.0E-9,14.0,0.09900000000000007)(63.07693199520658 31.0)
(1.0E-9,14.0,0.09900000000000007)(63.07693199520658 32.0)
(1.0E-9,14.0,0.09900000000000007)(63.07693199520658 30.0)
(1.0E-9,14.0,0.09900000000000007)(63.06722645401987 37.0)
(1.0E-9,14.0,0.09900000000000007)(63.07693199520658 33.0)
(1.0E-9 14.0 0.10000000000000007)(41.79824614659996 83.0)
(1.0E-9,14.0,0.10000000000000007)(63.312853000090854 6.0)
(1.0E-9,14.0,0.10000000000000007)(63.1358937928245 21.0)
(1.0E-9,14.0,0.10000000000000007)(63.07693199520658 28.0)
(1.0E-9,14.0,0.10000000000000007)(63.07693199520658 29.0)
(1.0E-9,14.0,0.10000000000000007)(63.07693199520658 31.0)
(1.0E-9,14.0,0.10000000000000007)(63.07693199520658 32.0)
(1.0E-9,14.0,0.10000000000000007)(63.06722645401987 36.0)
(1.0E-9,14.0,0.10000000000000007)(63.06722645401987 35.0)
(1.0E-9,14.0,0.10000000000000007)(63.07693199520658 30.0)
(1.0E-9,14.0,0.10000000000000007)(63.07693199520658 33.0)
(1.0E-9 14.0 0.10100000000000008)(39.762628365355155 92.0)
(1.0E-9,14.0,0.10100000000000008)(63.312853000090854 5.0)
(1.0E-9,14.0,0.10100000000000008)(63.1358937928245 24.0)
(1.0E-9,14.0,0.10100000000000008)(63.01650861089896 34.0)
(1.0E-9,14.0,0.10100000000000008)(62.54040209381848 46.0)
(1.0E-9,14.0,0.10100000000000008)(62.44706169888543 47.0)
(1.0E-9,14.0,0.10100000000000008)(61.81076996746752 54.0)
(1.0E-9,14.0,0.10100000000000008)(63.06722645401987 36.0)
(1.0E-9,14.0,0.10100000000000008)(61.916703537044135 54.0)
(1.0E-9,14.0,0.10100000000000008)(62.01101903886405 52.0)
(1.0E-9,14.0,0.10100000000000008)(61.916703537044135 55.0)
(1.0E-9,14.0,0.10100000000000008)(62.01101903886405 51.0)
(1.0E-9,14.0,0.10100000000000008)(61.916703537044135 56.0)
(1.0E-9 14.0 0.10200000000000008)(39.762628365355155 92.0)
(1.0E-9,14.0,0.10200000000000008)(63.312853000090854 5.0)
(1.0E-9,14.0,0.10200000000000008)(63.1358937928245 24.0)
(1.0E-9,14.0,0.10200000000000008)(63.01650861089896 34.0)
(1.0E-9,14.0,0.10200000000000008)(62.54040209381848 46.0)
(1.0E-9,14.0,0.10200000000000008)(62.44706169888543 47.0)
(1.0E-9,14.0,0.10200000000000008)(61.81076996746752 54.0)
(1.0E-9,14.0,0.10200000000000008)(63.06722645401987 36.0)
(1.0E-9,14.0,0.10200000000000008)(62.01101903886405 52.0)
(1.0E-9,14.0,0.10200000000000008)(61.984793385686004 53.0)
(1.0E-9,14.0,0.10200000000000008)(61.97411650025809 56.0)
(1.0E-9 14.0 0.10300000000000008)(39.762628365355155 92.0)
(1.0E-9,14.0,0.10300000000000008)(63.312853000090854 5.0)
(1.0E-9,14.0,0.10300000000000008)(63.1358937928245 24.0)
(1.0E-9,14.0,0.10300000000000008)(63.01650861089896 34.0)
(1.0E-9,14.0,0.10300000000000008)(62.45047280281832 49.0)
(1.0E-9,14.0,0.10300000000000008)(62.44706169888543 47.0)
(1.0E-9,14.0,0.10300000000000008)(61.916703537044135 53.0)
(1.0E-9,14.0,0.10300000000000008)(63.06722645401987 35.0)
(1.0E-9,14.0,0.10300000000000008)(61.81076996746752 54.0)
(1.0E-9,14.0,0.10300000000000008)(61.81076996746752 56.0)
(1.0E-9 14.0 0.10400000000000008)(39.762628365355155 92.0)
(1.0E-9,14.0,0.10400000000000008)(63.312853000090854 5.0)
(1.0E-9,14.0,0.10400000000000008)(63.1358937928245 24.0)
(1.0E-9,14.0,0.10400000000000008)(63.01650861089896 34.0)
(1.0E-9,14.0,0.10400000000000008)(62.45047280281832 49.0)
(1.0E-9,14.0,0.10400000000000008)(62.44706169888543 47.0)
(1.0E-9,14.0,0.10400000000000008)(61.916703537044135 53.0)
(1.0E-9,14.0,0.10400000000000008)(63.06722645401987 35.0)
(1.0E-9,14.0,0.10400000000000008)(61.81076996746752 54.0)
(1.0E-9,14.0,0.10400000000000008)(61.81076996746752 56.0)
(1.0E-9 14.0 0.10500000000000008)(39.762628365355155 92.0)
(1.0E-9,14.0,0.10500000000000008)(63.312853000090854 5.0)
(1.0E-9,14.0,0.10500000000000008)(63.1358937928245 24.0)
(1.0E-9,14.0,0.10500000000000008)(63.01650861089896 34.0)
(1.0E-9,14.0,0.10500000000000008)(62.45047280281832 49.0)
(1.0E-9,14.0,0.10500000000000008)(62.44706169888543 47.0)
(1.0E-9,14.0,0.10500000000000008)(62.01101903886405 51.0)
(1.0E-9,14.0,0.10500000000000008)(63.06722645401987 35.0)
(1.0E-9,14.0,0.10500000000000008)(61.879032926267506 54.0)
(1.0E-9,14.0,0.10500000000000008)(62.09561418885465 53.0)
(1.0E-9,14.0,0.10500000000000008)(62.22691006853085 51.0)
(1.0E-9,14.0,0.10500000000000008)(61.916703537044135 53.0)
(1.0E-9,14.0,0.10500000000000008)(62.121793864800146 53.0)
(1.0E-9,14.0,0.10500000000000008)(61.870947117463544 57.0)
(1.0E-9,14.0,0.10500000000000008)(62.087394111552214 54.0)
(1.0E-9 14.0 0.10600000000000008)(39.762628365355155 92.0)
(1.0E-9,14.0,0.10600000000000008)(63.312853000090854 5.0)
(1.0E-9,14.0,0.10600000000000008)(63.1358937928245 24.0)
(1.0E-9,14.0,0.10600000000000008)(63.01650861089896 34.0)
(1.0E-9,14.0,0.10600000000000008)(62.45047280281832 49.0)
(1.0E-9,14.0,0.10600000000000008)(62.44706169888543 47.0)
(1.0E-9,14.0,0.10600000000000008)(61.7843927828878 55.0)
(1.0E-9,14.0,0.10600000000000008)(63.06722645401987 36.0)
(1.0E-9,14.0,0.10600000000000008)(62.00136625253311 55.0)
(1.0E-9,14.0,0.10600000000000008)(62.0276144249753 54.0)
(1.0E-9,14.0,0.10600000000000008)(62.00136625253311 57.0)
(1.0E-9,14.0,0.10600000000000008)(62.13301442191451 52.0)
(1.0E-9 14.0 0.10700000000000008)(34.170806762968745 91.0)
(1.0E-9,14.0,0.10700000000000008)(63.312853000090854 6.0)
(1.0E-9,14.0,0.10700000000000008)(63.1358937928245 26.0)
(1.0E-9,14.0,0.10700000000000008)(63.07693199520658 28.0)
(1.0E-9,14.0,0.10700000000000008)(63.07693199520658 29.0)
(1.0E-9,14.0,0.10700000000000008)(63.07693199520658 31.0)
(1.0E-9,14.0,0.10700000000000008)(63.07693199520658 30.0)
(1.0E-9,14.0,0.10700000000000008)(63.07693199520658 32.0)
(1.0E-9,14.0,0.10700000000000008)(63.06722645401987 37.0)
(1.0E-9 14.0 0.10800000000000008)(34.170806762968745 91.0)
(1.0E-9,14.0,0.10800000000000008)(63.312853000090854 6.0)
(1.0E-9,14.0,0.10800000000000008)(63.1358937928245 26.0)
(1.0E-9,14.0,0.10800000000000008)(63.07693199520658 28.0)
(1.0E-9,14.0,0.10800000000000008)(63.07693199520658 29.0)
(1.0E-9,14.0,0.10800000000000008)(63.07693199520658 31.0)
(1.0E-9,14.0,0.10800000000000008)(63.06722645401987 34.0)
(1.0E-9,14.0,0.10800000000000008)(63.06722645401987 35.0)
(1.0E-9,14.0,0.10800000000000008)(63.07693199520658 30.0)
(1.0E-9,14.0,0.10800000000000008)(63.312853000090854 1.0)
(1.0E-9,14.0,0.10800000000000008)(63.07693199520658 32.0)
(1.0E-9,14.0,0.10800000000000008)(63.07693199520658 33.0)
(1.0E-9,14.0,0.10800000000000008)(63.06722645401987 39.0)
(1.0E-9 14.0 0.10900000000000008)(33.36662924969925 92.0)
(1.0E-9,14.0,0.10900000000000008)(63.312853000090854 6.0)
(1.0E-9,14.0,0.10900000000000008)(63.1358937928245 26.0)
(1.0E-9,14.0,0.10900000000000008)(63.07693199520658 28.0)
(1.0E-9,14.0,0.10900000000000008)(63.07693199520658 29.0)
(1.0E-9,14.0,0.10900000000000008)(63.07693199520658 31.0)
(1.0E-9,14.0,0.10900000000000008)(63.06722645401987 34.0)
(1.0E-9,14.0,0.10900000000000008)(63.07693199520658 30.0)
(1.0E-9,14.0,0.10900000000000008)(63.06722645401987 35.0)
(1.0E-9,14.0,0.10900000000000008)(63.312853000090854 1.0)
(1.0E-9,14.0,0.10900000000000008)(63.06722645401987 33.0)
(1.0E-9,14.0,0.10900000000000008)(63.07693199520658 32.0)
(1.0E-9,14.0,0.10900000000000008)(63.06722645401987 38.0)
(1.0E-9 14.0 0.11000000000000008)(31.523602968818278 94.0)
(1.0E-9,14.0,0.11000000000000008)(63.1358937928245 9.0)
(1.0E-9,14.0,0.11000000000000008)(63.07693199520658 27.0)
(1.0E-9,14.0,0.11000000000000008)(63.07693199520658 30.0)
(1.0E-9,14.0,0.11000000000000008)(63.07693199520658 31.0)
(1.0E-9,14.0,0.11000000000000008)(63.06722645401987 34.0)
(1.0E-9,14.0,0.11000000000000008)(63.06722645401987 35.0)
(1.0E-9,14.0,0.11000000000000008)(63.06722645401987 37.0)
(1.0E-9,14.0,0.11000000000000008)(63.312853000090854 1.0)
(1.0E-9,14.0,0.11000000000000008)(63.06722645401987 36.0)
(1.0E-9,14.0,0.11000000000000008)(63.07693199520658 32.0)
(1.0E-9 14.0 0.11100000000000008)(31.523602968818278 94.0)
(1.0E-9,14.0,0.11100000000000008)(63.1358937928245 9.0)
(1.0E-9,14.0,0.11100000000000008)(63.07693199520658 27.0)
(1.0E-9,14.0,0.11100000000000008)(63.07693199520658 30.0)
(1.0E-9,14.0,0.11100000000000008)(63.07693199520658 31.0)
(1.0E-9,14.0,0.11100000000000008)(63.06722645401987 34.0)
(1.0E-9,14.0,0.11100000000000008)(63.06722645401987 35.0)
(1.0E-9,14.0,0.11100000000000008)(63.06722645401987 37.0)
(1.0E-9,14.0,0.11100000000000008)(63.312853000090854 1.0)
(1.0E-9,14.0,0.11100000000000008)(63.06722645401987 36.0)
(1.0E-9,14.0,0.11100000000000008)(63.07693199520658 32.0)
(1.0E-9 14.0 0.11200000000000009)(31.523602968818278 94.0)
(1.0E-9,14.0,0.11200000000000009)(63.1358937928245 11.0)
(1.0E-9,14.0,0.11200000000000009)(63.01650861089896 28.0)
(1.0E-9,14.0,0.11200000000000009)(63.07693199520658 28.0)
(1.0E-9,14.0,0.11200000000000009)(63.07693199520658 31.0)
(1.0E-9,14.0,0.11200000000000009)(63.06722645401987 32.0)
(1.0E-9,14.0,0.11200000000000009)(63.07693199520658 30.0)
(1.0E-9,14.0,0.11200000000000009)(63.06722645401987 38.0)
(1.0E-9,14.0,0.11200000000000009)(63.06722645401987 39.0)
(1.0E-9,14.0,0.11200000000000009)(63.06722645401987 41.0)
(1.0E-9 14.0 0.11300000000000009)(27.250884529682033 103.0)
(1.0E-9,14.0,0.11300000000000009)(63.1358937928245 11.0)
(1.0E-9,14.0,0.11300000000000009)(63.01650861089896 32.0)
(1.0E-9,14.0,0.11300000000000009)(62.35684453239775 50.0)
(1.0E-9,14.0,0.11300000000000009)(61.99066715036199 55.0)
(1.0E-9,14.0,0.11300000000000009)(61.99066715036199 56.0)
(1.0E-9,14.0,0.11300000000000009)(63.06722645401987 39.0)
(1.0E-9,14.0,0.11300000000000009)(62.13301442191451 57.0)
(1.0E-9,14.0,0.11300000000000009)(62.0276144249753 54.0)
(1.0E-9,14.0,0.11300000000000009)(62.10685822032007 55.0)
(1.0E-9,14.0,0.11300000000000009)(62.00136625253311 54.0)
(1.0E-9,14.0,0.11300000000000009)(62.13301442191451 53.0)
(1.0E-9 14.0 0.11400000000000009)(27.073646603605646 105.0)
(1.0E-9,14.0,0.11400000000000009)(63.1358937928245 11.0)
(1.0E-9,14.0,0.11400000000000009)(63.01650861089896 33.0)
(1.0E-9,14.0,0.11400000000000009)(62.54040209381848 46.0)
(1.0E-9,14.0,0.11400000000000009)(62.00136625253311 54.0)
(1.0E-9,14.0,0.11400000000000009)(62.0276144249753 54.0)
(1.0E-9,14.0,0.11400000000000009)(62.13301442191451 53.0)
(1.0E-9,14.0,0.11400000000000009)(62.13301442191451 55.0)
(1.0E-9,14.0,0.11400000000000009)(61.97509586334772 58.0)
(1.0E-9,14.0,0.11400000000000009)(62.0276144249753 56.0)
(1.0E-9,14.0,0.11400000000000009)(62.10685822032007 59.0)
(1.0E-9 14.0 0.11500000000000009)(29.246859221852393 97.0)
(1.0E-9,14.0,0.11500000000000009)(63.1358937928245 11.0)
(1.0E-9,14.0,0.11500000000000009)(63.01650861089896 29.0)
(1.0E-9,14.0,0.11500000000000009)(63.07693199520658 31.0)
(1.0E-9,14.0,0.11500000000000009)(63.06722645401987 34.0)
(1.0E-9,14.0,0.11500000000000009)(63.06722645401987 36.0)
(1.0E-9,14.0,0.11500000000000009)(63.312853000090854 1.0)
(1.0E-9,14.0,0.11500000000000009)(63.06722645401987 35.0)
(1.0E-9,14.0,0.11500000000000009)(63.07693199520658 37.0)
(1.0E-9,14.0,0.11500000000000009)(63.07693199520658 32.0)
(1.0E-9 14.0 0.11600000000000009)(25.0822194631659 106.0)
(1.0E-9,14.0,0.11600000000000009)(63.1358937928245 11.0)
(1.0E-9,14.0,0.11600000000000009)(63.01650861089896 33.0)
(1.0E-9,14.0,0.11600000000000009)(62.44706169888543 47.0)
(1.0E-9,14.0,0.11600000000000009)(61.77356633769145 56.0)
(1.0E-9,14.0,0.11600000000000009)(61.77356633769145 57.0)
(1.0E-9,14.0,0.11600000000000009)(61.7843927828878 56.0)
(1.0E-9,14.0,0.11600000000000009)(61.77356633769145 58.0)
(1.0E-9,14.0,0.11600000000000009)(61.97509586334772 56.0)
(1.0E-9,14.0,0.11600000000000009)(61.75799505067717 58.0)
(1.0E-9,14.0,0.11600000000000009)(61.81076996746752 56.0)
(1.0E-9,14.0,0.11600000000000009)(61.916703537044135 55.0)
(1.0E-9,14.0,0.11600000000000009)(61.7843927828878 59.0)
(1.0E-9 14.0 0.11700000000000009)(25.0822194631659 106.0)
(1.0E-9,14.0,0.11700000000000009)(63.1358937928245 11.0)
(1.0E-9,14.0,0.11700000000000009)(63.01650861089896 33.0)
(1.0E-9,14.0,0.11700000000000009)(62.44706169888543 47.0)
(1.0E-9,14.0,0.11700000000000009)(61.77356633769145 56.0)
(1.0E-9,14.0,0.11700000000000009)(61.77356633769145 57.0)
(1.0E-9,14.0,0.11700000000000009)(61.7843927828878 56.0)
(1.0E-9,14.0,0.11700000000000009)(61.77356633769145 58.0)
(1.0E-9,14.0,0.11700000000000009)(61.97509586334772 56.0)
(1.0E-9,14.0,0.11700000000000009)(61.75799505067717 58.0)
(1.0E-9,14.0,0.11700000000000009)(61.81076996746752 56.0)
(1.0E-9,14.0,0.11700000000000009)(61.916703537044135 55.0)
(1.0E-9,14.0,0.11700000000000009)(61.7843927828878 59.0)
(1.0E-9 14.0 0.11800000000000009)(24.87430092281479 107.0)
(1.0E-9,14.0,0.11800000000000009)(63.1358937928245 13.0)
(1.0E-9,14.0,0.11800000000000009)(63.01650861089896 34.0)
(1.0E-9,14.0,0.11800000000000009)(62.35684453239775 50.0)
(1.0E-9,14.0,0.11800000000000009)(61.7843927828878 55.0)
(1.0E-9,14.0,0.11800000000000009)(61.7843927828878 56.0)
(1.0E-9,14.0,0.11800000000000009)(61.81076996746752 55.0)
(1.0E-9,14.0,0.11800000000000009)(62.0276144249753 54.0)
(1.0E-9,14.0,0.11800000000000009)(61.7843927828878 57.0)
(1.0E-9,14.0,0.11800000000000009)(62.10685822032007 58.0)
(1.0E-9,14.0,0.11800000000000009)(62.00136625253311 57.0)
(1.0E-9,14.0,0.11800000000000009)(61.916703537044135 55.0)
(1.0E-9,14.0,0.11800000000000009)(61.97509586334772 58.0)
(1.0E-9 14.0 0.11900000000000009)(24.977113275819466 106.0)
(1.0E-9,14.0,0.11900000000000009)(63.1358937928245 13.0)
(1.0E-9,14.0,0.11900000000000009)(63.01650861089896 34.0)
(1.0E-9,14.0,0.11900000000000009)(62.31994199379181 52.0)
(1.0E-9,14.0,0.11900000000000009)(61.77356633769145 56.0)
(1.0E-9,14.0,0.11900000000000009)(61.7843927828878 56.0)
(1.0E-9,14.0,0.11900000000000009)(61.81076996746752 55.0)
(1.0E-9,14.0,0.11900000000000009)(61.75799505067717 58.0)
(1.0E-9,14.0,0.11900000000000009)(61.7843927828878 57.0)
(1.0E-9,14.0,0.11900000000000009)(61.7843927828878 59.0)
(1.0E-9,14.0,0.11900000000000009)(61.75799505067717 60.0)
(1.0E-9 14.0 0.12000000000000009)(24.977113275819466 106.0)
(1.0E-9,14.0,0.12000000000000009)(63.1358937928245 13.0)
(1.0E-9,14.0,0.12000000000000009)(63.01650861089896 34.0)
(1.0E-9,14.0,0.12000000000000009)(62.31994199379181 52.0)
(1.0E-9,14.0,0.12000000000000009)(62.68611416528341 47.0)
(1.0E-9,14.0,0.12000000000000009)(63.06722645401987 36.0)
(1.0E-9,14.0,0.12000000000000009)(61.64052522011748 58.0)
(1.0E-9,14.0,0.12000000000000009)(61.64052522011748 57.0)
(1.0E-9,14.0,0.12000000000000009)(61.75799505067717 57.0)
(1.0E-9,14.0,0.12000000000000009)(61.61402848195577 59.0)
(1.0E-9,14.0,0.12000000000000009)(62.00136625253311 56.0)
(1.0E-9,14.0,0.12000000000000009)(61.61402848195577 62.0)
(1.0E-9,14.0,0.12000000000000009)(62.0276144249753 55.0)
(1.0E-9,14.0,0.12000000000000009)(61.97509586334772 59.0)
(1.0E-9 14.0 0.1210000000000001)(24.2432597889662 107.0)
(1.0E-9,14.0,0.1210000000000001)(63.1358937928245 13.0)
(1.0E-9,14.0,0.1210000000000001)(63.01650861089896 34.0)
(1.0E-9,14.0,0.1210000000000001)(62.330618879219706 51.0)
(1.0E-9,14.0,0.1210000000000001)(61.868268916353585 55.0)
(1.0E-9,14.0,0.1210000000000001)(61.871882925294564 54.0)
(1.0E-9,14.0,0.1210000000000001)(61.74695222795066 56.0)
(1.0E-9,14.0,0.1210000000000001)(61.84554762836636 56.0)
(1.0E-9,14.0,0.1210000000000001)(61.759462421841285 58.0)
(1.0E-9,14.0,0.1210000000000001)(61.759462421841285 59.0)
(1.0E-9,14.0,0.1210000000000001)(61.916703537044135 58.0)
(1.0E-9,14.0,0.1210000000000001)(61.7843927828878 57.0)
(1.0E-9,14.0,0.1210000000000001)(62.16415699594309 55.0)
(1.0E-9 14.0 0.1220000000000001)(24.956805585728755 106.0)
(1.0E-9,14.0,0.1220000000000001)(63.1358937928245 14.0)
(1.0E-9,14.0,0.1220000000000001)(62.6929540152837 43.0)
(1.0E-9,14.0,0.1220000000000001)(62.68611416528341 47.0)
(1.0E-9,14.0,0.1220000000000001)(63.06722645401987 36.0)
(1.0E-9,14.0,0.1220000000000001)(63.06722645401987 37.0)
(1.0E-9,14.0,0.1220000000000001)(63.06722645401987 39.0)
(1.0E-9,14.0,0.1220000000000001)(63.05748166817281 43.0)
(1.0E-9,14.0,0.1220000000000001)(63.06722645401987 40.0)
(1.0E-9,14.0,0.1220000000000001)(61.88447584590209 58.0)
(1.0E-9,14.0,0.1220000000000001)(63.039912877234535 43.0)
(1.0E-9,14.0,0.1220000000000001)(63.026199390384186 48.0)
(1.0E-9,14.0,0.1220000000000001)(62.0276144249753 55.0)
(1.0E-9,14.0,0.1220000000000001)(62.13301442191451 56.0)
(1.0E-9 14.0 0.1230000000000001)(23.988913356228846 109.0)
(1.0E-9,14.0,0.1230000000000001)(63.1358937928245 13.0)
(1.0E-9,14.0,0.1230000000000001)(62.31203543325964 52.0)
(1.0E-9,14.0,0.1230000000000001)(60.00097849098024 67.0)
(1.0E-9,14.0,0.1230000000000001)(59.44162917770051 70.0)
(1.0E-9,14.0,0.1230000000000001)(63.06722645401987 37.0)
(1.0E-9,14.0,0.1230000000000001)(59.44162917770051 71.0)
(1.0E-9,14.0,0.1230000000000001)(59.85351741294458 70.0)
(1.0E-9,14.0,0.1230000000000001)(56.652661577561716 72.0)
(1.0E-9,14.0,0.1230000000000001)(59.85351741294458 69.0)
(1.0E-9 14.0 0.1240000000000001)(23.988913356228846 109.0)
(1.0E-9,14.0,0.1240000000000001)(63.1358937928245 13.0)
(1.0E-9,14.0,0.1240000000000001)(62.31203543325964 52.0)
(1.0E-9,14.0,0.1240000000000001)(60.00097849098024 67.0)
(1.0E-9,14.0,0.1240000000000001)(59.44162917770051 70.0)
(1.0E-9,14.0,0.1240000000000001)(63.06722645401987 37.0)
(1.0E-9,14.0,0.1240000000000001)(59.44162917770051 71.0)
(1.0E-9,14.0,0.1240000000000001)(59.85351741294458 70.0)
(1.0E-9,14.0,0.1240000000000001)(56.652661577561716 72.0)
(1.0E-9,14.0,0.1240000000000001)(59.85351741294458 69.0)
(1.0E-9 14.0 0.12500000000000008)(24.956805585728755 106.0)
(1.0E-9,14.0,0.12500000000000008)(63.1358937928245 16.0)
(1.0E-9,14.0,0.12500000000000008)(62.54040209381848 46.0)
(1.0E-9,14.0,0.12500000000000008)(62.68611416528341 46.0)
(1.0E-9,14.0,0.12500000000000008)(63.06722645401987 36.0)
(1.0E-9,14.0,0.12500000000000008)(63.312853000090854 1.0)
(1.0E-9,14.0,0.12500000000000008)(63.06722645401987 37.0)
(1.0E-9,14.0,0.12500000000000008)(63.06722645401987 40.0)
(1.0E-9,14.0,0.12500000000000008)(63.06722645401987 39.0)
(1.0E-9,14.0,0.12500000000000008)(63.039912877234535 45.0)
(1.0E-9,14.0,0.12500000000000008)(63.05748166817281 42.0)
(1.0E-9,14.0,0.12500000000000008)(63.039912877234535 44.0)
(1.0E-9,14.0,0.12500000000000008)(63.039912877234535 48.0)
(1.0E-9,14.0,0.12500000000000008)(63.026199390384186 46.0)
(1.0E-9,14.0,0.12500000000000008)(62.0276144249753 55.0)
(1.0E-9,14.0,0.12500000000000008)(62.00136625253311 56.0)
(1.0E-9 14.0 0.12600000000000008)(24.956805585728755 106.0)
(1.0E-9,14.0,0.12600000000000008)(63.1358937928245 16.0)
(1.0E-9,14.0,0.12600000000000008)(62.54040209381848 46.0)
(1.0E-9,14.0,0.12600000000000008)(62.68611416528341 46.0)
(1.0E-9,14.0,0.12600000000000008)(63.06722645401987 37.0)
(1.0E-9,14.0,0.12600000000000008)(63.06722645401987 38.0)
(1.0E-9,14.0,0.12600000000000008)(63.06722645401987 40.0)
(1.0E-9,14.0,0.12600000000000008)(63.04380569898811 45.0)
(1.0E-9,14.0,0.12600000000000008)(63.06722645401987 44.0)
(1.0E-9,14.0,0.12600000000000008)(62.989092262735866 52.0)
(1.0E-9,14.0,0.12600000000000008)(63.039912877234535 44.0)
(1.0E-9,14.0,0.12600000000000008)(61.74714831404638 63.0)
(1.0E-9,14.0,0.12600000000000008)(61.916703537044135 57.0)
(1.0E-9,14.0,0.12600000000000008)(63.026199390384186 48.0)
(1.0E-9,14.0,0.12600000000000008)(61.7843927828878 57.0)
(1.0E-9 14.0 0.12700000000000009)(24.956805585728755 106.0)
(1.0E-9,14.0,0.12700000000000009)(63.1358937928245 16.0)
(1.0E-9,14.0,0.12700000000000009)(62.54040209381848 46.0)
(1.0E-9,14.0,0.12700000000000009)(62.68611416528341 46.0)
(1.0E-9,14.0,0.12700000000000009)(63.06722645401987 37.0)
(1.0E-9,14.0,0.12700000000000009)(63.06722645401987 38.0)
(1.0E-9,14.0,0.12700000000000009)(63.06722645401987 39.0)
(1.0E-9,14.0,0.12700000000000009)(63.06722645401987 40.0)
(1.0E-9,14.0,0.12700000000000009)(63.039912877234535 44.0)
(1.0E-9,14.0,0.12700000000000009)(63.039912877234535 42.0)
(1.0E-9,14.0,0.12700000000000009)(61.984793385686004 60.0)
(1.0E-9,14.0,0.12700000000000009)(63.026199390384186 46.0)
(1.0E-9,14.0,0.12700000000000009)(61.916703537044135 55.0)
(1.0E-9,14.0,0.12700000000000009)(63.039912877234535 48.0)
(1.0E-9,14.0,0.12700000000000009)(61.97411650025809 56.0)
(1.0E-9 14.0 0.12800000000000009)(24.956805585728755 106.0)
(1.0E-9,14.0,0.12800000000000009)(63.1358937928245 16.0)
(1.0E-9,14.0,0.12800000000000009)(62.54040209381848 46.0)
(1.0E-9,14.0,0.12800000000000009)(63.06722645401987 35.0)
(1.0E-9,14.0,0.12800000000000009)(63.312853000090854 1.0)
(1.0E-9,14.0,0.12800000000000009)(63.05748166817281 37.0)
(1.0E-9,14.0,0.12800000000000009)(63.06722645401987 39.0)
(1.0E-9,14.0,0.12800000000000009)(63.06722645401987 40.0)
(1.0E-9,14.0,0.12800000000000009)(63.039912877234535 43.0)
(1.0E-9,14.0,0.12800000000000009)(63.039912877234535 42.0)
(1.0E-9,14.0,0.12800000000000009)(63.026199390384186 45.0)
(1.0E-9,14.0,0.12800000000000009)(62.01101903886405 57.0)
(1.0E-9,14.0,0.12800000000000009)(61.964374839549265 59.0)
(1.0E-9,14.0,0.12800000000000009)(61.984793385686004 55.0)
(1.0E-9,14.0,0.12800000000000009)(61.984793385686004 54.0)
(1.0E-9 14.0 0.1290000000000001)(24.956805585728755 106.0)
(1.0E-9,14.0,0.1290000000000001)(63.1358937928245 16.0)
(1.0E-9,14.0,0.1290000000000001)(62.54040209381848 46.0)
(1.0E-9,14.0,0.1290000000000001)(62.68611416528341 46.0)
(1.0E-9,14.0,0.1290000000000001)(63.06722645401987 37.0)
(1.0E-9,14.0,0.1290000000000001)(63.312853000090854 1.0)
(1.0E-9,14.0,0.1290000000000001)(63.12639931142351 36.0)
(1.0E-9,14.0,0.1290000000000001)(62.15508739619296 57.0)
(1.0E-9,14.0,0.1290000000000001)(63.00661529850565 42.0)
(1.0E-9,14.0,0.1290000000000001)(63.06722645401987 41.0)
(1.0E-9,14.0,0.1290000000000001)(63.026199390384186 46.0)
(1.0E-9,14.0,0.1290000000000001)(63.039912877234535 44.0)
(1.0E-9,14.0,0.1290000000000001)(63.039912877234535 48.0)
(1.0E-9,14.0,0.1290000000000001)(63.026199390384186 50.0)
(1.0E-9 14.0 0.1300000000000001)(24.956805585728755 106.0)
(1.0E-9,14.0,0.1300000000000001)(63.1358937928245 16.0)
(1.0E-9,14.0,0.1300000000000001)(62.54040209381848 46.0)
(1.0E-9,14.0,0.1300000000000001)(62.68611416528341 46.0)
(1.0E-9,14.0,0.1300000000000001)(63.06722645401987 37.0)
(1.0E-9,14.0,0.1300000000000001)(63.312853000090854 1.0)
(1.0E-9,14.0,0.1300000000000001)(63.12639931142351 36.0)
(1.0E-9,14.0,0.1300000000000001)(62.15508739619296 57.0)
(1.0E-9,14.0,0.1300000000000001)(63.00661529850565 42.0)
(1.0E-9,14.0,0.1300000000000001)(63.06722645401987 41.0)
(1.0E-9,14.0,0.1300000000000001)(63.026199390384186 46.0)
(1.0E-9,14.0,0.1300000000000001)(63.039912877234535 44.0)
(1.0E-9,14.0,0.1300000000000001)(63.039912877234535 48.0)
(1.0E-9,14.0,0.1300000000000001)(63.026199390384186 50.0)
(1.0E-9 14.0 0.1310000000000001)(24.956805585728755 106.0)
(1.0E-9,14.0,0.1310000000000001)(63.1358937928245 16.0)
(1.0E-9,14.0,0.1310000000000001)(62.54040209381848 46.0)
(1.0E-9,14.0,0.1310000000000001)(62.68611416528341 46.0)
(1.0E-9,14.0,0.1310000000000001)(63.06722645401987 37.0)
(1.0E-9,14.0,0.1310000000000001)(63.312853000090854 1.0)
(1.0E-9,14.0,0.1310000000000001)(63.06722645401987 38.0)
(1.0E-9,14.0,0.1310000000000001)(63.06722645401987 40.0)
(1.0E-9,14.0,0.1310000000000001)(63.06722645401987 39.0)
(1.0E-9,14.0,0.1310000000000001)(63.05748166817281 41.0)
(1.0E-9,14.0,0.1310000000000001)(63.039912877234535 44.0)
(1.0E-9,14.0,0.1310000000000001)(63.039912877234535 43.0)
(1.0E-9,14.0,0.1310000000000001)(63.026199390384186 46.0)
(1.0E-9,14.0,0.1310000000000001)(63.039912877234535 48.0)
(1.0E-9,14.0,0.1310000000000001)(63.026199390384186 50.0)
(1.0E-9 14.0 0.1320000000000001)(24.956805585728755 106.0)
(1.0E-9,14.0,0.1320000000000001)(63.1358937928245 16.0)
(1.0E-9,14.0,0.1320000000000001)(62.54040209381848 46.0)
(1.0E-9,14.0,0.1320000000000001)(63.312853000090854 1.0)
(1.0E-9,14.0,0.1320000000000001)(63.06722645401987 37.0)
(1.0E-9,14.0,0.1320000000000001)(63.06722645401987 35.0)
(1.0E-9,14.0,0.1320000000000001)(63.06722645401987 40.0)
(1.0E-9,14.0,0.1320000000000001)(63.099492754821036 42.0)
(1.0E-9,14.0,0.1320000000000001)(63.039912877234535 44.0)
(1.0E-9,14.0,0.1320000000000001)(63.039912877234535 49.0)
(1.0E-9,14.0,0.1320000000000001)(63.039912877234535 48.0)
(1.0E-9,14.0,0.1320000000000001)(63.026199390384186 50.0)
(1.0E-9 14.0 0.1330000000000001)(24.2432597889662 107.0)
(1.0E-9,14.0,0.1330000000000001)(63.1358937928245 16.0)
(1.0E-9,14.0,0.1330000000000001)(62.54040209381848 46.0)
(1.0E-9,14.0,0.1330000000000001)(62.023166550770874 56.0)
(1.0E-9,14.0,0.1330000000000001)(63.312853000090854 1.0)
(1.0E-9,14.0,0.1330000000000001)(63.06722645401987 38.0)
(1.0E-9,14.0,0.1330000000000001)(63.00275878784539 45.0)
(1.0E-9,14.0,0.1330000000000001)(62.9050805322814 53.0)
(1.0E-9,14.0,0.1330000000000001)(62.981187010191356 51.0)
(1.0E-9,14.0,0.1330000000000001)(62.94445013355918 54.0)
(1.0E-9,14.0,0.1330000000000001)(63.020448768466686 50.0)
(1.0E-9,14.0,0.1330000000000001)(63.06722645401987 40.0)
(1.0E-9,14.0,0.1330000000000001)(63.01452092512347 52.0)
(1.0E-9,14.0,0.1330000000000001)(60.74011594332683 62.0)
(1.0E-9,14.0,0.1330000000000001)(63.00077072799659 59.0)
(1.0E-9,14.0,0.1330000000000001)(60.74011594332683 64.0)
(1.0E-9 14.0 0.1340000000000001)(23.084497970890887 107.0)
(1.0E-9,14.0,0.1340000000000001)(63.1358937928245 16.0)
(1.0E-9,14.0,0.1340000000000001)(61.81702301951495 55.0)
(1.0E-9,14.0,0.1340000000000001)(62.023166550770874 56.0)
(1.0E-9,14.0,0.1340000000000001)(63.312853000090854 1.0)
(1.0E-9,14.0,0.1340000000000001)(63.04191038115853 44.0)
(1.0E-9,14.0,0.1340000000000001)(60.256699523661034 67.0)
(1.0E-9,14.0,0.1340000000000001)(63.0106281033699 50.0)
(1.0E-9,14.0,0.1340000000000001)(59.51333626930135 70.0)
(1.0E-9,14.0,0.1340000000000001)(62.981187010191356 50.0)
(1.0E-9,14.0,0.1340000000000001)(60.38502909264872 65.0)
(1.0E-9,14.0,0.1340000000000001)(62.99298508448944 53.0)
(1.0E-9,14.0,0.1340000000000001)(62.97919895034255 55.0)
(1.0E-9,14.0,0.1340000000000001)(60.5976488163281 64.0)
(1.0E-9,14.0,0.1340000000000001)(62.97919895034255 57.0)
(1.0E-9,14.0,0.1340000000000001)(60.74011594332683 62.0)
(1.0E-9 14.0 0.1350000000000001)(22.39002053817622 108.0)
(1.0E-9,14.0,0.1350000000000001)(63.1358937928245 16.0)
(1.0E-9,14.0,0.1350000000000001)(62.54040209381848 46.0)
(1.0E-9,14.0,0.1350000000000001)(62.16236716779281 55.0)
(1.0E-9,14.0,0.1350000000000001)(63.312853000090854 1.0)
(1.0E-9,14.0,0.1350000000000001)(63.00661529850565 39.0)
(1.0E-9,14.0,0.1350000000000001)(63.020448768466686 49.0)
(1.0E-9,14.0,0.1350000000000001)(62.99298508448944 52.0)
(1.0E-9,14.0,0.1350000000000001)(62.97919895034255 55.0)
(1.0E-9,14.0,0.1350000000000001)(62.97919895034255 57.0)
(1.0E-9,14.0,0.1350000000000001)(62.97919895034255 60.0)
(1.0E-9 14.0 0.1360000000000001)(23.084497970890887 107.0)
(1.0E-9,14.0,0.1360000000000001)(63.1358937928245 16.0)
(1.0E-9,14.0,0.1360000000000001)(62.54040209381848 46.0)
(1.0E-9,14.0,0.1360000000000001)(62.79373260573801 45.0)
(1.0E-9,14.0,0.1360000000000001)(63.312853000090854 1.0)
(1.0E-9,14.0,0.1360000000000001)(63.06722645401987 39.0)
(1.0E-9,14.0,0.1360000000000001)(63.06722645401987 40.0)
(1.0E-9,14.0,0.1360000000000001)(63.05748166817281 41.0)
(1.0E-9,14.0,0.1360000000000001)(63.039912877234535 42.0)
(1.0E-9,14.0,0.1360000000000001)(63.026199390384186 48.0)
(1.0E-9,14.0,0.1360000000000001)(63.026199390384186 49.0)
(1.0E-9,14.0,0.1360000000000001)(62.982936967352835 52.0)
(1.0E-9,14.0,0.1360000000000001)(63.026199390384186 51.0)
(1.0E-9 14.0 0.1370000000000001)(23.084497970890887 107.0)
(1.0E-9,14.0,0.1370000000000001)(63.1358937928245 16.0)
(1.0E-9,14.0,0.1370000000000001)(62.54040209381848 46.0)
(1.0E-9,14.0,0.1370000000000001)(62.79373260573801 45.0)
(1.0E-9,14.0,0.1370000000000001)(63.312853000090854 1.0)
(1.0E-9,14.0,0.1370000000000001)(63.06722645401987 39.0)
(1.0E-9,14.0,0.1370000000000001)(63.06722645401987 40.0)
(1.0E-9,14.0,0.1370000000000001)(63.05748166817281 41.0)
(1.0E-9,14.0,0.1370000000000001)(63.039912877234535 42.0)
(1.0E-9,14.0,0.1370000000000001)(63.026199390384186 48.0)
(1.0E-9,14.0,0.1370000000000001)(63.026199390384186 49.0)
(1.0E-9,14.0,0.1370000000000001)(62.982936967352835 52.0)
(1.0E-9,14.0,0.1370000000000001)(63.026199390384186 51.0)
(1.0E-9 14.0 0.1380000000000001)(23.084497970890887 107.0)
(1.0E-9,14.0,0.1380000000000001)(63.1358937928245 16.0)
(1.0E-9,14.0,0.1380000000000001)(62.54040209381848 46.0)
(1.0E-9,14.0,0.1380000000000001)(63.06722645401987 36.0)
(1.0E-9,14.0,0.1380000000000001)(63.312853000090854 1.0)
(1.0E-9,14.0,0.1380000000000001)(63.06722645401987 39.0)
(1.0E-9,14.0,0.1380000000000001)(63.05748166817281 44.0)
(1.0E-9,14.0,0.1380000000000001)(63.06722645401987 41.0)
(1.0E-9,14.0,0.1380000000000001)(63.039912877234535 44.0)
(1.0E-9,14.0,0.1380000000000001)(62.978938154471024 45.0)
(1.0E-9,14.0,0.1380000000000001)(61.58864731133024 60.0)
(1.0E-9,14.0,0.1380000000000001)(62.69141130265201 51.0)
(1.0E-9,14.0,0.1380000000000001)(63.026199390384186 48.0)
(1.0E-9,14.0,0.1380000000000001)(63.026199390384186 50.0)
(1.0E-9,14.0,0.1380000000000001)(63.08597570180083 47.0)
(1.0E-9 14.0 0.1390000000000001)(23.084497970890887 107.0)
(1.0E-9,14.0,0.1390000000000001)(63.1358937928245 16.0)
(1.0E-9,14.0,0.1390000000000001)(61.81702301951495 55.0)
(1.0E-9,14.0,0.1390000000000001)(62.79373260573801 45.0)
(1.0E-9,14.0,0.1390000000000001)(63.312853000090854 1.0)
(1.0E-9,14.0,0.1390000000000001)(62.981187010191356 51.0)
(1.0E-9,14.0,0.1390000000000001)(62.54159298803597 49.0)
(1.0E-9,14.0,0.1390000000000001)(62.97125850209213 52.0)
(1.0E-9,14.0,0.1390000000000001)(63.020448768466686 52.0)
(1.0E-9,14.0,0.1390000000000001)(62.99298508448944 54.0)
(1.0E-9,14.0,0.1390000000000001)(62.97125850209213 53.0)
(1.0E-9,14.0,0.1390000000000001)(62.97919895034255 56.0)
(1.0E-9,14.0,0.1390000000000001)(62.99298508448944 57.0)
(1.0E-9,14.0,0.1390000000000001)(61.44231050972021 62.0)
(1.0E-9,14.0,0.1390000000000001)(62.99298508448944 59.0)
(1.0E-9 14.0 0.1400000000000001)(23.084497970890887 107.0)
(1.0E-9,14.0,0.1400000000000001)(63.1358937928245 16.0)
(1.0E-9,14.0,0.1400000000000001)(62.54040209381848 46.0)
(1.0E-9,14.0,0.1400000000000001)(63.00661529850565 37.0)
(1.0E-9,14.0,0.1400000000000001)(63.312853000090854 1.0)
(1.0E-9,14.0,0.1400000000000001)(63.00661529850565 40.0)
(1.0E-9,14.0,0.1400000000000001)(63.12639931142351 40.0)
(1.0E-9,14.0,0.1400000000000001)(62.978938154471024 45.0)
(1.0E-9,14.0,0.1400000000000001)(62.978938154471024 47.0)
(1.0E-9,14.0,0.1400000000000001)(62.40251146485262 50.0)
(1.0E-9,14.0,0.1400000000000001)(62.281993139345694 51.0)
(1.0E-9 14.0 0.1410000000000001)(23.084497970890887 107.0)
(1.0E-9,14.0,0.1410000000000001)(63.1358937928245 16.0)
(1.0E-9,14.0,0.1410000000000001)(62.54040209381848 46.0)
(1.0E-9,14.0,0.1410000000000001)(62.568287488627675 47.0)
(1.0E-9,14.0,0.1410000000000001)(63.312853000090854 1.0)
(1.0E-9,14.0,0.1410000000000001)(63.312853000090854 7.0)
(1.0E-9,14.0,0.1410000000000001)(63.00661529850565 42.0)
(1.0E-9,14.0,0.1410000000000001)(62.891688792111495 56.0)
(1.0E-9,14.0,0.1410000000000001)(62.95947404570318 56.0)
(1.0E-9,14.0,0.1410000000000001)(61.166697696634586 63.0)
(1.0E-9,14.0,0.1410000000000001)(61.166697696634586 65.0)
(1.0E-9 14.0 0.1420000000000001)(23.084497970890887 107.0)
(1.0E-9,14.0,0.1420000000000001)(63.1358937928245 16.0)
(1.0E-9,14.0,0.1420000000000001)(62.54040209381848 46.0)
(1.0E-9,14.0,0.1420000000000001)(63.00661529850565 37.0)
(1.0E-9,14.0,0.1420000000000001)(63.312853000090854 1.0)
(1.0E-9,14.0,0.1420000000000001)(63.00661529850565 40.0)
(1.0E-9,14.0,0.1420000000000001)(62.967036599088416 43.0)
(1.0E-9,14.0,0.1420000000000001)(62.35497738957394 55.0)
(1.0E-9,14.0,0.1420000000000001)(63.12639931142351 41.0)
(1.0E-9,14.0,0.1420000000000001)(63.099492754821036 44.0)
(1.0E-9,14.0,0.1420000000000001)(62.978938154471024 46.0)
(1.0E-9,14.0,0.1420000000000001)(62.978938154471024 48.0)
(1.0E-9,14.0,0.1420000000000001)(61.166697696634586 63.0)
(1.0E-9 14.0 0.1430000000000001)(23.084497970890887 107.0)
(1.0E-9,14.0,0.1430000000000001)(63.1358937928245 16.0)
(1.0E-9,14.0,0.1430000000000001)(62.54040209381848 46.0)
(1.0E-9,14.0,0.1430000000000001)(63.00661529850565 37.0)
(1.0E-9,14.0,0.1430000000000001)(63.312853000090854 1.0)
(1.0E-9,14.0,0.1430000000000001)(63.00661529850565 40.0)
(1.0E-9,14.0,0.1430000000000001)(62.967036599088416 43.0)
(1.0E-9,14.0,0.1430000000000001)(62.35497738957394 55.0)
(1.0E-9,14.0,0.1430000000000001)(63.12639931142351 41.0)
(1.0E-9,14.0,0.1430000000000001)(63.099492754821036 44.0)
(1.0E-9,14.0,0.1430000000000001)(62.978938154471024 46.0)
(1.0E-9,14.0,0.1430000000000001)(62.978938154471024 48.0)
(1.0E-9,14.0,0.1430000000000001)(61.166697696634586 63.0)
(1.0E-9 14.0 0.1440000000000001)(23.084497970890887 107.0)
(1.0E-9,14.0,0.1440000000000001)(63.1358937928245 16.0)
(1.0E-9,14.0,0.1440000000000001)(62.54040209381848 46.0)
(1.0E-9,14.0,0.1440000000000001)(62.568287488627675 46.0)
(1.0E-9,14.0,0.1440000000000001)(63.312853000090854 18.0)
(1.0E-9,14.0,0.1440000000000001)(63.312853000090854 1.0)
(1.0E-9,14.0,0.1440000000000001)(62.99668679040642 43.0)
(1.0E-9,14.0,0.1440000000000001)(63.00661529850565 43.0)
(1.0E-9,14.0,0.1440000000000001)(63.00661529850565 44.0)
(1.0E-9,14.0,0.1440000000000001)(62.978938154471024 46.0)
(1.0E-9,14.0,0.1440000000000001)(62.40251146485262 49.0)
(1.0E-9 14.0 0.1450000000000001)(23.084497970890887 107.0)
(1.0E-9,14.0,0.1450000000000001)(63.1358937928245 16.0)
(1.0E-9,14.0,0.1450000000000001)(61.81702301951495 54.0)
(1.0E-9,14.0,0.1450000000000001)(62.45937580668035 50.0)
(1.0E-9,14.0,0.1450000000000001)(63.312853000090854 1.0)
(1.0E-9,14.0,0.1450000000000001)(61.25525462419707 65.0)
(1.0E-9,14.0,0.1450000000000001)(61.26715764687407 65.0)
(1.0E-9,14.0,0.1450000000000001)(63.12639931142351 39.0)
(1.0E-9,14.0,0.1450000000000001)(62.99668679040642 42.0)
(1.0E-9,14.0,0.1450000000000001)(62.96504853923961 50.0)
(1.0E-9,14.0,0.1450000000000001)(62.978938154471024 48.0)
(1.0E-9,14.0,0.1450000000000001)(62.96504853923961 52.0)
(1.0E-9 14.0 0.1460000000000001)(23.1158239537162 106.0)
(1.0E-9,14.0,0.1460000000000001)(63.1358937928245 16.0)
(1.0E-9,14.0,0.1460000000000001)(62.54040209381848 46.0)
(1.0E-9,14.0,0.1460000000000001)(63.01650861089896 35.0)
(1.0E-9,14.0,0.1460000000000001)(63.312853000090854 1.0)
(1.0E-9,14.0,0.1460000000000001)(63.00661529850565 39.0)
(1.0E-9,14.0,0.1460000000000001)(63.00661529850565 40.0)
(1.0E-9,14.0,0.1460000000000001)(62.978938154471024 42.0)
(1.0E-9,14.0,0.1460000000000001)(62.96504853923961 47.0)
(1.0E-9,14.0,0.1460000000000001)(62.978938154471024 44.0)
(1.0E-9,14.0,0.1460000000000001)(62.99668679040642 42.0)
(1.0E-9,14.0,0.1460000000000001)(62.96504853923961 49.0)
(1.0E-9 14.0 0.1470000000000001)(23.1158239537162 106.0)
(1.0E-9,14.0,0.1470000000000001)(63.1358937928245 18.0)
(1.0E-9,14.0,0.1470000000000001)(62.54040209381848 46.0)
(1.0E-9,14.0,0.1470000000000001)(62.61254343839547 46.0)
(1.0E-9,14.0,0.1470000000000001)(63.312853000090854 1.0)
(1.0E-9,14.0,0.1470000000000001)(62.94143537441942 48.0)
(1.0E-9,14.0,0.1470000000000001)(63.080178118142506 45.0)
(1.0E-9,14.0,0.1470000000000001)(62.953370073978896 51.0)
(1.0E-9,14.0,0.1470000000000001)(62.899474435618636 54.0)
(1.0E-9,14.0,0.1470000000000001)(62.899474435618636 55.0)
(1.0E-9,14.0,0.1470000000000001)(61.52519467591676 74.0)
(1.0E-9,14.0,0.1470000000000001)(62.899474435618636 58.0)
(1.0E-9 14.0 0.1480000000000001)(23.1158239537162 106.0)
(1.0E-9,14.0,0.1480000000000001)(63.1358937928245 18.0)
(1.0E-9,14.0,0.1480000000000001)(62.54040209381848 46.0)
(1.0E-9,14.0,0.1480000000000001)(63.00661529850565 37.0)
(1.0E-9,14.0,0.1480000000000001)(63.312853000090854 1.0)
(1.0E-9,14.0,0.1480000000000001)(63.00661529850565 39.0)
(1.0E-9,14.0,0.1480000000000001)(62.99668679040642 40.0)
(1.0E-9,14.0,0.1480000000000001)(63.00661529850565 41.0)
(1.0E-9,14.0,0.1480000000000001)(62.477722555093315 53.0)
(1.0E-9,14.0,0.1480000000000001)(63.00661529850565 42.0)
(1.0E-9,14.0,0.1480000000000001)(62.978938154471024 44.0)
(1.0E-9,14.0,0.1480000000000001)(62.38575402630391 56.0)
(1.0E-9,14.0,0.1480000000000001)(62.38575402630391 57.0)
(1.0E-9,14.0,0.1480000000000001)(62.96504853923961 47.0)
(1.0E-9,14.0,0.1480000000000001)(62.96504853923961 49.0)
(1.0E-9 14.0 0.1490000000000001)(23.1158239537162 106.0)
(1.0E-9,14.0,0.1490000000000001)(63.1358937928245 18.0)
(1.0E-9,14.0,0.1490000000000001)(62.54040209381848 46.0)
(1.0E-9,14.0,0.1490000000000001)(63.00661529850565 37.0)
(1.0E-9,14.0,0.1490000000000001)(63.312853000090854 1.0)
(1.0E-9,14.0,0.1490000000000001)(62.981115503392125 46.0)
(1.0E-9,14.0,0.1490000000000001)(63.06722645401987 39.0)
(1.0E-9,14.0,0.1490000000000001)(61.76426168098161 64.0)
(1.0E-9,14.0,0.1490000000000001)(62.975151323845694 50.0)
(1.0E-9,14.0,0.1490000000000001)(62.899474435618636 55.0)
(1.0E-9,14.0,0.1490000000000001)(62.91349292774977 53.0)
(1.0E-9,14.0,0.1490000000000001)(62.899474435618636 58.0)
(1.0E-9 14.0 0.1500000000000001)(23.1158239537162 106.0)
(1.0E-9,14.0,0.1500000000000001)(63.1358937928245 18.0)
(1.0E-9,14.0,0.1500000000000001)(62.54040209381848 46.0)
(1.0E-9,14.0,0.1500000000000001)(63.00661529850565 37.0)
(1.0E-9,14.0,0.1500000000000001)(63.312853000090854 1.0)
(1.0E-9,14.0,0.1500000000000001)(62.981115503392125 46.0)
(1.0E-9,14.0,0.1500000000000001)(63.06722645401987 39.0)
(1.0E-9,14.0,0.1500000000000001)(61.76426168098161 64.0)
(1.0E-9,14.0,0.1500000000000001)(62.975151323845694 50.0)
(1.0E-9,14.0,0.1500000000000001)(62.899474435618636 55.0)
(1.0E-9,14.0,0.1500000000000001)(62.91349292774977 53.0)
(1.0E-9,14.0,0.1500000000000001)(62.899474435618636 58.0)
(1.0E-9 14.0 0.1510000000000001)(23.06800021490177 107.0)
(1.0E-9,14.0,0.1510000000000001)(63.1358937928245 18.0)
(1.0E-9,14.0,0.1510000000000001)(62.54040209381848 46.0)
(1.0E-9,14.0,0.1510000000000001)(63.00661529850565 37.0)
(1.0E-9,14.0,0.1510000000000001)(63.312853000090854 1.0)
(1.0E-9,14.0,0.1510000000000001)(63.312853000090854 25.0)
(1.0E-9,14.0,0.1510000000000001)(62.96950854493063 50.0)
(1.0E-9,14.0,0.1510000000000001)(62.521179236916794 51.0)
(1.0E-9,14.0,0.1510000000000001)(62.80127495164256 54.0)
(1.0E-9,14.0,0.1510000000000001)(60.60267819304076 65.0)
(1.0E-9,14.0,0.1510000000000001)(60.52517067577732 68.0)
(1.0E-9,14.0,0.1510000000000001)(60.52517067577732 70.0)
(1.0E-9 14.0 0.1520000000000001)(23.06800021490177 107.0)
(1.0E-9,14.0,0.1520000000000001)(63.1358937928245 18.0)
(1.0E-9,14.0,0.1520000000000001)(62.54040209381848 46.0)
(1.0E-9,14.0,0.1520000000000001)(62.61254343839547 46.0)
(1.0E-9,14.0,0.1520000000000001)(63.312853000090854 1.0)
(1.0E-9,14.0,0.1520000000000001)(63.312853000090854 9.0)
(1.0E-9,14.0,0.1520000000000001)(63.312853000090854 10.0)
(1.0E-9,14.0,0.1520000000000001)(63.312853000090854 5.0)
(1.0E-9,14.0,0.1520000000000001)(61.24378966772166 66.0)
(1.0E-9,14.0,0.1520000000000001)(62.86320689495121 53.0)
(1.0E-9,14.0,0.1520000000000001)(60.545604626551544 70.0)
(1.0E-9,14.0,0.1520000000000001)(60.45280172863247 77.0)
(1.0E-9,14.0,0.1520000000000001)(60.45280172863247 74.0)
(1.0E-9 14.0 0.1530000000000001)(22.70218057419637 110.0)
(1.0E-9,14.0,0.1530000000000001)(63.1358937928245 18.0)
(1.0E-9,14.0,0.1530000000000001)(62.54040209381848 46.0)
(1.0E-9,14.0,0.1530000000000001)(63.00661529850565 37.0)
(1.0E-9,14.0,0.1530000000000001)(63.312853000090854 1.0)
(1.0E-9,14.0,0.1530000000000001)(63.008770303205964 48.0)
(1.0E-9,14.0,0.1530000000000001)(62.61254343839547 50.0)
(1.0E-9,14.0,0.1530000000000001)(62.891084925921746 50.0)
(1.0E-9,14.0,0.1530000000000001)(62.521179236916794 53.0)
(1.0E-9,14.0,0.1530000000000001)(62.978938154471024 43.0)
(1.0E-9,14.0,0.1530000000000001)(62.44596814667612 55.0)
(1.0E-9,14.0,0.1530000000000001)(62.38575402630391 55.0)
(1.0E-9,14.0,0.1530000000000001)(62.371184319122435 59.0)
(1.0E-9,14.0,0.1530000000000001)(62.371184319122435 57.0)
(1.0E-9 14.0 0.1540000000000001)(22.70218057419637 110.0)
(1.0E-9,14.0,0.1540000000000001)(63.1358937928245 18.0)
(1.0E-9,14.0,0.1540000000000001)(62.54040209381848 46.0)
(1.0E-9,14.0,0.1540000000000001)(63.00661529850565 37.0)
(1.0E-9,14.0,0.1540000000000001)(63.312853000090854 1.0)
(1.0E-9,14.0,0.1540000000000001)(63.01994673780508 49.0)
(1.0E-9,14.0,0.1540000000000001)(60.9999420037652 66.0)
(1.0E-9,14.0,0.1540000000000001)(60.688213329337636 67.0)
(1.0E-9,14.0,0.1540000000000001)(60.59516440797327 67.0)
(1.0E-9,14.0,0.1540000000000001)(60.545604626551544 69.0)
(1.0E-9,14.0,0.1540000000000001)(62.86320689495121 53.0)
(1.0E-9,14.0,0.1540000000000001)(60.45280172863247 73.0)
(1.0E-9,14.0,0.1540000000000001)(60.45280172863247 77.0)
(1.0E-9,14.0,0.1540000000000001)(60.45280172863247 74.0)
(1.0E-9,14.0,0.1540000000000001)(60.52517067577732 68.0)
(1.0E-9 14.0 0.1550000000000001)(24.78597618683064 112.0)
(1.0E-9,14.0,0.1550000000000001)(63.1358937928245 19.0)
(1.0E-9,14.0,0.1550000000000001)(62.22458705372148 53.0)
(1.0E-9,14.0,0.1550000000000001)(62.09275592313902 62.0)
(1.0E-9,14.0,0.1550000000000001)(59.0214265516336 74.0)
(1.0E-9,14.0,0.1550000000000001)(59.098721234075256 69.0)
(1.0E-9,14.0,0.1550000000000001)(59.50779871076884 68.0)
(1.0E-9,14.0,0.1550000000000001)(59.91955290633217 67.0)
(1.0E-9,14.0,0.1550000000000001)(59.50779871076884 70.0)
(1.0E-9,14.0,0.1550000000000001)(59.79525481525958 73.0)
(1.0E-9,14.0,0.1550000000000001)(62.13008056115507 59.0)
(1.0E-9,14.0,0.1550000000000001)(62.13008056115507 63.0)
(1.0E-9,14.0,0.1550000000000001)(62.13008056115507 60.0)
(1.0E-9,14.0,0.1550000000000001)(62.13008056115507 61.0)
(1.0E-9 14.0 0.1560000000000001)(24.78597618683064 112.0)
(1.0E-9,14.0,0.1560000000000001)(63.1358937928245 19.0)
(1.0E-9,14.0,0.1560000000000001)(62.22458705372148 53.0)
(1.0E-9,14.0,0.1560000000000001)(62.09275592313902 62.0)
(1.0E-9,14.0,0.1560000000000001)(59.0214265516336 74.0)
(1.0E-9,14.0,0.1560000000000001)(59.098721234075256 69.0)
(1.0E-9,14.0,0.1560000000000001)(59.50779871076884 68.0)
(1.0E-9,14.0,0.1560000000000001)(59.91955290633217 67.0)
(1.0E-9,14.0,0.1560000000000001)(59.50779871076884 70.0)
(1.0E-9,14.0,0.1560000000000001)(59.79525481525958 73.0)
(1.0E-9,14.0,0.1560000000000001)(62.13008056115507 59.0)
(1.0E-9,14.0,0.1560000000000001)(62.13008056115507 63.0)
(1.0E-9,14.0,0.1560000000000001)(62.13008056115507 60.0)
(1.0E-9,14.0,0.1560000000000001)(62.13008056115507 61.0)
(1.0E-9 14.0 0.1570000000000001)(24.78597618683064 112.0)
(1.0E-9,14.0,0.1570000000000001)(63.1358937928245 19.0)
(1.0E-9,14.0,0.1570000000000001)(62.22458705372148 53.0)
(1.0E-9,14.0,0.1570000000000001)(62.09275592313902 61.0)
(1.0E-9,14.0,0.1570000000000001)(62.047567411860875 66.0)
(1.0E-9,14.0,0.1570000000000001)(56.719347674928514 71.0)
(1.0E-9,14.0,0.1570000000000001)(59.50779871076884 70.0)
(1.0E-9,14.0,0.1570000000000001)(59.50779871076884 69.0)
(1.0E-9,14.0,0.1570000000000001)(61.87132097533756 64.0)
(1.0E-9,14.0,0.1570000000000001)(59.91955290633217 68.0)
(1.0E-9,14.0,0.1570000000000001)(59.91955290633217 73.0)
(1.0E-9,14.0,0.1570000000000001)(62.13008056115507 60.0)
(1.0E-9,14.0,0.1570000000000001)(62.10817096087519 72.0)
(1.0E-9 14.0 0.1580000000000001)(24.78597618683064 112.0)
(1.0E-9,14.0,0.1580000000000001)(63.1358937928245 19.0)
(1.0E-9,14.0,0.1580000000000001)(62.22458705372148 53.0)
(1.0E-9,14.0,0.1580000000000001)(62.09275592313902 61.0)
(1.0E-9,14.0,0.1580000000000001)(62.047567411860875 65.0)
(1.0E-9,14.0,0.1580000000000001)(56.719347674928514 70.0)
(1.0E-9,14.0,0.1580000000000001)(59.50779871076884 68.0)
(1.0E-9,14.0,0.1580000000000001)(59.50779871076884 69.0)
(1.0E-9,14.0,0.1580000000000001)(59.50779871076884 67.0)
(1.0E-9,14.0,0.1580000000000001)(61.80577001565775 63.0)
(1.0E-9,14.0,0.1580000000000001)(59.79525481525958 69.0)
(1.0E-9,14.0,0.1580000000000001)(59.91955290633217 71.0)
(1.0E-9,14.0,0.1580000000000001)(62.10817096087519 69.0)
(1.0E-9,14.0,0.1580000000000001)(62.13008056115507 59.0)
(1.0E-9 14.0 0.1590000000000001)(24.74827905116039 113.0)
(1.0E-9,14.0,0.1590000000000001)(63.1358937928245 19.0)
(1.0E-9,14.0,0.1590000000000001)(62.22458705372148 53.0)
(1.0E-9,14.0,0.1590000000000001)(62.09275592313902 64.0)
(1.0E-9,14.0,0.1590000000000001)(62.14239466894998 65.0)
(1.0E-9,14.0,0.1590000000000001)(59.098721234075256 70.0)
(1.0E-9,14.0,0.1590000000000001)(62.14239466894998 68.0)
(1.0E-9,14.0,0.1590000000000001)(59.50779871076884 70.0)
(1.0E-9,14.0,0.1590000000000001)(59.91955290633217 67.0)
(1.0E-9,14.0,0.1590000000000001)(59.50779871076884 71.0)
(1.0E-9,14.0,0.1590000000000001)(62.13008056115507 60.0)
(1.0E-9 14.0 0.16000000000000011)(24.74827905116039 113.0)
(1.0E-9,14.0,0.16000000000000011)(63.1358937928245 19.0)
(1.0E-9,14.0,0.16000000000000011)(62.22458705372148 53.0)
(1.0E-9,14.0,0.16000000000000011)(62.09275592313902 64.0)
(1.0E-9,14.0,0.16000000000000011)(61.768746560026806 68.0)
(1.0E-9,14.0,0.16000000000000011)(59.098721234075256 70.0)
(1.0E-9,14.0,0.16000000000000011)(59.50779871076884 69.0)
(1.0E-9,14.0,0.16000000000000011)(59.91955290633217 70.0)
(1.0E-9,14.0,0.16000000000000011)(62.13008056115507 60.0)
(1.0E-9,14.0,0.16000000000000011)(62.10817096087519 71.0)
(1.0E-9 14.0 0.16100000000000012)(24.74827905116039 113.0)
(1.0E-9,14.0,0.16100000000000012)(63.1358937928245 19.0)
(1.0E-9,14.0,0.16100000000000012)(62.22458705372148 53.0)
(1.0E-9,14.0,0.16100000000000012)(62.09275592313902 62.0)
(1.0E-9,14.0,0.16100000000000012)(62.08497027963189 59.0)
(1.0E-9,14.0,0.16100000000000012)(62.14239466894998 68.0)
(1.0E-9,14.0,0.16100000000000012)(63.312853000090854 1.0)
(1.0E-9,14.0,0.16100000000000012)(63.00661529850565 41.0)
(1.0E-9,14.0,0.16100000000000012)(62.14239466894998 67.0)
(1.0E-9,14.0,0.16100000000000012)(62.10817096087519 71.0)
(1.0E-9,14.0,0.16100000000000012)(62.10817096087519 72.0)
(1.0E-9 14.0 0.16200000000000012)(24.46357079466367 114.0)
(1.0E-9,14.0,0.16200000000000012)(63.1358937928245 19.0)
(1.0E-9,14.0,0.16200000000000012)(62.22458705372148 54.0)
(1.0E-9,14.0,0.16200000000000012)(62.09275592313902 62.0)
(1.0E-9,14.0,0.16200000000000012)(62.14239466894998 67.0)
(1.0E-9,14.0,0.16200000000000012)(62.14239466894998 68.0)
(1.0E-9,14.0,0.16200000000000012)(63.00661529850565 41.0)
(1.0E-9,14.0,0.16200000000000012)(63.00661529850565 42.0)
(1.0E-9,14.0,0.16200000000000012)(62.14239466894998 69.0)
(1.0E-9,14.0,0.16200000000000012)(62.10817096087519 72.0)
(1.0E-9,14.0,0.16200000000000012)(62.10817096087519 73.0)
(1.0E-9,14.0,0.16200000000000012)(63.312853000090854 1.0)
(1.0E-9 14.0 0.16300000000000012)(24.46357079466367 114.0)
(1.0E-9,14.0,0.16300000000000012)(63.1358937928245 19.0)
(1.0E-9,14.0,0.16300000000000012)(62.22458705372148 54.0)
(1.0E-9,14.0,0.16300000000000012)(62.09275592313902 62.0)
(1.0E-9,14.0,0.16300000000000012)(62.14239466894998 67.0)
(1.0E-9,14.0,0.16300000000000012)(62.14239466894998 68.0)
(1.0E-9,14.0,0.16300000000000012)(63.00661529850565 41.0)
(1.0E-9,14.0,0.16300000000000012)(63.00661529850565 42.0)
(1.0E-9,14.0,0.16300000000000012)(62.14239466894998 69.0)
(1.0E-9,14.0,0.16300000000000012)(62.10817096087519 72.0)
(1.0E-9,14.0,0.16300000000000012)(62.10817096087519 73.0)
(1.0E-9,14.0,0.16300000000000012)(63.312853000090854 1.0)
(1.0E-9 14.0 0.16400000000000012)(22.63840379286634 111.0)
(1.0E-9,14.0,0.16400000000000012)(63.1358937928245 18.0)
(1.0E-9,14.0,0.16400000000000012)(62.54040209381848 46.0)
(1.0E-9,14.0,0.16400000000000012)(63.00661529850565 37.0)
(1.0E-9,14.0,0.16400000000000012)(63.312853000090854 1.0)
(1.0E-9,14.0,0.16400000000000012)(62.891084925921746 52.0)
(1.0E-9,14.0,0.16400000000000012)(63.06722645401987 38.0)
(1.0E-9,14.0,0.16400000000000012)(62.59807467486365 52.0)
(1.0E-9,14.0,0.16400000000000012)(62.882671003719054 52.0)
(1.0E-9,14.0,0.16400000000000012)(62.985199440982285 53.0)
(1.0E-9,14.0,0.16400000000000012)(62.371184319122435 58.0)
(1.0E-9,14.0,0.16400000000000012)(62.53671153297208 56.0)
(1.0E-9,14.0,0.16400000000000012)(62.59807467486365 54.0)
(1.0E-9,14.0,0.16400000000000012)(62.53671153297208 57.0)
(1.0E-9 14.0 0.16500000000000012)(22.348187474006785 112.0)
(1.0E-9,14.0,0.16500000000000012)(63.1358937928245 19.0)
(1.0E-9,14.0,0.16500000000000012)(61.23339964028697 58.0)
(1.0E-9,14.0,0.16500000000000012)(63.00661529850565 37.0)
(1.0E-9,14.0,0.16500000000000012)(63.312853000090854 1.0)
(1.0E-9,14.0,0.16500000000000012)(62.96165139462426 46.0)
(1.0E-9,14.0,0.16500000000000012)(60.62203535952691 70.0)
(1.0E-9,14.0,0.16500000000000012)(62.59807467486365 52.0)
(1.0E-9,14.0,0.16500000000000012)(61.040087243119714 71.0)
(1.0E-9,14.0,0.16500000000000012)(60.328426206878916 73.0)
(1.0E-9,14.0,0.16500000000000012)(60.25081864205866 70.0)
(1.0E-9,14.0,0.16500000000000012)(60.545604626551544 72.0)
(1.0E-9 14.0 0.16600000000000012)(22.348187474006785 112.0)
(1.0E-9,14.0,0.16600000000000012)(63.1358937928245 19.0)
(1.0E-9,14.0,0.16600000000000012)(61.23339964028697 58.0)
(1.0E-9,14.0,0.16600000000000012)(63.00661529850565 37.0)
(1.0E-9,14.0,0.16600000000000012)(63.312853000090854 1.0)
(1.0E-9,14.0,0.16600000000000012)(61.207888054028636 68.0)
(1.0E-9,14.0,0.16600000000000012)(60.62203535952691 70.0)
(1.0E-9,14.0,0.16600000000000012)(61.10401213345825 68.0)
(1.0E-9,14.0,0.16600000000000012)(61.040087243119714 71.0)
(1.0E-9,14.0,0.16600000000000012)(57.87287403150974 73.0)
(1.0E-9,14.0,0.16600000000000012)(61.040087243119714 72.0)
(1.0E-9,14.0,0.16600000000000012)(60.52517067577732 69.0)
(1.0E-9,14.0,0.16600000000000012)(60.25081864205866 75.0)
(1.0E-9 14.0 0.16700000000000012)(22.348187474006785 112.0)
(1.0E-9,14.0,0.16700000000000012)(63.1358937928245 19.0)
(1.0E-9,14.0,0.16700000000000012)(61.23339964028697 58.0)
(1.0E-9,14.0,0.16700000000000012)(63.00661529850565 37.0)
(1.0E-9,14.0,0.16700000000000012)(63.312853000090854 1.0)
(1.0E-9,14.0,0.16700000000000012)(63.00661529850565 41.0)
(1.0E-9,14.0,0.16700000000000012)(60.31596261817189 69.0)
(1.0E-9,14.0,0.16700000000000012)(63.00661529850565 42.0)
(1.0E-9,14.0,0.16700000000000012)(63.00661529850565 40.0)
(1.0E-9,14.0,0.16700000000000012)(60.517671756996364 71.0)
(1.0E-9,14.0,0.16700000000000012)(60.5955281920678 73.0)
(1.0E-9,14.0,0.16700000000000012)(60.46806781824046 72.0)
(1.0E-9,14.0,0.16700000000000012)(62.84921971984382 56.0)
(1.0E-9,14.0,0.16700000000000012)(62.84921971984382 59.0)
(1.0E-9 14.0 0.16800000000000012)(22.348187474006785 112.0)
(1.0E-9,14.0,0.16800000000000012)(63.1358937928245 19.0)
(1.0E-9,14.0,0.16800000000000012)(61.23339964028697 58.0)
(1.0E-9,14.0,0.16800000000000012)(63.00661529850565 37.0)
(1.0E-9,14.0,0.16800000000000012)(63.312853000090854 1.0)
(1.0E-9,14.0,0.16800000000000012)(62.96165139462426 46.0)
(1.0E-9,14.0,0.16800000000000012)(62.82940364405435 51.0)
(1.0E-9,14.0,0.16800000000000012)(60.62203535952691 70.0)
(1.0E-9,14.0,0.16800000000000012)(62.891084925921746 55.0)
(1.0E-9,14.0,0.16800000000000012)(60.62203535952691 69.0)
(1.0E-9,14.0,0.16800000000000012)(62.891084925921746 52.0)
(1.0E-9,14.0,0.16800000000000012)(62.84921971984382 54.0)
(1.0E-9,14.0,0.16800000000000012)(63.312853000090854 7.0)
(1.0E-9,14.0,0.16800000000000012)(62.967520485081835 53.0)
(1.0E-9,14.0,0.16800000000000012)(63.08597570180083 40.0)
(1.0E-9,14.0,0.16800000000000012)(62.967520485081835 56.0)
(1.0E-9 14.0 0.16900000000000012)(22.348187474006785 112.0)
(1.0E-9,14.0,0.16900000000000012)(63.1358937928245 19.0)
(1.0E-9,14.0,0.16900000000000012)(61.23339964028697 58.0)
(1.0E-9,14.0,0.16900000000000012)(63.00661529850565 37.0)
(1.0E-9,14.0,0.16900000000000012)(63.312853000090854 1.0)
(1.0E-9,14.0,0.16900000000000012)(62.96165139462426 46.0)
(1.0E-9,14.0,0.16900000000000012)(62.82940364405435 51.0)
(1.0E-9,14.0,0.16900000000000012)(60.62203535952691 70.0)
(1.0E-9,14.0,0.16900000000000012)(62.891084925921746 55.0)
(1.0E-9,14.0,0.16900000000000012)(60.62203535952691 69.0)
(1.0E-9,14.0,0.16900000000000012)(62.891084925921746 52.0)
(1.0E-9,14.0,0.16900000000000012)(62.84921971984382 54.0)
(1.0E-9,14.0,0.16900000000000012)(63.312853000090854 7.0)
(1.0E-9,14.0,0.16900000000000012)(62.967520485081835 53.0)
(1.0E-9,14.0,0.16900000000000012)(63.08597570180083 40.0)
(1.0E-9,14.0,0.16900000000000012)(62.967520485081835 56.0)
(1.0E-9 14.0 0.17000000000000012)(22.348187474006785 112.0)
(1.0E-9,14.0,0.17000000000000012)(63.1358937928245 19.0)
(1.0E-9,14.0,0.17000000000000012)(61.23339964028697 58.0)
(1.0E-9,14.0,0.17000000000000012)(63.00661529850565 37.0)
(1.0E-9,14.0,0.17000000000000012)(63.312853000090854 1.0)
(1.0E-9,14.0,0.17000000000000012)(63.312853000090854 14.0)
(1.0E-9,14.0,0.17000000000000012)(63.312853000090854 20.0)
(1.0E-9,14.0,0.17000000000000012)(62.96504853923961 44.0)
(1.0E-9,14.0,0.17000000000000012)(62.35269957344418 62.0)
(1.0E-9,14.0,0.17000000000000012)(62.96504853923961 47.0)
(1.0E-9 14.0 0.17100000000000012)(22.348187474006785 112.0)
(1.0E-9,14.0,0.17100000000000012)(63.1358937928245 19.0)
(1.0E-9,14.0,0.17100000000000012)(61.23339964028697 58.0)
(1.0E-9,14.0,0.17100000000000012)(63.00661529850565 37.0)
(1.0E-9,14.0,0.17100000000000012)(63.312853000090854 1.0)
(1.0E-9,14.0,0.17100000000000012)(63.00661529850565 40.0)
(1.0E-9,14.0,0.17100000000000012)(63.06722645401987 41.0)
(1.0E-9,14.0,0.17100000000000012)(63.12639931142351 38.0)
(1.0E-9,14.0,0.17100000000000012)(62.96504853923961 43.0)
(1.0E-9,14.0,0.17100000000000012)(62.96504853923961 44.0)
(1.0E-9,14.0,0.17100000000000012)(62.978938154471024 43.0)
(1.0E-9,14.0,0.17100000000000012)(60.52517067577732 69.0)
(1.0E-9,14.0,0.17100000000000012)(60.60267819304076 66.0)
(1.0E-9 14.0 0.17200000000000013)(22.348187474006785 112.0)
(1.0E-9,14.0,0.17200000000000013)(63.1358937928245 19.0)
(1.0E-9,14.0,0.17200000000000013)(61.23339964028697 58.0)
(1.0E-9,14.0,0.17200000000000013)(63.00661529850565 37.0)
(1.0E-9,14.0,0.17200000000000013)(63.312853000090854 1.0)
(1.0E-9,14.0,0.17200000000000013)(63.00661529850565 40.0)
(1.0E-9,14.0,0.17200000000000013)(61.057501438787334 66.0)
(1.0E-9,14.0,0.17200000000000013)(63.06722645401987 41.0)
(1.0E-9,14.0,0.17200000000000013)(63.008770303205964 50.0)
(1.0E-9,14.0,0.17200000000000013)(62.967520485081835 52.0)
(1.0E-9,14.0,0.17200000000000013)(62.967520485081835 53.0)
(1.0E-9,14.0,0.17200000000000013)(62.967520485081835 54.0)
(1.0E-9,14.0,0.17200000000000013)(60.25081864205866 70.0)
(1.0E-9,14.0,0.17200000000000013)(60.181204488184605 71.0)
(1.0E-9 14.0 0.17300000000000013)(21.98516707580477 112.0)
(1.0E-9,14.0,0.17300000000000013)(63.1358937928245 18.0)
(1.0E-9,14.0,0.17300000000000013)(62.179639137791405 58.0)
(1.0E-9,14.0,0.17300000000000013)(63.00661529850565 39.0)
(1.0E-9,14.0,0.17300000000000013)(63.312853000090854 1.0)
(1.0E-9,14.0,0.17300000000000013)(63.00661529850565 40.0)
(1.0E-9,14.0,0.17300000000000013)(62.967036599088416 42.0)
(1.0E-9,14.0,0.17300000000000013)(63.06722645401987 39.0)
(1.0E-9,14.0,0.17300000000000013)(63.00661529850565 41.0)
(1.0E-9,14.0,0.17300000000000013)(63.02040143265253 39.0)
(1.0E-9,14.0,0.17300000000000013)(63.00661529850565 43.0)
(1.0E-9,14.0,0.17300000000000013)(63.00661529850565 45.0)
(1.0E-9,14.0,0.17300000000000013)(63.00661529850565 44.0)
(1.0E-9,14.0,0.17300000000000013)(63.00661529850565 46.0)
(1.0E-9 14.0 0.17400000000000013)(21.98516707580477 112.0)
(1.0E-9,14.0,0.17400000000000013)(63.1358937928245 18.0)
(1.0E-9,14.0,0.17400000000000013)(62.179639137791405 58.0)
(1.0E-9,14.0,0.17400000000000013)(63.00661529850565 39.0)
(1.0E-9,14.0,0.17400000000000013)(63.312853000090854 1.0)
(1.0E-9,14.0,0.17400000000000013)(63.06722645401987 38.0)
(1.0E-9,14.0,0.17400000000000013)(63.06722645401987 42.0)
(1.0E-9,14.0,0.17400000000000013)(63.06722645401987 41.0)
(1.0E-9,14.0,0.17400000000000013)(63.06722645401987 44.0)
(1.0E-9,14.0,0.17400000000000013)(63.06722645401987 43.0)
(1.0E-9 14.0 0.17500000000000013)(21.98516707580477 112.0)
(1.0E-9,14.0,0.17500000000000013)(63.1358937928245 18.0)
(1.0E-9,14.0,0.17500000000000013)(62.22458705372148 56.0)
(1.0E-9,14.0,0.17500000000000013)(63.06722645401987 38.0)
(1.0E-9,14.0,0.17500000000000013)(63.312853000090854 1.0)
(1.0E-9,14.0,0.17500000000000013)(63.06722645401987 33.0)
(1.0E-9,14.0,0.17500000000000013)(62.32824236280812 59.0)
(1.0E-9,14.0,0.17500000000000013)(63.12639931142351 37.0)
(1.0E-9,14.0,0.17500000000000013)(62.179639137791405 66.0)
(1.0E-9,14.0,0.17500000000000013)(62.179639137791405 64.0)
(1.0E-9,14.0,0.17500000000000013)(63.06722645401987 45.0)
(1.0E-9,14.0,0.17500000000000013)(62.179639137791405 62.0)
(1.0E-9 14.0 0.17600000000000013)(21.98516707580477 112.0)
(1.0E-9,14.0,0.17600000000000013)(63.1358937928245 18.0)
(1.0E-9,14.0,0.17600000000000013)(62.22458705372148 56.0)
(1.0E-9,14.0,0.17600000000000013)(63.06722645401987 38.0)
(1.0E-9,14.0,0.17600000000000013)(63.312853000090854 1.0)
(1.0E-9,14.0,0.17600000000000013)(63.06722645401987 33.0)
(1.0E-9,14.0,0.17600000000000013)(62.32824236280812 59.0)
(1.0E-9,14.0,0.17600000000000013)(63.12639931142351 37.0)
(1.0E-9,14.0,0.17600000000000013)(62.179639137791405 66.0)
(1.0E-9,14.0,0.17600000000000013)(62.179639137791405 64.0)
(1.0E-9,14.0,0.17600000000000013)(63.06722645401987 45.0)
(1.0E-9,14.0,0.17600000000000013)(62.179639137791405 62.0)
(1.0E-9 14.0 0.17700000000000013)(22.69322773568491 112.0)
(1.0E-9,14.0,0.17700000000000013)(63.1358937928245 16.0)
(1.0E-9,14.0,0.17700000000000013)(62.54040209381848 43.0)
(1.0E-9,14.0,0.17700000000000013)(63.00661529850565 35.0)
(1.0E-9,14.0,0.17700000000000013)(63.312853000090854 1.0)
(1.0E-9,14.0,0.17700000000000013)(63.06722645401987 38.0)
(1.0E-9,14.0,0.17700000000000013)(63.00661529850565 40.0)
(1.0E-9,14.0,0.17700000000000013)(63.00661529850565 41.0)
(1.0E-9,14.0,0.17700000000000013)(62.281993139345694 52.0)
(1.0E-9,14.0,0.17700000000000013)(62.44706169888543 50.0)
(1.0E-9,14.0,0.17700000000000013)(63.00661529850565 42.0)
(1.0E-9,14.0,0.17700000000000013)(62.40251146485262 51.0)
(1.0E-9,14.0,0.17700000000000013)(63.00661529850565 46.0)
(1.0E-9 14.0 0.17800000000000013)(22.69322773568491 112.0)
(1.0E-9,14.0,0.17800000000000013)(63.1358937928245 16.0)
(1.0E-9,14.0,0.17800000000000013)(62.54040209381848 43.0)
(1.0E-9,14.0,0.17800000000000013)(63.312853000090854 1.0)
(1.0E-9,14.0,0.17800000000000013)(63.06722645401987 33.0)
(1.0E-9,14.0,0.17800000000000013)(63.06722645401987 34.0)
(1.0E-9,14.0,0.17800000000000013)(63.00661529850565 36.0)
(1.0E-9,14.0,0.17800000000000013)(63.06722645401987 35.0)
(1.0E-9,14.0,0.17800000000000013)(63.06722645401987 45.0)
(1.0E-9 14.0 0.17900000000000013)(22.69322773568491 112.0)
(1.0E-9,14.0,0.17900000000000013)(63.1358937928245 16.0)
(1.0E-9,14.0,0.17900000000000013)(62.54040209381848 43.0)
(1.0E-9,14.0,0.17900000000000013)(63.312853000090854 1.0)
(1.0E-9,14.0,0.17900000000000013)(63.00661529850565 38.0)
(1.0E-9,14.0,0.17900000000000013)(63.06722645401987 40.0)
(1.0E-9,14.0,0.17900000000000013)(63.06722645401987 42.0)
(1.0E-9,14.0,0.17900000000000013)(63.06722645401987 41.0)
(1.0E-9,14.0,0.17900000000000013)(63.06722645401987 45.0)
(1.0E-9 14.0 0.18000000000000013)(21.98516707580477 112.0)
(1.0E-9,14.0,0.18000000000000013)(63.1358937928245 18.0)
(1.0E-9,14.0,0.18000000000000013)(62.31803723188704 55.0)
(1.0E-9,14.0,0.18000000000000013)(63.00661529850565 39.0)
(1.0E-9,14.0,0.18000000000000013)(63.312853000090854 1.0)
(1.0E-9,14.0,0.18000000000000013)(63.07693199520658 37.0)
(1.0E-9,14.0,0.18000000000000013)(63.06722645401987 42.0)
(1.0E-9,14.0,0.18000000000000013)(63.06722645401987 44.0)
(1.0E-9 14.0 0.18100000000000013)(21.291011055063354 113.0)
(1.0E-9,14.0,0.18100000000000013)(63.1358937928245 18.0)
(1.0E-9,14.0,0.18100000000000013)(62.31803723188704 55.0)
(1.0E-9,14.0,0.18100000000000013)(63.06722645401987 38.0)
(1.0E-9,14.0,0.18100000000000013)(63.312853000090854 1.0)
(1.0E-9,14.0,0.18100000000000013)(63.06722645401987 39.0)
(1.0E-9,14.0,0.18100000000000013)(63.06722645401987 40.0)
(1.0E-9,14.0,0.18100000000000013)(63.06722645401987 41.0)
(1.0E-9,14.0,0.18100000000000013)(63.06722645401987 42.0)
(1.0E-9,14.0,0.18100000000000013)(63.06722645401987 45.0)
(1.0E-9 14.0 0.18200000000000013)(21.291011055063354 113.0)
(1.0E-9,14.0,0.18200000000000013)(63.1358937928245 18.0)
(1.0E-9,14.0,0.18200000000000013)(62.31803723188704 55.0)
(1.0E-9,14.0,0.18200000000000013)(63.06722645401987 38.0)
(1.0E-9,14.0,0.18200000000000013)(63.312853000090854 1.0)
(1.0E-9,14.0,0.18200000000000013)(63.06722645401987 39.0)
(1.0E-9,14.0,0.18200000000000013)(63.06722645401987 40.0)
(1.0E-9,14.0,0.18200000000000013)(63.06722645401987 41.0)
(1.0E-9,14.0,0.18200000000000013)(63.06722645401987 42.0)
(1.0E-9,14.0,0.18200000000000013)(63.06722645401987 45.0)
(1.0E-9 14.0 0.18300000000000013)(21.291011055063354 113.0)
(1.0E-9,14.0,0.18300000000000013)(63.1358937928245 18.0)
(1.0E-9,14.0,0.18300000000000013)(62.22458705372148 56.0)
(1.0E-9,14.0,0.18300000000000013)(63.06722645401987 38.0)
(1.0E-9,14.0,0.18300000000000013)(63.312853000090854 1.0)
(1.0E-9,14.0,0.18300000000000013)(63.06722645401987 36.0)
(1.0E-9,14.0,0.18300000000000013)(63.06722645401987 39.0)
(1.0E-9,14.0,0.18300000000000013)(63.06722645401987 41.0)
(1.0E-9 14.0 0.18400000000000014)(21.291011055063354 113.0)
(1.0E-9,14.0,0.18400000000000014)(63.1358937928245 18.0)
(1.0E-9,14.0,0.18400000000000014)(62.22458705372148 56.0)
(1.0E-9,14.0,0.18400000000000014)(63.06722645401987 38.0)
(1.0E-9,14.0,0.18400000000000014)(63.312853000090854 1.0)
(1.0E-9,14.0,0.18400000000000014)(63.06722645401987 37.0)
(1.0E-9,14.0,0.18400000000000014)(63.04191038115853 45.0)
(1.0E-9,14.0,0.18400000000000014)(63.00661529850565 40.0)
(1.0E-9,14.0,0.18400000000000014)(63.06722645401987 41.0)
(1.0E-9,14.0,0.18400000000000014)(62.276831198221565 62.0)
(1.0E-9,14.0,0.18400000000000014)(63.06722645401987 43.0)
(1.0E-9 14.0 0.18500000000000014)(21.291011055063354 113.0)
(1.0E-9,14.0,0.18500000000000014)(63.1358937928245 18.0)
(1.0E-9,14.0,0.18500000000000014)(62.22458705372148 56.0)
(1.0E-9,14.0,0.18500000000000014)(63.06722645401987 38.0)
(1.0E-9,14.0,0.18500000000000014)(63.312853000090854 1.0)
(1.0E-9,14.0,0.18500000000000014)(63.06722645401987 37.0)
(1.0E-9,14.0,0.18500000000000014)(63.06722645401987 44.0)
(1.0E-9,14.0,0.18500000000000014)(63.095599933067454 40.0)
(1.0E-9,14.0,0.18500000000000014)(63.06722645401987 42.0)
(1.0E-9 14.0 0.18600000000000014)(21.14809099771678 116.0)
(1.0E-9,14.0,0.18600000000000014)(63.1358937928245 18.0)
(1.0E-9,14.0,0.18600000000000014)(62.22458705372148 56.0)
(1.0E-9,14.0,0.18600000000000014)(63.06722645401987 38.0)
(1.0E-9,14.0,0.18600000000000014)(63.312853000090854 1.0)
(1.0E-9,14.0,0.18600000000000014)(63.00661529850565 40.0)
(1.0E-9,14.0,0.18600000000000014)(63.06722645401987 44.0)
(1.0E-9,14.0,0.18600000000000014)(63.06722645401987 42.0)
(1.0E-9,14.0,0.18600000000000014)(63.06722645401987 43.0)
(1.0E-9 14.0 0.18700000000000014)(20.77747186711877 117.0)
(1.0E-9,14.0,0.18700000000000014)(63.1358937928245 18.0)
(1.0E-9,14.0,0.18700000000000014)(62.22458705372148 56.0)
(1.0E-9,14.0,0.18700000000000014)(63.06722645401987 38.0)
(1.0E-9,14.0,0.18700000000000014)(63.312853000090854 1.0)
(1.0E-9,14.0,0.18700000000000014)(63.04191038115853 48.0)
(1.0E-9,14.0,0.18700000000000014)(63.06722645401987 42.0)
(1.0E-9,14.0,0.18700000000000014)(63.06722645401987 44.0)
(1.0E-9,14.0,0.18700000000000014)(63.06722645401987 43.0)
(1.0E-9 14.0 0.18800000000000014)(20.77747186711877 117.0)
(1.0E-9,14.0,0.18800000000000014)(63.1358937928245 19.0)
(1.0E-9,14.0,0.18800000000000014)(62.22458705372148 56.0)
(1.0E-9,14.0,0.18800000000000014)(63.06722645401987 38.0)
(1.0E-9,14.0,0.18800000000000014)(63.312853000090854 1.0)
(1.0E-9,14.0,0.18800000000000014)(63.00661529850565 40.0)
(1.0E-9,14.0,0.18800000000000014)(63.06722645401987 39.0)
(1.0E-9,14.0,0.18800000000000014)(63.12639931142351 37.0)
(1.0E-9,14.0,0.18800000000000014)(63.06722645401987 42.0)
(1.0E-9,14.0,0.18800000000000014)(62.21870617211911 63.0)
(1.0E-9,14.0,0.18800000000000014)(63.06722645401987 45.0)
(1.0E-9 14.0 0.18900000000000014)(20.77747186711877 117.0)
(1.0E-9,14.0,0.18900000000000014)(63.1358937928245 19.0)
(1.0E-9,14.0,0.18900000000000014)(62.22458705372148 56.0)
(1.0E-9,14.0,0.18900000000000014)(63.06722645401987 38.0)
(1.0E-9,14.0,0.18900000000000014)(63.312853000090854 1.0)
(1.0E-9,14.0,0.18900000000000014)(63.00661529850565 40.0)
(1.0E-9,14.0,0.18900000000000014)(63.06722645401987 39.0)
(1.0E-9,14.0,0.18900000000000014)(63.12639931142351 37.0)
(1.0E-9,14.0,0.18900000000000014)(63.06722645401987 42.0)
(1.0E-9,14.0,0.18900000000000014)(62.21870617211911 63.0)
(1.0E-9,14.0,0.18900000000000014)(63.06722645401987 45.0)
(1.0E-9 14.0 0.19000000000000014)(20.9301030663757 118.0)
(1.0E-9,14.0,0.19000000000000014)(63.1358937928245 18.0)
(1.0E-9,14.0,0.19000000000000014)(62.22458705372148 56.0)
(1.0E-9,14.0,0.19000000000000014)(63.12639931142351 37.0)
(1.0E-9,14.0,0.19000000000000014)(63.312853000090854 1.0)
(1.0E-9,14.0,0.19000000000000014)(63.11686047036043 38.0)
(1.0E-9,14.0,0.19000000000000014)(63.11686047036043 39.0)
(1.0E-9,14.0,0.19000000000000014)(63.06722645401987 39.0)
(1.0E-9,14.0,0.19000000000000014)(62.32824236280812 67.0)
(1.0E-9,14.0,0.19000000000000014)(63.12639931142351 43.0)
(1.0E-9,14.0,0.19000000000000014)(63.12639931142351 41.0)
(1.0E-9 14.0 0.19100000000000014)(20.9301030663757 118.0)
(1.0E-9,14.0,0.19100000000000014)(63.1358937928245 18.0)
(1.0E-9,14.0,0.19100000000000014)(62.22458705372148 56.0)
(1.0E-9,14.0,0.19100000000000014)(63.06722645401987 37.0)
(1.0E-9,14.0,0.19100000000000014)(63.312853000090854 1.0)
(1.0E-9,14.0,0.19100000000000014)(63.06722645401987 39.0)
(1.0E-9,14.0,0.19100000000000014)(63.12639931142351 36.0)
(1.0E-9,14.0,0.19100000000000014)(63.11686047036043 39.0)
(1.0E-9 14.0 0.19200000000000014)(20.9301030663757 118.0)
(1.0E-9,14.0,0.19200000000000014)(63.1358937928245 19.0)
(1.0E-9,14.0,0.19200000000000014)(62.179639137791405 58.0)
(1.0E-9,14.0,0.19200000000000014)(63.06722645401987 37.0)
(1.0E-9,14.0,0.19200000000000014)(63.312853000090854 1.0)
(1.0E-9,14.0,0.19200000000000014)(63.312853000090854 7.0)
(1.0E-9,14.0,0.19200000000000014)(63.1358937928245 35.0)
(1.0E-9,14.0,0.19200000000000014)(63.12639931142351 37.0)
(1.0E-9,14.0,0.19200000000000014)(63.12639931142351 38.0)
(1.0E-9,14.0,0.19200000000000014)(63.11686047036043 38.0)
(1.0E-9,14.0,0.19200000000000014)(63.11686047036043 39.0)
(1.0E-9,14.0,0.19200000000000014)(63.11686047036043 41.0)
(1.0E-9,14.0,0.19200000000000014)(63.11686047036043 43.0)
(1.0E-9 14.0 0.19300000000000014)(20.9301030663757 118.0)
(1.0E-9,14.0,0.19300000000000014)(63.1358937928245 19.0)
(1.0E-9,14.0,0.19300000000000014)(62.22458705372148 56.0)
(1.0E-9,14.0,0.19300000000000014)(63.06722645401987 37.0)
(1.0E-9,14.0,0.19300000000000014)(63.312853000090854 1.0)
(1.0E-9,14.0,0.19300000000000014)(63.12639931142351 38.0)
(1.0E-9,14.0,0.19300000000000014)(63.05748166817281 40.0)
(1.0E-9,14.0,0.19300000000000014)(61.92118891410804 66.0)
(1.0E-9,14.0,0.19300000000000014)(62.05168339647639 64.0)
(1.0E-9,14.0,0.19300000000000014)(62.309326189564736 56.0)
(1.0E-9,14.0,0.19300000000000014)(62.05168339647639 63.0)
(1.0E-9 14.0 0.19400000000000014)(19.47247771761379 117.0)
(1.0E-9,14.0,0.19400000000000014)(63.1358937928245 18.0)
(1.0E-9,14.0,0.19400000000000014)(62.179639137791405 56.0)
(1.0E-9,14.0,0.19400000000000014)(63.00661529850565 38.0)
(1.0E-9,14.0,0.19400000000000014)(63.312853000090854 1.0)
(1.0E-9,14.0,0.19400000000000014)(63.00661529850565 37.0)
(1.0E-9,14.0,0.19400000000000014)(63.12639931142351 37.0)
(1.0E-9,14.0,0.19400000000000014)(62.32473088069092 67.0)
(1.0E-9,14.0,0.19400000000000014)(62.32824236280812 65.0)
(1.0E-9 14.0 0.19500000000000015)(19.47247771761379 117.0)
(1.0E-9,14.0,0.19500000000000015)(63.1358937928245 18.0)
(1.0E-9,14.0,0.19500000000000015)(62.179639137791405 56.0)
(1.0E-9,14.0,0.19500000000000015)(63.00661529850565 38.0)
(1.0E-9,14.0,0.19500000000000015)(63.312853000090854 1.0)
(1.0E-9,14.0,0.19500000000000015)(63.00661529850565 37.0)
(1.0E-9,14.0,0.19500000000000015)(63.12639931142351 37.0)
(1.0E-9,14.0,0.19500000000000015)(62.32473088069092 67.0)
(1.0E-9,14.0,0.19500000000000015)(62.32824236280812 65.0)
(1.0E-9 14.0 0.19600000000000015)(19.47247771761379 117.0)
(1.0E-9,14.0,0.19600000000000015)(63.1358937928245 18.0)
(1.0E-9,14.0,0.19600000000000015)(62.179639137791405 56.0)
(1.0E-9,14.0,0.19600000000000015)(63.00661529850565 38.0)
(1.0E-9,14.0,0.19600000000000015)(63.312853000090854 1.0)
(1.0E-9,14.0,0.19600000000000015)(63.00813466067176 30.0)
(1.0E-9,14.0,0.19600000000000015)(63.06722645401987 37.0)
(1.0E-9,14.0,0.19600000000000015)(63.06722645401987 36.0)
(1.0E-9,14.0,0.19600000000000015)(62.14239466894998 60.0)
(1.0E-9,14.0,0.19600000000000015)(63.06722645401987 39.0)
(1.0E-9,14.0,0.19600000000000015)(63.06722645401987 42.0)
(1.0E-9,14.0,0.19600000000000015)(63.06722645401987 40.0)
(1.0E-9,14.0,0.19600000000000015)(63.06722645401987 43.0)
(1.0E-9 14.0 0.19700000000000015)(19.47247771761379 117.0)
(1.0E-9,14.0,0.19700000000000015)(63.1358937928245 18.0)
(1.0E-9,14.0,0.19700000000000015)(62.179639137791405 56.0)
(1.0E-9,14.0,0.19700000000000015)(63.06722645401987 37.0)
(1.0E-9,14.0,0.19700000000000015)(63.312853000090854 1.0)
(1.0E-9,14.0,0.19700000000000015)(63.312853000090854 9.0)
(1.0E-9,14.0,0.19700000000000015)(63.06722645401987 38.0)
(1.0E-9,14.0,0.19700000000000015)(63.06722645401987 40.0)
(1.0E-9,14.0,0.19700000000000015)(62.168812692595054 63.0)
(1.0E-9,14.0,0.19700000000000015)(62.168812692595054 60.0)
(1.0E-9,14.0,0.19700000000000015)(62.168812692595054 61.0)
(1.0E-9 14.0 0.19800000000000015)(19.47247771761379 117.0)
(1.0E-9,14.0,0.19800000000000015)(63.1358937928245 18.0)
(1.0E-9,14.0,0.19800000000000015)(62.179639137791405 56.0)
(1.0E-9,14.0,0.19800000000000015)(63.06722645401987 37.0)
(1.0E-9,14.0,0.19800000000000015)(63.312853000090854 1.0)
(1.0E-9,14.0,0.19800000000000015)(63.06722645401987 38.0)
(1.0E-9,14.0,0.19800000000000015)(63.06722645401987 39.0)
(1.0E-9,14.0,0.19800000000000015)(63.06722645401987 40.0)
(1.0E-9,14.0,0.19800000000000015)(63.06722645401987 43.0)
(1.0E-9,14.0,0.19800000000000015)(62.168812692595054 62.0)
(1.0E-9 14.0 0.19900000000000015)(26.14200313286325 115.0)
(1.0E-9,14.0,0.19900000000000015)(63.1358937928245 18.0)
(1.0E-9,14.0,0.19900000000000015)(62.14239466894998 58.0)
(1.0E-9,14.0,0.19900000000000015)(63.06722645401987 37.0)
(1.0E-9,14.0,0.19900000000000015)(63.312853000090854 1.0)
(1.0E-9,14.0,0.19900000000000015)(63.12639931142351 39.0)
(1.0E-9,14.0,0.19900000000000015)(62.14239466894998 66.0)
(1.0E-9,14.0,0.19900000000000015)(63.06722645401987 40.0)
(1.0E-9,14.0,0.19900000000000015)(62.519471951050235 63.0)
(1.0E-9,14.0,0.19900000000000015)(63.06722645401987 43.0)
(1.0E-9 15.0 0.01)(63.07693199520658 21.0)
(1.0E-9,15.0,0.01)(63.312853000090854 1.0)
(1.0E-9,15.0,0.01)(63.312853000090854 3.0)
(1.0E-9,15.0,0.01)(63.312853000090854 5.0)
(1.0E-9,15.0,0.01)(63.1358937928245 9.0)
(1.0E-9,15.0,0.01)(63.1358937928245 11.0)
(1.0E-9,15.0,0.01)(63.1358937928245 14.0)
(1.0E-9,15.0,0.01)(63.1358937928245 16.0)
(1.0E-9,15.0,0.01)(63.07693199520658 21.0)
(1.0E-9 15.0 0.011)(63.07693199520658 21.0)
(1.0E-9,15.0,0.011)(63.312853000090854 1.0)
(1.0E-9,15.0,0.011)(63.312853000090854 3.0)
(1.0E-9,15.0,0.011)(63.312853000090854 5.0)
(1.0E-9,15.0,0.011)(63.1358937928245 11.0)
(1.0E-9,15.0,0.011)(63.1358937928245 13.0)
(1.0E-9,15.0,0.011)(63.1358937928245 14.0)
(1.0E-9,15.0,0.011)(63.1358937928245 16.0)
(1.0E-9,15.0,0.011)(63.07693199520658 21.0)
(1.0E-9 15.0 0.012)(63.07693199520658 21.0)
(1.0E-9,15.0,0.012)(63.312853000090854 1.0)
(1.0E-9,15.0,0.012)(63.312853000090854 3.0)
(1.0E-9,15.0,0.012)(63.312853000090854 5.0)
(1.0E-9,15.0,0.012)(63.1358937928245 11.0)
(1.0E-9,15.0,0.012)(63.1358937928245 13.0)
(1.0E-9,15.0,0.012)(63.1358937928245 14.0)
(1.0E-9,15.0,0.012)(63.1358937928245 16.0)
(1.0E-9,15.0,0.012)(63.07693199520658 21.0)
(1.0E-9 15.0 0.013000000000000001)(63.07693199520658 21.0)
(1.0E-9,15.0,0.013000000000000001)(63.312853000090854 1.0)
(1.0E-9,15.0,0.013000000000000001)(63.312853000090854 3.0)
(1.0E-9,15.0,0.013000000000000001)(63.312853000090854 5.0)
(1.0E-9,15.0,0.013000000000000001)(63.1358937928245 11.0)
(1.0E-9,15.0,0.013000000000000001)(63.1358937928245 13.0)
(1.0E-9,15.0,0.013000000000000001)(63.1358937928245 14.0)
(1.0E-9,15.0,0.013000000000000001)(63.1358937928245 16.0)
(1.0E-9,15.0,0.013000000000000001)(63.07693199520658 21.0)
(1.0E-9 15.0 0.014000000000000002)(63.07693199520658 21.0)
(1.0E-9,15.0,0.014000000000000002)(63.312853000090854 1.0)
(1.0E-9,15.0,0.014000000000000002)(63.312853000090854 3.0)
(1.0E-9,15.0,0.014000000000000002)(63.312853000090854 5.0)
(1.0E-9,15.0,0.014000000000000002)(63.1358937928245 11.0)
(1.0E-9,15.0,0.014000000000000002)(63.1358937928245 14.0)
(1.0E-9,15.0,0.014000000000000002)(63.1358937928245 16.0)
(1.0E-9,15.0,0.014000000000000002)(63.1358937928245 17.0)
(1.0E-9,15.0,0.014000000000000002)(63.07693199520658 21.0)
(1.0E-9 15.0 0.015000000000000003)(63.07693199520658 21.0)
(1.0E-9,15.0,0.015000000000000003)(63.312853000090854 1.0)
(1.0E-9,15.0,0.015000000000000003)(63.312853000090854 3.0)
(1.0E-9,15.0,0.015000000000000003)(63.312853000090854 5.0)
(1.0E-9,15.0,0.015000000000000003)(63.1358937928245 11.0)
(1.0E-9,15.0,0.015000000000000003)(63.1358937928245 14.0)
(1.0E-9,15.0,0.015000000000000003)(63.1358937928245 16.0)
(1.0E-9,15.0,0.015000000000000003)(63.1358937928245 17.0)
(1.0E-9,15.0,0.015000000000000003)(63.07693199520658 21.0)
(1.0E-9 15.0 0.016000000000000004)(63.07693199520658 21.0)
(1.0E-9,15.0,0.016000000000000004)(63.312853000090854 1.0)
(1.0E-9,15.0,0.016000000000000004)(63.312853000090854 3.0)
(1.0E-9,15.0,0.016000000000000004)(63.1358937928245 9.0)
(1.0E-9,15.0,0.016000000000000004)(63.1358937928245 11.0)
(1.0E-9,15.0,0.016000000000000004)(63.1358937928245 14.0)
(1.0E-9,15.0,0.016000000000000004)(63.1358937928245 16.0)
(1.0E-9,15.0,0.016000000000000004)(63.1358937928245 17.0)
(1.0E-9,15.0,0.016000000000000004)(63.07693199520658 21.0)
(1.0E-9 15.0 0.017000000000000005)(63.07693199520658 21.0)
(1.0E-9,15.0,0.017000000000000005)(63.312853000090854 1.0)
(1.0E-9,15.0,0.017000000000000005)(63.312853000090854 3.0)
(1.0E-9,15.0,0.017000000000000005)(63.312853000090854 5.0)
(1.0E-9,15.0,0.017000000000000005)(63.1358937928245 9.0)
(1.0E-9,15.0,0.017000000000000005)(63.1358937928245 11.0)
(1.0E-9,15.0,0.017000000000000005)(63.1358937928245 13.0)
(1.0E-9,15.0,0.017000000000000005)(63.1358937928245 14.0)
(1.0E-9,15.0,0.017000000000000005)(63.1358937928245 16.0)
(1.0E-9,15.0,0.017000000000000005)(63.1358937928245 17.0)
(1.0E-9,15.0,0.017000000000000005)(63.07693199520658 21.0)
(1.0E-9 15.0 0.018000000000000006)(63.03025880802586 23.0)
(1.0E-9,15.0,0.018000000000000006)(63.312853000090854 1.0)
(1.0E-9,15.0,0.018000000000000006)(63.312853000090854 3.0)
(1.0E-9,15.0,0.018000000000000006)(63.312853000090854 5.0)
(1.0E-9,15.0,0.018000000000000006)(63.1358937928245 11.0)
(1.0E-9,15.0,0.018000000000000006)(63.1358937928245 13.0)
(1.0E-9,15.0,0.018000000000000006)(63.1358937928245 14.0)
(1.0E-9,15.0,0.018000000000000006)(63.1358937928245 16.0)
(1.0E-9,15.0,0.018000000000000006)(63.1358937928245 17.0)
(1.0E-9,15.0,0.018000000000000006)(63.07693199520658 21.0)
(1.0E-9,15.0,0.018000000000000006)(63.07693199520658 22.0)
(1.0E-9 15.0 0.019000000000000006)(63.03025880802586 23.0)
(1.0E-9,15.0,0.019000000000000006)(63.312853000090854 1.0)
(1.0E-9,15.0,0.019000000000000006)(63.312853000090854 3.0)
(1.0E-9,15.0,0.019000000000000006)(63.312853000090854 5.0)
(1.0E-9,15.0,0.019000000000000006)(63.1358937928245 11.0)
(1.0E-9,15.0,0.019000000000000006)(63.1358937928245 13.0)
(1.0E-9,15.0,0.019000000000000006)(63.1358937928245 14.0)
(1.0E-9,15.0,0.019000000000000006)(63.1358937928245 16.0)
(1.0E-9,15.0,0.019000000000000006)(63.1358937928245 17.0)
(1.0E-9,15.0,0.019000000000000006)(63.07693199520658 21.0)
(1.0E-9,15.0,0.019000000000000006)(63.07693199520658 22.0)
(1.0E-9 15.0 0.020000000000000007)(63.03025880802586 23.0)
(1.0E-9,15.0,0.020000000000000007)(63.312853000090854 1.0)
(1.0E-9,15.0,0.020000000000000007)(63.312853000090854 3.0)
(1.0E-9,15.0,0.020000000000000007)(63.312853000090854 5.0)
(1.0E-9,15.0,0.020000000000000007)(63.1358937928245 11.0)
(1.0E-9,15.0,0.020000000000000007)(63.1358937928245 13.0)
(1.0E-9,15.0,0.020000000000000007)(63.1358937928245 14.0)
(1.0E-9,15.0,0.020000000000000007)(63.1358937928245 16.0)
(1.0E-9,15.0,0.020000000000000007)(63.1358937928245 17.0)
(1.0E-9,15.0,0.020000000000000007)(63.07693199520658 21.0)
(1.0E-9,15.0,0.020000000000000007)(63.07693199520658 22.0)
(1.0E-9 15.0 0.021000000000000008)(63.03025880802586 24.0)
(1.0E-9,15.0,0.021000000000000008)(63.312853000090854 1.0)
(1.0E-9,15.0,0.021000000000000008)(63.312853000090854 3.0)
(1.0E-9,15.0,0.021000000000000008)(63.1358937928245 9.0)
(1.0E-9,15.0,0.021000000000000008)(63.1358937928245 11.0)
(1.0E-9,15.0,0.021000000000000008)(63.1358937928245 14.0)
(1.0E-9,15.0,0.021000000000000008)(63.1358937928245 16.0)
(1.0E-9,15.0,0.021000000000000008)(63.07693199520658 21.0)
(1.0E-9,15.0,0.021000000000000008)(63.07693199520658 22.0)
(1.0E-9,15.0,0.021000000000000008)(63.03025880802586 23.0)
(1.0E-9,15.0,0.021000000000000008)(63.03025880802586 24.0)
(1.0E-9 15.0 0.02200000000000001)(62.86663067005866 32.0)
(1.0E-9,15.0,0.02200000000000001)(63.312853000090854 1.0)
(1.0E-9,15.0,0.02200000000000001)(63.312853000090854 5.0)
(1.0E-9,15.0,0.02200000000000001)(63.1358937928245 11.0)
(1.0E-9,15.0,0.02200000000000001)(63.1358937928245 14.0)
(1.0E-9,15.0,0.02200000000000001)(63.1358937928245 16.0)
(1.0E-9,15.0,0.02200000000000001)(63.1358937928245 17.0)
(1.0E-9,15.0,0.02200000000000001)(63.07693199520658 21.0)
(1.0E-9,15.0,0.02200000000000001)(63.07693199520658 22.0)
(1.0E-9,15.0,0.02200000000000001)(63.03025880802586 23.0)
(1.0E-9,15.0,0.02200000000000001)(63.03025880802586 24.0)
(1.0E-9,15.0,0.02200000000000001)(63.03025880802586 25.0)
(1.0E-9 15.0 0.02300000000000001)(62.96101575209007 31.0)
(1.0E-9,15.0,0.02300000000000001)(63.312853000090854 1.0)
(1.0E-9,15.0,0.02300000000000001)(63.312853000090854 5.0)
(1.0E-9,15.0,0.02300000000000001)(63.1358937928245 9.0)
(1.0E-9,15.0,0.02300000000000001)(63.1358937928245 13.0)
(1.0E-9,15.0,0.02300000000000001)(63.1358937928245 16.0)
(1.0E-9,15.0,0.02300000000000001)(63.07693199520658 21.0)
(1.0E-9,15.0,0.02300000000000001)(63.07693199520658 22.0)
(1.0E-9,15.0,0.02300000000000001)(63.03025880802586 23.0)
(1.0E-9,15.0,0.02300000000000001)(63.03025880802586 24.0)
(1.0E-9 15.0 0.02400000000000001)(62.86663067005866 31.0)
(1.0E-9,15.0,0.02400000000000001)(63.312853000090854 1.0)
(1.0E-9,15.0,0.02400000000000001)(63.312853000090854 5.0)
(1.0E-9,15.0,0.02400000000000001)(63.1358937928245 11.0)
(1.0E-9,15.0,0.02400000000000001)(63.1358937928245 14.0)
(1.0E-9,15.0,0.02400000000000001)(63.1358937928245 16.0)
(1.0E-9,15.0,0.02400000000000001)(63.07693199520658 21.0)
(1.0E-9,15.0,0.02400000000000001)(63.07693199520658 22.0)
(1.0E-9,15.0,0.02400000000000001)(63.03025880802586 23.0)
(1.0E-9,15.0,0.02400000000000001)(63.03025880802586 24.0)
(1.0E-9 15.0 0.025000000000000012)(62.70452548317137 34.0)
(1.0E-9,15.0,0.025000000000000012)(63.312853000090854 1.0)
(1.0E-9,15.0,0.025000000000000012)(63.312853000090854 5.0)
(1.0E-9,15.0,0.025000000000000012)(63.1358937928245 11.0)
(1.0E-9,15.0,0.025000000000000012)(63.1358937928245 14.0)
(1.0E-9,15.0,0.025000000000000012)(63.1358937928245 16.0)
(1.0E-9,15.0,0.025000000000000012)(63.1358937928245 19.0)
(1.0E-9,15.0,0.025000000000000012)(63.090035119442504 20.0)
(1.0E-9,15.0,0.025000000000000012)(63.07693199520658 22.0)
(1.0E-9,15.0,0.025000000000000012)(63.03025880802586 23.0)
(1.0E-9,15.0,0.025000000000000012)(63.03025880802586 24.0)
(1.0E-9,15.0,0.025000000000000012)(63.03025880802586 25.0)
(1.0E-9 15.0 0.026000000000000013)(62.70452548317137 34.0)
(1.0E-9,15.0,0.026000000000000013)(63.312853000090854 1.0)
(1.0E-9,15.0,0.026000000000000013)(63.312853000090854 5.0)
(1.0E-9,15.0,0.026000000000000013)(63.1358937928245 11.0)
(1.0E-9,15.0,0.026000000000000013)(63.1358937928245 14.0)
(1.0E-9,15.0,0.026000000000000013)(63.1358937928245 16.0)
(1.0E-9,15.0,0.026000000000000013)(63.1358937928245 19.0)
(1.0E-9,15.0,0.026000000000000013)(63.090035119442504 20.0)
(1.0E-9,15.0,0.026000000000000013)(63.07693199520658 22.0)
(1.0E-9,15.0,0.026000000000000013)(63.03025880802586 23.0)
(1.0E-9,15.0,0.026000000000000013)(63.03025880802586 24.0)
(1.0E-9,15.0,0.026000000000000013)(63.03025880802586 25.0)
(1.0E-9 15.0 0.027000000000000014)(62.477683564134296 45.0)
(1.0E-9,15.0,0.027000000000000014)(63.312853000090854 1.0)
(1.0E-9,15.0,0.027000000000000014)(63.312853000090854 5.0)
(1.0E-9,15.0,0.027000000000000014)(63.1358937928245 11.0)
(1.0E-9,15.0,0.027000000000000014)(63.1358937928245 16.0)
(1.0E-9,15.0,0.027000000000000014)(63.1358937928245 19.0)
(1.0E-9,15.0,0.027000000000000014)(63.090035119442504 21.0)
(1.0E-9,15.0,0.027000000000000014)(63.090035119442504 20.0)
(1.0E-9,15.0,0.027000000000000014)(63.03025880802586 23.0)
(1.0E-9,15.0,0.027000000000000014)(63.03025880802586 24.0)
(1.0E-9,15.0,0.027000000000000014)(63.03025880802586 25.0)
(1.0E-9 15.0 0.028000000000000014)(62.477683564134296 45.0)
(1.0E-9,15.0,0.028000000000000014)(63.312853000090854 1.0)
(1.0E-9,15.0,0.028000000000000014)(63.312853000090854 5.0)
(1.0E-9,15.0,0.028000000000000014)(63.1358937928245 14.0)
(1.0E-9,15.0,0.028000000000000014)(63.1358937928245 16.0)
(1.0E-9,15.0,0.028000000000000014)(63.07693199520658 21.0)
(1.0E-9,15.0,0.028000000000000014)(63.090035119442504 21.0)
(1.0E-9,15.0,0.028000000000000014)(63.03025880802586 23.0)
(1.0E-9,15.0,0.028000000000000014)(63.03025880802586 24.0)
(1.0E-9,15.0,0.028000000000000014)(63.03025880802586 25.0)
(1.0E-9 15.0 0.029000000000000015)(62.477683564134296 45.0)
(1.0E-9,15.0,0.029000000000000015)(63.312853000090854 1.0)
(1.0E-9,15.0,0.029000000000000015)(63.312853000090854 5.0)
(1.0E-9,15.0,0.029000000000000015)(63.1358937928245 14.0)
(1.0E-9,15.0,0.029000000000000015)(63.1358937928245 16.0)
(1.0E-9,15.0,0.029000000000000015)(63.07693199520658 21.0)
(1.0E-9,15.0,0.029000000000000015)(63.090035119442504 21.0)
(1.0E-9,15.0,0.029000000000000015)(63.03025880802586 23.0)
(1.0E-9,15.0,0.029000000000000015)(63.03025880802586 24.0)
(1.0E-9,15.0,0.029000000000000015)(63.03025880802586 25.0)
(1.0E-9 15.0 0.030000000000000016)(62.477683564134296 43.0)
(1.0E-9,15.0,0.030000000000000016)(63.312853000090854 1.0)
(1.0E-9,15.0,0.030000000000000016)(63.312853000090854 5.0)
(1.0E-9,15.0,0.030000000000000016)(63.1358937928245 13.0)
(1.0E-9,15.0,0.030000000000000016)(63.1358937928245 16.0)
(1.0E-9,15.0,0.030000000000000016)(63.1358937928245 17.0)
(1.0E-9,15.0,0.030000000000000016)(63.07693199520658 21.0)
(1.0E-9,15.0,0.030000000000000016)(63.090035119442504 21.0)
(1.0E-9,15.0,0.030000000000000016)(63.03025880802586 23.0)
(1.0E-9,15.0,0.030000000000000016)(63.03025880802586 24.0)
(1.0E-9,15.0,0.030000000000000016)(63.03025880802586 25.0)
(1.0E-9 15.0 0.031000000000000017)(61.23706195005199 52.0)
(1.0E-9,15.0,0.031000000000000017)(63.312853000090854 1.0)
(1.0E-9,15.0,0.031000000000000017)(63.1358937928245 9.0)
(1.0E-9,15.0,0.031000000000000017)(63.1358937928245 16.0)
(1.0E-9,15.0,0.031000000000000017)(63.1358937928245 17.0)
(1.0E-9,15.0,0.031000000000000017)(63.07693199520658 21.0)
(1.0E-9,15.0,0.031000000000000017)(63.07693199520658 22.0)
(1.0E-9,15.0,0.031000000000000017)(63.03025880802586 23.0)
(1.0E-9,15.0,0.031000000000000017)(63.03025880802586 24.0)
(1.0E-9,15.0,0.031000000000000017)(63.03025880802586 25.0)
(1.0E-9 15.0 0.032000000000000015)(61.23706195005199 52.0)
(1.0E-9,15.0,0.032000000000000015)(63.312853000090854 1.0)
(1.0E-9,15.0,0.032000000000000015)(63.1358937928245 9.0)
(1.0E-9,15.0,0.032000000000000015)(63.1358937928245 14.0)
(1.0E-9,15.0,0.032000000000000015)(63.1358937928245 16.0)
(1.0E-9,15.0,0.032000000000000015)(63.1358937928245 17.0)
(1.0E-9,15.0,0.032000000000000015)(63.07693199520658 22.0)
(1.0E-9,15.0,0.032000000000000015)(63.03025880802586 23.0)
(1.0E-9,15.0,0.032000000000000015)(63.03025880802586 24.0)
(1.0E-9,15.0,0.032000000000000015)(63.03025880802586 25.0)
(1.0E-9 15.0 0.033000000000000015)(61.23706195005199 52.0)
(1.0E-9,15.0,0.033000000000000015)(63.312853000090854 1.0)
(1.0E-9,15.0,0.033000000000000015)(63.1358937928245 9.0)
(1.0E-9,15.0,0.033000000000000015)(63.1358937928245 14.0)
(1.0E-9,15.0,0.033000000000000015)(63.1358937928245 16.0)
(1.0E-9,15.0,0.033000000000000015)(63.1358937928245 17.0)
(1.0E-9,15.0,0.033000000000000015)(63.07693199520658 22.0)
(1.0E-9,15.0,0.033000000000000015)(63.03025880802586 23.0)
(1.0E-9,15.0,0.033000000000000015)(63.03025880802586 24.0)
(1.0E-9,15.0,0.033000000000000015)(63.03025880802586 25.0)
(1.0E-9 15.0 0.034000000000000016)(61.23706195005199 52.0)
(1.0E-9,15.0,0.034000000000000016)(63.312853000090854 3.0)
(1.0E-9,15.0,0.034000000000000016)(63.1358937928245 11.0)
(1.0E-9,15.0,0.034000000000000016)(63.1358937928245 16.0)
(1.0E-9,15.0,0.034000000000000016)(63.1358937928245 17.0)
(1.0E-9,15.0,0.034000000000000016)(63.07693199520658 21.0)
(1.0E-9,15.0,0.034000000000000016)(63.07693199520658 22.0)
(1.0E-9,15.0,0.034000000000000016)(63.03025880802586 23.0)
(1.0E-9,15.0,0.034000000000000016)(63.03025880802586 24.0)
(1.0E-9,15.0,0.034000000000000016)(63.03025880802586 25.0)
(1.0E-9 15.0 0.03500000000000002)(61.23706195005199 52.0)
(1.0E-9,15.0,0.03500000000000002)(63.312853000090854 3.0)
(1.0E-9,15.0,0.03500000000000002)(63.1358937928245 11.0)
(1.0E-9,15.0,0.03500000000000002)(63.1358937928245 16.0)
(1.0E-9,15.0,0.03500000000000002)(63.1358937928245 17.0)
(1.0E-9,15.0,0.03500000000000002)(63.1358937928245 20.0)
(1.0E-9,15.0,0.03500000000000002)(63.07693199520658 22.0)
(1.0E-9,15.0,0.03500000000000002)(63.03025880802586 23.0)
(1.0E-9,15.0,0.03500000000000002)(63.03025880802586 25.0)
(1.0E-9,15.0,0.03500000000000002)(63.03025880802586 24.0)
(1.0E-9 15.0 0.03600000000000002)(61.23706195005199 52.0)
(1.0E-9,15.0,0.03600000000000002)(63.312853000090854 3.0)
(1.0E-9,15.0,0.03600000000000002)(63.1358937928245 11.0)
(1.0E-9,15.0,0.03600000000000002)(63.1358937928245 16.0)
(1.0E-9,15.0,0.03600000000000002)(63.1358937928245 17.0)
(1.0E-9,15.0,0.03600000000000002)(63.1358937928245 20.0)
(1.0E-9,15.0,0.03600000000000002)(63.07693199520658 22.0)
(1.0E-9,15.0,0.03600000000000002)(63.03025880802586 23.0)
(1.0E-9,15.0,0.03600000000000002)(63.03025880802586 25.0)
(1.0E-9,15.0,0.03600000000000002)(63.03025880802586 24.0)
(1.0E-9 15.0 0.03700000000000002)(61.23706195005199 54.0)
(1.0E-9,15.0,0.03700000000000002)(63.312853000090854 3.0)
(1.0E-9,15.0,0.03700000000000002)(63.1358937928245 11.0)
(1.0E-9,15.0,0.03700000000000002)(63.1358937928245 14.0)
(1.0E-9,15.0,0.03700000000000002)(63.1358937928245 16.0)
(1.0E-9,15.0,0.03700000000000002)(63.1358937928245 20.0)
(1.0E-9,15.0,0.03700000000000002)(63.07693199520658 22.0)
(1.0E-9,15.0,0.03700000000000002)(63.03025880802586 23.0)
(1.0E-9,15.0,0.03700000000000002)(63.03025880802586 24.0)
(1.0E-9,15.0,0.03700000000000002)(63.03025880802586 25.0)
(1.0E-9 15.0 0.03800000000000002)(61.871082967626464 50.0)
(1.0E-9,15.0,0.03800000000000002)(63.312853000090854 3.0)
(1.0E-9,15.0,0.03800000000000002)(63.1358937928245 11.0)
(1.0E-9,15.0,0.03800000000000002)(63.1358937928245 16.0)
(1.0E-9,15.0,0.03800000000000002)(63.1358937928245 17.0)
(1.0E-9,15.0,0.03800000000000002)(63.07693199520658 22.0)
(1.0E-9,15.0,0.03800000000000002)(63.03025880802586 23.0)
(1.0E-9,15.0,0.03800000000000002)(63.03025880802586 24.0)
(1.0E-9,15.0,0.03800000000000002)(63.03025880802586 25.0)
(1.0E-9 15.0 0.03900000000000002)(61.871082967626464 50.0)
(1.0E-9,15.0,0.03900000000000002)(63.312853000090854 3.0)
(1.0E-9,15.0,0.03900000000000002)(63.1358937928245 11.0)
(1.0E-9,15.0,0.03900000000000002)(63.1358937928245 16.0)
(1.0E-9,15.0,0.03900000000000002)(63.1358937928245 17.0)
(1.0E-9,15.0,0.03900000000000002)(63.07693199520658 22.0)
(1.0E-9,15.0,0.03900000000000002)(63.03025880802586 23.0)
(1.0E-9,15.0,0.03900000000000002)(63.03025880802586 24.0)
(1.0E-9,15.0,0.03900000000000002)(63.03025880802586 25.0)
(1.0E-9 15.0 0.04000000000000002)(61.871082967626464 50.0)
(1.0E-9,15.0,0.04000000000000002)(63.312853000090854 3.0)
(1.0E-9,15.0,0.04000000000000002)(63.1358937928245 11.0)
(1.0E-9,15.0,0.04000000000000002)(63.1358937928245 16.0)
(1.0E-9,15.0,0.04000000000000002)(63.1358937928245 17.0)
(1.0E-9,15.0,0.04000000000000002)(63.07693199520658 22.0)
(1.0E-9,15.0,0.04000000000000002)(63.03025880802586 23.0)
(1.0E-9,15.0,0.04000000000000002)(63.03025880802586 24.0)
(1.0E-9,15.0,0.04000000000000002)(63.03025880802586 25.0)
(1.0E-9 15.0 0.04100000000000002)(61.871082967626464 50.0)
(1.0E-9,15.0,0.04100000000000002)(63.312853000090854 3.0)
(1.0E-9,15.0,0.04100000000000002)(63.1358937928245 11.0)
(1.0E-9,15.0,0.04100000000000002)(63.1358937928245 16.0)
(1.0E-9,15.0,0.04100000000000002)(63.1358937928245 17.0)
(1.0E-9,15.0,0.04100000000000002)(63.07693199520658 22.0)
(1.0E-9,15.0,0.04100000000000002)(63.03025880802586 23.0)
(1.0E-9,15.0,0.04100000000000002)(63.03025880802586 24.0)
(1.0E-9,15.0,0.04100000000000002)(63.03025880802586 25.0)
(1.0E-9 15.0 0.04200000000000002)(61.871082967626464 50.0)
(1.0E-9,15.0,0.04200000000000002)(63.312853000090854 3.0)
(1.0E-9,15.0,0.04200000000000002)(63.1358937928245 11.0)
(1.0E-9,15.0,0.04200000000000002)(63.1358937928245 16.0)
(1.0E-9,15.0,0.04200000000000002)(63.1358937928245 17.0)
(1.0E-9,15.0,0.04200000000000002)(63.07693199520658 22.0)
(1.0E-9,15.0,0.04200000000000002)(63.03025880802586 23.0)
(1.0E-9,15.0,0.04200000000000002)(63.03025880802586 24.0)
(1.0E-9,15.0,0.04200000000000002)(63.03025880802586 25.0)
(1.0E-9 15.0 0.043000000000000024)(61.871082967626464 50.0)
(1.0E-9,15.0,0.043000000000000024)(63.312853000090854 3.0)
(1.0E-9,15.0,0.043000000000000024)(63.1358937928245 11.0)
(1.0E-9,15.0,0.043000000000000024)(63.1358937928245 16.0)
(1.0E-9,15.0,0.043000000000000024)(63.1358937928245 17.0)
(1.0E-9,15.0,0.043000000000000024)(63.07693199520658 22.0)
(1.0E-9,15.0,0.043000000000000024)(63.03025880802586 23.0)
(1.0E-9,15.0,0.043000000000000024)(63.03025880802586 24.0)
(1.0E-9,15.0,0.043000000000000024)(63.03025880802586 25.0)
(1.0E-9 15.0 0.044000000000000025)(61.871082967626464 50.0)
(1.0E-9,15.0,0.044000000000000025)(63.312853000090854 3.0)
(1.0E-9,15.0,0.044000000000000025)(63.1358937928245 11.0)
(1.0E-9,15.0,0.044000000000000025)(63.1358937928245 16.0)
(1.0E-9,15.0,0.044000000000000025)(63.1358937928245 17.0)
(1.0E-9,15.0,0.044000000000000025)(63.07693199520658 22.0)
(1.0E-9,15.0,0.044000000000000025)(63.03025880802586 23.0)
(1.0E-9,15.0,0.044000000000000025)(63.03025880802586 24.0)
(1.0E-9,15.0,0.044000000000000025)(63.03025880802586 25.0)
(1.0E-9 15.0 0.045000000000000026)(61.871082967626464 50.0)
(1.0E-9,15.0,0.045000000000000026)(63.312853000090854 3.0)
(1.0E-9,15.0,0.045000000000000026)(63.1358937928245 11.0)
(1.0E-9,15.0,0.045000000000000026)(63.1358937928245 16.0)
(1.0E-9,15.0,0.045000000000000026)(63.1358937928245 17.0)
(1.0E-9,15.0,0.045000000000000026)(63.07693199520658 22.0)
(1.0E-9,15.0,0.045000000000000026)(63.03025880802586 23.0)
(1.0E-9,15.0,0.045000000000000026)(63.03025880802586 24.0)
(1.0E-9,15.0,0.045000000000000026)(63.03025880802586 25.0)
(1.0E-9 15.0 0.04600000000000003)(61.871082967626464 50.0)
(1.0E-9,15.0,0.04600000000000003)(63.312853000090854 3.0)
(1.0E-9,15.0,0.04600000000000003)(63.1358937928245 11.0)
(1.0E-9,15.0,0.04600000000000003)(63.1358937928245 16.0)
(1.0E-9,15.0,0.04600000000000003)(63.1358937928245 17.0)
(1.0E-9,15.0,0.04600000000000003)(63.07693199520658 22.0)
(1.0E-9,15.0,0.04600000000000003)(63.03025880802586 23.0)
(1.0E-9,15.0,0.04600000000000003)(63.03025880802586 24.0)
(1.0E-9,15.0,0.04600000000000003)(63.03025880802586 25.0)
(1.0E-9 15.0 0.04700000000000003)(61.871082967626464 50.0)
(1.0E-9,15.0,0.04700000000000003)(63.312853000090854 3.0)
(1.0E-9,15.0,0.04700000000000003)(63.1358937928245 11.0)
(1.0E-9,15.0,0.04700000000000003)(63.1358937928245 16.0)
(1.0E-9,15.0,0.04700000000000003)(63.1358937928245 17.0)
(1.0E-9,15.0,0.04700000000000003)(63.07693199520658 22.0)
(1.0E-9,15.0,0.04700000000000003)(63.03025880802586 23.0)
(1.0E-9,15.0,0.04700000000000003)(63.03025880802586 24.0)
(1.0E-9,15.0,0.04700000000000003)(63.03025880802586 25.0)
(1.0E-9 15.0 0.04800000000000003)(61.871082967626464 50.0)
(1.0E-9,15.0,0.04800000000000003)(63.312853000090854 3.0)
(1.0E-9,15.0,0.04800000000000003)(63.1358937928245 11.0)
(1.0E-9,15.0,0.04800000000000003)(63.1358937928245 16.0)
(1.0E-9,15.0,0.04800000000000003)(63.1358937928245 17.0)
(1.0E-9,15.0,0.04800000000000003)(63.090035119442504 21.0)
(1.0E-9,15.0,0.04800000000000003)(63.03025880802586 23.0)
(1.0E-9,15.0,0.04800000000000003)(63.03025880802586 24.0)
(1.0E-9,15.0,0.04800000000000003)(63.03025880802586 25.0)
(1.0E-9 15.0 0.04900000000000003)(61.871082967626464 50.0)
(1.0E-9,15.0,0.04900000000000003)(63.312853000090854 3.0)
(1.0E-9,15.0,0.04900000000000003)(63.1358937928245 11.0)
(1.0E-9,15.0,0.04900000000000003)(63.1358937928245 14.0)
(1.0E-9,15.0,0.04900000000000003)(63.1358937928245 16.0)
(1.0E-9,15.0,0.04900000000000003)(63.1358937928245 17.0)
(1.0E-9,15.0,0.04900000000000003)(63.07693199520658 22.0)
(1.0E-9,15.0,0.04900000000000003)(63.03025880802586 23.0)
(1.0E-9,15.0,0.04900000000000003)(63.03025880802586 24.0)
(1.0E-9,15.0,0.04900000000000003)(63.03025880802586 25.0)
(1.0E-9 15.0 0.05000000000000003)(61.871082967626464 50.0)
(1.0E-9,15.0,0.05000000000000003)(63.312853000090854 3.0)
(1.0E-9,15.0,0.05000000000000003)(63.1358937928245 11.0)
(1.0E-9,15.0,0.05000000000000003)(63.1358937928245 14.0)
(1.0E-9,15.0,0.05000000000000003)(63.1358937928245 16.0)
(1.0E-9,15.0,0.05000000000000003)(63.1358937928245 17.0)
(1.0E-9,15.0,0.05000000000000003)(63.07693199520658 22.0)
(1.0E-9,15.0,0.05000000000000003)(63.03025880802586 23.0)
(1.0E-9,15.0,0.05000000000000003)(63.03025880802586 24.0)
(1.0E-9,15.0,0.05000000000000003)(63.03025880802586 25.0)
(1.0E-9 15.0 0.05100000000000003)(61.69049626037969 51.0)
(1.0E-9,15.0,0.05100000000000003)(63.312853000090854 3.0)
(1.0E-9,15.0,0.05100000000000003)(63.1358937928245 11.0)
(1.0E-9,15.0,0.05100000000000003)(63.1358937928245 14.0)
(1.0E-9,15.0,0.05100000000000003)(63.1358937928245 16.0)
(1.0E-9,15.0,0.05100000000000003)(63.1358937928245 17.0)
(1.0E-9,15.0,0.05100000000000003)(63.1358937928245 20.0)
(1.0E-9,15.0,0.05100000000000003)(63.07693199520658 22.0)
(1.0E-9,15.0,0.05100000000000003)(63.03025880802586 23.0)
(1.0E-9,15.0,0.05100000000000003)(63.03025880802586 24.0)
(1.0E-9,15.0,0.05100000000000003)(63.03025880802586 25.0)
(1.0E-9 15.0 0.05200000000000003)(61.69049626037969 51.0)
(1.0E-9,15.0,0.05200000000000003)(63.312853000090854 3.0)
(1.0E-9,15.0,0.05200000000000003)(63.1358937928245 11.0)
(1.0E-9,15.0,0.05200000000000003)(63.1358937928245 14.0)
(1.0E-9,15.0,0.05200000000000003)(63.1358937928245 16.0)
(1.0E-9,15.0,0.05200000000000003)(63.1358937928245 17.0)
(1.0E-9,15.0,0.05200000000000003)(63.1358937928245 20.0)
(1.0E-9,15.0,0.05200000000000003)(63.07693199520658 22.0)
(1.0E-9,15.0,0.05200000000000003)(63.03025880802586 23.0)
(1.0E-9,15.0,0.05200000000000003)(63.03025880802586 24.0)
(1.0E-9,15.0,0.05200000000000003)(63.03025880802586 25.0)
(1.0E-9 15.0 0.05300000000000003)(61.69049626037969 51.0)
(1.0E-9,15.0,0.05300000000000003)(63.312853000090854 3.0)
(1.0E-9,15.0,0.05300000000000003)(63.1358937928245 11.0)
(1.0E-9,15.0,0.05300000000000003)(63.1358937928245 14.0)
(1.0E-9,15.0,0.05300000000000003)(63.1358937928245 16.0)
(1.0E-9,15.0,0.05300000000000003)(63.1358937928245 17.0)
(1.0E-9,15.0,0.05300000000000003)(63.1358937928245 20.0)
(1.0E-9,15.0,0.05300000000000003)(63.07693199520658 22.0)
(1.0E-9,15.0,0.05300000000000003)(63.03025880802586 23.0)
(1.0E-9,15.0,0.05300000000000003)(63.03025880802586 24.0)
(1.0E-9 15.0 0.054000000000000034)(61.69049626037969 51.0)
(1.0E-9,15.0,0.054000000000000034)(63.312853000090854 3.0)
(1.0E-9,15.0,0.054000000000000034)(63.1358937928245 11.0)
(1.0E-9,15.0,0.054000000000000034)(63.1358937928245 14.0)
(1.0E-9,15.0,0.054000000000000034)(63.1358937928245 16.0)
(1.0E-9,15.0,0.054000000000000034)(63.1358937928245 17.0)
(1.0E-9,15.0,0.054000000000000034)(63.1358937928245 20.0)
(1.0E-9,15.0,0.054000000000000034)(63.07693199520658 22.0)
(1.0E-9,15.0,0.054000000000000034)(63.03025880802586 23.0)
(1.0E-9,15.0,0.054000000000000034)(63.03025880802586 24.0)
(1.0E-9 15.0 0.055000000000000035)(61.69049626037969 51.0)
(1.0E-9,15.0,0.055000000000000035)(63.312853000090854 3.0)
(1.0E-9,15.0,0.055000000000000035)(63.1358937928245 11.0)
(1.0E-9,15.0,0.055000000000000035)(63.1358937928245 14.0)
(1.0E-9,15.0,0.055000000000000035)(63.1358937928245 16.0)
(1.0E-9,15.0,0.055000000000000035)(63.1358937928245 17.0)
(1.0E-9,15.0,0.055000000000000035)(63.1358937928245 20.0)
(1.0E-9,15.0,0.055000000000000035)(63.07693199520658 22.0)
(1.0E-9,15.0,0.055000000000000035)(63.03025880802586 23.0)
(1.0E-9,15.0,0.055000000000000035)(63.03025880802586 24.0)
(1.0E-9,15.0,0.055000000000000035)(63.07693199520658 21.0)
(1.0E-9 15.0 0.056000000000000036)(61.69049626037969 51.0)
(1.0E-9,15.0,0.056000000000000036)(63.312853000090854 3.0)
(1.0E-9,15.0,0.056000000000000036)(63.1358937928245 11.0)
(1.0E-9,15.0,0.056000000000000036)(63.1358937928245 14.0)
(1.0E-9,15.0,0.056000000000000036)(63.1358937928245 16.0)
(1.0E-9,15.0,0.056000000000000036)(63.1358937928245 17.0)
(1.0E-9,15.0,0.056000000000000036)(63.1358937928245 20.0)
(1.0E-9,15.0,0.056000000000000036)(63.07693199520658 22.0)
(1.0E-9,15.0,0.056000000000000036)(63.03025880802586 23.0)
(1.0E-9,15.0,0.056000000000000036)(63.03025880802586 24.0)
(1.0E-9 15.0 0.05700000000000004)(61.69049626037969 51.0)
(1.0E-9,15.0,0.05700000000000004)(63.312853000090854 3.0)
(1.0E-9,15.0,0.05700000000000004)(63.1358937928245 11.0)
(1.0E-9,15.0,0.05700000000000004)(63.1358937928245 14.0)
(1.0E-9,15.0,0.05700000000000004)(63.1358937928245 16.0)
(1.0E-9,15.0,0.05700000000000004)(63.1358937928245 17.0)
(1.0E-9,15.0,0.05700000000000004)(63.1358937928245 20.0)
(1.0E-9,15.0,0.05700000000000004)(63.07693199520658 22.0)
(1.0E-9,15.0,0.05700000000000004)(63.03025880802586 23.0)
(1.0E-9,15.0,0.05700000000000004)(63.07693199520658 24.0)
(1.0E-9 15.0 0.05800000000000004)(61.69049626037969 51.0)
(1.0E-9,15.0,0.05800000000000004)(63.312853000090854 3.0)
(1.0E-9,15.0,0.05800000000000004)(63.1358937928245 11.0)
(1.0E-9,15.0,0.05800000000000004)(63.1358937928245 14.0)
(1.0E-9,15.0,0.05800000000000004)(63.1358937928245 16.0)
(1.0E-9,15.0,0.05800000000000004)(63.1358937928245 17.0)
(1.0E-9,15.0,0.05800000000000004)(63.1358937928245 20.0)
(1.0E-9,15.0,0.05800000000000004)(63.07693199520658 22.0)
(1.0E-9,15.0,0.05800000000000004)(63.03025880802586 23.0)
(1.0E-9,15.0,0.05800000000000004)(63.1358937928245 21.0)
(1.0E-9,15.0,0.05800000000000004)(63.07693199520658 24.0)
(1.0E-9 15.0 0.05900000000000004)(61.69049626037969 51.0)
(1.0E-9,15.0,0.05900000000000004)(63.312853000090854 3.0)
(1.0E-9,15.0,0.05900000000000004)(63.1358937928245 11.0)
(1.0E-9,15.0,0.05900000000000004)(63.1358937928245 14.0)
(1.0E-9,15.0,0.05900000000000004)(63.1358937928245 16.0)
(1.0E-9,15.0,0.05900000000000004)(63.1358937928245 17.0)
(1.0E-9,15.0,0.05900000000000004)(63.1358937928245 20.0)
(1.0E-9,15.0,0.05900000000000004)(63.07693199520658 22.0)
(1.0E-9,15.0,0.05900000000000004)(63.03025880802586 23.0)
(1.0E-9,15.0,0.05900000000000004)(63.1358937928245 21.0)
(1.0E-9,15.0,0.05900000000000004)(63.07693199520658 24.0)
(1.0E-9 15.0 0.06000000000000004)(61.69049626037969 51.0)
(1.0E-9,15.0,0.06000000000000004)(63.312853000090854 3.0)
(1.0E-9,15.0,0.06000000000000004)(63.1358937928245 11.0)
(1.0E-9,15.0,0.06000000000000004)(63.1358937928245 14.0)
(1.0E-9,15.0,0.06000000000000004)(63.1358937928245 16.0)
(1.0E-9,15.0,0.06000000000000004)(63.1358937928245 20.0)
(1.0E-9,15.0,0.06000000000000004)(63.07693199520658 22.0)
(1.0E-9,15.0,0.06000000000000004)(63.03025880802586 23.0)
(1.0E-9,15.0,0.06000000000000004)(63.1358937928245 21.0)
(1.0E-9,15.0,0.06000000000000004)(63.07693199520658 24.0)
(1.0E-9 15.0 0.06100000000000004)(61.69049626037969 51.0)
(1.0E-9,15.0,0.06100000000000004)(63.312853000090854 3.0)
(1.0E-9,15.0,0.06100000000000004)(63.1358937928245 11.0)
(1.0E-9,15.0,0.06100000000000004)(63.1358937928245 14.0)
(1.0E-9,15.0,0.06100000000000004)(63.1358937928245 16.0)
(1.0E-9,15.0,0.06100000000000004)(63.1358937928245 17.0)
(1.0E-9,15.0,0.06100000000000004)(63.07693199520658 22.0)
(1.0E-9,15.0,0.06100000000000004)(63.03025880802586 23.0)
(1.0E-9,15.0,0.06100000000000004)(63.03025880802586 24.0)
(1.0E-9,15.0,0.06100000000000004)(63.1358937928245 21.0)
(1.0E-9,15.0,0.06100000000000004)(63.1358937928245 20.0)
(1.0E-9 15.0 0.06200000000000004)(61.69049626037969 51.0)
(1.0E-9,15.0,0.06200000000000004)(63.312853000090854 3.0)
(1.0E-9,15.0,0.06200000000000004)(63.1358937928245 11.0)
(1.0E-9,15.0,0.06200000000000004)(63.1358937928245 14.0)
(1.0E-9,15.0,0.06200000000000004)(63.1358937928245 16.0)
(1.0E-9,15.0,0.06200000000000004)(63.1358937928245 17.0)
(1.0E-9,15.0,0.06200000000000004)(63.07693199520658 22.0)
(1.0E-9,15.0,0.06200000000000004)(63.03025880802586 23.0)
(1.0E-9,15.0,0.06200000000000004)(63.03025880802586 24.0)
(1.0E-9,15.0,0.06200000000000004)(63.1358937928245 20.0)
(1.0E-9,15.0,0.06200000000000004)(63.1358937928245 21.0)
(1.0E-9 15.0 0.06300000000000004)(61.69049626037969 51.0)
(1.0E-9,15.0,0.06300000000000004)(63.312853000090854 3.0)
(1.0E-9,15.0,0.06300000000000004)(63.1358937928245 11.0)
(1.0E-9,15.0,0.06300000000000004)(63.1358937928245 14.0)
(1.0E-9,15.0,0.06300000000000004)(63.1358937928245 16.0)
(1.0E-9,15.0,0.06300000000000004)(63.1358937928245 17.0)
(1.0E-9,15.0,0.06300000000000004)(63.07693199520658 22.0)
(1.0E-9,15.0,0.06300000000000004)(63.03025880802586 23.0)
(1.0E-9,15.0,0.06300000000000004)(63.03025880802586 24.0)
(1.0E-9,15.0,0.06300000000000004)(63.1358937928245 20.0)
(1.0E-9,15.0,0.06300000000000004)(63.1358937928245 21.0)
(1.0E-9 15.0 0.06400000000000004)(61.69049626037969 51.0)
(1.0E-9,15.0,0.06400000000000004)(63.312853000090854 3.0)
(1.0E-9,15.0,0.06400000000000004)(63.1358937928245 11.0)
(1.0E-9,15.0,0.06400000000000004)(63.1358937928245 14.0)
(1.0E-9,15.0,0.06400000000000004)(63.1358937928245 16.0)
(1.0E-9,15.0,0.06400000000000004)(63.1358937928245 17.0)
(1.0E-9,15.0,0.06400000000000004)(63.07693199520658 22.0)
(1.0E-9,15.0,0.06400000000000004)(63.03025880802586 23.0)
(1.0E-9,15.0,0.06400000000000004)(63.03025880802586 24.0)
(1.0E-9,15.0,0.06400000000000004)(63.1358937928245 20.0)
(1.0E-9,15.0,0.06400000000000004)(63.1358937928245 21.0)
(1.0E-9 15.0 0.06500000000000004)(61.69049626037969 51.0)
(1.0E-9,15.0,0.06500000000000004)(63.312853000090854 3.0)
(1.0E-9,15.0,0.06500000000000004)(63.1358937928245 11.0)
(1.0E-9,15.0,0.06500000000000004)(63.1358937928245 14.0)
(1.0E-9,15.0,0.06500000000000004)(63.1358937928245 16.0)
(1.0E-9,15.0,0.06500000000000004)(63.1358937928245 17.0)
(1.0E-9,15.0,0.06500000000000004)(63.07693199520658 22.0)
(1.0E-9,15.0,0.06500000000000004)(63.03025880802586 23.0)
(1.0E-9,15.0,0.06500000000000004)(63.03025880802586 24.0)
(1.0E-9,15.0,0.06500000000000004)(63.1358937928245 20.0)
(1.0E-9,15.0,0.06500000000000004)(63.1358937928245 21.0)
(1.0E-9 15.0 0.06600000000000004)(61.455365508360096 52.0)
(1.0E-9,15.0,0.06600000000000004)(63.312853000090854 3.0)
(1.0E-9,15.0,0.06600000000000004)(63.1358937928245 13.0)
(1.0E-9,15.0,0.06600000000000004)(63.1358937928245 16.0)
(1.0E-9,15.0,0.06600000000000004)(63.1358937928245 17.0)
(1.0E-9,15.0,0.06600000000000004)(63.07693199520658 22.0)
(1.0E-9,15.0,0.06600000000000004)(63.03025880802586 23.0)
(1.0E-9,15.0,0.06600000000000004)(63.03025880802586 24.0)
(1.0E-9,15.0,0.06600000000000004)(63.1358937928245 21.0)
(1.0E-9 15.0 0.06700000000000005)(61.455365508360096 52.0)
(1.0E-9,15.0,0.06700000000000005)(63.312853000090854 3.0)
(1.0E-9,15.0,0.06700000000000005)(63.1358937928245 13.0)
(1.0E-9,15.0,0.06700000000000005)(63.1358937928245 16.0)
(1.0E-9,15.0,0.06700000000000005)(63.1358937928245 17.0)
(1.0E-9,15.0,0.06700000000000005)(63.07693199520658 22.0)
(1.0E-9,15.0,0.06700000000000005)(63.03025880802586 23.0)
(1.0E-9,15.0,0.06700000000000005)(63.03025880802586 24.0)
(1.0E-9,15.0,0.06700000000000005)(63.1358937928245 21.0)
(1.0E-9,15.0,0.06700000000000005)(63.1358937928245 20.0)
(1.0E-9 15.0 0.06800000000000005)(61.455365508360096 52.0)
(1.0E-9,15.0,0.06800000000000005)(63.312853000090854 3.0)
(1.0E-9,15.0,0.06800000000000005)(63.1358937928245 13.0)
(1.0E-9,15.0,0.06800000000000005)(63.1358937928245 16.0)
(1.0E-9,15.0,0.06800000000000005)(63.1358937928245 17.0)
(1.0E-9,15.0,0.06800000000000005)(63.07693199520658 22.0)
(1.0E-9,15.0,0.06800000000000005)(63.03025880802586 23.0)
(1.0E-9,15.0,0.06800000000000005)(63.03025880802586 24.0)
(1.0E-9,15.0,0.06800000000000005)(63.1358937928245 21.0)
(1.0E-9 15.0 0.06900000000000005)(61.455365508360096 52.0)
(1.0E-9,15.0,0.06900000000000005)(63.312853000090854 3.0)
(1.0E-9,15.0,0.06900000000000005)(63.1358937928245 13.0)
(1.0E-9,15.0,0.06900000000000005)(63.1358937928245 16.0)
(1.0E-9,15.0,0.06900000000000005)(63.1358937928245 17.0)
(1.0E-9,15.0,0.06900000000000005)(63.07693199520658 22.0)
(1.0E-9,15.0,0.06900000000000005)(63.03025880802586 23.0)
(1.0E-9,15.0,0.06900000000000005)(63.03025880802586 24.0)
(1.0E-9,15.0,0.06900000000000005)(63.1358937928245 20.0)
(1.0E-9,15.0,0.06900000000000005)(63.1358937928245 21.0)
(1.0E-9 15.0 0.07000000000000005)(59.67525448224063 58.0)
(1.0E-9,15.0,0.07000000000000005)(63.312853000090854 3.0)
(1.0E-9,15.0,0.07000000000000005)(63.1358937928245 13.0)
(1.0E-9,15.0,0.07000000000000005)(63.1358937928245 16.0)
(1.0E-9,15.0,0.07000000000000005)(63.1358937928245 23.0)
(1.0E-9,15.0,0.07000000000000005)(63.0764769262858 28.0)
(1.0E-9,15.0,0.07000000000000005)(63.01650861089896 31.0)
(1.0E-9,15.0,0.07000000000000005)(63.01650861089896 32.0)
(1.0E-9,15.0,0.07000000000000005)(63.01650861089896 34.0)
(1.0E-9 15.0 0.07100000000000005)(59.67525448224063 58.0)
(1.0E-9,15.0,0.07100000000000005)(63.312853000090854 3.0)
(1.0E-9,15.0,0.07100000000000005)(63.1358937928245 14.0)
(1.0E-9,15.0,0.07100000000000005)(63.1358937928245 21.0)
(1.0E-9,15.0,0.07100000000000005)(63.1358937928245 23.0)
(1.0E-9,15.0,0.07100000000000005)(63.0764769262858 28.0)
(1.0E-9,15.0,0.07100000000000005)(63.0764769262858 30.0)
(1.0E-9,15.0,0.07100000000000005)(63.01650861089896 31.0)
(1.0E-9,15.0,0.07100000000000005)(63.01650861089896 32.0)
(1.0E-9,15.0,0.07100000000000005)(63.01650861089896 34.0)
(1.0E-9,15.0,0.07100000000000005)(63.01650861089896 35.0)
(1.0E-9 15.0 0.07200000000000005)(59.67525448224063 58.0)
(1.0E-9,15.0,0.07200000000000005)(63.312853000090854 3.0)
(1.0E-9,15.0,0.07200000000000005)(63.1358937928245 14.0)
(1.0E-9,15.0,0.07200000000000005)(63.1358937928245 21.0)
(1.0E-9,15.0,0.07200000000000005)(63.1358937928245 23.0)
(1.0E-9,15.0,0.07200000000000005)(63.0764769262858 28.0)
(1.0E-9,15.0,0.07200000000000005)(63.0764769262858 30.0)
(1.0E-9,15.0,0.07200000000000005)(63.01650861089896 31.0)
(1.0E-9,15.0,0.07200000000000005)(63.01650861089896 32.0)
(1.0E-9,15.0,0.07200000000000005)(63.01650861089896 34.0)
(1.0E-9,15.0,0.07200000000000005)(63.01650861089896 35.0)
(1.0E-9 15.0 0.07300000000000005)(59.67525448224063 58.0)
(1.0E-9,15.0,0.07300000000000005)(63.312853000090854 3.0)
(1.0E-9,15.0,0.07300000000000005)(63.1358937928245 14.0)
(1.0E-9,15.0,0.07300000000000005)(63.1358937928245 21.0)
(1.0E-9,15.0,0.07300000000000005)(63.1358937928245 23.0)
(1.0E-9,15.0,0.07300000000000005)(63.1358937928245 24.0)
(1.0E-9,15.0,0.07300000000000005)(63.0764769262858 29.0)
(1.0E-9,15.0,0.07300000000000005)(63.01650861089896 30.0)
(1.0E-9,15.0,0.07300000000000005)(63.01650861089896 31.0)
(1.0E-9,15.0,0.07300000000000005)(63.01650861089896 32.0)
(1.0E-9,15.0,0.07300000000000005)(63.01650861089896 34.0)
(1.0E-9 15.0 0.07400000000000005)(59.42296247700099 62.0)
(1.0E-9,15.0,0.07400000000000005)(63.312853000090854 3.0)
(1.0E-9,15.0,0.07400000000000005)(63.1358937928245 14.0)
(1.0E-9,15.0,0.07400000000000005)(63.1358937928245 22.0)
(1.0E-9,15.0,0.07400000000000005)(63.1358937928245 23.0)
(1.0E-9,15.0,0.07400000000000005)(63.0764769262858 30.0)
(1.0E-9,15.0,0.07400000000000005)(63.01650861089896 30.0)
(1.0E-9,15.0,0.07400000000000005)(63.01650861089896 32.0)
(1.0E-9,15.0,0.07400000000000005)(63.01650861089896 34.0)
(1.0E-9,15.0,0.07400000000000005)(63.01650861089896 35.0)
(1.0E-9 15.0 0.07500000000000005)(59.42296247700099 62.0)
(1.0E-9,15.0,0.07500000000000005)(63.312853000090854 3.0)
(1.0E-9,15.0,0.07500000000000005)(63.1358937928245 14.0)
(1.0E-9,15.0,0.07500000000000005)(63.1358937928245 22.0)
(1.0E-9,15.0,0.07500000000000005)(63.1358937928245 24.0)
(1.0E-9,15.0,0.07500000000000005)(63.0764769262858 30.0)
(1.0E-9,15.0,0.07500000000000005)(63.01650861089896 30.0)
(1.0E-9,15.0,0.07500000000000005)(63.01650861089896 31.0)
(1.0E-9,15.0,0.07500000000000005)(63.01650861089896 32.0)
(1.0E-9,15.0,0.07500000000000005)(63.01650861089896 34.0)
(1.0E-9,15.0,0.07500000000000005)(63.01650861089896 33.0)
(1.0E-9 15.0 0.07600000000000005)(58.946360081420934 63.0)
(1.0E-9,15.0,0.07600000000000005)(63.312853000090854 3.0)
(1.0E-9,15.0,0.07600000000000005)(63.1358937928245 17.0)
(1.0E-9,15.0,0.07600000000000005)(63.1358937928245 23.0)
(1.0E-9,15.0,0.07600000000000005)(63.0764769262858 29.0)
(1.0E-9,15.0,0.07600000000000005)(63.01650861089896 30.0)
(1.0E-9,15.0,0.07600000000000005)(63.01650861089896 31.0)
(1.0E-9,15.0,0.07600000000000005)(63.01650861089896 32.0)
(1.0E-9,15.0,0.07600000000000005)(63.01650861089896 34.0)
(1.0E-9,15.0,0.07600000000000005)(63.01650861089896 36.0)
(1.0E-9 15.0 0.07700000000000005)(58.7240158374108 64.0)
(1.0E-9,15.0,0.07700000000000005)(63.312853000090854 3.0)
(1.0E-9,15.0,0.07700000000000005)(63.1358937928245 14.0)
(1.0E-9,15.0,0.07700000000000005)(63.1358937928245 19.0)
(1.0E-9,15.0,0.07700000000000005)(63.1358937928245 21.0)
(1.0E-9,15.0,0.07700000000000005)(63.1358937928245 22.0)
(1.0E-9,15.0,0.07700000000000005)(63.07693199520658 27.0)
(1.0E-9,15.0,0.07700000000000005)(63.01650861089896 29.0)
(1.0E-9,15.0,0.07700000000000005)(63.01650861089896 30.0)
(1.0E-9 15.0 0.07800000000000006)(58.7240158374108 64.0)
(1.0E-9,15.0,0.07800000000000006)(63.312853000090854 3.0)
(1.0E-9,15.0,0.07800000000000006)(63.1358937928245 14.0)
(1.0E-9,15.0,0.07800000000000006)(63.1358937928245 19.0)
(1.0E-9,15.0,0.07800000000000006)(63.1358937928245 21.0)
(1.0E-9,15.0,0.07800000000000006)(63.1358937928245 22.0)
(1.0E-9,15.0,0.07800000000000006)(63.07693199520658 27.0)
(1.0E-9,15.0,0.07800000000000006)(63.01650861089896 29.0)
(1.0E-9,15.0,0.07800000000000006)(63.01650861089896 30.0)
(1.0E-9 15.0 0.07900000000000006)(58.67718884517644 65.0)
(1.0E-9,15.0,0.07900000000000006)(63.312853000090854 3.0)
(1.0E-9,15.0,0.07900000000000006)(63.1358937928245 16.0)
(1.0E-9,15.0,0.07900000000000006)(63.1358937928245 19.0)
(1.0E-9,15.0,0.07900000000000006)(63.1358937928245 21.0)
(1.0E-9,15.0,0.07900000000000006)(63.1358937928245 22.0)
(1.0E-9,15.0,0.07900000000000006)(63.07693199520658 27.0)
(1.0E-9,15.0,0.07900000000000006)(63.01650861089896 29.0)
(1.0E-9,15.0,0.07900000000000006)(63.01650861089896 30.0)
(1.0E-9,15.0,0.07900000000000006)(63.01650861089896 31.0)
(1.0E-9 15.0 0.08000000000000006)(58.67718884517644 65.0)
(1.0E-9,15.0,0.08000000000000006)(63.312853000090854 3.0)
(1.0E-9,15.0,0.08000000000000006)(63.1358937928245 16.0)
(1.0E-9,15.0,0.08000000000000006)(63.1358937928245 19.0)
(1.0E-9,15.0,0.08000000000000006)(63.1358937928245 21.0)
(1.0E-9,15.0,0.08000000000000006)(63.0764769262858 27.0)
(1.0E-9,15.0,0.08000000000000006)(63.01650861089896 29.0)
(1.0E-9,15.0,0.08000000000000006)(62.6929540152837 38.0)
(1.0E-9,15.0,0.08000000000000006)(62.34864760283683 47.0)
(1.0E-9,15.0,0.08000000000000006)(62.25474338707069 48.0)
(1.0E-9,15.0,0.08000000000000006)(60.94454565869171 55.0)
(1.0E-9,15.0,0.08000000000000006)(61.348563588599575 52.0)
(1.0E-9,15.0,0.08000000000000006)(60.86051719541699 58.0)
(1.0E-9,15.0,0.08000000000000006)(60.94454565869171 56.0)
(1.0E-9,15.0,0.08000000000000006)(61.348563588599575 53.0)
(1.0E-9 15.0 0.08100000000000006)(53.9513014552535 75.0)
(1.0E-9,15.0,0.08100000000000006)(63.312853000090854 3.0)
(1.0E-9,15.0,0.08100000000000006)(63.1358937928245 18.0)
(1.0E-9,15.0,0.08100000000000006)(63.1358937928245 21.0)
(1.0E-9,15.0,0.08100000000000006)(63.0764769262858 27.0)
(1.0E-9,15.0,0.08100000000000006)(62.6929540152837 38.0)
(1.0E-9,15.0,0.08100000000000006)(62.34864760283683 47.0)
(1.0E-9,15.0,0.08100000000000006)(62.25474338707069 48.0)
(1.0E-9,15.0,0.08100000000000006)(62.44706169888543 42.0)
(1.0E-9,15.0,0.08100000000000006)(60.94454565869171 55.0)
(1.0E-9,15.0,0.08100000000000006)(61.348563588599575 52.0)
(1.0E-9,15.0,0.08100000000000006)(60.94454565869171 56.0)
(1.0E-9,15.0,0.08100000000000006)(61.348563588599575 53.0)
(1.0E-9,15.0,0.08100000000000006)(61.2651235017151 55.0)
(1.0E-9 15.0 0.08200000000000006)(54.30335677364568 75.0)
(1.0E-9,15.0,0.08200000000000006)(63.312853000090854 3.0)
(1.0E-9,15.0,0.08200000000000006)(63.1358937928245 19.0)
(1.0E-9,15.0,0.08200000000000006)(63.1358937928245 21.0)
(1.0E-9,15.0,0.08200000000000006)(63.01650861089896 28.0)
(1.0E-9,15.0,0.08200000000000006)(62.6929540152837 38.0)
(1.0E-9,15.0,0.08200000000000006)(62.34864760283683 47.0)
(1.0E-9,15.0,0.08200000000000006)(62.60022933060055 39.0)
(1.0E-9,15.0,0.08200000000000006)(60.94454565869171 55.0)
(1.0E-9,15.0,0.08200000000000006)(60.94454565869171 56.0)
(1.0E-9,15.0,0.08200000000000006)(61.348563588599575 52.0)
(1.0E-9,15.0,0.08200000000000006)(61.348563588599575 53.0)
(1.0E-9 15.0 0.08300000000000006)(53.85623327052663 76.0)
(1.0E-9,15.0,0.08300000000000006)(63.312853000090854 5.0)
(1.0E-9,15.0,0.08300000000000006)(63.1358937928245 19.0)
(1.0E-9,15.0,0.08300000000000006)(63.1358937928245 25.0)
(1.0E-9,15.0,0.08300000000000006)(63.01650861089896 29.0)
(1.0E-9,15.0,0.08300000000000006)(63.07693199520658 28.0)
(1.0E-9,15.0,0.08300000000000006)(62.47268821889825 45.0)
(1.0E-9,15.0,0.08300000000000006)(62.25474338707069 48.0)
(1.0E-9,15.0,0.08300000000000006)(60.644881022272756 56.0)
(1.0E-9,15.0,0.08300000000000006)(60.94454565869171 55.0)
(1.0E-9,15.0,0.08300000000000006)(61.348563588599575 54.0)
(1.0E-9,15.0,0.08300000000000006)(61.348563588599575 52.0)
(1.0E-9,15.0,0.08300000000000006)(61.348563588599575 53.0)
(1.0E-9 15.0 0.08400000000000006)(49.61943637451142 78.0)
(1.0E-9,15.0,0.08400000000000006)(63.312853000090854 5.0)
(1.0E-9,15.0,0.08400000000000006)(63.1358937928245 19.0)
(1.0E-9,15.0,0.08400000000000006)(63.1358937928245 26.0)
(1.0E-9,15.0,0.08400000000000006)(63.01650861089896 30.0)
(1.0E-9,15.0,0.08400000000000006)(62.34864760283683 47.0)
(1.0E-9,15.0,0.08400000000000006)(62.60022933060055 39.0)
(1.0E-9,15.0,0.08400000000000006)(60.94454565869171 55.0)
(1.0E-9,15.0,0.08400000000000006)(60.86051719541699 59.0)
(1.0E-9,15.0,0.08400000000000006)(61.348563588599575 53.0)
(1.0E-9,15.0,0.08400000000000006)(61.348563588599575 52.0)
(1.0E-9,15.0,0.08400000000000006)(61.348563588599575 54.0)
(1.0E-9 15.0 0.08500000000000006)(49.61943637451142 78.0)
(1.0E-9,15.0,0.08500000000000006)(63.312853000090854 5.0)
(1.0E-9,15.0,0.08500000000000006)(63.1358937928245 19.0)
(1.0E-9,15.0,0.08500000000000006)(63.1358937928245 26.0)
(1.0E-9,15.0,0.08500000000000006)(63.01650861089896 30.0)
(1.0E-9,15.0,0.08500000000000006)(62.34864760283683 47.0)
(1.0E-9,15.0,0.08500000000000006)(62.60022933060055 39.0)
(1.0E-9,15.0,0.08500000000000006)(60.94454565869171 55.0)
(1.0E-9,15.0,0.08500000000000006)(60.86051719541699 59.0)
(1.0E-9,15.0,0.08500000000000006)(61.348563588599575 53.0)
(1.0E-9,15.0,0.08500000000000006)(61.348563588599575 52.0)
(1.0E-9,15.0,0.08500000000000006)(61.348563588599575 54.0)
(1.0E-9 15.0 0.08600000000000006)(49.61943637451142 78.0)
(1.0E-9,15.0,0.08600000000000006)(63.312853000090854 5.0)
(1.0E-9,15.0,0.08600000000000006)(63.1358937928245 19.0)
(1.0E-9,15.0,0.08600000000000006)(63.1358937928245 25.0)
(1.0E-9,15.0,0.08600000000000006)(63.07693199520658 28.0)
(1.0E-9,15.0,0.08600000000000006)(63.07693199520658 29.0)
(1.0E-9,15.0,0.08600000000000006)(63.07693199520658 32.0)
(1.0E-9,15.0,0.08600000000000006)(63.07693199520658 30.0)
(1.0E-9,15.0,0.08600000000000006)(63.07693199520658 34.0)
(1.0E-9,15.0,0.08600000000000006)(63.06722645401987 36.0)
(1.0E-9,15.0,0.08600000000000006)(63.07693199520658 31.0)
(1.0E-9,15.0,0.08600000000000006)(63.06722645401987 35.0)
(1.0E-9,15.0,0.08600000000000006)(63.07693199520658 33.0)
(1.0E-9 15.0 0.08700000000000006)(49.37515071602898 79.0)
(1.0E-9,15.0,0.08700000000000006)(63.312853000090854 5.0)
(1.0E-9,15.0,0.08700000000000006)(63.1358937928245 19.0)
(1.0E-9,15.0,0.08700000000000006)(63.07693199520658 23.0)
(1.0E-9,15.0,0.08700000000000006)(63.07693199520658 28.0)
(1.0E-9,15.0,0.08700000000000006)(63.07693199520658 29.0)
(1.0E-9,15.0,0.08700000000000006)(63.07693199520658 31.0)
(1.0E-9,15.0,0.08700000000000006)(63.07693199520658 32.0)
(1.0E-9,15.0,0.08700000000000006)(63.06722645401987 35.0)
(1.0E-9,15.0,0.08700000000000006)(63.06722645401987 34.0)
(1.0E-9 15.0 0.08800000000000006)(49.37515071602898 79.0)
(1.0E-9,15.0,0.08800000000000006)(63.312853000090854 5.0)
(1.0E-9,15.0,0.08800000000000006)(63.1358937928245 19.0)
(1.0E-9,15.0,0.08800000000000006)(63.07693199520658 23.0)
(1.0E-9,15.0,0.08800000000000006)(63.07693199520658 28.0)
(1.0E-9,15.0,0.08800000000000006)(63.07693199520658 29.0)
(1.0E-9,15.0,0.08800000000000006)(63.07693199520658 31.0)
(1.0E-9,15.0,0.08800000000000006)(63.07693199520658 32.0)
(1.0E-9,15.0,0.08800000000000006)(63.06722645401987 35.0)
(1.0E-9,15.0,0.08800000000000006)(63.07693199520658 30.0)
(1.0E-9 15.0 0.08900000000000007)(49.60423737011951 78.0)
(1.0E-9,15.0,0.08900000000000007)(63.312853000090854 5.0)
(1.0E-9,15.0,0.08900000000000007)(63.1358937928245 19.0)
(1.0E-9,15.0,0.08900000000000007)(63.07693199520658 27.0)
(1.0E-9,15.0,0.08900000000000007)(63.07693199520658 28.0)
(1.0E-9,15.0,0.08900000000000007)(63.07693199520658 29.0)
(1.0E-9,15.0,0.08900000000000007)(63.07693199520658 32.0)
(1.0E-9,15.0,0.08900000000000007)(63.07693199520658 30.0)
(1.0E-9,15.0,0.08900000000000007)(63.07693199520658 31.0)
(1.0E-9,15.0,0.08900000000000007)(63.06722645401987 37.0)
(1.0E-9,15.0,0.08900000000000007)(63.06722645401987 36.0)
(1.0E-9 15.0 0.09000000000000007)(49.60423737011951 78.0)
(1.0E-9,15.0,0.09000000000000007)(63.312853000090854 5.0)
(1.0E-9,15.0,0.09000000000000007)(63.1358937928245 19.0)
(1.0E-9,15.0,0.09000000000000007)(63.07693199520658 27.0)
(1.0E-9,15.0,0.09000000000000007)(63.07693199520658 28.0)
(1.0E-9,15.0,0.09000000000000007)(63.07693199520658 29.0)
(1.0E-9,15.0,0.09000000000000007)(63.07693199520658 32.0)
(1.0E-9,15.0,0.09000000000000007)(63.06722645401987 35.0)
(1.0E-9,15.0,0.09000000000000007)(63.07693199520658 33.0)
(1.0E-9,15.0,0.09000000000000007)(63.07693199520658 30.0)
(1.0E-9 15.0 0.09100000000000007)(49.60423737011951 78.0)
(1.0E-9,15.0,0.09100000000000007)(63.312853000090854 5.0)
(1.0E-9,15.0,0.09100000000000007)(63.1358937928245 19.0)
(1.0E-9,15.0,0.09100000000000007)(63.07693199520658 27.0)
(1.0E-9,15.0,0.09100000000000007)(63.07693199520658 28.0)
(1.0E-9,15.0,0.09100000000000007)(63.07693199520658 29.0)
(1.0E-9,15.0,0.09100000000000007)(63.07693199520658 32.0)
(1.0E-9,15.0,0.09100000000000007)(63.06722645401987 35.0)
(1.0E-9,15.0,0.09100000000000007)(63.07693199520658 33.0)
(1.0E-9,15.0,0.09100000000000007)(63.07693199520658 30.0)
(1.0E-9 15.0 0.09200000000000007)(49.43464378694158 79.0)
(1.0E-9,15.0,0.09200000000000007)(63.312853000090854 5.0)
(1.0E-9,15.0,0.09200000000000007)(63.1358937928245 19.0)
(1.0E-9,15.0,0.09200000000000007)(63.01650861089896 28.0)
(1.0E-9,15.0,0.09200000000000007)(63.07693199520658 28.0)
(1.0E-9,15.0,0.09200000000000007)(63.07693199520658 31.0)
(1.0E-9,15.0,0.09200000000000007)(63.07693199520658 34.0)
(1.0E-9,15.0,0.09200000000000007)(63.07693199520658 30.0)
(1.0E-9,15.0,0.09200000000000007)(63.06722645401987 36.0)
(1.0E-9,15.0,0.09200000000000007)(63.06722645401987 37.0)
(1.0E-9 15.0 0.09300000000000007)(45.76292212033992 85.0)
(1.0E-9,15.0,0.09300000000000007)(63.312853000090854 5.0)
(1.0E-9,15.0,0.09300000000000007)(63.1358937928245 24.0)
(1.0E-9,15.0,0.09300000000000007)(63.01650861089896 32.0)
(1.0E-9,15.0,0.09300000000000007)(62.633338336740074 46.0)
(1.0E-9,15.0,0.09300000000000007)(62.54040209381847 47.0)
(1.0E-9,15.0,0.09300000000000007)(62.44706169888543 46.0)
(1.0E-9,15.0,0.09300000000000007)(61.01015193521025 57.0)
(1.0E-9,15.0,0.09300000000000007)(61.20941564394119 56.0)
(1.0E-9,15.0,0.09300000000000007)(61.01015193521025 59.0)
(1.0E-9 15.0 0.09400000000000007)(49.43464378694158 79.0)
(1.0E-9,15.0,0.09400000000000007)(63.312853000090854 5.0)
(1.0E-9,15.0,0.09400000000000007)(63.1358937928245 19.0)
(1.0E-9,15.0,0.09400000000000007)(63.01650861089896 28.0)
(1.0E-9,15.0,0.09400000000000007)(63.07693199520658 28.0)
(1.0E-9,15.0,0.09400000000000007)(63.07693199520658 31.0)
(1.0E-9,15.0,0.09400000000000007)(63.07693199520658 32.0)
(1.0E-9,15.0,0.09400000000000007)(63.07693199520658 30.0)
(1.0E-9,15.0,0.09400000000000007)(63.06722645401987 34.0)
(1.0E-9 15.0 0.09500000000000007)(49.43464378694158 79.0)
(1.0E-9,15.0,0.09500000000000007)(63.312853000090854 5.0)
(1.0E-9,15.0,0.09500000000000007)(63.1358937928245 19.0)
(1.0E-9,15.0,0.09500000000000007)(63.01650861089896 28.0)
(1.0E-9,15.0,0.09500000000000007)(63.07693199520658 28.0)
(1.0E-9,15.0,0.09500000000000007)(63.07693199520658 29.0)
(1.0E-9,15.0,0.09500000000000007)(63.07693199520658 32.0)
(1.0E-9,15.0,0.09500000000000007)(63.07693199520658 33.0)
(1.0E-9,15.0,0.09500000000000007)(63.07693199520658 31.0)
(1.0E-9,15.0,0.09500000000000007)(63.06722645401987 34.0)
(1.0E-9,15.0,0.09500000000000007)(63.06722645401987 36.0)
(1.0E-9 15.0 0.09600000000000007)(49.43464378694158 79.0)
(1.0E-9,15.0,0.09600000000000007)(63.312853000090854 5.0)
(1.0E-9,15.0,0.09600000000000007)(63.1358937928245 19.0)
(1.0E-9,15.0,0.09600000000000007)(63.01650861089896 28.0)
(1.0E-9,15.0,0.09600000000000007)(63.07693199520658 28.0)
(1.0E-9,15.0,0.09600000000000007)(63.07693199520658 29.0)
(1.0E-9,15.0,0.09600000000000007)(63.07693199520658 32.0)
(1.0E-9,15.0,0.09600000000000007)(63.07693199520658 30.0)
(1.0E-9,15.0,0.09600000000000007)(63.07693199520658 31.0)
(1.0E-9 15.0 0.09700000000000007)(46.15043988980439 82.0)
(1.0E-9,15.0,0.09700000000000007)(63.312853000090854 5.0)
(1.0E-9,15.0,0.09700000000000007)(63.1358937928245 21.0)
(1.0E-9,15.0,0.09700000000000007)(63.01650861089896 29.0)
(1.0E-9,15.0,0.09700000000000007)(63.07693199520658 28.0)
(1.0E-9,15.0,0.09700000000000007)(63.07693199520658 31.0)
(1.0E-9,15.0,0.09700000000000007)(63.07693199520658 30.0)
(1.0E-9,15.0,0.09700000000000007)(63.07693199520658 33.0)
(1.0E-9,15.0,0.09700000000000007)(63.06722645401987 38.0)
(1.0E-9 15.0 0.09800000000000007)(46.15043988980439 82.0)
(1.0E-9,15.0,0.09800000000000007)(63.312853000090854 5.0)
(1.0E-9,15.0,0.09800000000000007)(63.1358937928245 21.0)
(1.0E-9,15.0,0.09800000000000007)(63.01650861089896 29.0)
(1.0E-9,15.0,0.09800000000000007)(63.07693199520658 28.0)
(1.0E-9,15.0,0.09800000000000007)(63.07693199520658 31.0)
(1.0E-9,15.0,0.09800000000000007)(63.07693199520658 30.0)
(1.0E-9,15.0,0.09800000000000007)(63.07693199520658 33.0)
(1.0E-9,15.0,0.09800000000000007)(63.06722645401987 38.0)
(1.0E-9 15.0 0.09900000000000007)(41.79824614659996 83.0)
(1.0E-9,15.0,0.09900000000000007)(63.312853000090854 5.0)
(1.0E-9,15.0,0.09900000000000007)(63.1358937928245 21.0)
(1.0E-9,15.0,0.09900000000000007)(63.07693199520658 28.0)
(1.0E-9,15.0,0.09900000000000007)(63.07693199520658 29.0)
(1.0E-9,15.0,0.09900000000000007)(63.07693199520658 31.0)
(1.0E-9,15.0,0.09900000000000007)(63.07693199520658 32.0)
(1.0E-9,15.0,0.09900000000000007)(63.07693199520658 30.0)
(1.0E-9,15.0,0.09900000000000007)(63.06722645401987 37.0)
(1.0E-9,15.0,0.09900000000000007)(63.07693199520658 33.0)
(1.0E-9 15.0 0.10000000000000007)(41.79824614659996 83.0)
(1.0E-9,15.0,0.10000000000000007)(63.312853000090854 6.0)
(1.0E-9,15.0,0.10000000000000007)(63.1358937928245 21.0)
(1.0E-9,15.0,0.10000000000000007)(63.07693199520658 28.0)
(1.0E-9,15.0,0.10000000000000007)(63.07693199520658 29.0)
(1.0E-9,15.0,0.10000000000000007)(63.07693199520658 31.0)
(1.0E-9,15.0,0.10000000000000007)(63.07693199520658 32.0)
(1.0E-9,15.0,0.10000000000000007)(63.06722645401987 36.0)
(1.0E-9,15.0,0.10000000000000007)(63.06722645401987 35.0)
(1.0E-9,15.0,0.10000000000000007)(63.07693199520658 30.0)
(1.0E-9,15.0,0.10000000000000007)(63.07693199520658 33.0)
(1.0E-9 15.0 0.10100000000000008)(39.762628365355155 92.0)
(1.0E-9,15.0,0.10100000000000008)(63.1358937928245 9.0)
(1.0E-9,15.0,0.10100000000000008)(63.1358937928245 24.0)
(1.0E-9,15.0,0.10100000000000008)(63.01650861089896 34.0)
(1.0E-9,15.0,0.10100000000000008)(62.45047280281832 49.0)
(1.0E-9,15.0,0.10100000000000008)(62.552080559079194 46.0)
(1.0E-9,15.0,0.10100000000000008)(61.916703537044135 53.0)
(1.0E-9,15.0,0.10100000000000008)(61.16337976077763 58.0)
(1.0E-9,15.0,0.10100000000000008)(61.20941564394119 57.0)
(1.0E-9,15.0,0.10100000000000008)(61.18284386954549 58.0)
(1.0E-9,15.0,0.10100000000000008)(61.18284386954549 59.0)
(1.0E-9,15.0,0.10100000000000008)(61.387491806135294 57.0)
(1.0E-9 15.0 0.10200000000000008)(39.762628365355155 92.0)
(1.0E-9,15.0,0.10200000000000008)(63.1358937928245 9.0)
(1.0E-9,15.0,0.10200000000000008)(63.1358937928245 24.0)
(1.0E-9,15.0,0.10200000000000008)(63.01650861089896 34.0)
(1.0E-9,15.0,0.10200000000000008)(62.45047280281832 49.0)
(1.0E-9,15.0,0.10200000000000008)(61.81076996746752 55.0)
(1.0E-9,15.0,0.10200000000000008)(61.81076996746752 54.0)
(1.0E-9,15.0,0.10200000000000008)(60.937314675026954 59.0)
(1.0E-9,15.0,0.10200000000000008)(61.01015193521025 58.0)
(1.0E-9,15.0,0.10200000000000008)(60.98347387622743 59.0)
(1.0E-9,15.0,0.10200000000000008)(60.98347387622743 60.0)
(1.0E-9,15.0,0.10200000000000008)(60.91060273401556 60.0)
(1.0E-9 15.0 0.10300000000000008)(39.762628365355155 92.0)
(1.0E-9,15.0,0.10300000000000008)(63.1358937928245 9.0)
(1.0E-9,15.0,0.10300000000000008)(63.1358937928245 25.0)
(1.0E-9,15.0,0.10300000000000008)(63.01650861089896 34.0)
(1.0E-9,15.0,0.10300000000000008)(62.45047280281832 49.0)
(1.0E-9,15.0,0.10300000000000008)(62.44706169888543 47.0)
(1.0E-9,15.0,0.10300000000000008)(61.01015193521025 57.0)
(1.0E-9,15.0,0.10300000000000008)(62.68611416528341 47.0)
(1.0E-9,15.0,0.10300000000000008)(61.01015193521025 58.0)
(1.0E-9,15.0,0.10300000000000008)(61.34153095920572 55.0)
(1.0E-9,15.0,0.10300000000000008)(61.315015129190975 57.0)
(1.0E-9,15.0,0.10300000000000008)(61.30405171925083 58.0)
(1.0E-9 15.0 0.10400000000000008)(39.762628365355155 92.0)
(1.0E-9,15.0,0.10400000000000008)(63.1358937928245 9.0)
(1.0E-9,15.0,0.10400000000000008)(63.1358937928245 25.0)
(1.0E-9,15.0,0.10400000000000008)(63.01650861089896 34.0)
(1.0E-9,15.0,0.10400000000000008)(62.45047280281832 49.0)
(1.0E-9,15.0,0.10400000000000008)(62.44706169888543 47.0)
(1.0E-9,15.0,0.10400000000000008)(61.01015193521025 57.0)
(1.0E-9,15.0,0.10400000000000008)(62.68611416528341 47.0)
(1.0E-9,15.0,0.10400000000000008)(61.01015193521025 58.0)
(1.0E-9,15.0,0.10400000000000008)(61.34153095920572 55.0)
(1.0E-9,15.0,0.10400000000000008)(61.315015129190975 57.0)
(1.0E-9,15.0,0.10400000000000008)(61.30405171925083 58.0)
(1.0E-9 15.0 0.10500000000000008)(39.762628365355155 92.0)
(1.0E-9,15.0,0.10500000000000008)(63.1358937928245 9.0)
(1.0E-9,15.0,0.10500000000000008)(63.1358937928245 25.0)
(1.0E-9,15.0,0.10500000000000008)(63.01650861089896 34.0)
(1.0E-9,15.0,0.10500000000000008)(62.45047280281832 49.0)
(1.0E-9,15.0,0.10500000000000008)(62.44706169888543 47.0)
(1.0E-9,15.0,0.10500000000000008)(61.01015193521025 57.0)
(1.0E-9,15.0,0.10500000000000008)(63.06722645401987 36.0)
(1.0E-9,15.0,0.10500000000000008)(61.01015193521025 58.0)
(1.0E-9,15.0,0.10500000000000008)(60.98347387622743 59.0)
(1.0E-9 15.0 0.10600000000000008)(39.762628365355155 92.0)
(1.0E-9,15.0,0.10600000000000008)(63.312853000090854 5.0)
(1.0E-9,15.0,0.10600000000000008)(63.1358937928245 24.0)
(1.0E-9,15.0,0.10600000000000008)(63.01650861089896 34.0)
(1.0E-9,15.0,0.10600000000000008)(62.45047280281832 49.0)
(1.0E-9,15.0,0.10600000000000008)(62.44706169888543 47.0)
(1.0E-9,15.0,0.10600000000000008)(61.7843927828878 55.0)
(1.0E-9,15.0,0.10600000000000008)(63.06722645401987 36.0)
(1.0E-9,15.0,0.10600000000000008)(62.00136625253311 55.0)
(1.0E-9,15.0,0.10600000000000008)(62.0276144249753 54.0)
(1.0E-9,15.0,0.10600000000000008)(62.00136625253311 57.0)
(1.0E-9,15.0,0.10600000000000008)(62.13301442191451 52.0)
(1.0E-9 15.0 0.10700000000000008)(34.170806762968745 91.0)
(1.0E-9,15.0,0.10700000000000008)(63.312853000090854 6.0)
(1.0E-9,15.0,0.10700000000000008)(63.1358937928245 26.0)
(1.0E-9,15.0,0.10700000000000008)(63.07693199520658 28.0)
(1.0E-9,15.0,0.10700000000000008)(63.07693199520658 29.0)
(1.0E-9,15.0,0.10700000000000008)(63.07693199520658 31.0)
(1.0E-9,15.0,0.10700000000000008)(63.07693199520658 30.0)
(1.0E-9,15.0,0.10700000000000008)(63.07693199520658 32.0)
(1.0E-9,15.0,0.10700000000000008)(63.06722645401987 37.0)
(1.0E-9 15.0 0.10800000000000008)(34.170806762968745 91.0)
(1.0E-9,15.0,0.10800000000000008)(63.312853000090854 6.0)
(1.0E-9,15.0,0.10800000000000008)(63.1358937928245 26.0)
(1.0E-9,15.0,0.10800000000000008)(63.07693199520658 28.0)
(1.0E-9,15.0,0.10800000000000008)(63.07693199520658 29.0)
(1.0E-9,15.0,0.10800000000000008)(63.07693199520658 31.0)
(1.0E-9,15.0,0.10800000000000008)(63.06722645401987 34.0)
(1.0E-9,15.0,0.10800000000000008)(63.06722645401987 35.0)
(1.0E-9,15.0,0.10800000000000008)(63.07693199520658 30.0)
(1.0E-9,15.0,0.10800000000000008)(63.312853000090854 1.0)
(1.0E-9,15.0,0.10800000000000008)(63.07693199520658 32.0)
(1.0E-9,15.0,0.10800000000000008)(63.07693199520658 33.0)
(1.0E-9,15.0,0.10800000000000008)(63.06722645401987 39.0)
(1.0E-9 15.0 0.10900000000000008)(33.36662924969925 92.0)
(1.0E-9,15.0,0.10900000000000008)(63.312853000090854 6.0)
(1.0E-9,15.0,0.10900000000000008)(63.1358937928245 26.0)
(1.0E-9,15.0,0.10900000000000008)(63.07693199520658 28.0)
(1.0E-9,15.0,0.10900000000000008)(63.07693199520658 29.0)
(1.0E-9,15.0,0.10900000000000008)(63.07693199520658 31.0)
(1.0E-9,15.0,0.10900000000000008)(63.06722645401987 34.0)
(1.0E-9,15.0,0.10900000000000008)(63.07693199520658 30.0)
(1.0E-9,15.0,0.10900000000000008)(63.06722645401987 35.0)
(1.0E-9,15.0,0.10900000000000008)(63.312853000090854 1.0)
(1.0E-9,15.0,0.10900000000000008)(63.06722645401987 33.0)
(1.0E-9,15.0,0.10900000000000008)(63.07693199520658 32.0)
(1.0E-9,15.0,0.10900000000000008)(63.06722645401987 38.0)
(1.0E-9 15.0 0.11000000000000008)(31.523602968818278 94.0)
(1.0E-9,15.0,0.11000000000000008)(63.1358937928245 9.0)
(1.0E-9,15.0,0.11000000000000008)(63.07693199520658 27.0)
(1.0E-9,15.0,0.11000000000000008)(63.07693199520658 30.0)
(1.0E-9,15.0,0.11000000000000008)(63.07693199520658 31.0)
(1.0E-9,15.0,0.11000000000000008)(63.06722645401987 34.0)
(1.0E-9,15.0,0.11000000000000008)(63.06722645401987 35.0)
(1.0E-9,15.0,0.11000000000000008)(63.06722645401987 37.0)
(1.0E-9,15.0,0.11000000000000008)(63.312853000090854 1.0)
(1.0E-9,15.0,0.11000000000000008)(63.06722645401987 36.0)
(1.0E-9,15.0,0.11000000000000008)(63.07693199520658 32.0)
(1.0E-9 15.0 0.11100000000000008)(31.523602968818278 94.0)
(1.0E-9,15.0,0.11100000000000008)(63.1358937928245 9.0)
(1.0E-9,15.0,0.11100000000000008)(63.07693199520658 27.0)
(1.0E-9,15.0,0.11100000000000008)(63.07693199520658 30.0)
(1.0E-9,15.0,0.11100000000000008)(63.07693199520658 31.0)
(1.0E-9,15.0,0.11100000000000008)(63.06722645401987 34.0)
(1.0E-9,15.0,0.11100000000000008)(63.06722645401987 35.0)
(1.0E-9,15.0,0.11100000000000008)(63.06722645401987 37.0)
(1.0E-9,15.0,0.11100000000000008)(63.312853000090854 1.0)
(1.0E-9,15.0,0.11100000000000008)(63.06722645401987 36.0)
(1.0E-9,15.0,0.11100000000000008)(63.07693199520658 32.0)
(1.0E-9 15.0 0.11200000000000009)(31.523602968818278 94.0)
(1.0E-9,15.0,0.11200000000000009)(63.1358937928245 11.0)
(1.0E-9,15.0,0.11200000000000009)(63.01650861089896 28.0)
(1.0E-9,15.0,0.11200000000000009)(63.07693199520658 28.0)
(1.0E-9,15.0,0.11200000000000009)(63.07693199520658 31.0)
(1.0E-9,15.0,0.11200000000000009)(63.06722645401987 32.0)
(1.0E-9,15.0,0.11200000000000009)(63.07693199520658 30.0)
(1.0E-9,15.0,0.11200000000000009)(63.06722645401987 38.0)
(1.0E-9,15.0,0.11200000000000009)(63.06722645401987 39.0)
(1.0E-9,15.0,0.11200000000000009)(63.06722645401987 41.0)
(1.0E-9 15.0 0.11300000000000009)(27.250884529682033 103.0)
(1.0E-9,15.0,0.11300000000000009)(63.1358937928245 11.0)
(1.0E-9,15.0,0.11300000000000009)(63.01650861089896 32.0)
(1.0E-9,15.0,0.11300000000000009)(62.35684453239775 50.0)
(1.0E-9,15.0,0.11300000000000009)(61.99066715036199 55.0)
(1.0E-9,15.0,0.11300000000000009)(61.99066715036199 56.0)
(1.0E-9,15.0,0.11300000000000009)(63.06722645401987 39.0)
(1.0E-9,15.0,0.11300000000000009)(62.13301442191451 57.0)
(1.0E-9,15.0,0.11300000000000009)(62.0276144249753 54.0)
(1.0E-9,15.0,0.11300000000000009)(62.10685822032007 55.0)
(1.0E-9,15.0,0.11300000000000009)(62.00136625253311 54.0)
(1.0E-9,15.0,0.11300000000000009)(62.13301442191451 53.0)
(1.0E-9 15.0 0.11400000000000009)(27.073646603605646 105.0)
(1.0E-9,15.0,0.11400000000000009)(63.1358937928245 11.0)
(1.0E-9,15.0,0.11400000000000009)(63.01650861089896 33.0)
(1.0E-9,15.0,0.11400000000000009)(62.54040209381848 46.0)
(1.0E-9,15.0,0.11400000000000009)(62.00136625253311 54.0)
(1.0E-9,15.0,0.11400000000000009)(62.0276144249753 54.0)
(1.0E-9,15.0,0.11400000000000009)(62.13301442191451 53.0)
(1.0E-9,15.0,0.11400000000000009)(62.13301442191451 55.0)
(1.0E-9,15.0,0.11400000000000009)(61.97509586334772 58.0)
(1.0E-9,15.0,0.11400000000000009)(62.0276144249753 56.0)
(1.0E-9,15.0,0.11400000000000009)(62.10685822032007 59.0)
(1.0E-9 15.0 0.11500000000000009)(29.246859221852393 97.0)
(1.0E-9,15.0,0.11500000000000009)(63.1358937928245 11.0)
(1.0E-9,15.0,0.11500000000000009)(63.01650861089896 29.0)
(1.0E-9,15.0,0.11500000000000009)(63.07693199520658 31.0)
(1.0E-9,15.0,0.11500000000000009)(63.06722645401987 34.0)
(1.0E-9,15.0,0.11500000000000009)(63.06722645401987 36.0)
(1.0E-9,15.0,0.11500000000000009)(63.312853000090854 1.0)
(1.0E-9,15.0,0.11500000000000009)(63.06722645401987 35.0)
(1.0E-9,15.0,0.11500000000000009)(63.07693199520658 37.0)
(1.0E-9,15.0,0.11500000000000009)(63.07693199520658 32.0)
(1.0E-9 15.0 0.11600000000000009)(25.0822194631659 106.0)
(1.0E-9,15.0,0.11600000000000009)(63.1358937928245 11.0)
(1.0E-9,15.0,0.11600000000000009)(63.01650861089896 33.0)
(1.0E-9,15.0,0.11600000000000009)(62.44706169888543 47.0)
(1.0E-9,15.0,0.11600000000000009)(61.77356633769145 56.0)
(1.0E-9,15.0,0.11600000000000009)(61.77356633769145 57.0)
(1.0E-9,15.0,0.11600000000000009)(61.7843927828878 56.0)
(1.0E-9,15.0,0.11600000000000009)(61.77356633769145 58.0)
(1.0E-9,15.0,0.11600000000000009)(61.97509586334772 56.0)
(1.0E-9,15.0,0.11600000000000009)(61.75799505067717 58.0)
(1.0E-9,15.0,0.11600000000000009)(61.81076996746752 56.0)
(1.0E-9,15.0,0.11600000000000009)(61.916703537044135 55.0)
(1.0E-9,15.0,0.11600000000000009)(61.7843927828878 59.0)
(1.0E-9 15.0 0.11700000000000009)(25.0822194631659 106.0)
(1.0E-9,15.0,0.11700000000000009)(63.1358937928245 11.0)
(1.0E-9,15.0,0.11700000000000009)(63.01650861089896 33.0)
(1.0E-9,15.0,0.11700000000000009)(62.44706169888543 47.0)
(1.0E-9,15.0,0.11700000000000009)(61.77356633769145 56.0)
(1.0E-9,15.0,0.11700000000000009)(61.77356633769145 57.0)
(1.0E-9,15.0,0.11700000000000009)(61.7843927828878 56.0)
(1.0E-9,15.0,0.11700000000000009)(61.77356633769145 58.0)
(1.0E-9,15.0,0.11700000000000009)(61.97509586334772 56.0)
(1.0E-9,15.0,0.11700000000000009)(61.75799505067717 58.0)
(1.0E-9,15.0,0.11700000000000009)(61.81076996746752 56.0)
(1.0E-9,15.0,0.11700000000000009)(61.916703537044135 55.0)
(1.0E-9,15.0,0.11700000000000009)(61.7843927828878 59.0)
(1.0E-9 15.0 0.11800000000000009)(24.87430092281479 107.0)
(1.0E-9,15.0,0.11800000000000009)(63.1358937928245 13.0)
(1.0E-9,15.0,0.11800000000000009)(63.01650861089896 34.0)
(1.0E-9,15.0,0.11800000000000009)(62.35684453239775 50.0)
(1.0E-9,15.0,0.11800000000000009)(61.7843927828878 55.0)
(1.0E-9,15.0,0.11800000000000009)(61.7843927828878 56.0)
(1.0E-9,15.0,0.11800000000000009)(61.81076996746752 55.0)
(1.0E-9,15.0,0.11800000000000009)(62.0276144249753 54.0)
(1.0E-9,15.0,0.11800000000000009)(61.7843927828878 57.0)
(1.0E-9,15.0,0.11800000000000009)(62.10685822032007 58.0)
(1.0E-9,15.0,0.11800000000000009)(62.00136625253311 57.0)
(1.0E-9,15.0,0.11800000000000009)(61.916703537044135 55.0)
(1.0E-9,15.0,0.11800000000000009)(61.97509586334772 58.0)
(1.0E-9 15.0 0.11900000000000009)(24.977113275819466 106.0)
(1.0E-9,15.0,0.11900000000000009)(63.1358937928245 13.0)
(1.0E-9,15.0,0.11900000000000009)(63.01650861089896 34.0)
(1.0E-9,15.0,0.11900000000000009)(62.31994199379181 52.0)
(1.0E-9,15.0,0.11900000000000009)(61.77356633769145 56.0)
(1.0E-9,15.0,0.11900000000000009)(61.7843927828878 56.0)
(1.0E-9,15.0,0.11900000000000009)(61.81076996746752 55.0)
(1.0E-9,15.0,0.11900000000000009)(61.75799505067717 58.0)
(1.0E-9,15.0,0.11900000000000009)(61.7843927828878 57.0)
(1.0E-9,15.0,0.11900000000000009)(61.7843927828878 59.0)
(1.0E-9,15.0,0.11900000000000009)(61.75799505067717 60.0)
(1.0E-9 15.0 0.12000000000000009)(24.977113275819466 106.0)
(1.0E-9,15.0,0.12000000000000009)(63.1358937928245 13.0)
(1.0E-9,15.0,0.12000000000000009)(63.01650861089896 34.0)
(1.0E-9,15.0,0.12000000000000009)(62.31994199379181 52.0)
(1.0E-9,15.0,0.12000000000000009)(62.68611416528341 47.0)
(1.0E-9,15.0,0.12000000000000009)(63.06722645401987 36.0)
(1.0E-9,15.0,0.12000000000000009)(61.64052522011748 58.0)
(1.0E-9,15.0,0.12000000000000009)(61.64052522011748 57.0)
(1.0E-9,15.0,0.12000000000000009)(61.75799505067717 57.0)
(1.0E-9,15.0,0.12000000000000009)(61.61402848195577 59.0)
(1.0E-9,15.0,0.12000000000000009)(62.00136625253311 56.0)
(1.0E-9,15.0,0.12000000000000009)(61.61402848195577 62.0)
(1.0E-9,15.0,0.12000000000000009)(62.0276144249753 55.0)
(1.0E-9,15.0,0.12000000000000009)(61.97509586334772 59.0)
(1.0E-9 15.0 0.1210000000000001)(24.2432597889662 107.0)
(1.0E-9,15.0,0.1210000000000001)(63.1358937928245 13.0)
(1.0E-9,15.0,0.1210000000000001)(63.01650861089896 34.0)
(1.0E-9,15.0,0.1210000000000001)(62.330618879219706 51.0)
(1.0E-9,15.0,0.1210000000000001)(61.868268916353585 55.0)
(1.0E-9,15.0,0.1210000000000001)(61.871882925294564 54.0)
(1.0E-9,15.0,0.1210000000000001)(61.74695222795066 56.0)
(1.0E-9,15.0,0.1210000000000001)(61.84554762836636 56.0)
(1.0E-9,15.0,0.1210000000000001)(61.759462421841285 58.0)
(1.0E-9,15.0,0.1210000000000001)(61.759462421841285 59.0)
(1.0E-9,15.0,0.1210000000000001)(61.916703537044135 58.0)
(1.0E-9,15.0,0.1210000000000001)(61.7843927828878 57.0)
(1.0E-9,15.0,0.1210000000000001)(62.16415699594309 55.0)
(1.0E-9 15.0 0.1220000000000001)(24.956805585728755 106.0)
(1.0E-9,15.0,0.1220000000000001)(63.1358937928245 14.0)
(1.0E-9,15.0,0.1220000000000001)(62.6929540152837 43.0)
(1.0E-9,15.0,0.1220000000000001)(62.68611416528341 47.0)
(1.0E-9,15.0,0.1220000000000001)(63.06722645401987 36.0)
(1.0E-9,15.0,0.1220000000000001)(63.06722645401987 37.0)
(1.0E-9,15.0,0.1220000000000001)(63.06722645401987 39.0)
(1.0E-9,15.0,0.1220000000000001)(63.05748166817281 43.0)
(1.0E-9,15.0,0.1220000000000001)(63.06722645401987 40.0)
(1.0E-9,15.0,0.1220000000000001)(61.88447584590209 58.0)
(1.0E-9,15.0,0.1220000000000001)(63.039912877234535 43.0)
(1.0E-9,15.0,0.1220000000000001)(63.026199390384186 48.0)
(1.0E-9,15.0,0.1220000000000001)(62.0276144249753 55.0)
(1.0E-9,15.0,0.1220000000000001)(62.13301442191451 56.0)
(1.0E-9 15.0 0.1230000000000001)(23.988913356228846 109.0)
(1.0E-9,15.0,0.1230000000000001)(63.1358937928245 13.0)
(1.0E-9,15.0,0.1230000000000001)(62.31203543325964 52.0)
(1.0E-9,15.0,0.1230000000000001)(60.00097849098024 67.0)
(1.0E-9,15.0,0.1230000000000001)(59.44162917770051 70.0)
(1.0E-9,15.0,0.1230000000000001)(63.06722645401987 37.0)
(1.0E-9,15.0,0.1230000000000001)(59.44162917770051 71.0)
(1.0E-9,15.0,0.1230000000000001)(59.85351741294458 70.0)
(1.0E-9,15.0,0.1230000000000001)(56.652661577561716 72.0)
(1.0E-9,15.0,0.1230000000000001)(59.85351741294458 69.0)
(1.0E-9 15.0 0.1240000000000001)(23.988913356228846 109.0)
(1.0E-9,15.0,0.1240000000000001)(63.1358937928245 13.0)
(1.0E-9,15.0,0.1240000000000001)(62.31203543325964 52.0)
(1.0E-9,15.0,0.1240000000000001)(60.00097849098024 67.0)
(1.0E-9,15.0,0.1240000000000001)(59.44162917770051 70.0)
(1.0E-9,15.0,0.1240000000000001)(63.06722645401987 37.0)
(1.0E-9,15.0,0.1240000000000001)(59.44162917770051 71.0)
(1.0E-9,15.0,0.1240000000000001)(59.85351741294458 70.0)
(1.0E-9,15.0,0.1240000000000001)(56.652661577561716 72.0)
(1.0E-9,15.0,0.1240000000000001)(59.85351741294458 69.0)
(1.0E-9 15.0 0.12500000000000008)(24.956805585728755 106.0)
(1.0E-9,15.0,0.12500000000000008)(63.1358937928245 16.0)
(1.0E-9,15.0,0.12500000000000008)(62.54040209381848 46.0)
(1.0E-9,15.0,0.12500000000000008)(62.68611416528341 46.0)
(1.0E-9,15.0,0.12500000000000008)(63.06722645401987 36.0)
(1.0E-9,15.0,0.12500000000000008)(63.312853000090854 1.0)
(1.0E-9,15.0,0.12500000000000008)(63.06722645401987 37.0)
(1.0E-9,15.0,0.12500000000000008)(63.06722645401987 40.0)
(1.0E-9,15.0,0.12500000000000008)(63.06722645401987 39.0)
(1.0E-9,15.0,0.12500000000000008)(63.039912877234535 45.0)
(1.0E-9,15.0,0.12500000000000008)(63.05748166817281 42.0)
(1.0E-9,15.0,0.12500000000000008)(63.039912877234535 44.0)
(1.0E-9,15.0,0.12500000000000008)(63.039912877234535 48.0)
(1.0E-9,15.0,0.12500000000000008)(63.026199390384186 46.0)
(1.0E-9,15.0,0.12500000000000008)(62.0276144249753 55.0)
(1.0E-9,15.0,0.12500000000000008)(62.00136625253311 56.0)
(1.0E-9 15.0 0.12600000000000008)(24.956805585728755 106.0)
(1.0E-9,15.0,0.12600000000000008)(63.1358937928245 16.0)
(1.0E-9,15.0,0.12600000000000008)(62.54040209381848 46.0)
(1.0E-9,15.0,0.12600000000000008)(62.68611416528341 46.0)
(1.0E-9,15.0,0.12600000000000008)(63.06722645401987 37.0)
(1.0E-9,15.0,0.12600000000000008)(63.06722645401987 38.0)
(1.0E-9,15.0,0.12600000000000008)(63.06722645401987 40.0)
(1.0E-9,15.0,0.12600000000000008)(63.04380569898811 45.0)
(1.0E-9,15.0,0.12600000000000008)(63.06722645401987 44.0)
(1.0E-9,15.0,0.12600000000000008)(62.989092262735866 52.0)
(1.0E-9,15.0,0.12600000000000008)(63.039912877234535 44.0)
(1.0E-9,15.0,0.12600000000000008)(61.74714831404638 63.0)
(1.0E-9,15.0,0.12600000000000008)(61.916703537044135 57.0)
(1.0E-9,15.0,0.12600000000000008)(63.026199390384186 48.0)
(1.0E-9,15.0,0.12600000000000008)(61.7843927828878 57.0)
(1.0E-9 15.0 0.12700000000000009)(24.956805585728755 106.0)
(1.0E-9,15.0,0.12700000000000009)(63.1358937928245 16.0)
(1.0E-9,15.0,0.12700000000000009)(62.54040209381848 46.0)
(1.0E-9,15.0,0.12700000000000009)(62.68611416528341 46.0)
(1.0E-9,15.0,0.12700000000000009)(63.06722645401987 37.0)
(1.0E-9,15.0,0.12700000000000009)(63.06722645401987 38.0)
(1.0E-9,15.0,0.12700000000000009)(63.06722645401987 39.0)
(1.0E-9,15.0,0.12700000000000009)(63.06722645401987 40.0)
(1.0E-9,15.0,0.12700000000000009)(63.039912877234535 44.0)
(1.0E-9,15.0,0.12700000000000009)(63.039912877234535 42.0)
(1.0E-9,15.0,0.12700000000000009)(61.984793385686004 60.0)
(1.0E-9,15.0,0.12700000000000009)(63.026199390384186 46.0)
(1.0E-9,15.0,0.12700000000000009)(61.916703537044135 55.0)
(1.0E-9,15.0,0.12700000000000009)(63.039912877234535 48.0)
(1.0E-9,15.0,0.12700000000000009)(61.97411650025809 56.0)
(1.0E-9 15.0 0.12800000000000009)(24.956805585728755 106.0)
(1.0E-9,15.0,0.12800000000000009)(63.1358937928245 16.0)
(1.0E-9,15.0,0.12800000000000009)(62.54040209381848 46.0)
(1.0E-9,15.0,0.12800000000000009)(63.06722645401987 35.0)
(1.0E-9,15.0,0.12800000000000009)(63.312853000090854 1.0)
(1.0E-9,15.0,0.12800000000000009)(63.05748166817281 37.0)
(1.0E-9,15.0,0.12800000000000009)(63.06722645401987 39.0)
(1.0E-9,15.0,0.12800000000000009)(63.06722645401987 40.0)
(1.0E-9,15.0,0.12800000000000009)(63.039912877234535 43.0)
(1.0E-9,15.0,0.12800000000000009)(63.039912877234535 42.0)
(1.0E-9,15.0,0.12800000000000009)(63.026199390384186 45.0)
(1.0E-9,15.0,0.12800000000000009)(62.01101903886405 57.0)
(1.0E-9,15.0,0.12800000000000009)(61.964374839549265 59.0)
(1.0E-9,15.0,0.12800000000000009)(61.984793385686004 55.0)
(1.0E-9,15.0,0.12800000000000009)(61.984793385686004 54.0)
(1.0E-9 15.0 0.1290000000000001)(24.956805585728755 106.0)
(1.0E-9,15.0,0.1290000000000001)(63.1358937928245 16.0)
(1.0E-9,15.0,0.1290000000000001)(62.54040209381848 46.0)
(1.0E-9,15.0,0.1290000000000001)(62.68611416528341 46.0)
(1.0E-9,15.0,0.1290000000000001)(63.06722645401987 37.0)
(1.0E-9,15.0,0.1290000000000001)(63.312853000090854 1.0)
(1.0E-9,15.0,0.1290000000000001)(63.12639931142351 36.0)
(1.0E-9,15.0,0.1290000000000001)(62.15508739619296 57.0)
(1.0E-9,15.0,0.1290000000000001)(63.00661529850565 42.0)
(1.0E-9,15.0,0.1290000000000001)(63.06722645401987 41.0)
(1.0E-9,15.0,0.1290000000000001)(63.026199390384186 46.0)
(1.0E-9,15.0,0.1290000000000001)(63.039912877234535 44.0)
(1.0E-9,15.0,0.1290000000000001)(63.039912877234535 48.0)
(1.0E-9,15.0,0.1290000000000001)(63.026199390384186 50.0)
(1.0E-9 15.0 0.1300000000000001)(24.956805585728755 106.0)
(1.0E-9,15.0,0.1300000000000001)(63.1358937928245 16.0)
(1.0E-9,15.0,0.1300000000000001)(62.54040209381848 46.0)
(1.0E-9,15.0,0.1300000000000001)(62.68611416528341 46.0)
(1.0E-9,15.0,0.1300000000000001)(63.06722645401987 37.0)
(1.0E-9,15.0,0.1300000000000001)(63.312853000090854 1.0)
(1.0E-9,15.0,0.1300000000000001)(63.12639931142351 36.0)
(1.0E-9,15.0,0.1300000000000001)(62.15508739619296 57.0)
(1.0E-9,15.0,0.1300000000000001)(63.00661529850565 42.0)
(1.0E-9,15.0,0.1300000000000001)(63.06722645401987 41.0)
(1.0E-9,15.0,0.1300000000000001)(63.026199390384186 46.0)
(1.0E-9,15.0,0.1300000000000001)(63.039912877234535 44.0)
(1.0E-9,15.0,0.1300000000000001)(63.039912877234535 48.0)
(1.0E-9,15.0,0.1300000000000001)(63.026199390384186 50.0)
(1.0E-9 15.0 0.1310000000000001)(24.956805585728755 106.0)
(1.0E-9,15.0,0.1310000000000001)(63.1358937928245 16.0)
(1.0E-9,15.0,0.1310000000000001)(62.54040209381848 46.0)
(1.0E-9,15.0,0.1310000000000001)(62.68611416528341 46.0)
(1.0E-9,15.0,0.1310000000000001)(63.06722645401987 37.0)
(1.0E-9,15.0,0.1310000000000001)(63.312853000090854 1.0)
(1.0E-9,15.0,0.1310000000000001)(63.06722645401987 38.0)
(1.0E-9,15.0,0.1310000000000001)(63.06722645401987 40.0)
(1.0E-9,15.0,0.1310000000000001)(63.06722645401987 39.0)
(1.0E-9,15.0,0.1310000000000001)(63.05748166817281 41.0)
(1.0E-9,15.0,0.1310000000000001)(63.039912877234535 44.0)
(1.0E-9,15.0,0.1310000000000001)(63.039912877234535 43.0)
(1.0E-9,15.0,0.1310000000000001)(63.026199390384186 46.0)
(1.0E-9,15.0,0.1310000000000001)(63.039912877234535 48.0)
(1.0E-9,15.0,0.1310000000000001)(63.026199390384186 50.0)
(1.0E-9 15.0 0.1320000000000001)(24.956805585728755 106.0)
(1.0E-9,15.0,0.1320000000000001)(63.1358937928245 16.0)
(1.0E-9,15.0,0.1320000000000001)(62.54040209381848 46.0)
(1.0E-9,15.0,0.1320000000000001)(63.312853000090854 1.0)
(1.0E-9,15.0,0.1320000000000001)(63.06722645401987 37.0)
(1.0E-9,15.0,0.1320000000000001)(63.06722645401987 35.0)
(1.0E-9,15.0,0.1320000000000001)(63.06722645401987 40.0)
(1.0E-9,15.0,0.1320000000000001)(63.099492754821036 42.0)
(1.0E-9,15.0,0.1320000000000001)(63.039912877234535 44.0)
(1.0E-9,15.0,0.1320000000000001)(63.039912877234535 49.0)
(1.0E-9,15.0,0.1320000000000001)(63.039912877234535 48.0)
(1.0E-9,15.0,0.1320000000000001)(63.026199390384186 50.0)
(1.0E-9 15.0 0.1330000000000001)(24.2432597889662 107.0)
(1.0E-9,15.0,0.1330000000000001)(63.1358937928245 16.0)
(1.0E-9,15.0,0.1330000000000001)(62.54040209381848 46.0)
(1.0E-9,15.0,0.1330000000000001)(62.023166550770874 56.0)
(1.0E-9,15.0,0.1330000000000001)(63.312853000090854 1.0)
(1.0E-9,15.0,0.1330000000000001)(63.06722645401987 38.0)
(1.0E-9,15.0,0.1330000000000001)(63.00275878784539 45.0)
(1.0E-9,15.0,0.1330000000000001)(62.9050805322814 53.0)
(1.0E-9,15.0,0.1330000000000001)(62.981187010191356 51.0)
(1.0E-9,15.0,0.1330000000000001)(62.94445013355918 54.0)
(1.0E-9,15.0,0.1330000000000001)(63.020448768466686 50.0)
(1.0E-9,15.0,0.1330000000000001)(63.06722645401987 40.0)
(1.0E-9,15.0,0.1330000000000001)(63.01452092512347 52.0)
(1.0E-9,15.0,0.1330000000000001)(60.74011594332683 62.0)
(1.0E-9,15.0,0.1330000000000001)(63.00077072799659 59.0)
(1.0E-9,15.0,0.1330000000000001)(60.74011594332683 64.0)
(1.0E-9 15.0 0.1340000000000001)(23.084497970890887 107.0)
(1.0E-9,15.0,0.1340000000000001)(63.1358937928245 16.0)
(1.0E-9,15.0,0.1340000000000001)(61.81702301951495 55.0)
(1.0E-9,15.0,0.1340000000000001)(62.023166550770874 56.0)
(1.0E-9,15.0,0.1340000000000001)(63.312853000090854 1.0)
(1.0E-9,15.0,0.1340000000000001)(63.04191038115853 44.0)
(1.0E-9,15.0,0.1340000000000001)(60.256699523661034 67.0)
(1.0E-9,15.0,0.1340000000000001)(63.0106281033699 50.0)
(1.0E-9,15.0,0.1340000000000001)(59.51333626930135 70.0)
(1.0E-9,15.0,0.1340000000000001)(62.981187010191356 50.0)
(1.0E-9,15.0,0.1340000000000001)(60.38502909264872 65.0)
(1.0E-9,15.0,0.1340000000000001)(62.99298508448944 53.0)
(1.0E-9,15.0,0.1340000000000001)(62.97919895034255 55.0)
(1.0E-9,15.0,0.1340000000000001)(60.5976488163281 64.0)
(1.0E-9,15.0,0.1340000000000001)(62.97919895034255 57.0)
(1.0E-9,15.0,0.1340000000000001)(60.74011594332683 62.0)
(1.0E-9 15.0 0.1350000000000001)(22.39002053817622 108.0)
(1.0E-9,15.0,0.1350000000000001)(63.1358937928245 16.0)
(1.0E-9,15.0,0.1350000000000001)(62.54040209381848 46.0)
(1.0E-9,15.0,0.1350000000000001)(62.16236716779281 55.0)
(1.0E-9,15.0,0.1350000000000001)(63.312853000090854 1.0)
(1.0E-9,15.0,0.1350000000000001)(63.00661529850565 39.0)
(1.0E-9,15.0,0.1350000000000001)(63.020448768466686 49.0)
(1.0E-9,15.0,0.1350000000000001)(62.99298508448944 52.0)
(1.0E-9,15.0,0.1350000000000001)(62.97919895034255 55.0)
(1.0E-9,15.0,0.1350000000000001)(62.97919895034255 57.0)
(1.0E-9,15.0,0.1350000000000001)(62.97919895034255 60.0)
(1.0E-9 15.0 0.1360000000000001)(22.39002053817622 108.0)
(1.0E-9,15.0,0.1360000000000001)(63.1358937928245 16.0)
(1.0E-9,15.0,0.1360000000000001)(61.81702301951495 55.0)
(1.0E-9,15.0,0.1360000000000001)(62.16236716779281 55.0)
(1.0E-9,15.0,0.1360000000000001)(63.312853000090854 1.0)
(1.0E-9,15.0,0.1360000000000001)(63.00275878784539 45.0)
(1.0E-9,15.0,0.1360000000000001)(62.9913036983621 47.0)
(1.0E-9,15.0,0.1360000000000001)(62.99298508448944 55.0)
(1.0E-9,15.0,0.1360000000000001)(60.458536845876914 63.0)
(1.0E-9,15.0,0.1360000000000001)(60.67097357901411 63.0)
(1.0E-9,15.0,0.1360000000000001)(62.91691380228541 58.0)
(1.0E-9,15.0,0.1360000000000001)(60.74011594332683 62.0)
(1.0E-9,15.0,0.1360000000000001)(60.74011594332683 64.0)
(1.0E-9,15.0,0.1360000000000001)(62.97919895034255 60.0)
(1.0E-9 15.0 0.1370000000000001)(22.39002053817622 108.0)
(1.0E-9,15.0,0.1370000000000001)(63.1358937928245 16.0)
(1.0E-9,15.0,0.1370000000000001)(61.81702301951495 55.0)
(1.0E-9,15.0,0.1370000000000001)(62.16236716779281 55.0)
(1.0E-9,15.0,0.1370000000000001)(63.312853000090854 1.0)
(1.0E-9,15.0,0.1370000000000001)(63.00275878784539 45.0)
(1.0E-9,15.0,0.1370000000000001)(62.9913036983621 47.0)
(1.0E-9,15.0,0.1370000000000001)(62.99298508448944 55.0)
(1.0E-9,15.0,0.1370000000000001)(60.458536845876914 63.0)
(1.0E-9,15.0,0.1370000000000001)(60.67097357901411 63.0)
(1.0E-9,15.0,0.1370000000000001)(62.91691380228541 58.0)
(1.0E-9,15.0,0.1370000000000001)(60.74011594332683 62.0)
(1.0E-9,15.0,0.1370000000000001)(60.74011594332683 64.0)
(1.0E-9,15.0,0.1370000000000001)(62.97919895034255 60.0)
(1.0E-9 15.0 0.1380000000000001)(22.39002053817622 108.0)
(1.0E-9,15.0,0.1380000000000001)(63.1358937928245 16.0)
(1.0E-9,15.0,0.1380000000000001)(61.81702301951495 55.0)
(1.0E-9,15.0,0.1380000000000001)(62.023166550770874 56.0)
(1.0E-9,15.0,0.1380000000000001)(63.312853000090854 1.0)
(1.0E-9,15.0,0.1380000000000001)(62.9913036983621 47.0)
(1.0E-9,15.0,0.1380000000000001)(63.099492754821036 41.0)
(1.0E-9,15.0,0.1380000000000001)(62.97373490742382 48.0)
(1.0E-9,15.0,0.1380000000000001)(62.297951458310315 59.0)
(1.0E-9,15.0,0.1380000000000001)(63.039912877234535 46.0)
(1.0E-9,15.0,0.1380000000000001)(63.026199390384186 48.0)
(1.0E-9,15.0,0.1380000000000001)(63.026199390384186 45.0)
(1.0E-9,15.0,0.1380000000000001)(63.05358884641925 46.0)
(1.0E-9 15.0 0.1390000000000001)(22.39002053817622 108.0)
(1.0E-9,15.0,0.1390000000000001)(63.1358937928245 16.0)
(1.0E-9,15.0,0.1390000000000001)(62.54040209381848 46.0)
(1.0E-9,15.0,0.1390000000000001)(61.757173179607406 57.0)
(1.0E-9,15.0,0.1390000000000001)(63.312853000090854 1.0)
(1.0E-9,15.0,0.1390000000000001)(63.00661529850565 38.0)
(1.0E-9,15.0,0.1390000000000001)(62.83823394897776 54.0)
(1.0E-9,15.0,0.1390000000000001)(62.81029150230812 57.0)
(1.0E-9,15.0,0.1390000000000001)(58.73833725983545 73.0)
(1.0E-9,15.0,0.1390000000000001)(62.93166167106347 55.0)
(1.0E-9,15.0,0.1390000000000001)(62.9177063995012 57.0)
(1.0E-9,15.0,0.1390000000000001)(63.026199390384186 49.0)
(1.0E-9,15.0,0.1390000000000001)(62.9177063995012 62.0)
(1.0E-9 15.0 0.1400000000000001)(22.39002053817622 108.0)
(1.0E-9,15.0,0.1400000000000001)(63.1358937928245 16.0)
(1.0E-9,15.0,0.1400000000000001)(62.54040209381848 46.0)
(1.0E-9,15.0,0.1400000000000001)(61.757173179607406 57.0)
(1.0E-9,15.0,0.1400000000000001)(63.312853000090854 1.0)
(1.0E-9,15.0,0.1400000000000001)(61.73916658444352 62.0)
(1.0E-9,15.0,0.1400000000000001)(60.81133472363686 67.0)
(1.0E-9,15.0,0.1400000000000001)(62.99845389532628 54.0)
(1.0E-9,15.0,0.1400000000000001)(62.93166167106347 54.0)
(1.0E-9,15.0,0.1400000000000001)(62.93166167106347 55.0)
(1.0E-9,15.0,0.1400000000000001)(62.9177063995012 59.0)
(1.0E-9,15.0,0.1400000000000001)(60.5976488163281 64.0)
(1.0E-9,15.0,0.1400000000000001)(60.5976488163281 66.0)
(1.0E-9 15.0 0.1410000000000001)(23.084497970890887 107.0)
(1.0E-9,15.0,0.1410000000000001)(63.1358937928245 16.0)
(1.0E-9,15.0,0.1410000000000001)(62.54040209381848 46.0)
(1.0E-9,15.0,0.1410000000000001)(61.757173179607406 57.0)
(1.0E-9,15.0,0.1410000000000001)(63.312853000090854 1.0)
(1.0E-9,15.0,0.1410000000000001)(63.12639931142351 35.0)
(1.0E-9,15.0,0.1410000000000001)(63.06722645401987 37.0)
(1.0E-9,15.0,0.1410000000000001)(62.45937580668035 51.0)
(1.0E-9,15.0,0.1410000000000001)(63.06722645401987 38.0)
(1.0E-9,15.0,0.1410000000000001)(62.99668679040642 41.0)
(1.0E-9,15.0,0.1410000000000001)(63.00661529850565 41.0)
(1.0E-9,15.0,0.1410000000000001)(63.099492754821036 41.0)
(1.0E-9,15.0,0.1410000000000001)(63.099492754821036 39.0)
(1.0E-9,15.0,0.1410000000000001)(62.978938154471024 46.0)
(1.0E-9,15.0,0.1410000000000001)(62.96504853923961 49.0)
(1.0E-9,15.0,0.1410000000000001)(60.5976488163281 64.0)
(1.0E-9 15.0 0.1420000000000001)(23.084497970890887 107.0)
(1.0E-9,15.0,0.1420000000000001)(63.1358937928245 16.0)
(1.0E-9,15.0,0.1420000000000001)(62.54040209381848 46.0)
(1.0E-9,15.0,0.1420000000000001)(61.757173179607406 57.0)
(1.0E-9,15.0,0.1420000000000001)(63.312853000090854 1.0)
(1.0E-9,15.0,0.1420000000000001)(62.94143537441942 47.0)
(1.0E-9,15.0,0.1420000000000001)(60.929431647308114 64.0)
(1.0E-9,15.0,0.1420000000000001)(61.58914620166962 63.0)
(1.0E-9,15.0,0.1420000000000001)(62.45937580668035 51.0)
(1.0E-9,15.0,0.1420000000000001)(62.99668679040642 42.0)
(1.0E-9,15.0,0.1420000000000001)(61.18277363903506 67.0)
(1.0E-9,15.0,0.1420000000000001)(59.29349398575407 74.0)
(1.0E-9 15.0 0.1430000000000001)(23.084497970890887 107.0)
(1.0E-9,15.0,0.1430000000000001)(63.1358937928245 16.0)
(1.0E-9,15.0,0.1430000000000001)(62.54040209381848 46.0)
(1.0E-9,15.0,0.1430000000000001)(61.757173179607406 57.0)
(1.0E-9,15.0,0.1430000000000001)(63.312853000090854 1.0)
(1.0E-9,15.0,0.1430000000000001)(62.94143537441942 47.0)
(1.0E-9,15.0,0.1430000000000001)(60.929431647308114 64.0)
(1.0E-9,15.0,0.1430000000000001)(61.58914620166962 63.0)
(1.0E-9,15.0,0.1430000000000001)(62.45937580668035 51.0)
(1.0E-9,15.0,0.1430000000000001)(62.99668679040642 42.0)
(1.0E-9,15.0,0.1430000000000001)(61.18277363903506 67.0)
(1.0E-9,15.0,0.1430000000000001)(59.29349398575407 74.0)
(1.0E-9 15.0 0.1440000000000001)(23.084497970890887 107.0)
(1.0E-9,15.0,0.1440000000000001)(63.1358937928245 16.0)
(1.0E-9,15.0,0.1440000000000001)(62.54040209381848 46.0)
(1.0E-9,15.0,0.1440000000000001)(62.568287488627675 46.0)
(1.0E-9,15.0,0.1440000000000001)(63.312853000090854 18.0)
(1.0E-9,15.0,0.1440000000000001)(63.312853000090854 1.0)
(1.0E-9,15.0,0.1440000000000001)(62.99668679040642 43.0)
(1.0E-9,15.0,0.1440000000000001)(63.00661529850565 43.0)
(1.0E-9,15.0,0.1440000000000001)(63.00661529850565 44.0)
(1.0E-9,15.0,0.1440000000000001)(62.978938154471024 46.0)
(1.0E-9,15.0,0.1440000000000001)(62.40251146485262 49.0)
(1.0E-9 15.0 0.1450000000000001)(23.084497970890887 107.0)
(1.0E-9,15.0,0.1450000000000001)(63.1358937928245 16.0)
(1.0E-9,15.0,0.1450000000000001)(61.81702301951495 54.0)
(1.0E-9,15.0,0.1450000000000001)(62.45937580668035 50.0)
(1.0E-9,15.0,0.1450000000000001)(63.312853000090854 1.0)
(1.0E-9,15.0,0.1450000000000001)(61.25525462419707 65.0)
(1.0E-9,15.0,0.1450000000000001)(61.26715764687407 65.0)
(1.0E-9,15.0,0.1450000000000001)(63.12639931142351 39.0)
(1.0E-9,15.0,0.1450000000000001)(62.99668679040642 42.0)
(1.0E-9,15.0,0.1450000000000001)(62.96504853923961 50.0)
(1.0E-9,15.0,0.1450000000000001)(62.978938154471024 48.0)
(1.0E-9,15.0,0.1450000000000001)(62.96504853923961 52.0)
(1.0E-9 15.0 0.1460000000000001)(23.1158239537162 106.0)
(1.0E-9,15.0,0.1460000000000001)(63.1358937928245 16.0)
(1.0E-9,15.0,0.1460000000000001)(62.54040209381848 46.0)
(1.0E-9,15.0,0.1460000000000001)(63.01650861089896 35.0)
(1.0E-9,15.0,0.1460000000000001)(63.312853000090854 1.0)
(1.0E-9,15.0,0.1460000000000001)(63.00661529850565 39.0)
(1.0E-9,15.0,0.1460000000000001)(63.00661529850565 40.0)
(1.0E-9,15.0,0.1460000000000001)(62.978938154471024 42.0)
(1.0E-9,15.0,0.1460000000000001)(62.96504853923961 47.0)
(1.0E-9,15.0,0.1460000000000001)(62.978938154471024 44.0)
(1.0E-9,15.0,0.1460000000000001)(62.99668679040642 42.0)
(1.0E-9,15.0,0.1460000000000001)(62.96504853923961 49.0)
(1.0E-9 15.0 0.1470000000000001)(23.1158239537162 106.0)
(1.0E-9,15.0,0.1470000000000001)(63.1358937928245 18.0)
(1.0E-9,15.0,0.1470000000000001)(62.54040209381848 46.0)
(1.0E-9,15.0,0.1470000000000001)(62.61254343839547 46.0)
(1.0E-9,15.0,0.1470000000000001)(63.312853000090854 1.0)
(1.0E-9,15.0,0.1470000000000001)(62.94143537441942 48.0)
(1.0E-9,15.0,0.1470000000000001)(63.080178118142506 45.0)
(1.0E-9,15.0,0.1470000000000001)(62.953370073978896 51.0)
(1.0E-9,15.0,0.1470000000000001)(62.899474435618636 54.0)
(1.0E-9,15.0,0.1470000000000001)(62.899474435618636 55.0)
(1.0E-9,15.0,0.1470000000000001)(61.52519467591676 74.0)
(1.0E-9,15.0,0.1470000000000001)(62.899474435618636 58.0)
(1.0E-9 15.0 0.1480000000000001)(23.1158239537162 106.0)
(1.0E-9,15.0,0.1480000000000001)(63.1358937928245 18.0)
(1.0E-9,15.0,0.1480000000000001)(62.54040209381848 46.0)
(1.0E-9,15.0,0.1480000000000001)(63.00661529850565 37.0)
(1.0E-9,15.0,0.1480000000000001)(63.312853000090854 1.0)
(1.0E-9,15.0,0.1480000000000001)(63.00661529850565 39.0)
(1.0E-9,15.0,0.1480000000000001)(62.99668679040642 40.0)
(1.0E-9,15.0,0.1480000000000001)(63.00661529850565 41.0)
(1.0E-9,15.0,0.1480000000000001)(62.477722555093315 53.0)
(1.0E-9,15.0,0.1480000000000001)(63.00661529850565 42.0)
(1.0E-9,15.0,0.1480000000000001)(62.978938154471024 44.0)
(1.0E-9,15.0,0.1480000000000001)(62.38575402630391 56.0)
(1.0E-9,15.0,0.1480000000000001)(62.38575402630391 57.0)
(1.0E-9,15.0,0.1480000000000001)(62.96504853923961 47.0)
(1.0E-9,15.0,0.1480000000000001)(62.96504853923961 49.0)
(1.0E-9 15.0 0.1490000000000001)(23.1158239537162 106.0)
(1.0E-9,15.0,0.1490000000000001)(63.1358937928245 18.0)
(1.0E-9,15.0,0.1490000000000001)(62.54040209381848 46.0)
(1.0E-9,15.0,0.1490000000000001)(63.00661529850565 37.0)
(1.0E-9,15.0,0.1490000000000001)(63.312853000090854 1.0)
(1.0E-9,15.0,0.1490000000000001)(62.981115503392125 46.0)
(1.0E-9,15.0,0.1490000000000001)(63.06722645401987 39.0)
(1.0E-9,15.0,0.1490000000000001)(61.76426168098161 64.0)
(1.0E-9,15.0,0.1490000000000001)(62.975151323845694 50.0)
(1.0E-9,15.0,0.1490000000000001)(62.899474435618636 55.0)
(1.0E-9,15.0,0.1490000000000001)(62.91349292774977 53.0)
(1.0E-9,15.0,0.1490000000000001)(62.899474435618636 58.0)
(1.0E-9 15.0 0.1500000000000001)(23.1158239537162 106.0)
(1.0E-9,15.0,0.1500000000000001)(63.1358937928245 18.0)
(1.0E-9,15.0,0.1500000000000001)(62.54040209381848 46.0)
(1.0E-9,15.0,0.1500000000000001)(63.00661529850565 37.0)
(1.0E-9,15.0,0.1500000000000001)(63.312853000090854 1.0)
(1.0E-9,15.0,0.1500000000000001)(62.981115503392125 46.0)
(1.0E-9,15.0,0.1500000000000001)(63.06722645401987 39.0)
(1.0E-9,15.0,0.1500000000000001)(61.76426168098161 64.0)
(1.0E-9,15.0,0.1500000000000001)(62.975151323845694 50.0)
(1.0E-9,15.0,0.1500000000000001)(62.899474435618636 55.0)
(1.0E-9,15.0,0.1500000000000001)(62.91349292774977 53.0)
(1.0E-9,15.0,0.1500000000000001)(62.899474435618636 58.0)
(1.0E-9 15.0 0.1510000000000001)(23.06800021490177 107.0)
(1.0E-9,15.0,0.1510000000000001)(63.1358937928245 18.0)
(1.0E-9,15.0,0.1510000000000001)(62.54040209381848 46.0)
(1.0E-9,15.0,0.1510000000000001)(63.00661529850565 37.0)
(1.0E-9,15.0,0.1510000000000001)(63.312853000090854 1.0)
(1.0E-9,15.0,0.1510000000000001)(63.312853000090854 25.0)
(1.0E-9,15.0,0.1510000000000001)(62.96950854493063 50.0)
(1.0E-9,15.0,0.1510000000000001)(62.521179236916794 51.0)
(1.0E-9,15.0,0.1510000000000001)(62.80127495164256 54.0)
(1.0E-9,15.0,0.1510000000000001)(60.60267819304076 65.0)
(1.0E-9,15.0,0.1510000000000001)(60.52517067577732 68.0)
(1.0E-9,15.0,0.1510000000000001)(60.52517067577732 70.0)
(1.0E-9 15.0 0.1520000000000001)(23.06800021490177 107.0)
(1.0E-9,15.0,0.1520000000000001)(63.1358937928245 18.0)
(1.0E-9,15.0,0.1520000000000001)(62.54040209381848 46.0)
(1.0E-9,15.0,0.1520000000000001)(62.61254343839547 46.0)
(1.0E-9,15.0,0.1520000000000001)(63.312853000090854 1.0)
(1.0E-9,15.0,0.1520000000000001)(63.312853000090854 9.0)
(1.0E-9,15.0,0.1520000000000001)(63.312853000090854 10.0)
(1.0E-9,15.0,0.1520000000000001)(63.312853000090854 5.0)
(1.0E-9,15.0,0.1520000000000001)(61.24378966772166 66.0)
(1.0E-9,15.0,0.1520000000000001)(62.86320689495121 53.0)
(1.0E-9,15.0,0.1520000000000001)(60.545604626551544 70.0)
(1.0E-9,15.0,0.1520000000000001)(60.45280172863247 77.0)
(1.0E-9,15.0,0.1520000000000001)(60.45280172863247 74.0)
(1.0E-9 15.0 0.1530000000000001)(22.70218057419637 110.0)
(1.0E-9,15.0,0.1530000000000001)(63.1358937928245 18.0)
(1.0E-9,15.0,0.1530000000000001)(62.54040209381848 46.0)
(1.0E-9,15.0,0.1530000000000001)(63.00661529850565 37.0)
(1.0E-9,15.0,0.1530000000000001)(63.312853000090854 1.0)
(1.0E-9,15.0,0.1530000000000001)(63.008770303205964 48.0)
(1.0E-9,15.0,0.1530000000000001)(62.61254343839547 50.0)
(1.0E-9,15.0,0.1530000000000001)(62.891084925921746 50.0)
(1.0E-9,15.0,0.1530000000000001)(62.521179236916794 53.0)
(1.0E-9,15.0,0.1530000000000001)(62.978938154471024 43.0)
(1.0E-9,15.0,0.1530000000000001)(62.44596814667612 55.0)
(1.0E-9,15.0,0.1530000000000001)(62.38575402630391 55.0)
(1.0E-9,15.0,0.1530000000000001)(62.371184319122435 59.0)
(1.0E-9,15.0,0.1530000000000001)(62.371184319122435 57.0)
(1.0E-9 15.0 0.1540000000000001)(22.70218057419637 110.0)
(1.0E-9,15.0,0.1540000000000001)(63.1358937928245 18.0)
(1.0E-9,15.0,0.1540000000000001)(62.54040209381848 46.0)
(1.0E-9,15.0,0.1540000000000001)(63.00661529850565 37.0)
(1.0E-9,15.0,0.1540000000000001)(63.312853000090854 1.0)
(1.0E-9,15.0,0.1540000000000001)(63.01994673780508 49.0)
(1.0E-9,15.0,0.1540000000000001)(60.9999420037652 66.0)
(1.0E-9,15.0,0.1540000000000001)(60.688213329337636 67.0)
(1.0E-9,15.0,0.1540000000000001)(60.59516440797327 67.0)
(1.0E-9,15.0,0.1540000000000001)(60.545604626551544 69.0)
(1.0E-9,15.0,0.1540000000000001)(62.86320689495121 53.0)
(1.0E-9,15.0,0.1540000000000001)(60.45280172863247 73.0)
(1.0E-9,15.0,0.1540000000000001)(60.45280172863247 77.0)
(1.0E-9,15.0,0.1540000000000001)(60.45280172863247 74.0)
(1.0E-9,15.0,0.1540000000000001)(60.52517067577732 68.0)
(1.0E-9 15.0 0.1550000000000001)(24.78597618683064 112.0)
(1.0E-9,15.0,0.1550000000000001)(63.1358937928245 19.0)
(1.0E-9,15.0,0.1550000000000001)(62.22458705372148 53.0)
(1.0E-9,15.0,0.1550000000000001)(62.09275592313902 62.0)
(1.0E-9,15.0,0.1550000000000001)(59.0214265516336 74.0)
(1.0E-9,15.0,0.1550000000000001)(59.098721234075256 69.0)
(1.0E-9,15.0,0.1550000000000001)(59.50779871076884 68.0)
(1.0E-9,15.0,0.1550000000000001)(59.91955290633217 67.0)
(1.0E-9,15.0,0.1550000000000001)(59.50779871076884 70.0)
(1.0E-9,15.0,0.1550000000000001)(59.79525481525958 73.0)
(1.0E-9,15.0,0.1550000000000001)(62.13008056115507 59.0)
(1.0E-9,15.0,0.1550000000000001)(62.13008056115507 63.0)
(1.0E-9,15.0,0.1550000000000001)(62.13008056115507 60.0)
(1.0E-9,15.0,0.1550000000000001)(62.13008056115507 61.0)
(1.0E-9 15.0 0.1560000000000001)(24.78597618683064 112.0)
(1.0E-9,15.0,0.1560000000000001)(63.1358937928245 19.0)
(1.0E-9,15.0,0.1560000000000001)(62.22458705372148 53.0)
(1.0E-9,15.0,0.1560000000000001)(62.09275592313902 62.0)
(1.0E-9,15.0,0.1560000000000001)(59.0214265516336 74.0)
(1.0E-9,15.0,0.1560000000000001)(59.098721234075256 69.0)
(1.0E-9,15.0,0.1560000000000001)(59.50779871076884 68.0)
(1.0E-9,15.0,0.1560000000000001)(59.91955290633217 67.0)
(1.0E-9,15.0,0.1560000000000001)(59.50779871076884 70.0)
(1.0E-9,15.0,0.1560000000000001)(59.79525481525958 73.0)
(1.0E-9,15.0,0.1560000000000001)(62.13008056115507 59.0)
(1.0E-9,15.0,0.1560000000000001)(62.13008056115507 63.0)
(1.0E-9,15.0,0.1560000000000001)(62.13008056115507 60.0)
(1.0E-9,15.0,0.1560000000000001)(62.13008056115507 61.0)
(1.0E-9 15.0 0.1570000000000001)(24.78597618683064 112.0)
(1.0E-9,15.0,0.1570000000000001)(63.1358937928245 19.0)
(1.0E-9,15.0,0.1570000000000001)(62.22458705372148 53.0)
(1.0E-9,15.0,0.1570000000000001)(62.09275592313902 61.0)
(1.0E-9,15.0,0.1570000000000001)(62.047567411860875 66.0)
(1.0E-9,15.0,0.1570000000000001)(56.719347674928514 71.0)
(1.0E-9,15.0,0.1570000000000001)(59.50779871076884 70.0)
(1.0E-9,15.0,0.1570000000000001)(59.50779871076884 69.0)
(1.0E-9,15.0,0.1570000000000001)(61.87132097533756 64.0)
(1.0E-9,15.0,0.1570000000000001)(59.91955290633217 68.0)
(1.0E-9,15.0,0.1570000000000001)(59.91955290633217 73.0)
(1.0E-9,15.0,0.1570000000000001)(62.13008056115507 60.0)
(1.0E-9,15.0,0.1570000000000001)(62.10817096087519 72.0)
(1.0E-9 15.0 0.1580000000000001)(24.78597618683064 112.0)
(1.0E-9,15.0,0.1580000000000001)(63.1358937928245 19.0)
(1.0E-9,15.0,0.1580000000000001)(62.22458705372148 53.0)
(1.0E-9,15.0,0.1580000000000001)(62.09275592313902 61.0)
(1.0E-9,15.0,0.1580000000000001)(62.047567411860875 65.0)
(1.0E-9,15.0,0.1580000000000001)(56.719347674928514 70.0)
(1.0E-9,15.0,0.1580000000000001)(59.50779871076884 68.0)
(1.0E-9,15.0,0.1580000000000001)(59.50779871076884 69.0)
(1.0E-9,15.0,0.1580000000000001)(59.50779871076884 67.0)
(1.0E-9,15.0,0.1580000000000001)(61.80577001565775 63.0)
(1.0E-9,15.0,0.1580000000000001)(59.79525481525958 69.0)
(1.0E-9,15.0,0.1580000000000001)(59.91955290633217 71.0)
(1.0E-9,15.0,0.1580000000000001)(62.10817096087519 69.0)
(1.0E-9,15.0,0.1580000000000001)(62.13008056115507 59.0)
(1.0E-9 15.0 0.1590000000000001)(24.74827905116039 113.0)
(1.0E-9,15.0,0.1590000000000001)(63.1358937928245 19.0)
(1.0E-9,15.0,0.1590000000000001)(62.22458705372148 53.0)
(1.0E-9,15.0,0.1590000000000001)(62.09275592313902 64.0)
(1.0E-9,15.0,0.1590000000000001)(62.14239466894998 65.0)
(1.0E-9,15.0,0.1590000000000001)(59.098721234075256 70.0)
(1.0E-9,15.0,0.1590000000000001)(62.14239466894998 68.0)
(1.0E-9,15.0,0.1590000000000001)(59.50779871076884 70.0)
(1.0E-9,15.0,0.1590000000000001)(59.91955290633217 67.0)
(1.0E-9,15.0,0.1590000000000001)(59.50779871076884 71.0)
(1.0E-9,15.0,0.1590000000000001)(62.13008056115507 60.0)
(1.0E-9 15.0 0.16000000000000011)(24.74827905116039 113.0)
(1.0E-9,15.0,0.16000000000000011)(63.1358937928245 19.0)
(1.0E-9,15.0,0.16000000000000011)(62.22458705372148 53.0)
(1.0E-9,15.0,0.16000000000000011)(62.09275592313902 64.0)
(1.0E-9,15.0,0.16000000000000011)(61.768746560026806 68.0)
(1.0E-9,15.0,0.16000000000000011)(59.098721234075256 70.0)
(1.0E-9,15.0,0.16000000000000011)(59.50779871076884 69.0)
(1.0E-9,15.0,0.16000000000000011)(59.91955290633217 70.0)
(1.0E-9,15.0,0.16000000000000011)(62.13008056115507 60.0)
(1.0E-9,15.0,0.16000000000000011)(62.10817096087519 71.0)
(1.0E-9 15.0 0.16100000000000012)(24.74827905116039 113.0)
(1.0E-9,15.0,0.16100000000000012)(63.1358937928245 19.0)
(1.0E-9,15.0,0.16100000000000012)(62.22458705372148 53.0)
(1.0E-9,15.0,0.16100000000000012)(62.09275592313902 62.0)
(1.0E-9,15.0,0.16100000000000012)(62.08497027963189 59.0)
(1.0E-9,15.0,0.16100000000000012)(62.14239466894998 68.0)
(1.0E-9,15.0,0.16100000000000012)(63.312853000090854 1.0)
(1.0E-9,15.0,0.16100000000000012)(63.00661529850565 41.0)
(1.0E-9,15.0,0.16100000000000012)(62.14239466894998 67.0)
(1.0E-9,15.0,0.16100000000000012)(62.10817096087519 71.0)
(1.0E-9,15.0,0.16100000000000012)(62.10817096087519 72.0)
(1.0E-9 15.0 0.16200000000000012)(24.46357079466367 114.0)
(1.0E-9,15.0,0.16200000000000012)(63.1358937928245 19.0)
(1.0E-9,15.0,0.16200000000000012)(62.22458705372148 54.0)
(1.0E-9,15.0,0.16200000000000012)(62.09275592313902 62.0)
(1.0E-9,15.0,0.16200000000000012)(62.14239466894998 67.0)
(1.0E-9,15.0,0.16200000000000012)(62.14239466894998 68.0)
(1.0E-9,15.0,0.16200000000000012)(63.00661529850565 41.0)
(1.0E-9,15.0,0.16200000000000012)(63.00661529850565 42.0)
(1.0E-9,15.0,0.16200000000000012)(62.14239466894998 69.0)
(1.0E-9,15.0,0.16200000000000012)(62.10817096087519 72.0)
(1.0E-9,15.0,0.16200000000000012)(62.10817096087519 73.0)
(1.0E-9,15.0,0.16200000000000012)(63.312853000090854 1.0)
(1.0E-9 15.0 0.16300000000000012)(24.46357079466367 114.0)
(1.0E-9,15.0,0.16300000000000012)(63.1358937928245 19.0)
(1.0E-9,15.0,0.16300000000000012)(62.22458705372148 54.0)
(1.0E-9,15.0,0.16300000000000012)(62.09275592313902 62.0)
(1.0E-9,15.0,0.16300000000000012)(62.14239466894998 67.0)
(1.0E-9,15.0,0.16300000000000012)(62.14239466894998 68.0)
(1.0E-9,15.0,0.16300000000000012)(63.00661529850565 41.0)
(1.0E-9,15.0,0.16300000000000012)(63.00661529850565 42.0)
(1.0E-9,15.0,0.16300000000000012)(62.14239466894998 69.0)
(1.0E-9,15.0,0.16300000000000012)(62.10817096087519 72.0)
(1.0E-9,15.0,0.16300000000000012)(62.10817096087519 73.0)
(1.0E-9,15.0,0.16300000000000012)(63.312853000090854 1.0)
(1.0E-9 15.0 0.16400000000000012)(22.63840379286634 111.0)
(1.0E-9,15.0,0.16400000000000012)(63.1358937928245 18.0)
(1.0E-9,15.0,0.16400000000000012)(62.54040209381848 46.0)
(1.0E-9,15.0,0.16400000000000012)(63.00661529850565 37.0)
(1.0E-9,15.0,0.16400000000000012)(63.312853000090854 1.0)
(1.0E-9,15.0,0.16400000000000012)(62.891084925921746 52.0)
(1.0E-9,15.0,0.16400000000000012)(63.06722645401987 38.0)
(1.0E-9,15.0,0.16400000000000012)(62.59807467486365 52.0)
(1.0E-9,15.0,0.16400000000000012)(62.882671003719054 52.0)
(1.0E-9,15.0,0.16400000000000012)(62.985199440982285 53.0)
(1.0E-9,15.0,0.16400000000000012)(62.371184319122435 58.0)
(1.0E-9,15.0,0.16400000000000012)(62.53671153297208 56.0)
(1.0E-9,15.0,0.16400000000000012)(62.59807467486365 54.0)
(1.0E-9,15.0,0.16400000000000012)(62.53671153297208 57.0)
(1.0E-9 15.0 0.16500000000000012)(22.348187474006785 112.0)
(1.0E-9,15.0,0.16500000000000012)(63.1358937928245 19.0)
(1.0E-9,15.0,0.16500000000000012)(61.23339964028697 58.0)
(1.0E-9,15.0,0.16500000000000012)(63.00661529850565 37.0)
(1.0E-9,15.0,0.16500000000000012)(63.312853000090854 1.0)
(1.0E-9,15.0,0.16500000000000012)(62.96165139462426 46.0)
(1.0E-9,15.0,0.16500000000000012)(60.62203535952691 70.0)
(1.0E-9,15.0,0.16500000000000012)(62.59807467486365 52.0)
(1.0E-9,15.0,0.16500000000000012)(61.040087243119714 71.0)
(1.0E-9,15.0,0.16500000000000012)(60.328426206878916 73.0)
(1.0E-9,15.0,0.16500000000000012)(60.25081864205866 70.0)
(1.0E-9,15.0,0.16500000000000012)(60.545604626551544 72.0)
(1.0E-9 15.0 0.16600000000000012)(22.348187474006785 112.0)
(1.0E-9,15.0,0.16600000000000012)(63.1358937928245 19.0)
(1.0E-9,15.0,0.16600000000000012)(61.23339964028697 58.0)
(1.0E-9,15.0,0.16600000000000012)(63.00661529850565 37.0)
(1.0E-9,15.0,0.16600000000000012)(63.312853000090854 1.0)
(1.0E-9,15.0,0.16600000000000012)(61.207888054028636 68.0)
(1.0E-9,15.0,0.16600000000000012)(60.62203535952691 70.0)
(1.0E-9,15.0,0.16600000000000012)(61.10401213345825 68.0)
(1.0E-9,15.0,0.16600000000000012)(61.040087243119714 71.0)
(1.0E-9,15.0,0.16600000000000012)(57.87287403150974 73.0)
(1.0E-9,15.0,0.16600000000000012)(61.040087243119714 72.0)
(1.0E-9,15.0,0.16600000000000012)(60.52517067577732 69.0)
(1.0E-9,15.0,0.16600000000000012)(60.25081864205866 75.0)
(1.0E-9 15.0 0.16700000000000012)(22.348187474006785 112.0)
(1.0E-9,15.0,0.16700000000000012)(63.1358937928245 19.0)
(1.0E-9,15.0,0.16700000000000012)(61.23339964028697 58.0)
(1.0E-9,15.0,0.16700000000000012)(63.00661529850565 37.0)
(1.0E-9,15.0,0.16700000000000012)(63.312853000090854 1.0)
(1.0E-9,15.0,0.16700000000000012)(63.00661529850565 41.0)
(1.0E-9,15.0,0.16700000000000012)(60.31596261817189 69.0)
(1.0E-9,15.0,0.16700000000000012)(63.00661529850565 42.0)
(1.0E-9,15.0,0.16700000000000012)(63.00661529850565 40.0)
(1.0E-9,15.0,0.16700000000000012)(60.517671756996364 71.0)
(1.0E-9,15.0,0.16700000000000012)(60.5955281920678 73.0)
(1.0E-9,15.0,0.16700000000000012)(60.46806781824046 72.0)
(1.0E-9,15.0,0.16700000000000012)(62.84921971984382 56.0)
(1.0E-9,15.0,0.16700000000000012)(62.84921971984382 59.0)
(1.0E-9 15.0 0.16800000000000012)(22.348187474006785 112.0)
(1.0E-9,15.0,0.16800000000000012)(63.1358937928245 19.0)
(1.0E-9,15.0,0.16800000000000012)(61.23339964028697 58.0)
(1.0E-9,15.0,0.16800000000000012)(63.00661529850565 37.0)
(1.0E-9,15.0,0.16800000000000012)(63.312853000090854 1.0)
(1.0E-9,15.0,0.16800000000000012)(62.96165139462426 46.0)
(1.0E-9,15.0,0.16800000000000012)(62.82940364405435 51.0)
(1.0E-9,15.0,0.16800000000000012)(60.62203535952691 70.0)
(1.0E-9,15.0,0.16800000000000012)(62.891084925921746 55.0)
(1.0E-9,15.0,0.16800000000000012)(60.62203535952691 69.0)
(1.0E-9,15.0,0.16800000000000012)(62.891084925921746 52.0)
(1.0E-9,15.0,0.16800000000000012)(62.84921971984382 54.0)
(1.0E-9,15.0,0.16800000000000012)(63.312853000090854 7.0)
(1.0E-9,15.0,0.16800000000000012)(62.967520485081835 53.0)
(1.0E-9,15.0,0.16800000000000012)(63.08597570180083 40.0)
(1.0E-9,15.0,0.16800000000000012)(62.967520485081835 56.0)
(1.0E-9 15.0 0.16900000000000012)(22.348187474006785 112.0)
(1.0E-9,15.0,0.16900000000000012)(63.1358937928245 19.0)
(1.0E-9,15.0,0.16900000000000012)(61.23339964028697 58.0)
(1.0E-9,15.0,0.16900000000000012)(63.00661529850565 37.0)
(1.0E-9,15.0,0.16900000000000012)(63.312853000090854 1.0)
(1.0E-9,15.0,0.16900000000000012)(62.96165139462426 46.0)
(1.0E-9,15.0,0.16900000000000012)(62.82940364405435 51.0)
(1.0E-9,15.0,0.16900000000000012)(60.62203535952691 70.0)
(1.0E-9,15.0,0.16900000000000012)(62.891084925921746 55.0)
(1.0E-9,15.0,0.16900000000000012)(60.62203535952691 69.0)
(1.0E-9,15.0,0.16900000000000012)(62.891084925921746 52.0)
(1.0E-9,15.0,0.16900000000000012)(62.84921971984382 54.0)
(1.0E-9,15.0,0.16900000000000012)(63.312853000090854 7.0)
(1.0E-9,15.0,0.16900000000000012)(62.967520485081835 53.0)
(1.0E-9,15.0,0.16900000000000012)(63.08597570180083 40.0)
(1.0E-9,15.0,0.16900000000000012)(62.967520485081835 56.0)
(1.0E-9 15.0 0.17000000000000012)(22.348187474006785 112.0)
(1.0E-9,15.0,0.17000000000000012)(63.1358937928245 19.0)
(1.0E-9,15.0,0.17000000000000012)(61.23339964028697 58.0)
(1.0E-9,15.0,0.17000000000000012)(63.00661529850565 37.0)
(1.0E-9,15.0,0.17000000000000012)(63.312853000090854 1.0)
(1.0E-9,15.0,0.17000000000000012)(63.312853000090854 14.0)
(1.0E-9,15.0,0.17000000000000012)(63.312853000090854 20.0)
(1.0E-9,15.0,0.17000000000000012)(62.96504853923961 44.0)
(1.0E-9,15.0,0.17000000000000012)(62.35269957344418 62.0)
(1.0E-9,15.0,0.17000000000000012)(62.96504853923961 47.0)
(1.0E-9 15.0 0.17100000000000012)(22.348187474006785 112.0)
(1.0E-9,15.0,0.17100000000000012)(63.1358937928245 19.0)
(1.0E-9,15.0,0.17100000000000012)(61.23339964028697 58.0)
(1.0E-9,15.0,0.17100000000000012)(63.00661529850565 37.0)
(1.0E-9,15.0,0.17100000000000012)(63.312853000090854 1.0)
(1.0E-9,15.0,0.17100000000000012)(63.00661529850565 40.0)
(1.0E-9,15.0,0.17100000000000012)(63.06722645401987 41.0)
(1.0E-9,15.0,0.17100000000000012)(63.12639931142351 38.0)
(1.0E-9,15.0,0.17100000000000012)(62.96504853923961 43.0)
(1.0E-9,15.0,0.17100000000000012)(62.96504853923961 44.0)
(1.0E-9,15.0,0.17100000000000012)(62.978938154471024 43.0)
(1.0E-9,15.0,0.17100000000000012)(60.52517067577732 69.0)
(1.0E-9,15.0,0.17100000000000012)(60.60267819304076 66.0)
(1.0E-9 15.0 0.17200000000000013)(22.348187474006785 112.0)
(1.0E-9,15.0,0.17200000000000013)(63.1358937928245 19.0)
(1.0E-9,15.0,0.17200000000000013)(61.23339964028697 58.0)
(1.0E-9,15.0,0.17200000000000013)(63.00661529850565 37.0)
(1.0E-9,15.0,0.17200000000000013)(63.312853000090854 1.0)
(1.0E-9,15.0,0.17200000000000013)(63.00661529850565 40.0)
(1.0E-9,15.0,0.17200000000000013)(61.057501438787334 66.0)
(1.0E-9,15.0,0.17200000000000013)(63.06722645401987 41.0)
(1.0E-9,15.0,0.17200000000000013)(63.008770303205964 50.0)
(1.0E-9,15.0,0.17200000000000013)(62.967520485081835 52.0)
(1.0E-9,15.0,0.17200000000000013)(62.967520485081835 53.0)
(1.0E-9,15.0,0.17200000000000013)(62.967520485081835 54.0)
(1.0E-9,15.0,0.17200000000000013)(60.25081864205866 70.0)
(1.0E-9,15.0,0.17200000000000013)(60.181204488184605 71.0)
(1.0E-9 15.0 0.17300000000000013)(21.98516707580477 112.0)
(1.0E-9,15.0,0.17300000000000013)(63.1358937928245 18.0)
(1.0E-9,15.0,0.17300000000000013)(62.179639137791405 58.0)
(1.0E-9,15.0,0.17300000000000013)(63.00661529850565 39.0)
(1.0E-9,15.0,0.17300000000000013)(63.312853000090854 1.0)
(1.0E-9,15.0,0.17300000000000013)(63.00661529850565 40.0)
(1.0E-9,15.0,0.17300000000000013)(62.967036599088416 42.0)
(1.0E-9,15.0,0.17300000000000013)(63.06722645401987 39.0)
(1.0E-9,15.0,0.17300000000000013)(63.00661529850565 41.0)
(1.0E-9,15.0,0.17300000000000013)(63.02040143265253 39.0)
(1.0E-9,15.0,0.17300000000000013)(63.00661529850565 43.0)
(1.0E-9,15.0,0.17300000000000013)(63.00661529850565 45.0)
(1.0E-9,15.0,0.17300000000000013)(63.00661529850565 44.0)
(1.0E-9,15.0,0.17300000000000013)(63.00661529850565 46.0)
(1.0E-9 15.0 0.17400000000000013)(21.98516707580477 112.0)
(1.0E-9,15.0,0.17400000000000013)(63.1358937928245 18.0)
(1.0E-9,15.0,0.17400000000000013)(62.179639137791405 58.0)
(1.0E-9,15.0,0.17400000000000013)(63.00661529850565 39.0)
(1.0E-9,15.0,0.17400000000000013)(63.312853000090854 1.0)
(1.0E-9,15.0,0.17400000000000013)(63.06722645401987 38.0)
(1.0E-9,15.0,0.17400000000000013)(63.06722645401987 42.0)
(1.0E-9,15.0,0.17400000000000013)(63.06722645401987 41.0)
(1.0E-9,15.0,0.17400000000000013)(63.06722645401987 44.0)
(1.0E-9,15.0,0.17400000000000013)(63.06722645401987 43.0)
(1.0E-9 15.0 0.17500000000000013)(21.98516707580477 112.0)
(1.0E-9,15.0,0.17500000000000013)(63.1358937928245 18.0)
(1.0E-9,15.0,0.17500000000000013)(62.22458705372148 56.0)
(1.0E-9,15.0,0.17500000000000013)(63.06722645401987 38.0)
(1.0E-9,15.0,0.17500000000000013)(63.312853000090854 1.0)
(1.0E-9,15.0,0.17500000000000013)(63.06722645401987 33.0)
(1.0E-9,15.0,0.17500000000000013)(62.32824236280812 59.0)
(1.0E-9,15.0,0.17500000000000013)(63.12639931142351 37.0)
(1.0E-9,15.0,0.17500000000000013)(62.179639137791405 66.0)
(1.0E-9,15.0,0.17500000000000013)(62.179639137791405 64.0)
(1.0E-9,15.0,0.17500000000000013)(63.06722645401987 45.0)
(1.0E-9,15.0,0.17500000000000013)(62.179639137791405 62.0)
(1.0E-9 15.0 0.17600000000000013)(21.98516707580477 112.0)
(1.0E-9,15.0,0.17600000000000013)(63.1358937928245 18.0)
(1.0E-9,15.0,0.17600000000000013)(62.22458705372148 56.0)
(1.0E-9,15.0,0.17600000000000013)(63.06722645401987 38.0)
(1.0E-9,15.0,0.17600000000000013)(63.312853000090854 1.0)
(1.0E-9,15.0,0.17600000000000013)(63.06722645401987 33.0)
(1.0E-9,15.0,0.17600000000000013)(62.32824236280812 59.0)
(1.0E-9,15.0,0.17600000000000013)(63.12639931142351 37.0)
(1.0E-9,15.0,0.17600000000000013)(62.179639137791405 66.0)
(1.0E-9,15.0,0.17600000000000013)(62.179639137791405 64.0)
(1.0E-9,15.0,0.17600000000000013)(63.06722645401987 45.0)
(1.0E-9,15.0,0.17600000000000013)(62.179639137791405 62.0)
(1.0E-9 15.0 0.17700000000000013)(22.69322773568491 112.0)
(1.0E-9,15.0,0.17700000000000013)(63.1358937928245 16.0)
(1.0E-9,15.0,0.17700000000000013)(62.54040209381848 43.0)
(1.0E-9,15.0,0.17700000000000013)(63.00661529850565 35.0)
(1.0E-9,15.0,0.17700000000000013)(63.312853000090854 1.0)
(1.0E-9,15.0,0.17700000000000013)(63.06722645401987 38.0)
(1.0E-9,15.0,0.17700000000000013)(63.00661529850565 40.0)
(1.0E-9,15.0,0.17700000000000013)(63.00661529850565 41.0)
(1.0E-9,15.0,0.17700000000000013)(62.281993139345694 52.0)
(1.0E-9,15.0,0.17700000000000013)(62.44706169888543 50.0)
(1.0E-9,15.0,0.17700000000000013)(63.00661529850565 42.0)
(1.0E-9,15.0,0.17700000000000013)(62.40251146485262 51.0)
(1.0E-9,15.0,0.17700000000000013)(63.00661529850565 46.0)
(1.0E-9 15.0 0.17800000000000013)(22.69322773568491 112.0)
(1.0E-9,15.0,0.17800000000000013)(63.1358937928245 16.0)
(1.0E-9,15.0,0.17800000000000013)(62.54040209381848 43.0)
(1.0E-9,15.0,0.17800000000000013)(63.312853000090854 1.0)
(1.0E-9,15.0,0.17800000000000013)(63.06722645401987 33.0)
(1.0E-9,15.0,0.17800000000000013)(63.06722645401987 34.0)
(1.0E-9,15.0,0.17800000000000013)(63.00661529850565 36.0)
(1.0E-9,15.0,0.17800000000000013)(63.06722645401987 35.0)
(1.0E-9,15.0,0.17800000000000013)(63.06722645401987 45.0)
(1.0E-9 15.0 0.17900000000000013)(22.69322773568491 112.0)
(1.0E-9,15.0,0.17900000000000013)(63.1358937928245 16.0)
(1.0E-9,15.0,0.17900000000000013)(62.54040209381848 43.0)
(1.0E-9,15.0,0.17900000000000013)(63.312853000090854 1.0)
(1.0E-9,15.0,0.17900000000000013)(63.00661529850565 38.0)
(1.0E-9,15.0,0.17900000000000013)(63.06722645401987 40.0)
(1.0E-9,15.0,0.17900000000000013)(63.06722645401987 42.0)
(1.0E-9,15.0,0.17900000000000013)(63.06722645401987 41.0)
(1.0E-9,15.0,0.17900000000000013)(63.06722645401987 45.0)
(1.0E-9 15.0 0.18000000000000013)(21.98516707580477 112.0)
(1.0E-9,15.0,0.18000000000000013)(63.1358937928245 18.0)
(1.0E-9,15.0,0.18000000000000013)(62.31803723188704 55.0)
(1.0E-9,15.0,0.18000000000000013)(63.00661529850565 39.0)
(1.0E-9,15.0,0.18000000000000013)(63.312853000090854 1.0)
(1.0E-9,15.0,0.18000000000000013)(63.07693199520658 37.0)
(1.0E-9,15.0,0.18000000000000013)(63.06722645401987 42.0)
(1.0E-9,15.0,0.18000000000000013)(63.06722645401987 44.0)
(1.0E-9 15.0 0.18100000000000013)(21.291011055063354 113.0)
(1.0E-9,15.0,0.18100000000000013)(63.1358937928245 18.0)
(1.0E-9,15.0,0.18100000000000013)(62.31803723188704 55.0)
(1.0E-9,15.0,0.18100000000000013)(63.06722645401987 38.0)
(1.0E-9,15.0,0.18100000000000013)(63.312853000090854 1.0)
(1.0E-9,15.0,0.18100000000000013)(63.06722645401987 39.0)
(1.0E-9,15.0,0.18100000000000013)(63.06722645401987 40.0)
(1.0E-9,15.0,0.18100000000000013)(63.06722645401987 41.0)
(1.0E-9,15.0,0.18100000000000013)(63.06722645401987 42.0)
(1.0E-9,15.0,0.18100000000000013)(63.06722645401987 45.0)
(1.0E-9 15.0 0.18200000000000013)(21.291011055063354 113.0)
(1.0E-9,15.0,0.18200000000000013)(63.1358937928245 18.0)
(1.0E-9,15.0,0.18200000000000013)(62.31803723188704 55.0)
(1.0E-9,15.0,0.18200000000000013)(63.06722645401987 38.0)
(1.0E-9,15.0,0.18200000000000013)(63.312853000090854 1.0)
(1.0E-9,15.0,0.18200000000000013)(63.06722645401987 39.0)
(1.0E-9,15.0,0.18200000000000013)(63.06722645401987 40.0)
(1.0E-9,15.0,0.18200000000000013)(63.06722645401987 41.0)
(1.0E-9,15.0,0.18200000000000013)(63.06722645401987 42.0)
(1.0E-9,15.0,0.18200000000000013)(63.06722645401987 45.0)
(1.0E-9 15.0 0.18300000000000013)(21.291011055063354 113.0)
(1.0E-9,15.0,0.18300000000000013)(63.1358937928245 18.0)
(1.0E-9,15.0,0.18300000000000013)(62.22458705372148 56.0)
(1.0E-9,15.0,0.18300000000000013)(63.06722645401987 38.0)
(1.0E-9,15.0,0.18300000000000013)(63.312853000090854 1.0)
(1.0E-9,15.0,0.18300000000000013)(63.06722645401987 36.0)
(1.0E-9,15.0,0.18300000000000013)(63.06722645401987 39.0)
(1.0E-9,15.0,0.18300000000000013)(63.06722645401987 41.0)
(1.0E-9 15.0 0.18400000000000014)(21.291011055063354 113.0)
(1.0E-9,15.0,0.18400000000000014)(63.1358937928245 18.0)
(1.0E-9,15.0,0.18400000000000014)(62.22458705372148 56.0)
(1.0E-9,15.0,0.18400000000000014)(63.06722645401987 38.0)
(1.0E-9,15.0,0.18400000000000014)(63.312853000090854 1.0)
(1.0E-9,15.0,0.18400000000000014)(63.06722645401987 37.0)
(1.0E-9,15.0,0.18400000000000014)(63.04191038115853 45.0)
(1.0E-9,15.0,0.18400000000000014)(63.00661529850565 40.0)
(1.0E-9,15.0,0.18400000000000014)(63.06722645401987 41.0)
(1.0E-9,15.0,0.18400000000000014)(62.276831198221565 62.0)
(1.0E-9,15.0,0.18400000000000014)(63.06722645401987 43.0)
(1.0E-9 15.0 0.18500000000000014)(21.291011055063354 113.0)
(1.0E-9,15.0,0.18500000000000014)(63.1358937928245 18.0)
(1.0E-9,15.0,0.18500000000000014)(62.22458705372148 56.0)
(1.0E-9,15.0,0.18500000000000014)(63.06722645401987 38.0)
(1.0E-9,15.0,0.18500000000000014)(63.312853000090854 1.0)
(1.0E-9,15.0,0.18500000000000014)(63.06722645401987 37.0)
(1.0E-9,15.0,0.18500000000000014)(63.06722645401987 44.0)
(1.0E-9,15.0,0.18500000000000014)(63.095599933067454 40.0)
(1.0E-9,15.0,0.18500000000000014)(63.06722645401987 42.0)
(1.0E-9 15.0 0.18600000000000014)(21.14809099771678 116.0)
(1.0E-9,15.0,0.18600000000000014)(63.1358937928245 18.0)
(1.0E-9,15.0,0.18600000000000014)(62.22458705372148 56.0)
(1.0E-9,15.0,0.18600000000000014)(63.06722645401987 38.0)
(1.0E-9,15.0,0.18600000000000014)(63.312853000090854 1.0)
(1.0E-9,15.0,0.18600000000000014)(63.00661529850565 40.0)
(1.0E-9,15.0,0.18600000000000014)(63.06722645401987 44.0)
(1.0E-9,15.0,0.18600000000000014)(63.06722645401987 42.0)
(1.0E-9,15.0,0.18600000000000014)(63.06722645401987 43.0)
(1.0E-9 15.0 0.18700000000000014)(20.77747186711877 117.0)
(1.0E-9,15.0,0.18700000000000014)(63.1358937928245 18.0)
(1.0E-9,15.0,0.18700000000000014)(62.22458705372148 56.0)
(1.0E-9,15.0,0.18700000000000014)(63.06722645401987 38.0)
(1.0E-9,15.0,0.18700000000000014)(63.312853000090854 1.0)
(1.0E-9,15.0,0.18700000000000014)(63.04191038115853 48.0)
(1.0E-9,15.0,0.18700000000000014)(63.06722645401987 42.0)
(1.0E-9,15.0,0.18700000000000014)(63.06722645401987 44.0)
(1.0E-9,15.0,0.18700000000000014)(63.06722645401987 43.0)
(1.0E-9 15.0 0.18800000000000014)(20.77747186711877 117.0)
(1.0E-9,15.0,0.18800000000000014)(63.1358937928245 19.0)
(1.0E-9,15.0,0.18800000000000014)(62.22458705372148 56.0)
(1.0E-9,15.0,0.18800000000000014)(63.06722645401987 38.0)
(1.0E-9,15.0,0.18800000000000014)(63.312853000090854 1.0)
(1.0E-9,15.0,0.18800000000000014)(63.00661529850565 40.0)
(1.0E-9,15.0,0.18800000000000014)(63.06722645401987 39.0)
(1.0E-9,15.0,0.18800000000000014)(63.12639931142351 37.0)
(1.0E-9,15.0,0.18800000000000014)(63.06722645401987 42.0)
(1.0E-9,15.0,0.18800000000000014)(62.21870617211911 63.0)
(1.0E-9,15.0,0.18800000000000014)(63.06722645401987 45.0)
(1.0E-9 15.0 0.18900000000000014)(20.77747186711877 117.0)
(1.0E-9,15.0,0.18900000000000014)(63.1358937928245 19.0)
(1.0E-9,15.0,0.18900000000000014)(62.22458705372148 56.0)
(1.0E-9,15.0,0.18900000000000014)(63.06722645401987 38.0)
(1.0E-9,15.0,0.18900000000000014)(63.312853000090854 1.0)
(1.0E-9,15.0,0.18900000000000014)(63.00661529850565 40.0)
(1.0E-9,15.0,0.18900000000000014)(63.06722645401987 39.0)
(1.0E-9,15.0,0.18900000000000014)(63.12639931142351 37.0)
(1.0E-9,15.0,0.18900000000000014)(63.06722645401987 42.0)
(1.0E-9,15.0,0.18900000000000014)(62.21870617211911 63.0)
(1.0E-9,15.0,0.18900000000000014)(63.06722645401987 45.0)
(1.0E-9 15.0 0.19000000000000014)(20.9301030663757 118.0)
(1.0E-9,15.0,0.19000000000000014)(63.1358937928245 18.0)
(1.0E-9,15.0,0.19000000000000014)(62.22458705372148 56.0)
(1.0E-9,15.0,0.19000000000000014)(63.12639931142351 37.0)
(1.0E-9,15.0,0.19000000000000014)(63.312853000090854 1.0)
(1.0E-9,15.0,0.19000000000000014)(63.11686047036043 38.0)
(1.0E-9,15.0,0.19000000000000014)(63.11686047036043 39.0)
(1.0E-9,15.0,0.19000000000000014)(63.06722645401987 39.0)
(1.0E-9,15.0,0.19000000000000014)(62.32824236280812 67.0)
(1.0E-9,15.0,0.19000000000000014)(63.12639931142351 43.0)
(1.0E-9,15.0,0.19000000000000014)(63.12639931142351 41.0)
(1.0E-9 15.0 0.19100000000000014)(20.9301030663757 118.0)
(1.0E-9,15.0,0.19100000000000014)(63.1358937928245 18.0)
(1.0E-9,15.0,0.19100000000000014)(62.22458705372148 56.0)
(1.0E-9,15.0,0.19100000000000014)(63.06722645401987 37.0)
(1.0E-9,15.0,0.19100000000000014)(63.312853000090854 1.0)
(1.0E-9,15.0,0.19100000000000014)(63.06722645401987 39.0)
(1.0E-9,15.0,0.19100000000000014)(63.12639931142351 36.0)
(1.0E-9,15.0,0.19100000000000014)(63.11686047036043 39.0)
(1.0E-9 15.0 0.19200000000000014)(20.9301030663757 118.0)
(1.0E-9,15.0,0.19200000000000014)(63.1358937928245 19.0)
(1.0E-9,15.0,0.19200000000000014)(62.179639137791405 58.0)
(1.0E-9,15.0,0.19200000000000014)(63.06722645401987 37.0)
(1.0E-9,15.0,0.19200000000000014)(63.312853000090854 1.0)
(1.0E-9,15.0,0.19200000000000014)(63.312853000090854 7.0)
(1.0E-9,15.0,0.19200000000000014)(63.1358937928245 35.0)
(1.0E-9,15.0,0.19200000000000014)(63.12639931142351 37.0)
(1.0E-9,15.0,0.19200000000000014)(63.12639931142351 38.0)
(1.0E-9,15.0,0.19200000000000014)(63.11686047036043 38.0)
(1.0E-9,15.0,0.19200000000000014)(63.11686047036043 39.0)
(1.0E-9,15.0,0.19200000000000014)(63.11686047036043 41.0)
(1.0E-9,15.0,0.19200000000000014)(63.11686047036043 43.0)
(1.0E-9 15.0 0.19300000000000014)(20.9301030663757 118.0)
(1.0E-9,15.0,0.19300000000000014)(63.1358937928245 19.0)
(1.0E-9,15.0,0.19300000000000014)(62.22458705372148 56.0)
(1.0E-9,15.0,0.19300000000000014)(63.06722645401987 37.0)
(1.0E-9,15.0,0.19300000000000014)(63.312853000090854 1.0)
(1.0E-9,15.0,0.19300000000000014)(63.12639931142351 38.0)
(1.0E-9,15.0,0.19300000000000014)(63.05748166817281 40.0)
(1.0E-9,15.0,0.19300000000000014)(61.92118891410804 66.0)
(1.0E-9,15.0,0.19300000000000014)(62.05168339647639 64.0)
(1.0E-9,15.0,0.19300000000000014)(62.309326189564736 56.0)
(1.0E-9,15.0,0.19300000000000014)(62.05168339647639 63.0)
(1.0E-9 15.0 0.19400000000000014)(19.47247771761379 117.0)
(1.0E-9,15.0,0.19400000000000014)(63.1358937928245 18.0)
(1.0E-9,15.0,0.19400000000000014)(62.179639137791405 56.0)
(1.0E-9,15.0,0.19400000000000014)(63.00661529850565 38.0)
(1.0E-9,15.0,0.19400000000000014)(63.312853000090854 1.0)
(1.0E-9,15.0,0.19400000000000014)(63.00661529850565 37.0)
(1.0E-9,15.0,0.19400000000000014)(63.12639931142351 37.0)
(1.0E-9,15.0,0.19400000000000014)(62.32473088069092 67.0)
(1.0E-9,15.0,0.19400000000000014)(62.32824236280812 65.0)
(1.0E-9 15.0 0.19500000000000015)(19.47247771761379 117.0)
(1.0E-9,15.0,0.19500000000000015)(63.1358937928245 18.0)
(1.0E-9,15.0,0.19500000000000015)(62.179639137791405 56.0)
(1.0E-9,15.0,0.19500000000000015)(63.00661529850565 38.0)
(1.0E-9,15.0,0.19500000000000015)(63.312853000090854 1.0)
(1.0E-9,15.0,0.19500000000000015)(63.00661529850565 37.0)
(1.0E-9,15.0,0.19500000000000015)(63.12639931142351 37.0)
(1.0E-9,15.0,0.19500000000000015)(62.32473088069092 67.0)
(1.0E-9,15.0,0.19500000000000015)(62.32824236280812 65.0)
(1.0E-9 15.0 0.19600000000000015)(19.47247771761379 117.0)
(1.0E-9,15.0,0.19600000000000015)(63.1358937928245 18.0)
(1.0E-9,15.0,0.19600000000000015)(62.179639137791405 56.0)
(1.0E-9,15.0,0.19600000000000015)(63.00661529850565 38.0)
(1.0E-9,15.0,0.19600000000000015)(63.312853000090854 1.0)
(1.0E-9,15.0,0.19600000000000015)(63.00813466067176 30.0)
(1.0E-9,15.0,0.19600000000000015)(63.06722645401987 37.0)
(1.0E-9,15.0,0.19600000000000015)(63.06722645401987 36.0)
(1.0E-9,15.0,0.19600000000000015)(62.14239466894998 60.0)
(1.0E-9,15.0,0.19600000000000015)(63.06722645401987 39.0)
(1.0E-9,15.0,0.19600000000000015)(63.06722645401987 42.0)
(1.0E-9,15.0,0.19600000000000015)(63.06722645401987 40.0)
(1.0E-9,15.0,0.19600000000000015)(63.06722645401987 43.0)
(1.0E-9 15.0 0.19700000000000015)(19.47247771761379 117.0)
(1.0E-9,15.0,0.19700000000000015)(63.1358937928245 18.0)
(1.0E-9,15.0,0.19700000000000015)(62.179639137791405 56.0)
(1.0E-9,15.0,0.19700000000000015)(63.06722645401987 37.0)
(1.0E-9,15.0,0.19700000000000015)(63.312853000090854 1.0)
(1.0E-9,15.0,0.19700000000000015)(63.312853000090854 9.0)
(1.0E-9,15.0,0.19700000000000015)(63.06722645401987 38.0)
(1.0E-9,15.0,0.19700000000000015)(63.06722645401987 40.0)
(1.0E-9,15.0,0.19700000000000015)(62.168812692595054 63.0)
(1.0E-9,15.0,0.19700000000000015)(62.168812692595054 60.0)
(1.0E-9,15.0,0.19700000000000015)(62.168812692595054 61.0)
(1.0E-9 15.0 0.19800000000000015)(19.47247771761379 117.0)
(1.0E-9,15.0,0.19800000000000015)(63.1358937928245 18.0)
(1.0E-9,15.0,0.19800000000000015)(62.179639137791405 56.0)
(1.0E-9,15.0,0.19800000000000015)(63.06722645401987 37.0)
(1.0E-9,15.0,0.19800000000000015)(63.312853000090854 1.0)
(1.0E-9,15.0,0.19800000000000015)(63.06722645401987 38.0)
(1.0E-9,15.0,0.19800000000000015)(63.06722645401987 39.0)
(1.0E-9,15.0,0.19800000000000015)(63.06722645401987 40.0)
(1.0E-9,15.0,0.19800000000000015)(63.06722645401987 43.0)
(1.0E-9,15.0,0.19800000000000015)(62.168812692595054 62.0)
(1.0E-9 15.0 0.19900000000000015)(26.14200313286325 115.0)
(1.0E-9,15.0,0.19900000000000015)(63.1358937928245 18.0)
(1.0E-9,15.0,0.19900000000000015)(62.14239466894998 58.0)
(1.0E-9,15.0,0.19900000000000015)(63.06722645401987 37.0)
(1.0E-9,15.0,0.19900000000000015)(63.312853000090854 1.0)
(1.0E-9,15.0,0.19900000000000015)(63.12639931142351 39.0)
(1.0E-9,15.0,0.19900000000000015)(62.14239466894998 66.0)
(1.0E-9,15.0,0.19900000000000015)(63.06722645401987 40.0)
(1.0E-9,15.0,0.19900000000000015)(62.519471951050235 63.0)
(1.0E-9,15.0,0.19900000000000015)(63.06722645401987 43.0)
(1.0E-9 16.0 0.01)(63.07693199520658 21.0)
(1.0E-9,16.0,0.01)(63.312853000090854 1.0)
(1.0E-9,16.0,0.01)(63.312853000090854 3.0)
(1.0E-9,16.0,0.01)(63.312853000090854 5.0)
(1.0E-9,16.0,0.01)(63.1358937928245 9.0)
(1.0E-9,16.0,0.01)(63.1358937928245 11.0)
(1.0E-9,16.0,0.01)(63.1358937928245 14.0)
(1.0E-9,16.0,0.01)(63.1358937928245 16.0)
(1.0E-9,16.0,0.01)(63.07693199520658 21.0)
(1.0E-9 16.0 0.011)(63.07693199520658 21.0)
(1.0E-9,16.0,0.011)(63.312853000090854 1.0)
(1.0E-9,16.0,0.011)(63.312853000090854 3.0)
(1.0E-9,16.0,0.011)(63.312853000090854 5.0)
(1.0E-9,16.0,0.011)(63.1358937928245 11.0)
(1.0E-9,16.0,0.011)(63.1358937928245 13.0)
(1.0E-9,16.0,0.011)(63.1358937928245 14.0)
(1.0E-9,16.0,0.011)(63.1358937928245 16.0)
(1.0E-9,16.0,0.011)(63.07693199520658 21.0)
(1.0E-9 16.0 0.012)(63.07693199520658 21.0)
(1.0E-9,16.0,0.012)(63.312853000090854 1.0)
(1.0E-9,16.0,0.012)(63.312853000090854 3.0)
(1.0E-9,16.0,0.012)(63.312853000090854 5.0)
(1.0E-9,16.0,0.012)(63.1358937928245 11.0)
(1.0E-9,16.0,0.012)(63.1358937928245 13.0)
(1.0E-9,16.0,0.012)(63.1358937928245 14.0)
(1.0E-9,16.0,0.012)(63.1358937928245 16.0)
(1.0E-9,16.0,0.012)(63.07693199520658 21.0)
(1.0E-9 16.0 0.013000000000000001)(63.07693199520658 21.0)
(1.0E-9,16.0,0.013000000000000001)(63.312853000090854 1.0)
(1.0E-9,16.0,0.013000000000000001)(63.312853000090854 3.0)
(1.0E-9,16.0,0.013000000000000001)(63.312853000090854 5.0)
(1.0E-9,16.0,0.013000000000000001)(63.1358937928245 11.0)
(1.0E-9,16.0,0.013000000000000001)(63.1358937928245 13.0)
(1.0E-9,16.0,0.013000000000000001)(63.1358937928245 14.0)
(1.0E-9,16.0,0.013000000000000001)(63.1358937928245 16.0)
(1.0E-9,16.0,0.013000000000000001)(63.07693199520658 21.0)
(1.0E-9 16.0 0.014000000000000002)(63.07693199520658 21.0)
(1.0E-9,16.0,0.014000000000000002)(63.312853000090854 1.0)
(1.0E-9,16.0,0.014000000000000002)(63.312853000090854 3.0)
(1.0E-9,16.0,0.014000000000000002)(63.312853000090854 5.0)
(1.0E-9,16.0,0.014000000000000002)(63.1358937928245 11.0)
(1.0E-9,16.0,0.014000000000000002)(63.1358937928245 14.0)
(1.0E-9,16.0,0.014000000000000002)(63.1358937928245 16.0)
(1.0E-9,16.0,0.014000000000000002)(63.1358937928245 17.0)
(1.0E-9,16.0,0.014000000000000002)(63.07693199520658 21.0)
(1.0E-9 16.0 0.015000000000000003)(63.07693199520658 21.0)
(1.0E-9,16.0,0.015000000000000003)(63.312853000090854 1.0)
(1.0E-9,16.0,0.015000000000000003)(63.312853000090854 3.0)
(1.0E-9,16.0,0.015000000000000003)(63.312853000090854 5.0)
(1.0E-9,16.0,0.015000000000000003)(63.1358937928245 11.0)
(1.0E-9,16.0,0.015000000000000003)(63.1358937928245 14.0)
(1.0E-9,16.0,0.015000000000000003)(63.1358937928245 16.0)
(1.0E-9,16.0,0.015000000000000003)(63.1358937928245 17.0)
(1.0E-9,16.0,0.015000000000000003)(63.07693199520658 21.0)
(1.0E-9 16.0 0.016000000000000004)(63.07693199520658 21.0)
(1.0E-9,16.0,0.016000000000000004)(63.312853000090854 1.0)
(1.0E-9,16.0,0.016000000000000004)(63.312853000090854 3.0)
(1.0E-9,16.0,0.016000000000000004)(63.1358937928245 9.0)
(1.0E-9,16.0,0.016000000000000004)(63.1358937928245 11.0)
(1.0E-9,16.0,0.016000000000000004)(63.1358937928245 14.0)
(1.0E-9,16.0,0.016000000000000004)(63.1358937928245 16.0)
(1.0E-9,16.0,0.016000000000000004)(63.1358937928245 17.0)
(1.0E-9,16.0,0.016000000000000004)(63.07693199520658 21.0)
(1.0E-9 16.0 0.017000000000000005)(63.07693199520658 21.0)
(1.0E-9,16.0,0.017000000000000005)(63.312853000090854 1.0)
(1.0E-9,16.0,0.017000000000000005)(63.312853000090854 3.0)
(1.0E-9,16.0,0.017000000000000005)(63.312853000090854 5.0)
(1.0E-9,16.0,0.017000000000000005)(63.1358937928245 9.0)
(1.0E-9,16.0,0.017000000000000005)(63.1358937928245 11.0)
(1.0E-9,16.0,0.017000000000000005)(63.1358937928245 13.0)
(1.0E-9,16.0,0.017000000000000005)(63.1358937928245 14.0)
(1.0E-9,16.0,0.017000000000000005)(63.1358937928245 16.0)
(1.0E-9,16.0,0.017000000000000005)(63.1358937928245 17.0)
(1.0E-9,16.0,0.017000000000000005)(63.07693199520658 21.0)
(1.0E-9 16.0 0.018000000000000006)(63.03025880802586 23.0)
(1.0E-9,16.0,0.018000000000000006)(63.312853000090854 1.0)
(1.0E-9,16.0,0.018000000000000006)(63.312853000090854 3.0)
(1.0E-9,16.0,0.018000000000000006)(63.312853000090854 5.0)
(1.0E-9,16.0,0.018000000000000006)(63.1358937928245 11.0)
(1.0E-9,16.0,0.018000000000000006)(63.1358937928245 13.0)
(1.0E-9,16.0,0.018000000000000006)(63.1358937928245 14.0)
(1.0E-9,16.0,0.018000000000000006)(63.1358937928245 16.0)
(1.0E-9,16.0,0.018000000000000006)(63.1358937928245 17.0)
(1.0E-9,16.0,0.018000000000000006)(63.07693199520658 21.0)
(1.0E-9,16.0,0.018000000000000006)(63.07693199520658 22.0)
(1.0E-9 16.0 0.019000000000000006)(63.03025880802586 23.0)
(1.0E-9,16.0,0.019000000000000006)(63.312853000090854 1.0)
(1.0E-9,16.0,0.019000000000000006)(63.312853000090854 3.0)
(1.0E-9,16.0,0.019000000000000006)(63.312853000090854 5.0)
(1.0E-9,16.0,0.019000000000000006)(63.1358937928245 11.0)
(1.0E-9,16.0,0.019000000000000006)(63.1358937928245 13.0)
(1.0E-9,16.0,0.019000000000000006)(63.1358937928245 14.0)
(1.0E-9,16.0,0.019000000000000006)(63.1358937928245 16.0)
(1.0E-9,16.0,0.019000000000000006)(63.1358937928245 17.0)
(1.0E-9,16.0,0.019000000000000006)(63.07693199520658 21.0)
(1.0E-9,16.0,0.019000000000000006)(63.07693199520658 22.0)
(1.0E-9 16.0 0.020000000000000007)(63.03025880802586 23.0)
(1.0E-9,16.0,0.020000000000000007)(63.312853000090854 1.0)
(1.0E-9,16.0,0.020000000000000007)(63.312853000090854 3.0)
(1.0E-9,16.0,0.020000000000000007)(63.312853000090854 5.0)
(1.0E-9,16.0,0.020000000000000007)(63.1358937928245 11.0)
(1.0E-9,16.0,0.020000000000000007)(63.1358937928245 13.0)
(1.0E-9,16.0,0.020000000000000007)(63.1358937928245 14.0)
(1.0E-9,16.0,0.020000000000000007)(63.1358937928245 16.0)
(1.0E-9,16.0,0.020000000000000007)(63.1358937928245 17.0)
(1.0E-9,16.0,0.020000000000000007)(63.07693199520658 21.0)
(1.0E-9,16.0,0.020000000000000007)(63.07693199520658 22.0)
(1.0E-9 16.0 0.021000000000000008)(63.03025880802586 24.0)
(1.0E-9,16.0,0.021000000000000008)(63.312853000090854 1.0)
(1.0E-9,16.0,0.021000000000000008)(63.312853000090854 3.0)
(1.0E-9,16.0,0.021000000000000008)(63.1358937928245 9.0)
(1.0E-9,16.0,0.021000000000000008)(63.1358937928245 11.0)
(1.0E-9,16.0,0.021000000000000008)(63.1358937928245 14.0)
(1.0E-9,16.0,0.021000000000000008)(63.1358937928245 16.0)
(1.0E-9,16.0,0.021000000000000008)(63.07693199520658 21.0)
(1.0E-9,16.0,0.021000000000000008)(63.07693199520658 22.0)
(1.0E-9,16.0,0.021000000000000008)(63.03025880802586 23.0)
(1.0E-9,16.0,0.021000000000000008)(63.03025880802586 24.0)
(1.0E-9 16.0 0.02200000000000001)(62.86663067005866 32.0)
(1.0E-9,16.0,0.02200000000000001)(63.312853000090854 1.0)
(1.0E-9,16.0,0.02200000000000001)(63.312853000090854 5.0)
(1.0E-9,16.0,0.02200000000000001)(63.1358937928245 11.0)
(1.0E-9,16.0,0.02200000000000001)(63.1358937928245 14.0)
(1.0E-9,16.0,0.02200000000000001)(63.1358937928245 16.0)
(1.0E-9,16.0,0.02200000000000001)(63.1358937928245 17.0)
(1.0E-9,16.0,0.02200000000000001)(63.07693199520658 21.0)
(1.0E-9,16.0,0.02200000000000001)(63.07693199520658 22.0)
(1.0E-9,16.0,0.02200000000000001)(63.03025880802586 23.0)
(1.0E-9,16.0,0.02200000000000001)(63.03025880802586 24.0)
(1.0E-9,16.0,0.02200000000000001)(63.03025880802586 25.0)
(1.0E-9 16.0 0.02300000000000001)(62.96101575209007 31.0)
(1.0E-9,16.0,0.02300000000000001)(63.312853000090854 1.0)
(1.0E-9,16.0,0.02300000000000001)(63.312853000090854 5.0)
(1.0E-9,16.0,0.02300000000000001)(63.1358937928245 9.0)
(1.0E-9,16.0,0.02300000000000001)(63.1358937928245 13.0)
(1.0E-9,16.0,0.02300000000000001)(63.1358937928245 16.0)
(1.0E-9,16.0,0.02300000000000001)(63.07693199520658 21.0)
(1.0E-9,16.0,0.02300000000000001)(63.07693199520658 22.0)
(1.0E-9,16.0,0.02300000000000001)(63.03025880802586 23.0)
(1.0E-9,16.0,0.02300000000000001)(63.03025880802586 24.0)
(1.0E-9 16.0 0.02400000000000001)(62.86663067005866 31.0)
(1.0E-9,16.0,0.02400000000000001)(63.312853000090854 1.0)
(1.0E-9,16.0,0.02400000000000001)(63.312853000090854 5.0)
(1.0E-9,16.0,0.02400000000000001)(63.1358937928245 11.0)
(1.0E-9,16.0,0.02400000000000001)(63.1358937928245 14.0)
(1.0E-9,16.0,0.02400000000000001)(63.1358937928245 16.0)
(1.0E-9,16.0,0.02400000000000001)(63.07693199520658 21.0)
(1.0E-9,16.0,0.02400000000000001)(63.07693199520658 22.0)
(1.0E-9,16.0,0.02400000000000001)(63.03025880802586 23.0)
(1.0E-9,16.0,0.02400000000000001)(63.03025880802586 24.0)
(1.0E-9 16.0 0.025000000000000012)(62.70452548317137 34.0)
(1.0E-9,16.0,0.025000000000000012)(63.312853000090854 1.0)
(1.0E-9,16.0,0.025000000000000012)(63.312853000090854 5.0)
(1.0E-9,16.0,0.025000000000000012)(63.1358937928245 11.0)
(1.0E-9,16.0,0.025000000000000012)(63.1358937928245 14.0)
(1.0E-9,16.0,0.025000000000000012)(63.1358937928245 16.0)
(1.0E-9,16.0,0.025000000000000012)(63.1358937928245 19.0)
(1.0E-9,16.0,0.025000000000000012)(63.090035119442504 20.0)
(1.0E-9,16.0,0.025000000000000012)(63.07693199520658 22.0)
(1.0E-9,16.0,0.025000000000000012)(63.03025880802586 23.0)
(1.0E-9,16.0,0.025000000000000012)(63.03025880802586 24.0)
(1.0E-9,16.0,0.025000000000000012)(63.03025880802586 25.0)
(1.0E-9 16.0 0.026000000000000013)(62.70452548317137 34.0)
(1.0E-9,16.0,0.026000000000000013)(63.312853000090854 1.0)
(1.0E-9,16.0,0.026000000000000013)(63.312853000090854 5.0)
(1.0E-9,16.0,0.026000000000000013)(63.1358937928245 11.0)
(1.0E-9,16.0,0.026000000000000013)(63.1358937928245 14.0)
(1.0E-9,16.0,0.026000000000000013)(63.1358937928245 16.0)
(1.0E-9,16.0,0.026000000000000013)(63.1358937928245 19.0)
(1.0E-9,16.0,0.026000000000000013)(63.090035119442504 20.0)
(1.0E-9,16.0,0.026000000000000013)(63.07693199520658 22.0)
(1.0E-9,16.0,0.026000000000000013)(63.03025880802586 23.0)
(1.0E-9,16.0,0.026000000000000013)(63.03025880802586 24.0)
(1.0E-9,16.0,0.026000000000000013)(63.03025880802586 25.0)
(1.0E-9 16.0 0.027000000000000014)(62.477683564134296 45.0)
(1.0E-9,16.0,0.027000000000000014)(63.312853000090854 1.0)
(1.0E-9,16.0,0.027000000000000014)(63.312853000090854 5.0)
(1.0E-9,16.0,0.027000000000000014)(63.1358937928245 11.0)
(1.0E-9,16.0,0.027000000000000014)(63.1358937928245 16.0)
(1.0E-9,16.0,0.027000000000000014)(63.1358937928245 19.0)
(1.0E-9,16.0,0.027000000000000014)(63.090035119442504 21.0)
(1.0E-9,16.0,0.027000000000000014)(63.090035119442504 20.0)
(1.0E-9,16.0,0.027000000000000014)(63.03025880802586 23.0)
(1.0E-9,16.0,0.027000000000000014)(63.03025880802586 24.0)
(1.0E-9,16.0,0.027000000000000014)(63.03025880802586 25.0)
(1.0E-9 16.0 0.028000000000000014)(62.477683564134296 45.0)
(1.0E-9,16.0,0.028000000000000014)(63.312853000090854 1.0)
(1.0E-9,16.0,0.028000000000000014)(63.312853000090854 5.0)
(1.0E-9,16.0,0.028000000000000014)(63.1358937928245 14.0)
(1.0E-9,16.0,0.028000000000000014)(63.1358937928245 16.0)
(1.0E-9,16.0,0.028000000000000014)(63.07693199520658 21.0)
(1.0E-9,16.0,0.028000000000000014)(63.090035119442504 21.0)
(1.0E-9,16.0,0.028000000000000014)(63.03025880802586 23.0)
(1.0E-9,16.0,0.028000000000000014)(63.03025880802586 24.0)
(1.0E-9,16.0,0.028000000000000014)(63.03025880802586 25.0)
(1.0E-9 16.0 0.029000000000000015)(62.477683564134296 45.0)
(1.0E-9,16.0,0.029000000000000015)(63.312853000090854 1.0)
(1.0E-9,16.0,0.029000000000000015)(63.312853000090854 5.0)
(1.0E-9,16.0,0.029000000000000015)(63.1358937928245 14.0)
(1.0E-9,16.0,0.029000000000000015)(63.1358937928245 16.0)
(1.0E-9,16.0,0.029000000000000015)(63.07693199520658 21.0)
(1.0E-9,16.0,0.029000000000000015)(63.090035119442504 21.0)
(1.0E-9,16.0,0.029000000000000015)(63.03025880802586 23.0)
(1.0E-9,16.0,0.029000000000000015)(63.03025880802586 24.0)
(1.0E-9,16.0,0.029000000000000015)(63.03025880802586 25.0)
(1.0E-9 16.0 0.030000000000000016)(62.477683564134296 43.0)
(1.0E-9,16.0,0.030000000000000016)(63.312853000090854 1.0)
(1.0E-9,16.0,0.030000000000000016)(63.312853000090854 5.0)
(1.0E-9,16.0,0.030000000000000016)(63.1358937928245 13.0)
(1.0E-9,16.0,0.030000000000000016)(63.1358937928245 16.0)
(1.0E-9,16.0,0.030000000000000016)(63.1358937928245 17.0)
(1.0E-9,16.0,0.030000000000000016)(63.07693199520658 21.0)
(1.0E-9,16.0,0.030000000000000016)(63.090035119442504 21.0)
(1.0E-9,16.0,0.030000000000000016)(63.03025880802586 23.0)
(1.0E-9,16.0,0.030000000000000016)(63.03025880802586 24.0)
(1.0E-9,16.0,0.030000000000000016)(63.03025880802586 25.0)
(1.0E-9 16.0 0.031000000000000017)(61.23706195005199 52.0)
(1.0E-9,16.0,0.031000000000000017)(63.312853000090854 1.0)
(1.0E-9,16.0,0.031000000000000017)(63.1358937928245 9.0)
(1.0E-9,16.0,0.031000000000000017)(63.1358937928245 16.0)
(1.0E-9,16.0,0.031000000000000017)(63.1358937928245 17.0)
(1.0E-9,16.0,0.031000000000000017)(63.07693199520658 21.0)
(1.0E-9,16.0,0.031000000000000017)(63.07693199520658 22.0)
(1.0E-9,16.0,0.031000000000000017)(63.03025880802586 23.0)
(1.0E-9,16.0,0.031000000000000017)(63.03025880802586 24.0)
(1.0E-9,16.0,0.031000000000000017)(63.03025880802586 25.0)
(1.0E-9 16.0 0.032000000000000015)(61.23706195005199 52.0)
(1.0E-9,16.0,0.032000000000000015)(63.312853000090854 1.0)
(1.0E-9,16.0,0.032000000000000015)(63.1358937928245 9.0)
(1.0E-9,16.0,0.032000000000000015)(63.1358937928245 14.0)
(1.0E-9,16.0,0.032000000000000015)(63.1358937928245 16.0)
(1.0E-9,16.0,0.032000000000000015)(63.1358937928245 17.0)
(1.0E-9,16.0,0.032000000000000015)(63.07693199520658 22.0)
(1.0E-9,16.0,0.032000000000000015)(63.03025880802586 23.0)
(1.0E-9,16.0,0.032000000000000015)(63.03025880802586 24.0)
(1.0E-9,16.0,0.032000000000000015)(63.03025880802586 25.0)
(1.0E-9 16.0 0.033000000000000015)(61.23706195005199 52.0)
(1.0E-9,16.0,0.033000000000000015)(63.312853000090854 1.0)
(1.0E-9,16.0,0.033000000000000015)(63.1358937928245 9.0)
(1.0E-9,16.0,0.033000000000000015)(63.1358937928245 14.0)
(1.0E-9,16.0,0.033000000000000015)(63.1358937928245 16.0)
(1.0E-9,16.0,0.033000000000000015)(63.1358937928245 17.0)
(1.0E-9,16.0,0.033000000000000015)(63.07693199520658 22.0)
(1.0E-9,16.0,0.033000000000000015)(63.03025880802586 23.0)
(1.0E-9,16.0,0.033000000000000015)(63.03025880802586 24.0)
(1.0E-9,16.0,0.033000000000000015)(63.03025880802586 25.0)
(1.0E-9 16.0 0.034000000000000016)(61.23706195005199 52.0)
(1.0E-9,16.0,0.034000000000000016)(63.312853000090854 3.0)
(1.0E-9,16.0,0.034000000000000016)(63.1358937928245 11.0)
(1.0E-9,16.0,0.034000000000000016)(63.1358937928245 16.0)
(1.0E-9,16.0,0.034000000000000016)(63.1358937928245 17.0)
(1.0E-9,16.0,0.034000000000000016)(63.07693199520658 21.0)
(1.0E-9,16.0,0.034000000000000016)(63.07693199520658 22.0)
(1.0E-9,16.0,0.034000000000000016)(63.03025880802586 23.0)
(1.0E-9,16.0,0.034000000000000016)(63.03025880802586 24.0)
(1.0E-9,16.0,0.034000000000000016)(63.03025880802586 25.0)
(1.0E-9 16.0 0.03500000000000002)(61.23706195005199 52.0)
(1.0E-9,16.0,0.03500000000000002)(63.312853000090854 3.0)
(1.0E-9,16.0,0.03500000000000002)(63.1358937928245 11.0)
(1.0E-9,16.0,0.03500000000000002)(63.1358937928245 16.0)
(1.0E-9,16.0,0.03500000000000002)(63.1358937928245 17.0)
(1.0E-9,16.0,0.03500000000000002)(63.1358937928245 20.0)
(1.0E-9,16.0,0.03500000000000002)(63.07693199520658 22.0)
(1.0E-9,16.0,0.03500000000000002)(63.03025880802586 23.0)
(1.0E-9,16.0,0.03500000000000002)(63.03025880802586 25.0)
(1.0E-9,16.0,0.03500000000000002)(63.03025880802586 24.0)
(1.0E-9 16.0 0.03600000000000002)(61.23706195005199 52.0)
(1.0E-9,16.0,0.03600000000000002)(63.312853000090854 3.0)
(1.0E-9,16.0,0.03600000000000002)(63.1358937928245 11.0)
(1.0E-9,16.0,0.03600000000000002)(63.1358937928245 16.0)
(1.0E-9,16.0,0.03600000000000002)(63.1358937928245 17.0)
(1.0E-9,16.0,0.03600000000000002)(63.1358937928245 20.0)
(1.0E-9,16.0,0.03600000000000002)(63.07693199520658 22.0)
(1.0E-9,16.0,0.03600000000000002)(63.03025880802586 23.0)
(1.0E-9,16.0,0.03600000000000002)(63.03025880802586 25.0)
(1.0E-9,16.0,0.03600000000000002)(63.03025880802586 24.0)
(1.0E-9 16.0 0.03700000000000002)(61.23706195005199 54.0)
(1.0E-9,16.0,0.03700000000000002)(63.312853000090854 3.0)
(1.0E-9,16.0,0.03700000000000002)(63.1358937928245 11.0)
(1.0E-9,16.0,0.03700000000000002)(63.1358937928245 14.0)
(1.0E-9,16.0,0.03700000000000002)(63.1358937928245 16.0)
(1.0E-9,16.0,0.03700000000000002)(63.1358937928245 20.0)
(1.0E-9,16.0,0.03700000000000002)(63.07693199520658 22.0)
(1.0E-9,16.0,0.03700000000000002)(63.03025880802586 23.0)
(1.0E-9,16.0,0.03700000000000002)(63.03025880802586 24.0)
(1.0E-9,16.0,0.03700000000000002)(63.03025880802586 25.0)
(1.0E-9 16.0 0.03800000000000002)(61.871082967626464 50.0)
(1.0E-9,16.0,0.03800000000000002)(63.312853000090854 3.0)
(1.0E-9,16.0,0.03800000000000002)(63.1358937928245 11.0)
(1.0E-9,16.0,0.03800000000000002)(63.1358937928245 16.0)
(1.0E-9,16.0,0.03800000000000002)(63.1358937928245 17.0)
(1.0E-9,16.0,0.03800000000000002)(63.07693199520658 22.0)
(1.0E-9,16.0,0.03800000000000002)(63.03025880802586 23.0)
(1.0E-9,16.0,0.03800000000000002)(63.03025880802586 24.0)
(1.0E-9,16.0,0.03800000000000002)(63.03025880802586 25.0)
(1.0E-9 16.0 0.03900000000000002)(61.871082967626464 50.0)
(1.0E-9,16.0,0.03900000000000002)(63.312853000090854 3.0)
(1.0E-9,16.0,0.03900000000000002)(63.1358937928245 11.0)
(1.0E-9,16.0,0.03900000000000002)(63.1358937928245 16.0)
(1.0E-9,16.0,0.03900000000000002)(63.1358937928245 17.0)
(1.0E-9,16.0,0.03900000000000002)(63.07693199520658 22.0)
(1.0E-9,16.0,0.03900000000000002)(63.03025880802586 23.0)
(1.0E-9,16.0,0.03900000000000002)(63.03025880802586 24.0)
(1.0E-9,16.0,0.03900000000000002)(63.03025880802586 25.0)
(1.0E-9 16.0 0.04000000000000002)(61.871082967626464 50.0)
(1.0E-9,16.0,0.04000000000000002)(63.312853000090854 3.0)
(1.0E-9,16.0,0.04000000000000002)(63.1358937928245 11.0)
(1.0E-9,16.0,0.04000000000000002)(63.1358937928245 16.0)
(1.0E-9,16.0,0.04000000000000002)(63.1358937928245 17.0)
(1.0E-9,16.0,0.04000000000000002)(63.07693199520658 22.0)
(1.0E-9,16.0,0.04000000000000002)(63.03025880802586 23.0)
(1.0E-9,16.0,0.04000000000000002)(63.03025880802586 24.0)
(1.0E-9,16.0,0.04000000000000002)(63.03025880802586 25.0)
(1.0E-9 16.0 0.04100000000000002)(61.871082967626464 50.0)
(1.0E-9,16.0,0.04100000000000002)(63.312853000090854 3.0)
(1.0E-9,16.0,0.04100000000000002)(63.1358937928245 11.0)
(1.0E-9,16.0,0.04100000000000002)(63.1358937928245 16.0)
(1.0E-9,16.0,0.04100000000000002)(63.1358937928245 17.0)
(1.0E-9,16.0,0.04100000000000002)(63.07693199520658 22.0)
(1.0E-9,16.0,0.04100000000000002)(63.03025880802586 23.0)
(1.0E-9,16.0,0.04100000000000002)(63.03025880802586 24.0)
(1.0E-9,16.0,0.04100000000000002)(63.03025880802586 25.0)
(1.0E-9 16.0 0.04200000000000002)(61.871082967626464 50.0)
(1.0E-9,16.0,0.04200000000000002)(63.312853000090854 3.0)
(1.0E-9,16.0,0.04200000000000002)(63.1358937928245 11.0)
(1.0E-9,16.0,0.04200000000000002)(63.1358937928245 16.0)
(1.0E-9,16.0,0.04200000000000002)(63.1358937928245 17.0)
(1.0E-9,16.0,0.04200000000000002)(63.07693199520658 22.0)
(1.0E-9,16.0,0.04200000000000002)(63.03025880802586 23.0)
(1.0E-9,16.0,0.04200000000000002)(63.03025880802586 24.0)
(1.0E-9,16.0,0.04200000000000002)(63.03025880802586 25.0)
(1.0E-9 16.0 0.043000000000000024)(61.871082967626464 50.0)
(1.0E-9,16.0,0.043000000000000024)(63.312853000090854 3.0)
(1.0E-9,16.0,0.043000000000000024)(63.1358937928245 11.0)
(1.0E-9,16.0,0.043000000000000024)(63.1358937928245 16.0)
(1.0E-9,16.0,0.043000000000000024)(63.1358937928245 17.0)
(1.0E-9,16.0,0.043000000000000024)(63.07693199520658 22.0)
(1.0E-9,16.0,0.043000000000000024)(63.03025880802586 23.0)
(1.0E-9,16.0,0.043000000000000024)(63.03025880802586 24.0)
(1.0E-9,16.0,0.043000000000000024)(63.03025880802586 25.0)
(1.0E-9 16.0 0.044000000000000025)(61.871082967626464 50.0)
(1.0E-9,16.0,0.044000000000000025)(63.312853000090854 3.0)
(1.0E-9,16.0,0.044000000000000025)(63.1358937928245 11.0)
(1.0E-9,16.0,0.044000000000000025)(63.1358937928245 16.0)
(1.0E-9,16.0,0.044000000000000025)(63.1358937928245 17.0)
(1.0E-9,16.0,0.044000000000000025)(63.07693199520658 22.0)
(1.0E-9,16.0,0.044000000000000025)(63.03025880802586 23.0)
(1.0E-9,16.0,0.044000000000000025)(63.03025880802586 24.0)
(1.0E-9,16.0,0.044000000000000025)(63.03025880802586 25.0)
(1.0E-9 16.0 0.045000000000000026)(61.871082967626464 50.0)
(1.0E-9,16.0,0.045000000000000026)(63.312853000090854 3.0)
(1.0E-9,16.0,0.045000000000000026)(63.1358937928245 11.0)
(1.0E-9,16.0,0.045000000000000026)(63.1358937928245 16.0)
(1.0E-9,16.0,0.045000000000000026)(63.1358937928245 17.0)
(1.0E-9,16.0,0.045000000000000026)(63.07693199520658 22.0)
(1.0E-9,16.0,0.045000000000000026)(63.03025880802586 23.0)
(1.0E-9,16.0,0.045000000000000026)(63.03025880802586 24.0)
(1.0E-9,16.0,0.045000000000000026)(63.03025880802586 25.0)
(1.0E-9 16.0 0.04600000000000003)(61.871082967626464 50.0)
(1.0E-9,16.0,0.04600000000000003)(63.312853000090854 3.0)
(1.0E-9,16.0,0.04600000000000003)(63.1358937928245 11.0)
(1.0E-9,16.0,0.04600000000000003)(63.1358937928245 16.0)
(1.0E-9,16.0,0.04600000000000003)(63.1358937928245 17.0)
(1.0E-9,16.0,0.04600000000000003)(63.07693199520658 22.0)
(1.0E-9,16.0,0.04600000000000003)(63.03025880802586 23.0)
(1.0E-9,16.0,0.04600000000000003)(63.03025880802586 24.0)
(1.0E-9,16.0,0.04600000000000003)(63.03025880802586 25.0)
(1.0E-9 16.0 0.04700000000000003)(61.871082967626464 50.0)
(1.0E-9,16.0,0.04700000000000003)(63.312853000090854 3.0)
(1.0E-9,16.0,0.04700000000000003)(63.1358937928245 11.0)
(1.0E-9,16.0,0.04700000000000003)(63.1358937928245 16.0)
(1.0E-9,16.0,0.04700000000000003)(63.1358937928245 17.0)
(1.0E-9,16.0,0.04700000000000003)(63.07693199520658 22.0)
(1.0E-9,16.0,0.04700000000000003)(63.03025880802586 23.0)
(1.0E-9,16.0,0.04700000000000003)(63.03025880802586 24.0)
(1.0E-9,16.0,0.04700000000000003)(63.03025880802586 25.0)
(1.0E-9 16.0 0.04800000000000003)(61.871082967626464 50.0)
(1.0E-9,16.0,0.04800000000000003)(63.312853000090854 3.0)
(1.0E-9,16.0,0.04800000000000003)(63.1358937928245 11.0)
(1.0E-9,16.0,0.04800000000000003)(63.1358937928245 16.0)
(1.0E-9,16.0,0.04800000000000003)(63.1358937928245 17.0)
(1.0E-9,16.0,0.04800000000000003)(63.090035119442504 21.0)
(1.0E-9,16.0,0.04800000000000003)(63.03025880802586 23.0)
(1.0E-9,16.0,0.04800000000000003)(63.03025880802586 24.0)
(1.0E-9,16.0,0.04800000000000003)(63.03025880802586 25.0)
(1.0E-9 16.0 0.04900000000000003)(61.871082967626464 50.0)
(1.0E-9,16.0,0.04900000000000003)(63.312853000090854 3.0)
(1.0E-9,16.0,0.04900000000000003)(63.1358937928245 11.0)
(1.0E-9,16.0,0.04900000000000003)(63.1358937928245 14.0)
(1.0E-9,16.0,0.04900000000000003)(63.1358937928245 16.0)
(1.0E-9,16.0,0.04900000000000003)(63.1358937928245 17.0)
(1.0E-9,16.0,0.04900000000000003)(63.07693199520658 22.0)
(1.0E-9,16.0,0.04900000000000003)(63.03025880802586 23.0)
(1.0E-9,16.0,0.04900000000000003)(63.03025880802586 24.0)
(1.0E-9,16.0,0.04900000000000003)(63.03025880802586 25.0)
(1.0E-9 16.0 0.05000000000000003)(61.871082967626464 50.0)
(1.0E-9,16.0,0.05000000000000003)(63.312853000090854 3.0)
(1.0E-9,16.0,0.05000000000000003)(63.1358937928245 11.0)
(1.0E-9,16.0,0.05000000000000003)(63.1358937928245 14.0)
(1.0E-9,16.0,0.05000000000000003)(63.1358937928245 16.0)
(1.0E-9,16.0,0.05000000000000003)(63.1358937928245 17.0)
(1.0E-9,16.0,0.05000000000000003)(63.07693199520658 22.0)
(1.0E-9,16.0,0.05000000000000003)(63.03025880802586 23.0)
(1.0E-9,16.0,0.05000000000000003)(63.03025880802586 24.0)
(1.0E-9,16.0,0.05000000000000003)(63.03025880802586 25.0)
(1.0E-9 16.0 0.05100000000000003)(61.69049626037969 51.0)
(1.0E-9,16.0,0.05100000000000003)(63.312853000090854 3.0)
(1.0E-9,16.0,0.05100000000000003)(63.1358937928245 11.0)
(1.0E-9,16.0,0.05100000000000003)(63.1358937928245 14.0)
(1.0E-9,16.0,0.05100000000000003)(63.1358937928245 16.0)
(1.0E-9,16.0,0.05100000000000003)(63.1358937928245 17.0)
(1.0E-9,16.0,0.05100000000000003)(63.1358937928245 20.0)
(1.0E-9,16.0,0.05100000000000003)(63.07693199520658 22.0)
(1.0E-9,16.0,0.05100000000000003)(63.03025880802586 23.0)
(1.0E-9,16.0,0.05100000000000003)(63.03025880802586 24.0)
(1.0E-9,16.0,0.05100000000000003)(63.03025880802586 25.0)
(1.0E-9 16.0 0.05200000000000003)(61.69049626037969 51.0)
(1.0E-9,16.0,0.05200000000000003)(63.312853000090854 3.0)
(1.0E-9,16.0,0.05200000000000003)(63.1358937928245 11.0)
(1.0E-9,16.0,0.05200000000000003)(63.1358937928245 14.0)
(1.0E-9,16.0,0.05200000000000003)(63.1358937928245 16.0)
(1.0E-9,16.0,0.05200000000000003)(63.1358937928245 17.0)
(1.0E-9,16.0,0.05200000000000003)(63.1358937928245 20.0)
(1.0E-9,16.0,0.05200000000000003)(63.07693199520658 22.0)
(1.0E-9,16.0,0.05200000000000003)(63.03025880802586 23.0)
(1.0E-9,16.0,0.05200000000000003)(63.03025880802586 24.0)
(1.0E-9,16.0,0.05200000000000003)(63.03025880802586 25.0)
(1.0E-9 16.0 0.05300000000000003)(61.69049626037969 51.0)
(1.0E-9,16.0,0.05300000000000003)(63.312853000090854 3.0)
(1.0E-9,16.0,0.05300000000000003)(63.1358937928245 11.0)
(1.0E-9,16.0,0.05300000000000003)(63.1358937928245 14.0)
(1.0E-9,16.0,0.05300000000000003)(63.1358937928245 16.0)
(1.0E-9,16.0,0.05300000000000003)(63.1358937928245 17.0)
(1.0E-9,16.0,0.05300000000000003)(63.1358937928245 20.0)
(1.0E-9,16.0,0.05300000000000003)(63.07693199520658 22.0)
(1.0E-9,16.0,0.05300000000000003)(63.03025880802586 23.0)
(1.0E-9,16.0,0.05300000000000003)(63.03025880802586 24.0)
(1.0E-9 16.0 0.054000000000000034)(61.69049626037969 51.0)
(1.0E-9,16.0,0.054000000000000034)(63.312853000090854 3.0)
(1.0E-9,16.0,0.054000000000000034)(63.1358937928245 11.0)
(1.0E-9,16.0,0.054000000000000034)(63.1358937928245 14.0)
(1.0E-9,16.0,0.054000000000000034)(63.1358937928245 16.0)
(1.0E-9,16.0,0.054000000000000034)(63.1358937928245 17.0)
(1.0E-9,16.0,0.054000000000000034)(63.1358937928245 20.0)
(1.0E-9,16.0,0.054000000000000034)(63.07693199520658 22.0)
(1.0E-9,16.0,0.054000000000000034)(63.03025880802586 23.0)
(1.0E-9,16.0,0.054000000000000034)(63.03025880802586 24.0)
(1.0E-9 16.0 0.055000000000000035)(61.69049626037969 51.0)
(1.0E-9,16.0,0.055000000000000035)(63.312853000090854 3.0)
(1.0E-9,16.0,0.055000000000000035)(63.1358937928245 11.0)
(1.0E-9,16.0,0.055000000000000035)(63.1358937928245 14.0)
(1.0E-9,16.0,0.055000000000000035)(63.1358937928245 16.0)
(1.0E-9,16.0,0.055000000000000035)(63.1358937928245 17.0)
(1.0E-9,16.0,0.055000000000000035)(63.1358937928245 20.0)
(1.0E-9,16.0,0.055000000000000035)(63.07693199520658 22.0)
(1.0E-9,16.0,0.055000000000000035)(63.03025880802586 23.0)
(1.0E-9,16.0,0.055000000000000035)(63.03025880802586 24.0)
(1.0E-9,16.0,0.055000000000000035)(63.07693199520658 21.0)
(1.0E-9 16.0 0.056000000000000036)(61.69049626037969 51.0)
(1.0E-9,16.0,0.056000000000000036)(63.312853000090854 3.0)
(1.0E-9,16.0,0.056000000000000036)(63.1358937928245 11.0)
(1.0E-9,16.0,0.056000000000000036)(63.1358937928245 14.0)
(1.0E-9,16.0,0.056000000000000036)(63.1358937928245 16.0)
(1.0E-9,16.0,0.056000000000000036)(63.1358937928245 17.0)
(1.0E-9,16.0,0.056000000000000036)(63.1358937928245 20.0)
(1.0E-9,16.0,0.056000000000000036)(63.07693199520658 22.0)
(1.0E-9,16.0,0.056000000000000036)(63.03025880802586 23.0)
(1.0E-9,16.0,0.056000000000000036)(63.03025880802586 24.0)
(1.0E-9 16.0 0.05700000000000004)(61.69049626037969 51.0)
(1.0E-9,16.0,0.05700000000000004)(63.312853000090854 3.0)
(1.0E-9,16.0,0.05700000000000004)(63.1358937928245 11.0)
(1.0E-9,16.0,0.05700000000000004)(63.1358937928245 14.0)
(1.0E-9,16.0,0.05700000000000004)(63.1358937928245 16.0)
(1.0E-9,16.0,0.05700000000000004)(63.1358937928245 17.0)
(1.0E-9,16.0,0.05700000000000004)(63.1358937928245 20.0)
(1.0E-9,16.0,0.05700000000000004)(63.07693199520658 22.0)
(1.0E-9,16.0,0.05700000000000004)(63.03025880802586 23.0)
(1.0E-9,16.0,0.05700000000000004)(63.07693199520658 24.0)
(1.0E-9 16.0 0.05800000000000004)(61.69049626037969 51.0)
(1.0E-9,16.0,0.05800000000000004)(63.312853000090854 3.0)
(1.0E-9,16.0,0.05800000000000004)(63.1358937928245 11.0)
(1.0E-9,16.0,0.05800000000000004)(63.1358937928245 14.0)
(1.0E-9,16.0,0.05800000000000004)(63.1358937928245 16.0)
(1.0E-9,16.0,0.05800000000000004)(63.1358937928245 17.0)
(1.0E-9,16.0,0.05800000000000004)(63.1358937928245 20.0)
(1.0E-9,16.0,0.05800000000000004)(63.07693199520658 22.0)
(1.0E-9,16.0,0.05800000000000004)(63.03025880802586 23.0)
(1.0E-9,16.0,0.05800000000000004)(63.1358937928245 21.0)
(1.0E-9,16.0,0.05800000000000004)(63.07693199520658 24.0)
(1.0E-9 16.0 0.05900000000000004)(61.69049626037969 51.0)
(1.0E-9,16.0,0.05900000000000004)(63.312853000090854 3.0)
(1.0E-9,16.0,0.05900000000000004)(63.1358937928245 11.0)
(1.0E-9,16.0,0.05900000000000004)(63.1358937928245 14.0)
(1.0E-9,16.0,0.05900000000000004)(63.1358937928245 16.0)
(1.0E-9,16.0,0.05900000000000004)(63.1358937928245 17.0)
(1.0E-9,16.0,0.05900000000000004)(63.1358937928245 20.0)
(1.0E-9,16.0,0.05900000000000004)(63.07693199520658 22.0)
(1.0E-9,16.0,0.05900000000000004)(63.03025880802586 23.0)
(1.0E-9,16.0,0.05900000000000004)(63.1358937928245 21.0)
(1.0E-9,16.0,0.05900000000000004)(63.07693199520658 24.0)
(1.0E-9 16.0 0.06000000000000004)(61.69049626037969 51.0)
(1.0E-9,16.0,0.06000000000000004)(63.312853000090854 3.0)
(1.0E-9,16.0,0.06000000000000004)(63.1358937928245 11.0)
(1.0E-9,16.0,0.06000000000000004)(63.1358937928245 14.0)
(1.0E-9,16.0,0.06000000000000004)(63.1358937928245 16.0)
(1.0E-9,16.0,0.06000000000000004)(63.1358937928245 20.0)
(1.0E-9,16.0,0.06000000000000004)(63.07693199520658 22.0)
(1.0E-9,16.0,0.06000000000000004)(63.03025880802586 23.0)
(1.0E-9,16.0,0.06000000000000004)(63.1358937928245 21.0)
(1.0E-9,16.0,0.06000000000000004)(63.07693199520658 24.0)
(1.0E-9 16.0 0.06100000000000004)(61.69049626037969 51.0)
(1.0E-9,16.0,0.06100000000000004)(63.312853000090854 3.0)
(1.0E-9,16.0,0.06100000000000004)(63.1358937928245 11.0)
(1.0E-9,16.0,0.06100000000000004)(63.1358937928245 14.0)
(1.0E-9,16.0,0.06100000000000004)(63.1358937928245 16.0)
(1.0E-9,16.0,0.06100000000000004)(63.1358937928245 17.0)
(1.0E-9,16.0,0.06100000000000004)(63.07693199520658 22.0)
(1.0E-9,16.0,0.06100000000000004)(63.03025880802586 23.0)
(1.0E-9,16.0,0.06100000000000004)(63.03025880802586 24.0)
(1.0E-9,16.0,0.06100000000000004)(63.1358937928245 21.0)
(1.0E-9,16.0,0.06100000000000004)(63.1358937928245 20.0)
(1.0E-9 16.0 0.06200000000000004)(61.69049626037969 51.0)
(1.0E-9,16.0,0.06200000000000004)(63.312853000090854 3.0)
(1.0E-9,16.0,0.06200000000000004)(63.1358937928245 11.0)
(1.0E-9,16.0,0.06200000000000004)(63.1358937928245 14.0)
(1.0E-9,16.0,0.06200000000000004)(63.1358937928245 16.0)
(1.0E-9,16.0,0.06200000000000004)(63.1358937928245 17.0)
(1.0E-9,16.0,0.06200000000000004)(63.07693199520658 22.0)
(1.0E-9,16.0,0.06200000000000004)(63.03025880802586 23.0)
(1.0E-9,16.0,0.06200000000000004)(63.03025880802586 24.0)
(1.0E-9,16.0,0.06200000000000004)(63.1358937928245 20.0)
(1.0E-9,16.0,0.06200000000000004)(63.1358937928245 21.0)
(1.0E-9 16.0 0.06300000000000004)(61.69049626037969 51.0)
(1.0E-9,16.0,0.06300000000000004)(63.312853000090854 3.0)
(1.0E-9,16.0,0.06300000000000004)(63.1358937928245 11.0)
(1.0E-9,16.0,0.06300000000000004)(63.1358937928245 14.0)
(1.0E-9,16.0,0.06300000000000004)(63.1358937928245 16.0)
(1.0E-9,16.0,0.06300000000000004)(63.1358937928245 17.0)
(1.0E-9,16.0,0.06300000000000004)(63.07693199520658 22.0)
(1.0E-9,16.0,0.06300000000000004)(63.03025880802586 23.0)
(1.0E-9,16.0,0.06300000000000004)(63.03025880802586 24.0)
(1.0E-9,16.0,0.06300000000000004)(63.1358937928245 20.0)
(1.0E-9,16.0,0.06300000000000004)(63.1358937928245 21.0)
(1.0E-9 16.0 0.06400000000000004)(61.69049626037969 51.0)
(1.0E-9,16.0,0.06400000000000004)(63.312853000090854 3.0)
(1.0E-9,16.0,0.06400000000000004)(63.1358937928245 11.0)
(1.0E-9,16.0,0.06400000000000004)(63.1358937928245 14.0)
(1.0E-9,16.0,0.06400000000000004)(63.1358937928245 16.0)
(1.0E-9,16.0,0.06400000000000004)(63.1358937928245 17.0)
(1.0E-9,16.0,0.06400000000000004)(63.07693199520658 22.0)
(1.0E-9,16.0,0.06400000000000004)(63.03025880802586 23.0)
(1.0E-9,16.0,0.06400000000000004)(63.03025880802586 24.0)
(1.0E-9,16.0,0.06400000000000004)(63.1358937928245 20.0)
(1.0E-9,16.0,0.06400000000000004)(63.1358937928245 21.0)
(1.0E-9 16.0 0.06500000000000004)(61.69049626037969 51.0)
(1.0E-9,16.0,0.06500000000000004)(63.312853000090854 3.0)
(1.0E-9,16.0,0.06500000000000004)(63.1358937928245 11.0)
(1.0E-9,16.0,0.06500000000000004)(63.1358937928245 14.0)
(1.0E-9,16.0,0.06500000000000004)(63.1358937928245 16.0)
(1.0E-9,16.0,0.06500000000000004)(63.1358937928245 17.0)
(1.0E-9,16.0,0.06500000000000004)(63.07693199520658 22.0)
(1.0E-9,16.0,0.06500000000000004)(63.03025880802586 23.0)
(1.0E-9,16.0,0.06500000000000004)(63.03025880802586 24.0)
(1.0E-9,16.0,0.06500000000000004)(63.1358937928245 20.0)
(1.0E-9,16.0,0.06500000000000004)(63.1358937928245 21.0)
(1.0E-9 16.0 0.06600000000000004)(61.455365508360096 52.0)
(1.0E-9,16.0,0.06600000000000004)(63.312853000090854 3.0)
(1.0E-9,16.0,0.06600000000000004)(63.1358937928245 13.0)
(1.0E-9,16.0,0.06600000000000004)(63.1358937928245 16.0)
(1.0E-9,16.0,0.06600000000000004)(63.1358937928245 17.0)
(1.0E-9,16.0,0.06600000000000004)(63.07693199520658 22.0)
(1.0E-9,16.0,0.06600000000000004)(63.03025880802586 23.0)
(1.0E-9,16.0,0.06600000000000004)(63.03025880802586 24.0)
(1.0E-9,16.0,0.06600000000000004)(63.1358937928245 21.0)
(1.0E-9 16.0 0.06700000000000005)(61.455365508360096 52.0)
(1.0E-9,16.0,0.06700000000000005)(63.312853000090854 3.0)
(1.0E-9,16.0,0.06700000000000005)(63.1358937928245 13.0)
(1.0E-9,16.0,0.06700000000000005)(63.1358937928245 16.0)
(1.0E-9,16.0,0.06700000000000005)(63.1358937928245 17.0)
(1.0E-9,16.0,0.06700000000000005)(63.07693199520658 22.0)
(1.0E-9,16.0,0.06700000000000005)(63.03025880802586 23.0)
(1.0E-9,16.0,0.06700000000000005)(63.03025880802586 24.0)
(1.0E-9,16.0,0.06700000000000005)(63.1358937928245 21.0)
(1.0E-9,16.0,0.06700000000000005)(63.1358937928245 20.0)
(1.0E-9 16.0 0.06800000000000005)(61.455365508360096 52.0)
(1.0E-9,16.0,0.06800000000000005)(63.312853000090854 3.0)
(1.0E-9,16.0,0.06800000000000005)(63.1358937928245 13.0)
(1.0E-9,16.0,0.06800000000000005)(63.1358937928245 16.0)
(1.0E-9,16.0,0.06800000000000005)(63.1358937928245 17.0)
(1.0E-9,16.0,0.06800000000000005)(63.07693199520658 22.0)
(1.0E-9,16.0,0.06800000000000005)(63.03025880802586 23.0)
(1.0E-9,16.0,0.06800000000000005)(63.03025880802586 24.0)
(1.0E-9,16.0,0.06800000000000005)(63.1358937928245 21.0)
(1.0E-9 16.0 0.06900000000000005)(61.455365508360096 52.0)
(1.0E-9,16.0,0.06900000000000005)(63.312853000090854 3.0)
(1.0E-9,16.0,0.06900000000000005)(63.1358937928245 13.0)
(1.0E-9,16.0,0.06900000000000005)(63.1358937928245 16.0)
(1.0E-9,16.0,0.06900000000000005)(63.1358937928245 17.0)
(1.0E-9,16.0,0.06900000000000005)(63.07693199520658 22.0)
(1.0E-9,16.0,0.06900000000000005)(63.03025880802586 23.0)
(1.0E-9,16.0,0.06900000000000005)(63.03025880802586 24.0)
(1.0E-9,16.0,0.06900000000000005)(63.1358937928245 20.0)
(1.0E-9,16.0,0.06900000000000005)(63.1358937928245 21.0)
(1.0E-9 16.0 0.07000000000000005)(59.67525448224063 58.0)
(1.0E-9,16.0,0.07000000000000005)(63.312853000090854 3.0)
(1.0E-9,16.0,0.07000000000000005)(63.1358937928245 13.0)
(1.0E-9,16.0,0.07000000000000005)(63.1358937928245 16.0)
(1.0E-9,16.0,0.07000000000000005)(63.1358937928245 23.0)
(1.0E-9,16.0,0.07000000000000005)(63.0764769262858 28.0)
(1.0E-9,16.0,0.07000000000000005)(63.01650861089896 31.0)
(1.0E-9,16.0,0.07000000000000005)(63.01650861089896 32.0)
(1.0E-9,16.0,0.07000000000000005)(63.01650861089896 34.0)
(1.0E-9 16.0 0.07100000000000005)(59.67525448224063 58.0)
(1.0E-9,16.0,0.07100000000000005)(63.312853000090854 3.0)
(1.0E-9,16.0,0.07100000000000005)(63.1358937928245 14.0)
(1.0E-9,16.0,0.07100000000000005)(63.1358937928245 21.0)
(1.0E-9,16.0,0.07100000000000005)(63.1358937928245 23.0)
(1.0E-9,16.0,0.07100000000000005)(63.0764769262858 28.0)
(1.0E-9,16.0,0.07100000000000005)(63.0764769262858 30.0)
(1.0E-9,16.0,0.07100000000000005)(63.01650861089896 31.0)
(1.0E-9,16.0,0.07100000000000005)(63.01650861089896 32.0)
(1.0E-9,16.0,0.07100000000000005)(63.01650861089896 34.0)
(1.0E-9,16.0,0.07100000000000005)(63.01650861089896 35.0)
(1.0E-9 16.0 0.07200000000000005)(59.67525448224063 58.0)
(1.0E-9,16.0,0.07200000000000005)(63.312853000090854 3.0)
(1.0E-9,16.0,0.07200000000000005)(63.1358937928245 14.0)
(1.0E-9,16.0,0.07200000000000005)(63.1358937928245 21.0)
(1.0E-9,16.0,0.07200000000000005)(63.1358937928245 23.0)
(1.0E-9,16.0,0.07200000000000005)(63.0764769262858 28.0)
(1.0E-9,16.0,0.07200000000000005)(63.0764769262858 30.0)
(1.0E-9,16.0,0.07200000000000005)(63.01650861089896 31.0)
(1.0E-9,16.0,0.07200000000000005)(63.01650861089896 32.0)
(1.0E-9,16.0,0.07200000000000005)(63.01650861089896 34.0)
(1.0E-9,16.0,0.07200000000000005)(63.01650861089896 35.0)
(1.0E-9 16.0 0.07300000000000005)(59.67525448224063 58.0)
(1.0E-9,16.0,0.07300000000000005)(63.312853000090854 3.0)
(1.0E-9,16.0,0.07300000000000005)(63.1358937928245 14.0)
(1.0E-9,16.0,0.07300000000000005)(63.1358937928245 21.0)
(1.0E-9,16.0,0.07300000000000005)(63.1358937928245 23.0)
(1.0E-9,16.0,0.07300000000000005)(63.1358937928245 24.0)
(1.0E-9,16.0,0.07300000000000005)(63.0764769262858 29.0)
(1.0E-9,16.0,0.07300000000000005)(63.01650861089896 30.0)
(1.0E-9,16.0,0.07300000000000005)(63.01650861089896 31.0)
(1.0E-9,16.0,0.07300000000000005)(63.01650861089896 32.0)
(1.0E-9,16.0,0.07300000000000005)(63.01650861089896 34.0)
(1.0E-9 16.0 0.07400000000000005)(59.42296247700099 62.0)
(1.0E-9,16.0,0.07400000000000005)(63.312853000090854 3.0)
(1.0E-9,16.0,0.07400000000000005)(63.1358937928245 14.0)
(1.0E-9,16.0,0.07400000000000005)(63.1358937928245 22.0)
(1.0E-9,16.0,0.07400000000000005)(63.1358937928245 23.0)
(1.0E-9,16.0,0.07400000000000005)(63.0764769262858 30.0)
(1.0E-9,16.0,0.07400000000000005)(63.01650861089896 30.0)
(1.0E-9,16.0,0.07400000000000005)(63.01650861089896 32.0)
(1.0E-9,16.0,0.07400000000000005)(63.01650861089896 34.0)
(1.0E-9,16.0,0.07400000000000005)(63.01650861089896 35.0)
(1.0E-9 16.0 0.07500000000000005)(59.42296247700099 62.0)
(1.0E-9,16.0,0.07500000000000005)(63.312853000090854 3.0)
(1.0E-9,16.0,0.07500000000000005)(63.1358937928245 14.0)
(1.0E-9,16.0,0.07500000000000005)(63.1358937928245 22.0)
(1.0E-9,16.0,0.07500000000000005)(63.1358937928245 24.0)
(1.0E-9,16.0,0.07500000000000005)(63.0764769262858 30.0)
(1.0E-9,16.0,0.07500000000000005)(63.01650861089896 30.0)
(1.0E-9,16.0,0.07500000000000005)(63.01650861089896 31.0)
(1.0E-9,16.0,0.07500000000000005)(63.01650861089896 32.0)
(1.0E-9,16.0,0.07500000000000005)(63.01650861089896 34.0)
(1.0E-9,16.0,0.07500000000000005)(63.01650861089896 33.0)
(1.0E-9 16.0 0.07600000000000005)(58.946360081420934 63.0)
(1.0E-9,16.0,0.07600000000000005)(63.312853000090854 3.0)
(1.0E-9,16.0,0.07600000000000005)(63.1358937928245 17.0)
(1.0E-9,16.0,0.07600000000000005)(63.1358937928245 23.0)
(1.0E-9,16.0,0.07600000000000005)(63.0764769262858 29.0)
(1.0E-9,16.0,0.07600000000000005)(63.01650861089896 30.0)
(1.0E-9,16.0,0.07600000000000005)(63.01650861089896 31.0)
(1.0E-9,16.0,0.07600000000000005)(63.01650861089896 32.0)
(1.0E-9,16.0,0.07600000000000005)(63.01650861089896 34.0)
(1.0E-9,16.0,0.07600000000000005)(63.01650861089896 36.0)
(1.0E-9 16.0 0.07700000000000005)(58.7240158374108 64.0)
(1.0E-9,16.0,0.07700000000000005)(63.312853000090854 3.0)
(1.0E-9,16.0,0.07700000000000005)(63.1358937928245 14.0)
(1.0E-9,16.0,0.07700000000000005)(63.1358937928245 19.0)
(1.0E-9,16.0,0.07700000000000005)(63.1358937928245 21.0)
(1.0E-9,16.0,0.07700000000000005)(63.1358937928245 22.0)
(1.0E-9,16.0,0.07700000000000005)(63.07693199520658 27.0)
(1.0E-9,16.0,0.07700000000000005)(63.01650861089896 29.0)
(1.0E-9,16.0,0.07700000000000005)(63.01650861089896 30.0)
(1.0E-9 16.0 0.07800000000000006)(58.7240158374108 64.0)
(1.0E-9,16.0,0.07800000000000006)(63.312853000090854 3.0)
(1.0E-9,16.0,0.07800000000000006)(63.1358937928245 14.0)
(1.0E-9,16.0,0.07800000000000006)(63.1358937928245 19.0)
(1.0E-9,16.0,0.07800000000000006)(63.1358937928245 21.0)
(1.0E-9,16.0,0.07800000000000006)(63.1358937928245 22.0)
(1.0E-9,16.0,0.07800000000000006)(63.07693199520658 27.0)
(1.0E-9,16.0,0.07800000000000006)(63.01650861089896 29.0)
(1.0E-9,16.0,0.07800000000000006)(63.01650861089896 30.0)
(1.0E-9 16.0 0.07900000000000006)(58.67718884517644 65.0)
(1.0E-9,16.0,0.07900000000000006)(63.312853000090854 3.0)
(1.0E-9,16.0,0.07900000000000006)(63.1358937928245 16.0)
(1.0E-9,16.0,0.07900000000000006)(63.1358937928245 19.0)
(1.0E-9,16.0,0.07900000000000006)(63.1358937928245 21.0)
(1.0E-9,16.0,0.07900000000000006)(63.1358937928245 22.0)
(1.0E-9,16.0,0.07900000000000006)(63.07693199520658 27.0)
(1.0E-9,16.0,0.07900000000000006)(63.01650861089896 29.0)
(1.0E-9,16.0,0.07900000000000006)(63.01650861089896 30.0)
(1.0E-9,16.0,0.07900000000000006)(63.01650861089896 31.0)
(1.0E-9 16.0 0.08000000000000006)(58.67718884517644 65.0)
(1.0E-9,16.0,0.08000000000000006)(63.312853000090854 3.0)
(1.0E-9,16.0,0.08000000000000006)(63.1358937928245 16.0)
(1.0E-9,16.0,0.08000000000000006)(63.1358937928245 19.0)
(1.0E-9,16.0,0.08000000000000006)(63.1358937928245 21.0)
(1.0E-9,16.0,0.08000000000000006)(63.0764769262858 27.0)
(1.0E-9,16.0,0.08000000000000006)(63.01650861089896 29.0)
(1.0E-9,16.0,0.08000000000000006)(62.6929540152837 38.0)
(1.0E-9,16.0,0.08000000000000006)(62.34864760283683 47.0)
(1.0E-9,16.0,0.08000000000000006)(62.25474338707069 48.0)
(1.0E-9,16.0,0.08000000000000006)(60.94454565869171 55.0)
(1.0E-9,16.0,0.08000000000000006)(61.348563588599575 52.0)
(1.0E-9,16.0,0.08000000000000006)(60.86051719541699 58.0)
(1.0E-9,16.0,0.08000000000000006)(60.94454565869171 56.0)
(1.0E-9,16.0,0.08000000000000006)(61.348563588599575 53.0)
(1.0E-9 16.0 0.08100000000000006)(53.9513014552535 75.0)
(1.0E-9,16.0,0.08100000000000006)(63.312853000090854 3.0)
(1.0E-9,16.0,0.08100000000000006)(63.1358937928245 18.0)
(1.0E-9,16.0,0.08100000000000006)(63.1358937928245 21.0)
(1.0E-9,16.0,0.08100000000000006)(63.0764769262858 27.0)
(1.0E-9,16.0,0.08100000000000006)(62.6929540152837 38.0)
(1.0E-9,16.0,0.08100000000000006)(62.34864760283683 47.0)
(1.0E-9,16.0,0.08100000000000006)(62.25474338707069 48.0)
(1.0E-9,16.0,0.08100000000000006)(62.44706169888543 42.0)
(1.0E-9,16.0,0.08100000000000006)(60.94454565869171 55.0)
(1.0E-9,16.0,0.08100000000000006)(61.348563588599575 52.0)
(1.0E-9,16.0,0.08100000000000006)(60.94454565869171 56.0)
(1.0E-9,16.0,0.08100000000000006)(61.348563588599575 53.0)
(1.0E-9,16.0,0.08100000000000006)(61.2651235017151 55.0)
(1.0E-9 16.0 0.08200000000000006)(54.30335677364568 75.0)
(1.0E-9,16.0,0.08200000000000006)(63.312853000090854 3.0)
(1.0E-9,16.0,0.08200000000000006)(63.1358937928245 19.0)
(1.0E-9,16.0,0.08200000000000006)(63.1358937928245 21.0)
(1.0E-9,16.0,0.08200000000000006)(63.01650861089896 28.0)
(1.0E-9,16.0,0.08200000000000006)(62.6929540152837 38.0)
(1.0E-9,16.0,0.08200000000000006)(62.34864760283683 47.0)
(1.0E-9,16.0,0.08200000000000006)(62.60022933060055 39.0)
(1.0E-9,16.0,0.08200000000000006)(60.94454565869171 55.0)
(1.0E-9,16.0,0.08200000000000006)(60.94454565869171 56.0)
(1.0E-9,16.0,0.08200000000000006)(61.348563588599575 52.0)
(1.0E-9,16.0,0.08200000000000006)(61.348563588599575 53.0)
(1.0E-9 16.0 0.08300000000000006)(53.85623327052663 76.0)
(1.0E-9,16.0,0.08300000000000006)(63.312853000090854 5.0)
(1.0E-9,16.0,0.08300000000000006)(63.1358937928245 19.0)
(1.0E-9,16.0,0.08300000000000006)(63.1358937928245 25.0)
(1.0E-9,16.0,0.08300000000000006)(63.01650861089896 29.0)
(1.0E-9,16.0,0.08300000000000006)(63.07693199520658 28.0)
(1.0E-9,16.0,0.08300000000000006)(62.47268821889825 45.0)
(1.0E-9,16.0,0.08300000000000006)(62.25474338707069 48.0)
(1.0E-9,16.0,0.08300000000000006)(60.644881022272756 56.0)
(1.0E-9,16.0,0.08300000000000006)(60.94454565869171 55.0)
(1.0E-9,16.0,0.08300000000000006)(61.348563588599575 54.0)
(1.0E-9,16.0,0.08300000000000006)(61.348563588599575 52.0)
(1.0E-9,16.0,0.08300000000000006)(61.348563588599575 53.0)
(1.0E-9 16.0 0.08400000000000006)(49.61943637451142 78.0)
(1.0E-9,16.0,0.08400000000000006)(63.312853000090854 5.0)
(1.0E-9,16.0,0.08400000000000006)(63.1358937928245 19.0)
(1.0E-9,16.0,0.08400000000000006)(63.1358937928245 26.0)
(1.0E-9,16.0,0.08400000000000006)(63.01650861089896 30.0)
(1.0E-9,16.0,0.08400000000000006)(62.34864760283683 47.0)
(1.0E-9,16.0,0.08400000000000006)(62.60022933060055 39.0)
(1.0E-9,16.0,0.08400000000000006)(60.94454565869171 55.0)
(1.0E-9,16.0,0.08400000000000006)(60.86051719541699 59.0)
(1.0E-9,16.0,0.08400000000000006)(61.348563588599575 53.0)
(1.0E-9,16.0,0.08400000000000006)(61.348563588599575 52.0)
(1.0E-9,16.0,0.08400000000000006)(61.348563588599575 54.0)
(1.0E-9 16.0 0.08500000000000006)(49.61943637451142 78.0)
(1.0E-9,16.0,0.08500000000000006)(63.312853000090854 5.0)
(1.0E-9,16.0,0.08500000000000006)(63.1358937928245 19.0)
(1.0E-9,16.0,0.08500000000000006)(63.1358937928245 26.0)
(1.0E-9,16.0,0.08500000000000006)(63.01650861089896 30.0)
(1.0E-9,16.0,0.08500000000000006)(62.34864760283683 47.0)
(1.0E-9,16.0,0.08500000000000006)(62.60022933060055 39.0)
(1.0E-9,16.0,0.08500000000000006)(60.94454565869171 55.0)
(1.0E-9,16.0,0.08500000000000006)(60.86051719541699 59.0)
(1.0E-9,16.0,0.08500000000000006)(61.348563588599575 53.0)
(1.0E-9,16.0,0.08500000000000006)(61.348563588599575 52.0)
(1.0E-9,16.0,0.08500000000000006)(61.348563588599575 54.0)
(1.0E-9 16.0 0.08600000000000006)(49.61943637451142 78.0)
(1.0E-9,16.0,0.08600000000000006)(63.312853000090854 5.0)
(1.0E-9,16.0,0.08600000000000006)(63.1358937928245 19.0)
(1.0E-9,16.0,0.08600000000000006)(63.1358937928245 25.0)
(1.0E-9,16.0,0.08600000000000006)(63.01650861089896 30.0)
(1.0E-9,16.0,0.08600000000000006)(62.34864760283683 47.0)
(1.0E-9,16.0,0.08600000000000006)(62.47268821889825 45.0)
(1.0E-9,16.0,0.08600000000000006)(60.94454565869171 55.0)
(1.0E-9,16.0,0.08600000000000006)(60.86051719541699 59.0)
(1.0E-9,16.0,0.08600000000000006)(60.94454565869171 56.0)
(1.0E-9,16.0,0.08600000000000006)(60.94454565869171 57.0)
(1.0E-9,16.0,0.08600000000000006)(61.348563588599575 56.0)
(1.0E-9,16.0,0.08600000000000006)(63.06722645401987 32.0)
(1.0E-9,16.0,0.08600000000000006)(61.348563588599575 53.0)
(1.0E-9,16.0,0.08600000000000006)(61.348563588599575 54.0)
(1.0E-9 16.0 0.08700000000000006)(49.37515071602898 79.0)
(1.0E-9,16.0,0.08700000000000006)(63.312853000090854 5.0)
(1.0E-9,16.0,0.08700000000000006)(63.1358937928245 19.0)
(1.0E-9,16.0,0.08700000000000006)(63.07693199520658 23.0)
(1.0E-9,16.0,0.08700000000000006)(62.6929540152837 38.0)
(1.0E-9,16.0,0.08700000000000006)(61.11533759848474 53.0)
(1.0E-9,16.0,0.08700000000000006)(60.94454565869171 55.0)
(1.0E-9,16.0,0.08700000000000006)(60.94454565869171 56.0)
(1.0E-9,16.0,0.08700000000000006)(61.348563588599575 53.0)
(1.0E-9,16.0,0.08700000000000006)(61.348563588599575 54.0)
(1.0E-9 16.0 0.08800000000000006)(49.37515071602898 79.0)
(1.0E-9,16.0,0.08800000000000006)(63.312853000090854 5.0)
(1.0E-9,16.0,0.08800000000000006)(63.1358937928245 19.0)
(1.0E-9,16.0,0.08800000000000006)(63.07693199520658 23.0)
(1.0E-9,16.0,0.08800000000000006)(63.07693199520658 28.0)
(1.0E-9,16.0,0.08800000000000006)(63.07693199520658 29.0)
(1.0E-9,16.0,0.08800000000000006)(63.07693199520658 31.0)
(1.0E-9,16.0,0.08800000000000006)(63.07693199520658 32.0)
(1.0E-9,16.0,0.08800000000000006)(63.06722645401987 35.0)
(1.0E-9,16.0,0.08800000000000006)(63.07693199520658 30.0)
(1.0E-9 16.0 0.08900000000000007)(46.62780361260949 79.0)
(1.0E-9,16.0,0.08900000000000007)(63.312853000090854 5.0)
(1.0E-9,16.0,0.08900000000000007)(63.1358937928245 19.0)
(1.0E-9,16.0,0.08900000000000007)(63.07693199520658 27.0)
(1.0E-9,16.0,0.08900000000000007)(63.07693199520658 28.0)
(1.0E-9,16.0,0.08900000000000007)(63.07693199520658 29.0)
(1.0E-9,16.0,0.08900000000000007)(63.07693199520658 31.0)
(1.0E-9,16.0,0.08900000000000007)(63.07693199520658 32.0)
(1.0E-9,16.0,0.08900000000000007)(63.07693199520658 30.0)
(1.0E-9 16.0 0.09000000000000007)(49.60423737011951 78.0)
(1.0E-9,16.0,0.09000000000000007)(63.312853000090854 5.0)
(1.0E-9,16.0,0.09000000000000007)(63.1358937928245 19.0)
(1.0E-9,16.0,0.09000000000000007)(63.07693199520658 27.0)
(1.0E-9,16.0,0.09000000000000007)(63.07693199520658 28.0)
(1.0E-9,16.0,0.09000000000000007)(63.07693199520658 29.0)
(1.0E-9,16.0,0.09000000000000007)(63.07693199520658 32.0)
(1.0E-9,16.0,0.09000000000000007)(63.06722645401987 35.0)
(1.0E-9,16.0,0.09000000000000007)(63.07693199520658 33.0)
(1.0E-9,16.0,0.09000000000000007)(63.07693199520658 30.0)
(1.0E-9 16.0 0.09100000000000007)(49.60423737011951 78.0)
(1.0E-9,16.0,0.09100000000000007)(63.312853000090854 5.0)
(1.0E-9,16.0,0.09100000000000007)(63.1358937928245 19.0)
(1.0E-9,16.0,0.09100000000000007)(63.07693199520658 27.0)
(1.0E-9,16.0,0.09100000000000007)(63.07693199520658 28.0)
(1.0E-9,16.0,0.09100000000000007)(63.07693199520658 29.0)
(1.0E-9,16.0,0.09100000000000007)(63.07693199520658 32.0)
(1.0E-9,16.0,0.09100000000000007)(63.06722645401987 35.0)
(1.0E-9,16.0,0.09100000000000007)(63.07693199520658 33.0)
(1.0E-9,16.0,0.09100000000000007)(63.07693199520658 30.0)
(1.0E-9 16.0 0.09200000000000007)(49.43464378694158 79.0)
(1.0E-9,16.0,0.09200000000000007)(63.312853000090854 5.0)
(1.0E-9,16.0,0.09200000000000007)(63.1358937928245 19.0)
(1.0E-9,16.0,0.09200000000000007)(63.01650861089896 28.0)
(1.0E-9,16.0,0.09200000000000007)(63.07693199520658 28.0)
(1.0E-9,16.0,0.09200000000000007)(63.07693199520658 31.0)
(1.0E-9,16.0,0.09200000000000007)(63.07693199520658 34.0)
(1.0E-9,16.0,0.09200000000000007)(63.07693199520658 30.0)
(1.0E-9,16.0,0.09200000000000007)(63.06722645401987 36.0)
(1.0E-9,16.0,0.09200000000000007)(63.06722645401987 37.0)
(1.0E-9 16.0 0.09300000000000007)(45.76292212033992 85.0)
(1.0E-9,16.0,0.09300000000000007)(63.312853000090854 5.0)
(1.0E-9,16.0,0.09300000000000007)(63.1358937928245 24.0)
(1.0E-9,16.0,0.09300000000000007)(63.01650861089896 32.0)
(1.0E-9,16.0,0.09300000000000007)(62.633338336740074 46.0)
(1.0E-9,16.0,0.09300000000000007)(62.54040209381847 47.0)
(1.0E-9,16.0,0.09300000000000007)(62.44706169888543 46.0)
(1.0E-9,16.0,0.09300000000000007)(61.01015193521025 57.0)
(1.0E-9,16.0,0.09300000000000007)(61.20941564394119 56.0)
(1.0E-9,16.0,0.09300000000000007)(61.01015193521025 59.0)
(1.0E-9 16.0 0.09400000000000007)(49.43464378694158 79.0)
(1.0E-9,16.0,0.09400000000000007)(63.312853000090854 5.0)
(1.0E-9,16.0,0.09400000000000007)(63.1358937928245 19.0)
(1.0E-9,16.0,0.09400000000000007)(63.01650861089896 28.0)
(1.0E-9,16.0,0.09400000000000007)(63.07693199520658 28.0)
(1.0E-9,16.0,0.09400000000000007)(63.07693199520658 31.0)
(1.0E-9,16.0,0.09400000000000007)(63.07693199520658 32.0)
(1.0E-9,16.0,0.09400000000000007)(63.07693199520658 30.0)
(1.0E-9,16.0,0.09400000000000007)(63.06722645401987 34.0)
(1.0E-9 16.0 0.09500000000000007)(49.43464378694158 79.0)
(1.0E-9,16.0,0.09500000000000007)(63.312853000090854 5.0)
(1.0E-9,16.0,0.09500000000000007)(63.1358937928245 19.0)
(1.0E-9,16.0,0.09500000000000007)(63.01650861089896 28.0)
(1.0E-9,16.0,0.09500000000000007)(63.07693199520658 28.0)
(1.0E-9,16.0,0.09500000000000007)(63.07693199520658 29.0)
(1.0E-9,16.0,0.09500000000000007)(63.07693199520658 32.0)
(1.0E-9,16.0,0.09500000000000007)(63.07693199520658 33.0)
(1.0E-9,16.0,0.09500000000000007)(63.07693199520658 31.0)
(1.0E-9,16.0,0.09500000000000007)(63.06722645401987 34.0)
(1.0E-9,16.0,0.09500000000000007)(63.06722645401987 36.0)
(1.0E-9 16.0 0.09600000000000007)(49.43464378694158 79.0)
(1.0E-9,16.0,0.09600000000000007)(63.312853000090854 5.0)
(1.0E-9,16.0,0.09600000000000007)(63.1358937928245 19.0)
(1.0E-9,16.0,0.09600000000000007)(63.01650861089896 28.0)
(1.0E-9,16.0,0.09600000000000007)(63.07693199520658 28.0)
(1.0E-9,16.0,0.09600000000000007)(63.07693199520658 29.0)
(1.0E-9,16.0,0.09600000000000007)(63.07693199520658 32.0)
(1.0E-9,16.0,0.09600000000000007)(63.07693199520658 30.0)
(1.0E-9,16.0,0.09600000000000007)(63.07693199520658 31.0)
(1.0E-9 16.0 0.09700000000000007)(46.15043988980439 82.0)
(1.0E-9,16.0,0.09700000000000007)(63.312853000090854 5.0)
(1.0E-9,16.0,0.09700000000000007)(63.1358937928245 21.0)
(1.0E-9,16.0,0.09700000000000007)(63.01650861089896 29.0)
(1.0E-9,16.0,0.09700000000000007)(63.07693199520658 28.0)
(1.0E-9,16.0,0.09700000000000007)(63.07693199520658 31.0)
(1.0E-9,16.0,0.09700000000000007)(63.07693199520658 30.0)
(1.0E-9,16.0,0.09700000000000007)(63.07693199520658 33.0)
(1.0E-9,16.0,0.09700000000000007)(63.06722645401987 38.0)
(1.0E-9 16.0 0.09800000000000007)(46.15043988980439 82.0)
(1.0E-9,16.0,0.09800000000000007)(63.312853000090854 5.0)
(1.0E-9,16.0,0.09800000000000007)(63.1358937928245 21.0)
(1.0E-9,16.0,0.09800000000000007)(63.01650861089896 29.0)
(1.0E-9,16.0,0.09800000000000007)(63.07693199520658 28.0)
(1.0E-9,16.0,0.09800000000000007)(63.07693199520658 31.0)
(1.0E-9,16.0,0.09800000000000007)(63.07693199520658 30.0)
(1.0E-9,16.0,0.09800000000000007)(63.07693199520658 33.0)
(1.0E-9,16.0,0.09800000000000007)(63.06722645401987 38.0)
(1.0E-9 16.0 0.09900000000000007)(41.79824614659996 83.0)
(1.0E-9,16.0,0.09900000000000007)(63.312853000090854 5.0)
(1.0E-9,16.0,0.09900000000000007)(63.1358937928245 21.0)
(1.0E-9,16.0,0.09900000000000007)(63.07693199520658 28.0)
(1.0E-9,16.0,0.09900000000000007)(63.07693199520658 29.0)
(1.0E-9,16.0,0.09900000000000007)(63.07693199520658 31.0)
(1.0E-9,16.0,0.09900000000000007)(63.07693199520658 32.0)
(1.0E-9,16.0,0.09900000000000007)(63.07693199520658 30.0)
(1.0E-9,16.0,0.09900000000000007)(63.06722645401987 37.0)
(1.0E-9,16.0,0.09900000000000007)(63.07693199520658 33.0)
(1.0E-9 16.0 0.10000000000000007)(41.79824614659996 83.0)
(1.0E-9,16.0,0.10000000000000007)(63.312853000090854 6.0)
(1.0E-9,16.0,0.10000000000000007)(63.1358937928245 21.0)
(1.0E-9,16.0,0.10000000000000007)(63.07693199520658 28.0)
(1.0E-9,16.0,0.10000000000000007)(63.07693199520658 29.0)
(1.0E-9,16.0,0.10000000000000007)(63.07693199520658 31.0)
(1.0E-9,16.0,0.10000000000000007)(63.07693199520658 32.0)
(1.0E-9,16.0,0.10000000000000007)(63.06722645401987 36.0)
(1.0E-9,16.0,0.10000000000000007)(63.06722645401987 35.0)
(1.0E-9,16.0,0.10000000000000007)(63.07693199520658 30.0)
(1.0E-9,16.0,0.10000000000000007)(63.07693199520658 33.0)
(1.0E-9 16.0 0.10100000000000008)(39.762628365355155 92.0)
(1.0E-9,16.0,0.10100000000000008)(63.1358937928245 9.0)
(1.0E-9,16.0,0.10100000000000008)(63.1358937928245 24.0)
(1.0E-9,16.0,0.10100000000000008)(63.01650861089896 34.0)
(1.0E-9,16.0,0.10100000000000008)(62.45047280281832 49.0)
(1.0E-9,16.0,0.10100000000000008)(62.552080559079194 46.0)
(1.0E-9,16.0,0.10100000000000008)(61.916703537044135 53.0)
(1.0E-9,16.0,0.10100000000000008)(61.16337976077763 58.0)
(1.0E-9,16.0,0.10100000000000008)(61.20941564394119 57.0)
(1.0E-9,16.0,0.10100000000000008)(61.18284386954549 58.0)
(1.0E-9,16.0,0.10100000000000008)(61.18284386954549 59.0)
(1.0E-9,16.0,0.10100000000000008)(61.387491806135294 57.0)
(1.0E-9 16.0 0.10200000000000008)(39.762628365355155 92.0)
(1.0E-9,16.0,0.10200000000000008)(63.1358937928245 9.0)
(1.0E-9,16.0,0.10200000000000008)(63.1358937928245 24.0)
(1.0E-9,16.0,0.10200000000000008)(63.01650861089896 34.0)
(1.0E-9,16.0,0.10200000000000008)(62.45047280281832 49.0)
(1.0E-9,16.0,0.10200000000000008)(61.81076996746752 55.0)
(1.0E-9,16.0,0.10200000000000008)(61.81076996746752 54.0)
(1.0E-9,16.0,0.10200000000000008)(60.937314675026954 59.0)
(1.0E-9,16.0,0.10200000000000008)(61.01015193521025 58.0)
(1.0E-9,16.0,0.10200000000000008)(60.98347387622743 59.0)
(1.0E-9,16.0,0.10200000000000008)(60.98347387622743 60.0)
(1.0E-9,16.0,0.10200000000000008)(60.91060273401556 60.0)
(1.0E-9 16.0 0.10300000000000008)(39.762628365355155 92.0)
(1.0E-9,16.0,0.10300000000000008)(63.1358937928245 9.0)
(1.0E-9,16.0,0.10300000000000008)(63.1358937928245 25.0)
(1.0E-9,16.0,0.10300000000000008)(63.01650861089896 34.0)
(1.0E-9,16.0,0.10300000000000008)(62.45047280281832 49.0)
(1.0E-9,16.0,0.10300000000000008)(62.44706169888543 47.0)
(1.0E-9,16.0,0.10300000000000008)(61.01015193521025 57.0)
(1.0E-9,16.0,0.10300000000000008)(62.68611416528341 47.0)
(1.0E-9,16.0,0.10300000000000008)(61.01015193521025 58.0)
(1.0E-9,16.0,0.10300000000000008)(61.34153095920572 55.0)
(1.0E-9,16.0,0.10300000000000008)(61.315015129190975 57.0)
(1.0E-9,16.0,0.10300000000000008)(61.30405171925083 58.0)
(1.0E-9 16.0 0.10400000000000008)(39.762628365355155 92.0)
(1.0E-9,16.0,0.10400000000000008)(63.1358937928245 9.0)
(1.0E-9,16.0,0.10400000000000008)(63.1358937928245 25.0)
(1.0E-9,16.0,0.10400000000000008)(63.01650861089896 34.0)
(1.0E-9,16.0,0.10400000000000008)(62.45047280281832 49.0)
(1.0E-9,16.0,0.10400000000000008)(62.44706169888543 47.0)
(1.0E-9,16.0,0.10400000000000008)(61.01015193521025 57.0)
(1.0E-9,16.0,0.10400000000000008)(62.68611416528341 47.0)
(1.0E-9,16.0,0.10400000000000008)(61.01015193521025 58.0)
(1.0E-9,16.0,0.10400000000000008)(61.34153095920572 55.0)
(1.0E-9,16.0,0.10400000000000008)(61.315015129190975 57.0)
(1.0E-9,16.0,0.10400000000000008)(61.30405171925083 58.0)
(1.0E-9 16.0 0.10500000000000008)(39.762628365355155 92.0)
(1.0E-9,16.0,0.10500000000000008)(63.1358937928245 9.0)
(1.0E-9,16.0,0.10500000000000008)(63.1358937928245 25.0)
(1.0E-9,16.0,0.10500000000000008)(63.01650861089896 34.0)
(1.0E-9,16.0,0.10500000000000008)(62.45047280281832 49.0)
(1.0E-9,16.0,0.10500000000000008)(62.44706169888543 47.0)
(1.0E-9,16.0,0.10500000000000008)(61.01015193521025 57.0)
(1.0E-9,16.0,0.10500000000000008)(63.06722645401987 36.0)
(1.0E-9,16.0,0.10500000000000008)(61.01015193521025 58.0)
(1.0E-9,16.0,0.10500000000000008)(60.98347387622743 59.0)
(1.0E-9 16.0 0.10600000000000008)(39.762628365355155 92.0)
(1.0E-9,16.0,0.10600000000000008)(63.1358937928245 9.0)
(1.0E-9,16.0,0.10600000000000008)(63.1358937928245 25.0)
(1.0E-9,16.0,0.10600000000000008)(63.01650861089896 34.0)
(1.0E-9,16.0,0.10600000000000008)(62.35684453239775 50.0)
(1.0E-9,16.0,0.10600000000000008)(61.81076996746752 55.0)
(1.0E-9,16.0,0.10600000000000008)(61.81076996746752 54.0)
(1.0E-9,16.0,0.10600000000000008)(60.937314675026954 58.0)
(1.0E-9,16.0,0.10600000000000008)(60.87998130418485 60.0)
(1.0E-9,16.0,0.10600000000000008)(63.06722645401987 36.0)
(1.0E-9,16.0,0.10600000000000008)(60.89944541295271 60.0)
(1.0E-9,16.0,0.10600000000000008)(60.91060273401556 59.0)
(1.0E-9,16.0,0.10600000000000008)(60.92617402102984 59.0)
(1.0E-9,16.0,0.10600000000000008)(60.91060273401556 63.0)
(1.0E-9,16.0,0.10600000000000008)(60.98347387622743 62.0)
(1.0E-9 16.0 0.10700000000000008)(34.170806762968745 91.0)
(1.0E-9,16.0,0.10700000000000008)(63.312853000090854 6.0)
(1.0E-9,16.0,0.10700000000000008)(63.1358937928245 26.0)
(1.0E-9,16.0,0.10700000000000008)(63.07693199520658 28.0)
(1.0E-9,16.0,0.10700000000000008)(63.07693199520658 29.0)
(1.0E-9,16.0,0.10700000000000008)(63.07693199520658 31.0)
(1.0E-9,16.0,0.10700000000000008)(63.07693199520658 30.0)
(1.0E-9,16.0,0.10700000000000008)(63.07693199520658 32.0)
(1.0E-9,16.0,0.10700000000000008)(63.06722645401987 37.0)
(1.0E-9 16.0 0.10800000000000008)(34.170806762968745 91.0)
(1.0E-9,16.0,0.10800000000000008)(63.312853000090854 6.0)
(1.0E-9,16.0,0.10800000000000008)(63.1358937928245 26.0)
(1.0E-9,16.0,0.10800000000000008)(63.07693199520658 28.0)
(1.0E-9,16.0,0.10800000000000008)(63.07693199520658 29.0)
(1.0E-9,16.0,0.10800000000000008)(63.07693199520658 31.0)
(1.0E-9,16.0,0.10800000000000008)(63.06722645401987 34.0)
(1.0E-9,16.0,0.10800000000000008)(63.06722645401987 35.0)
(1.0E-9,16.0,0.10800000000000008)(63.07693199520658 30.0)
(1.0E-9,16.0,0.10800000000000008)(63.312853000090854 1.0)
(1.0E-9,16.0,0.10800000000000008)(63.07693199520658 32.0)
(1.0E-9,16.0,0.10800000000000008)(63.07693199520658 33.0)
(1.0E-9,16.0,0.10800000000000008)(63.06722645401987 39.0)
(1.0E-9 16.0 0.10900000000000008)(33.36662924969925 92.0)
(1.0E-9,16.0,0.10900000000000008)(63.312853000090854 6.0)
(1.0E-9,16.0,0.10900000000000008)(63.1358937928245 26.0)
(1.0E-9,16.0,0.10900000000000008)(63.07693199520658 28.0)
(1.0E-9,16.0,0.10900000000000008)(63.07693199520658 29.0)
(1.0E-9,16.0,0.10900000000000008)(63.07693199520658 31.0)
(1.0E-9,16.0,0.10900000000000008)(63.06722645401987 34.0)
(1.0E-9,16.0,0.10900000000000008)(63.07693199520658 30.0)
(1.0E-9,16.0,0.10900000000000008)(63.06722645401987 35.0)
(1.0E-9,16.0,0.10900000000000008)(63.312853000090854 1.0)
(1.0E-9,16.0,0.10900000000000008)(63.06722645401987 33.0)
(1.0E-9,16.0,0.10900000000000008)(63.07693199520658 32.0)
(1.0E-9,16.0,0.10900000000000008)(63.06722645401987 38.0)
(1.0E-9 16.0 0.11000000000000008)(31.523602968818278 94.0)
(1.0E-9,16.0,0.11000000000000008)(63.1358937928245 9.0)
(1.0E-9,16.0,0.11000000000000008)(63.07693199520658 27.0)
(1.0E-9,16.0,0.11000000000000008)(63.07693199520658 30.0)
(1.0E-9,16.0,0.11000000000000008)(63.07693199520658 31.0)
(1.0E-9,16.0,0.11000000000000008)(63.06722645401987 34.0)
(1.0E-9,16.0,0.11000000000000008)(63.06722645401987 35.0)
(1.0E-9,16.0,0.11000000000000008)(63.06722645401987 37.0)
(1.0E-9,16.0,0.11000000000000008)(63.312853000090854 1.0)
(1.0E-9,16.0,0.11000000000000008)(63.06722645401987 36.0)
(1.0E-9,16.0,0.11000000000000008)(63.07693199520658 32.0)
(1.0E-9 16.0 0.11100000000000008)(31.523602968818278 94.0)
(1.0E-9,16.0,0.11100000000000008)(63.1358937928245 9.0)
(1.0E-9,16.0,0.11100000000000008)(63.07693199520658 27.0)
(1.0E-9,16.0,0.11100000000000008)(63.07693199520658 30.0)
(1.0E-9,16.0,0.11100000000000008)(63.07693199520658 31.0)
(1.0E-9,16.0,0.11100000000000008)(63.06722645401987 34.0)
(1.0E-9,16.0,0.11100000000000008)(63.06722645401987 35.0)
(1.0E-9,16.0,0.11100000000000008)(63.06722645401987 37.0)
(1.0E-9,16.0,0.11100000000000008)(63.312853000090854 1.0)
(1.0E-9,16.0,0.11100000000000008)(63.06722645401987 36.0)
(1.0E-9,16.0,0.11100000000000008)(63.07693199520658 32.0)
(1.0E-9 16.0 0.11200000000000009)(31.523602968818278 94.0)
(1.0E-9,16.0,0.11200000000000009)(63.1358937928245 11.0)
(1.0E-9,16.0,0.11200000000000009)(63.01650861089896 28.0)
(1.0E-9,16.0,0.11200000000000009)(63.07693199520658 28.0)
(1.0E-9,16.0,0.11200000000000009)(63.07693199520658 31.0)
(1.0E-9,16.0,0.11200000000000009)(63.06722645401987 32.0)
(1.0E-9,16.0,0.11200000000000009)(63.07693199520658 30.0)
(1.0E-9,16.0,0.11200000000000009)(63.06722645401987 38.0)
(1.0E-9,16.0,0.11200000000000009)(63.06722645401987 39.0)
(1.0E-9,16.0,0.11200000000000009)(63.06722645401987 41.0)
(1.0E-9 16.0 0.11300000000000009)(27.250884529682033 103.0)
(1.0E-9,16.0,0.11300000000000009)(63.1358937928245 13.0)
(1.0E-9,16.0,0.11300000000000009)(63.07693199520658 31.0)
(1.0E-9,16.0,0.11300000000000009)(62.31994199379181 52.0)
(1.0E-9,16.0,0.11300000000000009)(61.77356633769145 56.0)
(1.0E-9,16.0,0.11300000000000009)(63.06722645401987 37.0)
(1.0E-9,16.0,0.11300000000000009)(63.06722645401987 36.0)
(1.0E-9,16.0,0.11300000000000009)(60.92617402102984 60.0)
(1.0E-9,16.0,0.11300000000000009)(60.89944541295271 62.0)
(1.0E-9,16.0,0.11300000000000009)(60.89944541295271 63.0)
(1.0E-9,16.0,0.11300000000000009)(60.89944541295271 65.0)
(1.0E-9 16.0 0.11400000000000009)(27.181210756370355 104.0)
(1.0E-9,16.0,0.11400000000000009)(63.1358937928245 13.0)
(1.0E-9,16.0,0.11400000000000009)(63.01650861089896 32.0)
(1.0E-9,16.0,0.11400000000000009)(62.44706169888543 47.0)
(1.0E-9,16.0,0.11400000000000009)(60.937314675026954 58.0)
(1.0E-9,16.0,0.11400000000000009)(63.06722645401987 35.0)
(1.0E-9,16.0,0.11400000000000009)(60.92617402102984 59.0)
(1.0E-9,16.0,0.11400000000000009)(60.92617402102984 60.0)
(1.0E-9,16.0,0.11400000000000009)(60.89944541295271 61.0)
(1.0E-9,16.0,0.11400000000000009)(60.91060273401556 59.0)
(1.0E-9,16.0,0.11400000000000009)(63.06722645401987 43.0)
(1.0E-9,16.0,0.11400000000000009)(61.30405171925083 62.0)
(1.0E-9,16.0,0.11400000000000009)(60.89944541295271 64.0)
(1.0E-9,16.0,0.11400000000000009)(63.06722645401987 45.0)
(1.0E-9,16.0,0.11400000000000009)(61.0991272342462 62.0)
(1.0E-9,16.0,0.11400000000000009)(61.0991272342462 66.0)
(1.0E-9,16.0,0.11400000000000009)(63.06722645401987 48.0)
(1.0E-9 16.0 0.11500000000000009)(29.246859221852393 97.0)
(1.0E-9,16.0,0.11500000000000009)(63.1358937928245 11.0)
(1.0E-9,16.0,0.11500000000000009)(63.01650861089896 29.0)
(1.0E-9,16.0,0.11500000000000009)(63.07693199520658 31.0)
(1.0E-9,16.0,0.11500000000000009)(63.06722645401987 34.0)
(1.0E-9,16.0,0.11500000000000009)(63.06722645401987 36.0)
(1.0E-9,16.0,0.11500000000000009)(63.312853000090854 1.0)
(1.0E-9,16.0,0.11500000000000009)(63.06722645401987 35.0)
(1.0E-9,16.0,0.11500000000000009)(63.07693199520658 37.0)
(1.0E-9,16.0,0.11500000000000009)(63.07693199520658 32.0)
(1.0E-9 16.0 0.11600000000000009)(25.0822194631659 106.0)
(1.0E-9,16.0,0.11600000000000009)(63.1358937928245 11.0)
(1.0E-9,16.0,0.11600000000000009)(63.01650861089896 33.0)
(1.0E-9,16.0,0.11600000000000009)(62.44706169888543 47.0)
(1.0E-9,16.0,0.11600000000000009)(61.77356633769145 56.0)
(1.0E-9,16.0,0.11600000000000009)(61.77356633769145 57.0)
(1.0E-9,16.0,0.11600000000000009)(61.7843927828878 56.0)
(1.0E-9,16.0,0.11600000000000009)(61.77356633769145 58.0)
(1.0E-9,16.0,0.11600000000000009)(61.97509586334772 56.0)
(1.0E-9,16.0,0.11600000000000009)(61.75799505067717 58.0)
(1.0E-9,16.0,0.11600000000000009)(61.81076996746752 56.0)
(1.0E-9,16.0,0.11600000000000009)(61.916703537044135 55.0)
(1.0E-9,16.0,0.11600000000000009)(61.7843927828878 59.0)
(1.0E-9 16.0 0.11700000000000009)(25.0822194631659 106.0)
(1.0E-9,16.0,0.11700000000000009)(63.1358937928245 11.0)
(1.0E-9,16.0,0.11700000000000009)(63.01650861089896 33.0)
(1.0E-9,16.0,0.11700000000000009)(62.44706169888543 47.0)
(1.0E-9,16.0,0.11700000000000009)(61.77356633769145 56.0)
(1.0E-9,16.0,0.11700000000000009)(61.77356633769145 57.0)
(1.0E-9,16.0,0.11700000000000009)(61.7843927828878 56.0)
(1.0E-9,16.0,0.11700000000000009)(61.77356633769145 58.0)
(1.0E-9,16.0,0.11700000000000009)(61.97509586334772 56.0)
(1.0E-9,16.0,0.11700000000000009)(61.75799505067717 58.0)
(1.0E-9,16.0,0.11700000000000009)(61.81076996746752 56.0)
(1.0E-9,16.0,0.11700000000000009)(61.916703537044135 55.0)
(1.0E-9,16.0,0.11700000000000009)(61.7843927828878 59.0)
(1.0E-9 16.0 0.11800000000000009)(24.87430092281479 107.0)
(1.0E-9,16.0,0.11800000000000009)(63.1358937928245 13.0)
(1.0E-9,16.0,0.11800000000000009)(63.01650861089896 34.0)
(1.0E-9,16.0,0.11800000000000009)(62.35684453239775 50.0)
(1.0E-9,16.0,0.11800000000000009)(61.7843927828878 55.0)
(1.0E-9,16.0,0.11800000000000009)(61.7843927828878 56.0)
(1.0E-9,16.0,0.11800000000000009)(61.81076996746752 55.0)
(1.0E-9,16.0,0.11800000000000009)(62.0276144249753 54.0)
(1.0E-9,16.0,0.11800000000000009)(61.7843927828878 57.0)
(1.0E-9,16.0,0.11800000000000009)(62.10685822032007 58.0)
(1.0E-9,16.0,0.11800000000000009)(62.00136625253311 57.0)
(1.0E-9,16.0,0.11800000000000009)(61.916703537044135 55.0)
(1.0E-9,16.0,0.11800000000000009)(61.97509586334772 58.0)
(1.0E-9 16.0 0.11900000000000009)(24.977113275819466 106.0)
(1.0E-9,16.0,0.11900000000000009)(63.1358937928245 13.0)
(1.0E-9,16.0,0.11900000000000009)(63.01650861089896 34.0)
(1.0E-9,16.0,0.11900000000000009)(62.31994199379181 52.0)
(1.0E-9,16.0,0.11900000000000009)(61.77356633769145 56.0)
(1.0E-9,16.0,0.11900000000000009)(61.7843927828878 56.0)
(1.0E-9,16.0,0.11900000000000009)(61.81076996746752 55.0)
(1.0E-9,16.0,0.11900000000000009)(61.75799505067717 58.0)
(1.0E-9,16.0,0.11900000000000009)(61.7843927828878 57.0)
(1.0E-9,16.0,0.11900000000000009)(61.7843927828878 59.0)
(1.0E-9,16.0,0.11900000000000009)(61.75799505067717 60.0)
(1.0E-9 16.0 0.12000000000000009)(24.977113275819466 106.0)
(1.0E-9,16.0,0.12000000000000009)(63.1358937928245 13.0)
(1.0E-9,16.0,0.12000000000000009)(63.01650861089896 34.0)
(1.0E-9,16.0,0.12000000000000009)(62.31994199379181 52.0)
(1.0E-9,16.0,0.12000000000000009)(62.68611416528341 47.0)
(1.0E-9,16.0,0.12000000000000009)(63.06722645401987 36.0)
(1.0E-9,16.0,0.12000000000000009)(61.64052522011748 58.0)
(1.0E-9,16.0,0.12000000000000009)(61.64052522011748 57.0)
(1.0E-9,16.0,0.12000000000000009)(61.75799505067717 57.0)
(1.0E-9,16.0,0.12000000000000009)(61.61402848195577 59.0)
(1.0E-9,16.0,0.12000000000000009)(62.00136625253311 56.0)
(1.0E-9,16.0,0.12000000000000009)(61.61402848195577 62.0)
(1.0E-9,16.0,0.12000000000000009)(62.0276144249753 55.0)
(1.0E-9,16.0,0.12000000000000009)(61.97509586334772 59.0)
(1.0E-9 16.0 0.1210000000000001)(24.2432597889662 107.0)
(1.0E-9,16.0,0.1210000000000001)(63.1358937928245 13.0)
(1.0E-9,16.0,0.1210000000000001)(63.01650861089896 34.0)
(1.0E-9,16.0,0.1210000000000001)(62.330618879219706 51.0)
(1.0E-9,16.0,0.1210000000000001)(61.868268916353585 55.0)
(1.0E-9,16.0,0.1210000000000001)(61.871882925294564 54.0)
(1.0E-9,16.0,0.1210000000000001)(61.74695222795066 56.0)
(1.0E-9,16.0,0.1210000000000001)(61.84554762836636 56.0)
(1.0E-9,16.0,0.1210000000000001)(61.759462421841285 58.0)
(1.0E-9,16.0,0.1210000000000001)(61.759462421841285 59.0)
(1.0E-9,16.0,0.1210000000000001)(61.916703537044135 58.0)
(1.0E-9,16.0,0.1210000000000001)(61.7843927828878 57.0)
(1.0E-9,16.0,0.1210000000000001)(62.16415699594309 55.0)
(1.0E-9 16.0 0.1220000000000001)(24.956805585728755 106.0)
(1.0E-9,16.0,0.1220000000000001)(63.1358937928245 14.0)
(1.0E-9,16.0,0.1220000000000001)(62.6929540152837 43.0)
(1.0E-9,16.0,0.1220000000000001)(62.68611416528341 47.0)
(1.0E-9,16.0,0.1220000000000001)(63.06722645401987 36.0)
(1.0E-9,16.0,0.1220000000000001)(63.06722645401987 37.0)
(1.0E-9,16.0,0.1220000000000001)(63.06722645401987 39.0)
(1.0E-9,16.0,0.1220000000000001)(63.05748166817281 43.0)
(1.0E-9,16.0,0.1220000000000001)(63.06722645401987 40.0)
(1.0E-9,16.0,0.1220000000000001)(61.88447584590209 58.0)
(1.0E-9,16.0,0.1220000000000001)(63.039912877234535 43.0)
(1.0E-9,16.0,0.1220000000000001)(63.026199390384186 48.0)
(1.0E-9,16.0,0.1220000000000001)(62.0276144249753 55.0)
(1.0E-9,16.0,0.1220000000000001)(62.13301442191451 56.0)
(1.0E-9 16.0 0.1230000000000001)(23.988913356228846 109.0)
(1.0E-9,16.0,0.1230000000000001)(63.1358937928245 13.0)
(1.0E-9,16.0,0.1230000000000001)(62.31203543325964 52.0)
(1.0E-9,16.0,0.1230000000000001)(60.00097849098024 67.0)
(1.0E-9,16.0,0.1230000000000001)(59.44162917770051 70.0)
(1.0E-9,16.0,0.1230000000000001)(63.06722645401987 37.0)
(1.0E-9,16.0,0.1230000000000001)(59.44162917770051 71.0)
(1.0E-9,16.0,0.1230000000000001)(59.85351741294458 70.0)
(1.0E-9,16.0,0.1230000000000001)(56.652661577561716 72.0)
(1.0E-9,16.0,0.1230000000000001)(59.85351741294458 69.0)
(1.0E-9 16.0 0.1240000000000001)(23.988913356228846 109.0)
(1.0E-9,16.0,0.1240000000000001)(63.1358937928245 13.0)
(1.0E-9,16.0,0.1240000000000001)(62.31203543325964 52.0)
(1.0E-9,16.0,0.1240000000000001)(60.00097849098024 67.0)
(1.0E-9,16.0,0.1240000000000001)(59.44162917770051 70.0)
(1.0E-9,16.0,0.1240000000000001)(63.06722645401987 37.0)
(1.0E-9,16.0,0.1240000000000001)(59.44162917770051 71.0)
(1.0E-9,16.0,0.1240000000000001)(59.85351741294458 70.0)
(1.0E-9,16.0,0.1240000000000001)(56.652661577561716 72.0)
(1.0E-9,16.0,0.1240000000000001)(59.85351741294458 69.0)
(1.0E-9 16.0 0.12500000000000008)(24.956805585728755 106.0)
(1.0E-9,16.0,0.12500000000000008)(63.1358937928245 16.0)
(1.0E-9,16.0,0.12500000000000008)(62.54040209381848 46.0)
(1.0E-9,16.0,0.12500000000000008)(62.68611416528341 46.0)
(1.0E-9,16.0,0.12500000000000008)(63.06722645401987 36.0)
(1.0E-9,16.0,0.12500000000000008)(63.312853000090854 1.0)
(1.0E-9,16.0,0.12500000000000008)(63.06722645401987 37.0)
(1.0E-9,16.0,0.12500000000000008)(63.06722645401987 40.0)
(1.0E-9,16.0,0.12500000000000008)(63.06722645401987 39.0)
(1.0E-9,16.0,0.12500000000000008)(63.039912877234535 45.0)
(1.0E-9,16.0,0.12500000000000008)(63.05748166817281 42.0)
(1.0E-9,16.0,0.12500000000000008)(63.039912877234535 44.0)
(1.0E-9,16.0,0.12500000000000008)(63.039912877234535 48.0)
(1.0E-9,16.0,0.12500000000000008)(63.026199390384186 46.0)
(1.0E-9,16.0,0.12500000000000008)(62.0276144249753 55.0)
(1.0E-9,16.0,0.12500000000000008)(62.00136625253311 56.0)
(1.0E-9 16.0 0.12600000000000008)(24.956805585728755 106.0)
(1.0E-9,16.0,0.12600000000000008)(63.1358937928245 16.0)
(1.0E-9,16.0,0.12600000000000008)(62.54040209381848 46.0)
(1.0E-9,16.0,0.12600000000000008)(62.68611416528341 46.0)
(1.0E-9,16.0,0.12600000000000008)(63.06722645401987 37.0)
(1.0E-9,16.0,0.12600000000000008)(63.06722645401987 38.0)
(1.0E-9,16.0,0.12600000000000008)(63.06722645401987 40.0)
(1.0E-9,16.0,0.12600000000000008)(63.04380569898811 45.0)
(1.0E-9,16.0,0.12600000000000008)(63.06722645401987 44.0)
(1.0E-9,16.0,0.12600000000000008)(62.989092262735866 52.0)
(1.0E-9,16.0,0.12600000000000008)(63.039912877234535 44.0)
(1.0E-9,16.0,0.12600000000000008)(61.74714831404638 63.0)
(1.0E-9,16.0,0.12600000000000008)(61.916703537044135 57.0)
(1.0E-9,16.0,0.12600000000000008)(63.026199390384186 48.0)
(1.0E-9,16.0,0.12600000000000008)(61.7843927828878 57.0)
(1.0E-9 16.0 0.12700000000000009)(24.956805585728755 106.0)
(1.0E-9,16.0,0.12700000000000009)(63.1358937928245 16.0)
(1.0E-9,16.0,0.12700000000000009)(62.54040209381848 46.0)
(1.0E-9,16.0,0.12700000000000009)(62.68611416528341 46.0)
(1.0E-9,16.0,0.12700000000000009)(63.06722645401987 37.0)
(1.0E-9,16.0,0.12700000000000009)(63.06722645401987 38.0)
(1.0E-9,16.0,0.12700000000000009)(63.06722645401987 39.0)
(1.0E-9,16.0,0.12700000000000009)(63.06722645401987 40.0)
(1.0E-9,16.0,0.12700000000000009)(63.039912877234535 44.0)
(1.0E-9,16.0,0.12700000000000009)(63.039912877234535 42.0)
(1.0E-9,16.0,0.12700000000000009)(61.984793385686004 60.0)
(1.0E-9,16.0,0.12700000000000009)(63.026199390384186 46.0)
(1.0E-9,16.0,0.12700000000000009)(61.916703537044135 55.0)
(1.0E-9,16.0,0.12700000000000009)(63.039912877234535 48.0)
(1.0E-9,16.0,0.12700000000000009)(61.97411650025809 56.0)
(1.0E-9 16.0 0.12800000000000009)(24.956805585728755 106.0)
(1.0E-9,16.0,0.12800000000000009)(63.1358937928245 16.0)
(1.0E-9,16.0,0.12800000000000009)(62.54040209381848 46.0)
(1.0E-9,16.0,0.12800000000000009)(63.06722645401987 35.0)
(1.0E-9,16.0,0.12800000000000009)(63.312853000090854 1.0)
(1.0E-9,16.0,0.12800000000000009)(63.05748166817281 37.0)
(1.0E-9,16.0,0.12800000000000009)(63.06722645401987 39.0)
(1.0E-9,16.0,0.12800000000000009)(63.06722645401987 40.0)
(1.0E-9,16.0,0.12800000000000009)(63.039912877234535 43.0)
(1.0E-9,16.0,0.12800000000000009)(63.039912877234535 42.0)
(1.0E-9,16.0,0.12800000000000009)(63.026199390384186 45.0)
(1.0E-9,16.0,0.12800000000000009)(62.01101903886405 57.0)
(1.0E-9,16.0,0.12800000000000009)(61.964374839549265 59.0)
(1.0E-9,16.0,0.12800000000000009)(61.984793385686004 55.0)
(1.0E-9,16.0,0.12800000000000009)(61.984793385686004 54.0)
(1.0E-9 16.0 0.1290000000000001)(24.956805585728755 106.0)
(1.0E-9,16.0,0.1290000000000001)(63.1358937928245 16.0)
(1.0E-9,16.0,0.1290000000000001)(62.54040209381848 46.0)
(1.0E-9,16.0,0.1290000000000001)(62.68611416528341 46.0)
(1.0E-9,16.0,0.1290000000000001)(63.06722645401987 37.0)
(1.0E-9,16.0,0.1290000000000001)(63.312853000090854 1.0)
(1.0E-9,16.0,0.1290000000000001)(63.12639931142351 36.0)
(1.0E-9,16.0,0.1290000000000001)(62.15508739619296 57.0)
(1.0E-9,16.0,0.1290000000000001)(63.00661529850565 42.0)
(1.0E-9,16.0,0.1290000000000001)(63.06722645401987 41.0)
(1.0E-9,16.0,0.1290000000000001)(63.026199390384186 46.0)
(1.0E-9,16.0,0.1290000000000001)(63.039912877234535 44.0)
(1.0E-9,16.0,0.1290000000000001)(63.039912877234535 48.0)
(1.0E-9,16.0,0.1290000000000001)(63.026199390384186 50.0)
(1.0E-9 16.0 0.1300000000000001)(24.956805585728755 106.0)
(1.0E-9,16.0,0.1300000000000001)(63.1358937928245 16.0)
(1.0E-9,16.0,0.1300000000000001)(62.54040209381848 46.0)
(1.0E-9,16.0,0.1300000000000001)(62.68611416528341 46.0)
(1.0E-9,16.0,0.1300000000000001)(63.06722645401987 37.0)
(1.0E-9,16.0,0.1300000000000001)(63.312853000090854 1.0)
(1.0E-9,16.0,0.1300000000000001)(63.12639931142351 36.0)
(1.0E-9,16.0,0.1300000000000001)(62.15508739619296 57.0)
(1.0E-9,16.0,0.1300000000000001)(63.00661529850565 42.0)
(1.0E-9,16.0,0.1300000000000001)(63.06722645401987 41.0)
(1.0E-9,16.0,0.1300000000000001)(63.026199390384186 46.0)
(1.0E-9,16.0,0.1300000000000001)(63.039912877234535 44.0)
(1.0E-9,16.0,0.1300000000000001)(63.039912877234535 48.0)
(1.0E-9,16.0,0.1300000000000001)(63.026199390384186 50.0)
(1.0E-9 16.0 0.1310000000000001)(24.956805585728755 106.0)
(1.0E-9,16.0,0.1310000000000001)(63.1358937928245 16.0)
(1.0E-9,16.0,0.1310000000000001)(62.54040209381848 46.0)
(1.0E-9,16.0,0.1310000000000001)(62.68611416528341 46.0)
(1.0E-9,16.0,0.1310000000000001)(63.06722645401987 37.0)
(1.0E-9,16.0,0.1310000000000001)(63.312853000090854 1.0)
(1.0E-9,16.0,0.1310000000000001)(63.06722645401987 38.0)
(1.0E-9,16.0,0.1310000000000001)(63.06722645401987 40.0)
(1.0E-9,16.0,0.1310000000000001)(63.06722645401987 39.0)
(1.0E-9,16.0,0.1310000000000001)(63.05748166817281 41.0)
(1.0E-9,16.0,0.1310000000000001)(63.039912877234535 44.0)
(1.0E-9,16.0,0.1310000000000001)(63.039912877234535 43.0)
(1.0E-9,16.0,0.1310000000000001)(63.026199390384186 46.0)
(1.0E-9,16.0,0.1310000000000001)(63.039912877234535 48.0)
(1.0E-9,16.0,0.1310000000000001)(63.026199390384186 50.0)
(1.0E-9 16.0 0.1320000000000001)(24.956805585728755 106.0)
(1.0E-9,16.0,0.1320000000000001)(63.1358937928245 16.0)
(1.0E-9,16.0,0.1320000000000001)(62.54040209381848 46.0)
(1.0E-9,16.0,0.1320000000000001)(63.312853000090854 1.0)
(1.0E-9,16.0,0.1320000000000001)(63.06722645401987 37.0)
(1.0E-9,16.0,0.1320000000000001)(63.06722645401987 35.0)
(1.0E-9,16.0,0.1320000000000001)(63.06722645401987 40.0)
(1.0E-9,16.0,0.1320000000000001)(63.099492754821036 42.0)
(1.0E-9,16.0,0.1320000000000001)(63.039912877234535 44.0)
(1.0E-9,16.0,0.1320000000000001)(63.039912877234535 49.0)
(1.0E-9,16.0,0.1320000000000001)(63.039912877234535 48.0)
(1.0E-9,16.0,0.1320000000000001)(63.026199390384186 50.0)
(1.0E-9 16.0 0.1330000000000001)(24.2432597889662 107.0)
(1.0E-9,16.0,0.1330000000000001)(63.1358937928245 16.0)
(1.0E-9,16.0,0.1330000000000001)(62.54040209381848 46.0)
(1.0E-9,16.0,0.1330000000000001)(62.023166550770874 56.0)
(1.0E-9,16.0,0.1330000000000001)(63.312853000090854 1.0)
(1.0E-9,16.0,0.1330000000000001)(63.06722645401987 38.0)
(1.0E-9,16.0,0.1330000000000001)(63.00275878784539 45.0)
(1.0E-9,16.0,0.1330000000000001)(62.9050805322814 53.0)
(1.0E-9,16.0,0.1330000000000001)(62.981187010191356 51.0)
(1.0E-9,16.0,0.1330000000000001)(62.94445013355918 54.0)
(1.0E-9,16.0,0.1330000000000001)(63.020448768466686 50.0)
(1.0E-9,16.0,0.1330000000000001)(63.06722645401987 40.0)
(1.0E-9,16.0,0.1330000000000001)(63.01452092512347 52.0)
(1.0E-9,16.0,0.1330000000000001)(60.74011594332683 62.0)
(1.0E-9,16.0,0.1330000000000001)(63.00077072799659 59.0)
(1.0E-9,16.0,0.1330000000000001)(60.74011594332683 64.0)
(1.0E-9 16.0 0.1340000000000001)(23.084497970890887 107.0)
(1.0E-9,16.0,0.1340000000000001)(63.1358937928245 16.0)
(1.0E-9,16.0,0.1340000000000001)(61.81702301951495 55.0)
(1.0E-9,16.0,0.1340000000000001)(62.023166550770874 56.0)
(1.0E-9,16.0,0.1340000000000001)(63.312853000090854 1.0)
(1.0E-9,16.0,0.1340000000000001)(63.04191038115853 44.0)
(1.0E-9,16.0,0.1340000000000001)(60.256699523661034 67.0)
(1.0E-9,16.0,0.1340000000000001)(63.0106281033699 50.0)
(1.0E-9,16.0,0.1340000000000001)(59.51333626930135 70.0)
(1.0E-9,16.0,0.1340000000000001)(62.981187010191356 50.0)
(1.0E-9,16.0,0.1340000000000001)(60.38502909264872 65.0)
(1.0E-9,16.0,0.1340000000000001)(62.99298508448944 53.0)
(1.0E-9,16.0,0.1340000000000001)(62.97919895034255 55.0)
(1.0E-9,16.0,0.1340000000000001)(60.5976488163281 64.0)
(1.0E-9,16.0,0.1340000000000001)(62.97919895034255 57.0)
(1.0E-9,16.0,0.1340000000000001)(60.74011594332683 62.0)
(1.0E-9 16.0 0.1350000000000001)(22.39002053817622 108.0)
(1.0E-9,16.0,0.1350000000000001)(63.1358937928245 16.0)
(1.0E-9,16.0,0.1350000000000001)(62.54040209381848 46.0)
(1.0E-9,16.0,0.1350000000000001)(62.16236716779281 55.0)
(1.0E-9,16.0,0.1350000000000001)(63.312853000090854 1.0)
(1.0E-9,16.0,0.1350000000000001)(63.00661529850565 39.0)
(1.0E-9,16.0,0.1350000000000001)(63.020448768466686 49.0)
(1.0E-9,16.0,0.1350000000000001)(62.99298508448944 52.0)
(1.0E-9,16.0,0.1350000000000001)(62.97919895034255 55.0)
(1.0E-9,16.0,0.1350000000000001)(62.97919895034255 57.0)
(1.0E-9,16.0,0.1350000000000001)(62.97919895034255 60.0)
(1.0E-9 16.0 0.1360000000000001)(22.39002053817622 108.0)
(1.0E-9,16.0,0.1360000000000001)(63.1358937928245 16.0)
(1.0E-9,16.0,0.1360000000000001)(61.81702301951495 55.0)
(1.0E-9,16.0,0.1360000000000001)(62.16236716779281 55.0)
(1.0E-9,16.0,0.1360000000000001)(63.312853000090854 1.0)
(1.0E-9,16.0,0.1360000000000001)(63.00275878784539 45.0)
(1.0E-9,16.0,0.1360000000000001)(62.9913036983621 47.0)
(1.0E-9,16.0,0.1360000000000001)(62.99298508448944 55.0)
(1.0E-9,16.0,0.1360000000000001)(60.458536845876914 63.0)
(1.0E-9,16.0,0.1360000000000001)(60.67097357901411 63.0)
(1.0E-9,16.0,0.1360000000000001)(62.91691380228541 58.0)
(1.0E-9,16.0,0.1360000000000001)(60.74011594332683 62.0)
(1.0E-9,16.0,0.1360000000000001)(60.74011594332683 64.0)
(1.0E-9,16.0,0.1360000000000001)(62.97919895034255 60.0)
(1.0E-9 16.0 0.1370000000000001)(22.39002053817622 108.0)
(1.0E-9,16.0,0.1370000000000001)(63.1358937928245 16.0)
(1.0E-9,16.0,0.1370000000000001)(61.81702301951495 55.0)
(1.0E-9,16.0,0.1370000000000001)(62.16236716779281 55.0)
(1.0E-9,16.0,0.1370000000000001)(63.312853000090854 1.0)
(1.0E-9,16.0,0.1370000000000001)(63.00275878784539 45.0)
(1.0E-9,16.0,0.1370000000000001)(62.9913036983621 47.0)
(1.0E-9,16.0,0.1370000000000001)(62.99298508448944 55.0)
(1.0E-9,16.0,0.1370000000000001)(60.458536845876914 63.0)
(1.0E-9,16.0,0.1370000000000001)(60.67097357901411 63.0)
(1.0E-9,16.0,0.1370000000000001)(62.91691380228541 58.0)
(1.0E-9,16.0,0.1370000000000001)(60.74011594332683 62.0)
(1.0E-9,16.0,0.1370000000000001)(60.74011594332683 64.0)
(1.0E-9,16.0,0.1370000000000001)(62.97919895034255 60.0)
(1.0E-9 16.0 0.1380000000000001)(22.39002053817622 108.0)
(1.0E-9,16.0,0.1380000000000001)(63.1358937928245 16.0)
(1.0E-9,16.0,0.1380000000000001)(61.81702301951495 55.0)
(1.0E-9,16.0,0.1380000000000001)(62.023166550770874 56.0)
(1.0E-9,16.0,0.1380000000000001)(63.312853000090854 1.0)
(1.0E-9,16.0,0.1380000000000001)(62.9913036983621 47.0)
(1.0E-9,16.0,0.1380000000000001)(63.099492754821036 41.0)
(1.0E-9,16.0,0.1380000000000001)(62.97373490742382 48.0)
(1.0E-9,16.0,0.1380000000000001)(62.297951458310315 59.0)
(1.0E-9,16.0,0.1380000000000001)(63.039912877234535 46.0)
(1.0E-9,16.0,0.1380000000000001)(63.026199390384186 48.0)
(1.0E-9,16.0,0.1380000000000001)(63.026199390384186 45.0)
(1.0E-9,16.0,0.1380000000000001)(63.05358884641925 46.0)
(1.0E-9 16.0 0.1390000000000001)(22.39002053817622 108.0)
(1.0E-9,16.0,0.1390000000000001)(63.1358937928245 16.0)
(1.0E-9,16.0,0.1390000000000001)(62.54040209381848 46.0)
(1.0E-9,16.0,0.1390000000000001)(61.757173179607406 57.0)
(1.0E-9,16.0,0.1390000000000001)(63.312853000090854 1.0)
(1.0E-9,16.0,0.1390000000000001)(63.00661529850565 38.0)
(1.0E-9,16.0,0.1390000000000001)(62.83823394897776 54.0)
(1.0E-9,16.0,0.1390000000000001)(62.81029150230812 57.0)
(1.0E-9,16.0,0.1390000000000001)(58.73833725983545 73.0)
(1.0E-9,16.0,0.1390000000000001)(62.93166167106347 55.0)
(1.0E-9,16.0,0.1390000000000001)(62.9177063995012 57.0)
(1.0E-9,16.0,0.1390000000000001)(63.026199390384186 49.0)
(1.0E-9,16.0,0.1390000000000001)(62.9177063995012 62.0)
(1.0E-9 16.0 0.1400000000000001)(22.39002053817622 108.0)
(1.0E-9,16.0,0.1400000000000001)(63.1358937928245 16.0)
(1.0E-9,16.0,0.1400000000000001)(62.54040209381848 46.0)
(1.0E-9,16.0,0.1400000000000001)(61.757173179607406 57.0)
(1.0E-9,16.0,0.1400000000000001)(63.312853000090854 1.0)
(1.0E-9,16.0,0.1400000000000001)(61.73916658444352 62.0)
(1.0E-9,16.0,0.1400000000000001)(60.81133472363686 67.0)
(1.0E-9,16.0,0.1400000000000001)(62.99845389532628 54.0)
(1.0E-9,16.0,0.1400000000000001)(62.93166167106347 54.0)
(1.0E-9,16.0,0.1400000000000001)(62.93166167106347 55.0)
(1.0E-9,16.0,0.1400000000000001)(62.9177063995012 59.0)
(1.0E-9,16.0,0.1400000000000001)(60.5976488163281 64.0)
(1.0E-9,16.0,0.1400000000000001)(60.5976488163281 66.0)
(1.0E-9 16.0 0.1410000000000001)(23.084497970890887 107.0)
(1.0E-9,16.0,0.1410000000000001)(63.1358937928245 16.0)
(1.0E-9,16.0,0.1410000000000001)(62.54040209381848 46.0)
(1.0E-9,16.0,0.1410000000000001)(61.757173179607406 57.0)
(1.0E-9,16.0,0.1410000000000001)(63.312853000090854 1.0)
(1.0E-9,16.0,0.1410000000000001)(63.12639931142351 35.0)
(1.0E-9,16.0,0.1410000000000001)(63.06722645401987 37.0)
(1.0E-9,16.0,0.1410000000000001)(62.45937580668035 51.0)
(1.0E-9,16.0,0.1410000000000001)(63.06722645401987 38.0)
(1.0E-9,16.0,0.1410000000000001)(62.99668679040642 41.0)
(1.0E-9,16.0,0.1410000000000001)(63.00661529850565 41.0)
(1.0E-9,16.0,0.1410000000000001)(63.099492754821036 41.0)
(1.0E-9,16.0,0.1410000000000001)(63.099492754821036 39.0)
(1.0E-9,16.0,0.1410000000000001)(62.978938154471024 46.0)
(1.0E-9,16.0,0.1410000000000001)(62.96504853923961 49.0)
(1.0E-9,16.0,0.1410000000000001)(60.5976488163281 64.0)
(1.0E-9 16.0 0.1420000000000001)(23.084497970890887 107.0)
(1.0E-9,16.0,0.1420000000000001)(63.1358937928245 16.0)
(1.0E-9,16.0,0.1420000000000001)(62.54040209381848 46.0)
(1.0E-9,16.0,0.1420000000000001)(61.757173179607406 57.0)
(1.0E-9,16.0,0.1420000000000001)(63.312853000090854 1.0)
(1.0E-9,16.0,0.1420000000000001)(62.94143537441942 47.0)
(1.0E-9,16.0,0.1420000000000001)(60.929431647308114 64.0)
(1.0E-9,16.0,0.1420000000000001)(61.58914620166962 63.0)
(1.0E-9,16.0,0.1420000000000001)(62.45937580668035 51.0)
(1.0E-9,16.0,0.1420000000000001)(62.99668679040642 42.0)
(1.0E-9,16.0,0.1420000000000001)(61.18277363903506 67.0)
(1.0E-9,16.0,0.1420000000000001)(59.29349398575407 74.0)
(1.0E-9 16.0 0.1430000000000001)(23.084497970890887 107.0)
(1.0E-9,16.0,0.1430000000000001)(63.1358937928245 16.0)
(1.0E-9,16.0,0.1430000000000001)(62.54040209381848 46.0)
(1.0E-9,16.0,0.1430000000000001)(61.757173179607406 57.0)
(1.0E-9,16.0,0.1430000000000001)(63.312853000090854 1.0)
(1.0E-9,16.0,0.1430000000000001)(62.94143537441942 47.0)
(1.0E-9,16.0,0.1430000000000001)(60.929431647308114 64.0)
(1.0E-9,16.0,0.1430000000000001)(61.58914620166962 63.0)
(1.0E-9,16.0,0.1430000000000001)(62.45937580668035 51.0)
(1.0E-9,16.0,0.1430000000000001)(62.99668679040642 42.0)
(1.0E-9,16.0,0.1430000000000001)(61.18277363903506 67.0)
(1.0E-9,16.0,0.1430000000000001)(59.29349398575407 74.0)
(1.0E-9 16.0 0.1440000000000001)(23.084497970890887 107.0)
(1.0E-9,16.0,0.1440000000000001)(63.1358937928245 16.0)
(1.0E-9,16.0,0.1440000000000001)(61.81702301951495 55.0)
(1.0E-9,16.0,0.1440000000000001)(63.00661529850565 37.0)
(1.0E-9,16.0,0.1440000000000001)(63.312853000090854 1.0)
(1.0E-9,16.0,0.1440000000000001)(63.312853000090854 7.0)
(1.0E-9,16.0,0.1440000000000001)(62.43020645562815 55.0)
(1.0E-9,16.0,0.1440000000000001)(62.93166167106347 54.0)
(1.0E-9,16.0,0.1440000000000001)(62.95947404570318 53.0)
(1.0E-9,16.0,0.1440000000000001)(62.9177063995012 59.0)
(1.0E-9,16.0,0.1440000000000001)(60.5976488163281 66.0)
(1.0E-9,16.0,0.1440000000000001)(62.9177063995012 62.0)
(1.0E-9,16.0,0.1440000000000001)(60.5976488163281 64.0)
(1.0E-9 16.0 0.1450000000000001)(23.084497970890887 107.0)
(1.0E-9,16.0,0.1450000000000001)(63.1358937928245 16.0)
(1.0E-9,16.0,0.1450000000000001)(61.81702301951495 54.0)
(1.0E-9,16.0,0.1450000000000001)(62.45937580668035 50.0)
(1.0E-9,16.0,0.1450000000000001)(63.312853000090854 1.0)
(1.0E-9,16.0,0.1450000000000001)(61.25525462419707 65.0)
(1.0E-9,16.0,0.1450000000000001)(61.26715764687407 65.0)
(1.0E-9,16.0,0.1450000000000001)(63.12639931142351 39.0)
(1.0E-9,16.0,0.1450000000000001)(62.99668679040642 42.0)
(1.0E-9,16.0,0.1450000000000001)(62.96504853923961 50.0)
(1.0E-9,16.0,0.1450000000000001)(62.978938154471024 48.0)
(1.0E-9,16.0,0.1450000000000001)(62.96504853923961 52.0)
(1.0E-9 16.0 0.1460000000000001)(23.1158239537162 106.0)
(1.0E-9,16.0,0.1460000000000001)(63.1358937928245 16.0)
(1.0E-9,16.0,0.1460000000000001)(62.54040209381848 46.0)
(1.0E-9,16.0,0.1460000000000001)(63.01650861089896 35.0)
(1.0E-9,16.0,0.1460000000000001)(63.312853000090854 1.0)
(1.0E-9,16.0,0.1460000000000001)(63.00661529850565 39.0)
(1.0E-9,16.0,0.1460000000000001)(63.00661529850565 40.0)
(1.0E-9,16.0,0.1460000000000001)(62.978938154471024 42.0)
(1.0E-9,16.0,0.1460000000000001)(62.96504853923961 47.0)
(1.0E-9,16.0,0.1460000000000001)(62.978938154471024 44.0)
(1.0E-9,16.0,0.1460000000000001)(62.99668679040642 42.0)
(1.0E-9,16.0,0.1460000000000001)(62.96504853923961 49.0)
(1.0E-9 16.0 0.1470000000000001)(23.1158239537162 106.0)
(1.0E-9,16.0,0.1470000000000001)(63.1358937928245 18.0)
(1.0E-9,16.0,0.1470000000000001)(62.54040209381848 46.0)
(1.0E-9,16.0,0.1470000000000001)(62.61254343839547 46.0)
(1.0E-9,16.0,0.1470000000000001)(63.312853000090854 1.0)
(1.0E-9,16.0,0.1470000000000001)(62.94143537441942 48.0)
(1.0E-9,16.0,0.1470000000000001)(63.080178118142506 45.0)
(1.0E-9,16.0,0.1470000000000001)(62.953370073978896 51.0)
(1.0E-9,16.0,0.1470000000000001)(62.899474435618636 54.0)
(1.0E-9,16.0,0.1470000000000001)(62.899474435618636 55.0)
(1.0E-9,16.0,0.1470000000000001)(61.52519467591676 74.0)
(1.0E-9,16.0,0.1470000000000001)(62.899474435618636 58.0)
(1.0E-9 16.0 0.1480000000000001)(23.1158239537162 106.0)
(1.0E-9,16.0,0.1480000000000001)(63.1358937928245 18.0)
(1.0E-9,16.0,0.1480000000000001)(62.54040209381848 46.0)
(1.0E-9,16.0,0.1480000000000001)(63.00661529850565 37.0)
(1.0E-9,16.0,0.1480000000000001)(63.312853000090854 1.0)
(1.0E-9,16.0,0.1480000000000001)(63.00661529850565 39.0)
(1.0E-9,16.0,0.1480000000000001)(62.99668679040642 40.0)
(1.0E-9,16.0,0.1480000000000001)(63.00661529850565 41.0)
(1.0E-9,16.0,0.1480000000000001)(62.477722555093315 53.0)
(1.0E-9,16.0,0.1480000000000001)(63.00661529850565 42.0)
(1.0E-9,16.0,0.1480000000000001)(62.978938154471024 44.0)
(1.0E-9,16.0,0.1480000000000001)(62.38575402630391 56.0)
(1.0E-9,16.0,0.1480000000000001)(62.38575402630391 57.0)
(1.0E-9,16.0,0.1480000000000001)(62.96504853923961 47.0)
(1.0E-9,16.0,0.1480000000000001)(62.96504853923961 49.0)
(1.0E-9 16.0 0.1490000000000001)(23.1158239537162 106.0)
(1.0E-9,16.0,0.1490000000000001)(63.1358937928245 18.0)
(1.0E-9,16.0,0.1490000000000001)(62.54040209381848 46.0)
(1.0E-9,16.0,0.1490000000000001)(63.00661529850565 37.0)
(1.0E-9,16.0,0.1490000000000001)(63.312853000090854 1.0)
(1.0E-9,16.0,0.1490000000000001)(62.981115503392125 46.0)
(1.0E-9,16.0,0.1490000000000001)(63.06722645401987 39.0)
(1.0E-9,16.0,0.1490000000000001)(61.76426168098161 64.0)
(1.0E-9,16.0,0.1490000000000001)(62.975151323845694 50.0)
(1.0E-9,16.0,0.1490000000000001)(62.899474435618636 55.0)
(1.0E-9,16.0,0.1490000000000001)(62.91349292774977 53.0)
(1.0E-9,16.0,0.1490000000000001)(62.899474435618636 58.0)
(1.0E-9 16.0 0.1500000000000001)(23.1158239537162 106.0)
(1.0E-9,16.0,0.1500000000000001)(63.1358937928245 18.0)
(1.0E-9,16.0,0.1500000000000001)(62.54040209381848 46.0)
(1.0E-9,16.0,0.1500000000000001)(63.00661529850565 37.0)
(1.0E-9,16.0,0.1500000000000001)(63.312853000090854 1.0)
(1.0E-9,16.0,0.1500000000000001)(62.981115503392125 46.0)
(1.0E-9,16.0,0.1500000000000001)(63.06722645401987 39.0)
(1.0E-9,16.0,0.1500000000000001)(61.76426168098161 64.0)
(1.0E-9,16.0,0.1500000000000001)(62.975151323845694 50.0)
(1.0E-9,16.0,0.1500000000000001)(62.899474435618636 55.0)
(1.0E-9,16.0,0.1500000000000001)(62.91349292774977 53.0)
(1.0E-9,16.0,0.1500000000000001)(62.899474435618636 58.0)
(1.0E-9 16.0 0.1510000000000001)(23.06800021490177 107.0)
(1.0E-9,16.0,0.1510000000000001)(63.1358937928245 18.0)
(1.0E-9,16.0,0.1510000000000001)(62.54040209381848 46.0)
(1.0E-9,16.0,0.1510000000000001)(63.00661529850565 37.0)
(1.0E-9,16.0,0.1510000000000001)(63.312853000090854 1.0)
(1.0E-9,16.0,0.1510000000000001)(60.91187230044502 65.0)
(1.0E-9,16.0,0.1510000000000001)(63.008770303205964 46.0)
(1.0E-9,16.0,0.1510000000000001)(63.00661529850565 38.0)
(1.0E-9,16.0,0.1510000000000001)(60.69949782445516 66.0)
(1.0E-9,16.0,0.1510000000000001)(62.891084925921746 50.0)
(1.0E-9,16.0,0.1510000000000001)(62.86320689495121 53.0)
(1.0E-9,16.0,0.1510000000000001)(62.86320689495121 56.0)
(1.0E-9,16.0,0.1510000000000001)(62.84921971984382 56.0)
(1.0E-9,16.0,0.1510000000000001)(62.84921971984382 59.0)
(1.0E-9 16.0 0.1520000000000001)(23.06800021490177 107.0)
(1.0E-9,16.0,0.1520000000000001)(63.1358937928245 18.0)
(1.0E-9,16.0,0.1520000000000001)(62.54040209381848 46.0)
(1.0E-9,16.0,0.1520000000000001)(63.00661529850565 37.0)
(1.0E-9,16.0,0.1520000000000001)(63.312853000090854 1.0)
(1.0E-9,16.0,0.1520000000000001)(62.503830792926834 49.0)
(1.0E-9,16.0,0.1520000000000001)(62.45937580668035 52.0)
(1.0E-9,16.0,0.1520000000000001)(62.477722555093315 51.0)
(1.0E-9,16.0,0.1520000000000001)(60.545604626551544 70.0)
(1.0E-9,16.0,0.1520000000000001)(62.86320689495121 53.0)
(1.0E-9,16.0,0.1520000000000001)(60.545604626551544 73.0)
(1.0E-9,16.0,0.1520000000000001)(60.45280172863247 74.0)
(1.0E-9,16.0,0.1520000000000001)(60.45280172863247 77.0)
(1.0E-9 16.0 0.1530000000000001)(22.70218057419637 110.0)
(1.0E-9,16.0,0.1530000000000001)(63.1358937928245 18.0)
(1.0E-9,16.0,0.1530000000000001)(62.54040209381848 46.0)
(1.0E-9,16.0,0.1530000000000001)(63.00661529850565 37.0)
(1.0E-9,16.0,0.1530000000000001)(63.312853000090854 1.0)
(1.0E-9,16.0,0.1530000000000001)(63.00661529850565 40.0)
(1.0E-9,16.0,0.1530000000000001)(63.00661529850565 39.0)
(1.0E-9,16.0,0.1530000000000001)(63.312853000090854 15.0)
(1.0E-9,16.0,0.1530000000000001)(63.00661529850565 41.0)
(1.0E-9,16.0,0.1530000000000001)(60.11143899967721 74.0)
(1.0E-9,16.0,0.1530000000000001)(62.371184319122435 58.0)
(1.0E-9,16.0,0.1530000000000001)(62.96504853923961 45.0)
(1.0E-9,16.0,0.1530000000000001)(62.38575402630391 58.0)
(1.0E-9,16.0,0.1530000000000001)(62.371184319122435 59.0)
(1.0E-9 16.0 0.1540000000000001)(22.70218057419637 110.0)
(1.0E-9,16.0,0.1540000000000001)(63.1358937928245 18.0)
(1.0E-9,16.0,0.1540000000000001)(62.54040209381848 46.0)
(1.0E-9,16.0,0.1540000000000001)(63.00661529850565 37.0)
(1.0E-9,16.0,0.1540000000000001)(63.312853000090854 1.0)
(1.0E-9,16.0,0.1540000000000001)(63.00661529850565 39.0)
(1.0E-9,16.0,0.1540000000000001)(62.43039685966183 53.0)
(1.0E-9,16.0,0.1540000000000001)(60.545604626551544 70.0)
(1.0E-9,16.0,0.1540000000000001)(62.371184319122435 60.0)
(1.0E-9,16.0,0.1540000000000001)(63.08597570180083 43.0)
(1.0E-9,16.0,0.1540000000000001)(62.96504853923961 48.0)
(1.0E-9 16.0 0.1550000000000001)(23.719027916723036 114.0)
(1.0E-9,16.0,0.1550000000000001)(63.1358937928245 16.0)
(1.0E-9,16.0,0.1550000000000001)(62.22458705372148 53.0)
(1.0E-9,16.0,0.1550000000000001)(59.83591578367394 72.0)
(1.0E-9,16.0,0.1550000000000001)(62.187424781298546 66.0)
(1.0E-9,16.0,0.1550000000000001)(62.187424781298546 67.0)
(1.0E-9,16.0,0.1550000000000001)(59.433840429218435 73.0)
(1.0E-9,16.0,0.1550000000000001)(59.50779871076884 70.0)
(1.0E-9,16.0,0.1550000000000001)(59.50779871076884 69.0)
(1.0E-9,16.0,0.1550000000000001)(59.91955290633217 70.0)
(1.0E-9,16.0,0.1550000000000001)(59.79525481525958 72.0)
(1.0E-9,16.0,0.1550000000000001)(62.13008056115507 62.0)
(1.0E-9,16.0,0.1550000000000001)(62.13008056115507 61.0)
(1.0E-9,16.0,0.1550000000000001)(62.13008056115507 63.0)
(1.0E-9 16.0 0.1560000000000001)(23.719027916723036 114.0)
(1.0E-9,16.0,0.1560000000000001)(63.1358937928245 16.0)
(1.0E-9,16.0,0.1560000000000001)(62.22458705372148 53.0)
(1.0E-9,16.0,0.1560000000000001)(59.83591578367394 72.0)
(1.0E-9,16.0,0.1560000000000001)(62.187424781298546 66.0)
(1.0E-9,16.0,0.1560000000000001)(62.187424781298546 67.0)
(1.0E-9,16.0,0.1560000000000001)(59.433840429218435 73.0)
(1.0E-9,16.0,0.1560000000000001)(59.50779871076884 70.0)
(1.0E-9,16.0,0.1560000000000001)(59.50779871076884 69.0)
(1.0E-9,16.0,0.1560000000000001)(59.91955290633217 70.0)
(1.0E-9,16.0,0.1560000000000001)(59.79525481525958 72.0)
(1.0E-9,16.0,0.1560000000000001)(62.13008056115507 62.0)
(1.0E-9,16.0,0.1560000000000001)(62.13008056115507 61.0)
(1.0E-9,16.0,0.1560000000000001)(62.13008056115507 63.0)
(1.0E-9 16.0 0.1570000000000001)(23.719027916723036 114.0)
(1.0E-9,16.0,0.1570000000000001)(63.1358937928245 16.0)
(1.0E-9,16.0,0.1570000000000001)(62.22458705372148 53.0)
(1.0E-9,16.0,0.1570000000000001)(59.83591578367394 72.0)
(1.0E-9,16.0,0.1570000000000001)(62.14239466894998 67.0)
(1.0E-9,16.0,0.1570000000000001)(62.14239466894998 68.0)
(1.0E-9,16.0,0.1570000000000001)(59.50779871076884 70.0)
(1.0E-9,16.0,0.1570000000000001)(59.50779871076884 69.0)
(1.0E-9,16.0,0.1570000000000001)(59.79525481525958 71.0)
(1.0E-9,16.0,0.1570000000000001)(61.80577001565775 67.0)
(1.0E-9,16.0,0.1570000000000001)(62.10817096087519 71.0)
(1.0E-9 16.0 0.1580000000000001)(23.719027916723036 114.0)
(1.0E-9,16.0,0.1580000000000001)(63.1358937928245 16.0)
(1.0E-9,16.0,0.1580000000000001)(62.22458705372148 53.0)
(1.0E-9,16.0,0.1580000000000001)(59.83591578367394 72.0)
(1.0E-9,16.0,0.1580000000000001)(62.14239466894998 67.0)
(1.0E-9,16.0,0.1580000000000001)(62.14239466894998 68.0)
(1.0E-9,16.0,0.1580000000000001)(62.10817096087519 69.0)
(1.0E-9,16.0,0.1580000000000001)(59.315025190311765 71.0)
(1.0E-9,16.0,0.1580000000000001)(62.10817096087519 70.0)
(1.0E-9,16.0,0.1580000000000001)(62.134609025442835 69.0)
(1.0E-9,16.0,0.1580000000000001)(62.13008056115507 62.0)
(1.0E-9,16.0,0.1580000000000001)(59.79525481525958 72.0)
(1.0E-9,16.0,0.1580000000000001)(62.08497027963189 64.0)
(1.0E-9,16.0,0.1580000000000001)(62.08497027963189 61.0)
(1.0E-9 16.0 0.1590000000000001)(24.74827905116039 113.0)
(1.0E-9,16.0,0.1590000000000001)(63.1358937928245 19.0)
(1.0E-9,16.0,0.1590000000000001)(62.22458705372148 53.0)
(1.0E-9,16.0,0.1590000000000001)(62.09275592313902 64.0)
(1.0E-9,16.0,0.1590000000000001)(62.047567411860875 66.0)
(1.0E-9,16.0,0.1590000000000001)(59.098721234075256 71.0)
(1.0E-9,16.0,0.1590000000000001)(59.50779871076884 70.0)
(1.0E-9,16.0,0.1590000000000001)(59.50779871076884 69.0)
(1.0E-9,16.0,0.1590000000000001)(61.87132097533756 65.0)
(1.0E-9,16.0,0.1590000000000001)(59.91955290633217 69.0)
(1.0E-9,16.0,0.1590000000000001)(62.13008056115507 60.0)
(1.0E-9 16.0 0.16000000000000011)(24.74827905116039 113.0)
(1.0E-9,16.0,0.16000000000000011)(63.1358937928245 19.0)
(1.0E-9,16.0,0.16000000000000011)(62.22458705372148 53.0)
(1.0E-9,16.0,0.16000000000000011)(62.09275592313902 64.0)
(1.0E-9,16.0,0.16000000000000011)(62.14239466894998 65.0)
(1.0E-9,16.0,0.16000000000000011)(59.098721234075256 70.0)
(1.0E-9,16.0,0.16000000000000011)(59.50779871076884 68.0)
(1.0E-9,16.0,0.16000000000000011)(59.91955290633217 68.0)
(1.0E-9,16.0,0.16000000000000011)(59.50779871076884 71.0)
(1.0E-9,16.0,0.16000000000000011)(62.08497027963189 62.0)
(1.0E-9,16.0,0.16000000000000011)(62.10817096087519 70.0)
(1.0E-9,16.0,0.16000000000000011)(62.13008056115507 60.0)
(1.0E-9 16.0 0.16100000000000012)(24.74827905116039 113.0)
(1.0E-9,16.0,0.16100000000000012)(63.1358937928245 19.0)
(1.0E-9,16.0,0.16100000000000012)(62.22458705372148 53.0)
(1.0E-9,16.0,0.16100000000000012)(62.09275592313902 64.0)
(1.0E-9,16.0,0.16100000000000012)(62.05849286300831 62.0)
(1.0E-9,16.0,0.16100000000000012)(62.14239466894998 67.0)
(1.0E-9,16.0,0.16100000000000012)(59.433840429218435 71.0)
(1.0E-9,16.0,0.16100000000000012)(59.50779871076884 68.0)
(1.0E-9,16.0,0.16100000000000012)(59.50779871076884 69.0)
(1.0E-9,16.0,0.16100000000000012)(59.50779871076884 70.0)
(1.0E-9,16.0,0.16100000000000012)(62.10817096087519 69.0)
(1.0E-9,16.0,0.16100000000000012)(62.10817096087519 72.0)
(1.0E-9 16.0 0.16200000000000012)(24.46357079466367 114.0)
(1.0E-9,16.0,0.16200000000000012)(63.1358937928245 19.0)
(1.0E-9,16.0,0.16200000000000012)(62.22458705372148 53.0)
(1.0E-9,16.0,0.16200000000000012)(62.09275592313902 64.0)
(1.0E-9,16.0,0.16200000000000012)(62.05849286300831 61.0)
(1.0E-9,16.0,0.16200000000000012)(59.422147418810944 73.0)
(1.0E-9,16.0,0.16200000000000012)(59.50779871076884 73.0)
(1.0E-9,16.0,0.16200000000000012)(59.50779871076884 70.0)
(1.0E-9,16.0,0.16200000000000012)(62.14239466894998 68.0)
(1.0E-9,16.0,0.16200000000000012)(59.91955290633217 71.0)
(1.0E-9,16.0,0.16200000000000012)(62.13008056115507 62.0)
(1.0E-9 16.0 0.16300000000000012)(24.46357079466367 114.0)
(1.0E-9,16.0,0.16300000000000012)(63.1358937928245 19.0)
(1.0E-9,16.0,0.16300000000000012)(62.22458705372148 53.0)
(1.0E-9,16.0,0.16300000000000012)(62.09275592313902 64.0)
(1.0E-9,16.0,0.16300000000000012)(62.05849286300831 61.0)
(1.0E-9,16.0,0.16300000000000012)(59.422147418810944 73.0)
(1.0E-9,16.0,0.16300000000000012)(59.50779871076884 73.0)
(1.0E-9,16.0,0.16300000000000012)(59.50779871076884 70.0)
(1.0E-9,16.0,0.16300000000000012)(62.14239466894998 68.0)
(1.0E-9,16.0,0.16300000000000012)(59.91955290633217 71.0)
(1.0E-9,16.0,0.16300000000000012)(62.13008056115507 62.0)
(1.0E-9 16.0 0.16400000000000012)(22.63840379286634 111.0)
(1.0E-9,16.0,0.16400000000000012)(63.1358937928245 18.0)
(1.0E-9,16.0,0.16400000000000012)(62.54040209381848 46.0)
(1.0E-9,16.0,0.16400000000000012)(63.00661529850565 37.0)
(1.0E-9,16.0,0.16400000000000012)(63.312853000090854 1.0)
(1.0E-9,16.0,0.16400000000000012)(62.82940364405435 53.0)
(1.0E-9,16.0,0.16400000000000012)(62.371184319122435 55.0)
(1.0E-9,16.0,0.16400000000000012)(62.371184319122435 56.0)
(1.0E-9,16.0,0.16400000000000012)(62.371184319122435 57.0)
(1.0E-9,16.0,0.16400000000000012)(60.25081864205866 74.0)
(1.0E-9,16.0,0.16400000000000012)(60.25081864205866 73.0)
(1.0E-9 16.0 0.16500000000000012)(22.348187474006785 112.0)
(1.0E-9,16.0,0.16500000000000012)(63.1358937928245 19.0)
(1.0E-9,16.0,0.16500000000000012)(61.23339964028697 58.0)
(1.0E-9,16.0,0.16500000000000012)(63.00661529850565 37.0)
(1.0E-9,16.0,0.16500000000000012)(63.312853000090854 1.0)
(1.0E-9,16.0,0.16500000000000012)(63.00661529850565 41.0)
(1.0E-9,16.0,0.16500000000000012)(63.00661529850565 40.0)
(1.0E-9,16.0,0.16500000000000012)(62.891084925921746 53.0)
(1.0E-9,16.0,0.16500000000000012)(62.38575402630391 54.0)
(1.0E-9,16.0,0.16500000000000012)(62.978938154471024 42.0)
(1.0E-9,16.0,0.16500000000000012)(62.84921971984382 55.0)
(1.0E-9,16.0,0.16500000000000012)(60.45280172863247 76.0)
(1.0E-9,16.0,0.16500000000000012)(62.84921971984382 56.0)
(1.0E-9,16.0,0.16500000000000012)(60.545604626551544 74.0)
(1.0E-9,16.0,0.16500000000000012)(60.545604626551544 73.0)
(1.0E-9 16.0 0.16600000000000012)(22.348187474006785 112.0)
(1.0E-9,16.0,0.16600000000000012)(63.1358937928245 19.0)
(1.0E-9,16.0,0.16600000000000012)(61.23339964028697 58.0)
(1.0E-9,16.0,0.16600000000000012)(63.00661529850565 37.0)
(1.0E-9,16.0,0.16600000000000012)(63.312853000090854 1.0)
(1.0E-9,16.0,0.16600000000000012)(62.96165139462426 46.0)
(1.0E-9,16.0,0.16600000000000012)(62.891084925921746 51.0)
(1.0E-9,16.0,0.16600000000000012)(63.06722645401987 39.0)
(1.0E-9,16.0,0.16600000000000012)(62.891084925921746 53.0)
(1.0E-9,16.0,0.16600000000000012)(62.84921971984382 54.0)
(1.0E-9,16.0,0.16600000000000012)(60.45280172863247 76.0)
(1.0E-9,16.0,0.16600000000000012)(60.57252017935435 75.0)
(1.0E-9,16.0,0.16600000000000012)(62.84921971984382 55.0)
(1.0E-9,16.0,0.16600000000000012)(62.84921971984382 56.0)
(1.0E-9,16.0,0.16600000000000012)(62.84921971984382 59.0)
(1.0E-9 16.0 0.16700000000000012)(22.348187474006785 112.0)
(1.0E-9,16.0,0.16700000000000012)(63.1358937928245 19.0)
(1.0E-9,16.0,0.16700000000000012)(61.23339964028697 58.0)
(1.0E-9,16.0,0.16700000000000012)(63.00661529850565 37.0)
(1.0E-9,16.0,0.16700000000000012)(63.312853000090854 1.0)
(1.0E-9,16.0,0.16700000000000012)(62.891084925921746 54.0)
(1.0E-9,16.0,0.16700000000000012)(63.00661529850565 41.0)
(1.0E-9,16.0,0.16700000000000012)(63.00661529850565 40.0)
(1.0E-9,16.0,0.16700000000000012)(62.80496079959803 59.0)
(1.0E-9,16.0,0.16700000000000012)(62.371184319122435 55.0)
(1.0E-9,16.0,0.16700000000000012)(62.371184319122435 56.0)
(1.0E-9,16.0,0.16700000000000012)(62.53671153297208 56.0)
(1.0E-9,16.0,0.16700000000000012)(62.5511167975598 56.0)
(1.0E-9 16.0 0.16800000000000012)(22.348187474006785 112.0)
(1.0E-9,16.0,0.16800000000000012)(63.1358937928245 19.0)
(1.0E-9,16.0,0.16800000000000012)(61.23339964028697 58.0)
(1.0E-9,16.0,0.16800000000000012)(63.00661529850565 37.0)
(1.0E-9,16.0,0.16800000000000012)(63.312853000090854 1.0)
(1.0E-9,16.0,0.16800000000000012)(62.96165139462426 46.0)
(1.0E-9,16.0,0.16800000000000012)(62.82940364405435 51.0)
(1.0E-9,16.0,0.16800000000000012)(60.62203535952691 70.0)
(1.0E-9,16.0,0.16800000000000012)(62.891084925921746 55.0)
(1.0E-9,16.0,0.16800000000000012)(60.62203535952691 69.0)
(1.0E-9,16.0,0.16800000000000012)(62.891084925921746 52.0)
(1.0E-9,16.0,0.16800000000000012)(62.84921971984382 54.0)
(1.0E-9,16.0,0.16800000000000012)(63.312853000090854 7.0)
(1.0E-9,16.0,0.16800000000000012)(62.967520485081835 53.0)
(1.0E-9,16.0,0.16800000000000012)(63.08597570180083 40.0)
(1.0E-9,16.0,0.16800000000000012)(62.967520485081835 56.0)
(1.0E-9 16.0 0.16900000000000012)(22.348187474006785 112.0)
(1.0E-9,16.0,0.16900000000000012)(63.1358937928245 19.0)
(1.0E-9,16.0,0.16900000000000012)(61.23339964028697 58.0)
(1.0E-9,16.0,0.16900000000000012)(63.00661529850565 37.0)
(1.0E-9,16.0,0.16900000000000012)(63.312853000090854 1.0)
(1.0E-9,16.0,0.16900000000000012)(62.96165139462426 46.0)
(1.0E-9,16.0,0.16900000000000012)(62.82940364405435 51.0)
(1.0E-9,16.0,0.16900000000000012)(60.62203535952691 70.0)
(1.0E-9,16.0,0.16900000000000012)(62.891084925921746 55.0)
(1.0E-9,16.0,0.16900000000000012)(60.62203535952691 69.0)
(1.0E-9,16.0,0.16900000000000012)(62.891084925921746 52.0)
(1.0E-9,16.0,0.16900000000000012)(62.84921971984382 54.0)
(1.0E-9,16.0,0.16900000000000012)(63.312853000090854 7.0)
(1.0E-9,16.0,0.16900000000000012)(62.967520485081835 53.0)
(1.0E-9,16.0,0.16900000000000012)(63.08597570180083 40.0)
(1.0E-9,16.0,0.16900000000000012)(62.967520485081835 56.0)
(1.0E-9 16.0 0.17000000000000012)(22.348187474006785 112.0)
(1.0E-9,16.0,0.17000000000000012)(63.1358937928245 19.0)
(1.0E-9,16.0,0.17000000000000012)(61.23339964028697 58.0)
(1.0E-9,16.0,0.17000000000000012)(63.00661529850565 37.0)
(1.0E-9,16.0,0.17000000000000012)(63.312853000090854 1.0)
(1.0E-9,16.0,0.17000000000000012)(63.312853000090854 14.0)
(1.0E-9,16.0,0.17000000000000012)(63.312853000090854 20.0)
(1.0E-9,16.0,0.17000000000000012)(62.96504853923961 44.0)
(1.0E-9,16.0,0.17000000000000012)(62.35269957344418 62.0)
(1.0E-9,16.0,0.17000000000000012)(62.96504853923961 47.0)
(1.0E-9 16.0 0.17100000000000012)(22.348187474006785 112.0)
(1.0E-9,16.0,0.17100000000000012)(63.1358937928245 19.0)
(1.0E-9,16.0,0.17100000000000012)(61.23339964028697 58.0)
(1.0E-9,16.0,0.17100000000000012)(63.00661529850565 37.0)
(1.0E-9,16.0,0.17100000000000012)(63.312853000090854 1.0)
(1.0E-9,16.0,0.17100000000000012)(63.00661529850565 40.0)
(1.0E-9,16.0,0.17100000000000012)(63.06722645401987 41.0)
(1.0E-9,16.0,0.17100000000000012)(63.12639931142351 38.0)
(1.0E-9,16.0,0.17100000000000012)(62.96504853923961 43.0)
(1.0E-9,16.0,0.17100000000000012)(62.96504853923961 44.0)
(1.0E-9,16.0,0.17100000000000012)(62.978938154471024 43.0)
(1.0E-9,16.0,0.17100000000000012)(60.52517067577732 69.0)
(1.0E-9,16.0,0.17100000000000012)(60.60267819304076 66.0)
(1.0E-9 16.0 0.17200000000000013)(22.348187474006785 112.0)
(1.0E-9,16.0,0.17200000000000013)(63.1358937928245 19.0)
(1.0E-9,16.0,0.17200000000000013)(61.23339964028697 58.0)
(1.0E-9,16.0,0.17200000000000013)(63.00661529850565 37.0)
(1.0E-9,16.0,0.17200000000000013)(63.312853000090854 1.0)
(1.0E-9,16.0,0.17200000000000013)(63.00661529850565 40.0)
(1.0E-9,16.0,0.17200000000000013)(61.057501438787334 66.0)
(1.0E-9,16.0,0.17200000000000013)(63.06722645401987 41.0)
(1.0E-9,16.0,0.17200000000000013)(63.008770303205964 50.0)
(1.0E-9,16.0,0.17200000000000013)(62.967520485081835 52.0)
(1.0E-9,16.0,0.17200000000000013)(62.967520485081835 53.0)
(1.0E-9,16.0,0.17200000000000013)(62.967520485081835 54.0)
(1.0E-9,16.0,0.17200000000000013)(60.25081864205866 70.0)
(1.0E-9,16.0,0.17200000000000013)(60.181204488184605 71.0)
(1.0E-9 16.0 0.17300000000000013)(21.98516707580477 112.0)
(1.0E-9,16.0,0.17300000000000013)(63.1358937928245 18.0)
(1.0E-9,16.0,0.17300000000000013)(62.179639137791405 58.0)
(1.0E-9,16.0,0.17300000000000013)(63.00661529850565 39.0)
(1.0E-9,16.0,0.17300000000000013)(63.312853000090854 1.0)
(1.0E-9,16.0,0.17300000000000013)(63.00661529850565 40.0)
(1.0E-9,16.0,0.17300000000000013)(62.967036599088416 42.0)
(1.0E-9,16.0,0.17300000000000013)(63.06722645401987 39.0)
(1.0E-9,16.0,0.17300000000000013)(63.00661529850565 41.0)
(1.0E-9,16.0,0.17300000000000013)(63.02040143265253 39.0)
(1.0E-9,16.0,0.17300000000000013)(63.00661529850565 43.0)
(1.0E-9,16.0,0.17300000000000013)(63.00661529850565 45.0)
(1.0E-9,16.0,0.17300000000000013)(63.00661529850565 44.0)
(1.0E-9,16.0,0.17300000000000013)(63.00661529850565 46.0)
(1.0E-9 16.0 0.17400000000000013)(21.98516707580477 112.0)
(1.0E-9,16.0,0.17400000000000013)(63.1358937928245 18.0)
(1.0E-9,16.0,0.17400000000000013)(62.179639137791405 58.0)
(1.0E-9,16.0,0.17400000000000013)(63.00661529850565 39.0)
(1.0E-9,16.0,0.17400000000000013)(63.312853000090854 1.0)
(1.0E-9,16.0,0.17400000000000013)(63.06722645401987 38.0)
(1.0E-9,16.0,0.17400000000000013)(63.06722645401987 42.0)
(1.0E-9,16.0,0.17400000000000013)(63.06722645401987 41.0)
(1.0E-9,16.0,0.17400000000000013)(63.06722645401987 44.0)
(1.0E-9,16.0,0.17400000000000013)(63.06722645401987 43.0)
(1.0E-9 16.0 0.17500000000000013)(21.98516707580477 112.0)
(1.0E-9,16.0,0.17500000000000013)(63.1358937928245 18.0)
(1.0E-9,16.0,0.17500000000000013)(62.22458705372148 56.0)
(1.0E-9,16.0,0.17500000000000013)(63.06722645401987 38.0)
(1.0E-9,16.0,0.17500000000000013)(63.312853000090854 1.0)
(1.0E-9,16.0,0.17500000000000013)(63.06722645401987 33.0)
(1.0E-9,16.0,0.17500000000000013)(62.32824236280812 59.0)
(1.0E-9,16.0,0.17500000000000013)(63.12639931142351 37.0)
(1.0E-9,16.0,0.17500000000000013)(62.179639137791405 66.0)
(1.0E-9,16.0,0.17500000000000013)(62.179639137791405 64.0)
(1.0E-9,16.0,0.17500000000000013)(63.06722645401987 45.0)
(1.0E-9,16.0,0.17500000000000013)(62.179639137791405 62.0)
(1.0E-9 16.0 0.17600000000000013)(21.98516707580477 112.0)
(1.0E-9,16.0,0.17600000000000013)(63.1358937928245 18.0)
(1.0E-9,16.0,0.17600000000000013)(62.22458705372148 56.0)
(1.0E-9,16.0,0.17600000000000013)(63.06722645401987 38.0)
(1.0E-9,16.0,0.17600000000000013)(63.312853000090854 1.0)
(1.0E-9,16.0,0.17600000000000013)(63.06722645401987 33.0)
(1.0E-9,16.0,0.17600000000000013)(62.32824236280812 59.0)
(1.0E-9,16.0,0.17600000000000013)(63.12639931142351 37.0)
(1.0E-9,16.0,0.17600000000000013)(62.179639137791405 66.0)
(1.0E-9,16.0,0.17600000000000013)(62.179639137791405 64.0)
(1.0E-9,16.0,0.17600000000000013)(63.06722645401987 45.0)
(1.0E-9,16.0,0.17600000000000013)(62.179639137791405 62.0)
(1.0E-9 16.0 0.17700000000000013)(22.69322773568491 112.0)
(1.0E-9,16.0,0.17700000000000013)(63.1358937928245 16.0)
(1.0E-9,16.0,0.17700000000000013)(62.54040209381848 43.0)
(1.0E-9,16.0,0.17700000000000013)(63.00661529850565 35.0)
(1.0E-9,16.0,0.17700000000000013)(63.312853000090854 1.0)
(1.0E-9,16.0,0.17700000000000013)(63.06722645401987 38.0)
(1.0E-9,16.0,0.17700000000000013)(63.00661529850565 40.0)
(1.0E-9,16.0,0.17700000000000013)(63.00661529850565 41.0)
(1.0E-9,16.0,0.17700000000000013)(62.281993139345694 52.0)
(1.0E-9,16.0,0.17700000000000013)(62.44706169888543 50.0)
(1.0E-9,16.0,0.17700000000000013)(63.00661529850565 42.0)
(1.0E-9,16.0,0.17700000000000013)(62.40251146485262 51.0)
(1.0E-9,16.0,0.17700000000000013)(63.00661529850565 46.0)
(1.0E-9 16.0 0.17800000000000013)(22.69322773568491 112.0)
(1.0E-9,16.0,0.17800000000000013)(63.1358937928245 16.0)
(1.0E-9,16.0,0.17800000000000013)(62.54040209381848 43.0)
(1.0E-9,16.0,0.17800000000000013)(63.312853000090854 1.0)
(1.0E-9,16.0,0.17800000000000013)(63.06722645401987 33.0)
(1.0E-9,16.0,0.17800000000000013)(63.06722645401987 34.0)
(1.0E-9,16.0,0.17800000000000013)(63.00661529850565 36.0)
(1.0E-9,16.0,0.17800000000000013)(63.06722645401987 35.0)
(1.0E-9,16.0,0.17800000000000013)(63.06722645401987 45.0)
(1.0E-9 16.0 0.17900000000000013)(22.69322773568491 112.0)
(1.0E-9,16.0,0.17900000000000013)(63.1358937928245 16.0)
(1.0E-9,16.0,0.17900000000000013)(62.54040209381848 43.0)
(1.0E-9,16.0,0.17900000000000013)(63.312853000090854 1.0)
(1.0E-9,16.0,0.17900000000000013)(63.00661529850565 38.0)
(1.0E-9,16.0,0.17900000000000013)(63.06722645401987 40.0)
(1.0E-9,16.0,0.17900000000000013)(63.06722645401987 42.0)
(1.0E-9,16.0,0.17900000000000013)(63.06722645401987 41.0)
(1.0E-9,16.0,0.17900000000000013)(63.06722645401987 45.0)
(1.0E-9 16.0 0.18000000000000013)(21.98516707580477 112.0)
(1.0E-9,16.0,0.18000000000000013)(63.1358937928245 18.0)
(1.0E-9,16.0,0.18000000000000013)(62.31803723188704 55.0)
(1.0E-9,16.0,0.18000000000000013)(63.00661529850565 39.0)
(1.0E-9,16.0,0.18000000000000013)(63.312853000090854 1.0)
(1.0E-9,16.0,0.18000000000000013)(63.07693199520658 37.0)
(1.0E-9,16.0,0.18000000000000013)(63.06722645401987 42.0)
(1.0E-9,16.0,0.18000000000000013)(63.06722645401987 44.0)
(1.0E-9 16.0 0.18100000000000013)(21.291011055063354 113.0)
(1.0E-9,16.0,0.18100000000000013)(63.1358937928245 18.0)
(1.0E-9,16.0,0.18100000000000013)(62.31803723188704 55.0)
(1.0E-9,16.0,0.18100000000000013)(63.06722645401987 38.0)
(1.0E-9,16.0,0.18100000000000013)(63.312853000090854 1.0)
(1.0E-9,16.0,0.18100000000000013)(63.06722645401987 39.0)
(1.0E-9,16.0,0.18100000000000013)(63.06722645401987 40.0)
(1.0E-9,16.0,0.18100000000000013)(63.06722645401987 41.0)
(1.0E-9,16.0,0.18100000000000013)(63.06722645401987 42.0)
(1.0E-9,16.0,0.18100000000000013)(63.06722645401987 45.0)
(1.0E-9 16.0 0.18200000000000013)(21.291011055063354 113.0)
(1.0E-9,16.0,0.18200000000000013)(63.1358937928245 18.0)
(1.0E-9,16.0,0.18200000000000013)(62.31803723188704 55.0)
(1.0E-9,16.0,0.18200000000000013)(63.06722645401987 38.0)
(1.0E-9,16.0,0.18200000000000013)(63.312853000090854 1.0)
(1.0E-9,16.0,0.18200000000000013)(63.06722645401987 39.0)
(1.0E-9,16.0,0.18200000000000013)(63.06722645401987 40.0)
(1.0E-9,16.0,0.18200000000000013)(63.06722645401987 41.0)
(1.0E-9,16.0,0.18200000000000013)(63.06722645401987 42.0)
(1.0E-9,16.0,0.18200000000000013)(63.06722645401987 45.0)
(1.0E-9 16.0 0.18300000000000013)(21.291011055063354 113.0)
(1.0E-9,16.0,0.18300000000000013)(63.1358937928245 18.0)
(1.0E-9,16.0,0.18300000000000013)(62.22458705372148 56.0)
(1.0E-9,16.0,0.18300000000000013)(63.06722645401987 38.0)
(1.0E-9,16.0,0.18300000000000013)(63.312853000090854 1.0)
(1.0E-9,16.0,0.18300000000000013)(63.06722645401987 36.0)
(1.0E-9,16.0,0.18300000000000013)(63.06722645401987 39.0)
(1.0E-9,16.0,0.18300000000000013)(63.06722645401987 41.0)
(1.0E-9 16.0 0.18400000000000014)(21.291011055063354 113.0)
(1.0E-9,16.0,0.18400000000000014)(63.1358937928245 18.0)
(1.0E-9,16.0,0.18400000000000014)(62.22458705372148 56.0)
(1.0E-9,16.0,0.18400000000000014)(63.06722645401987 38.0)
(1.0E-9,16.0,0.18400000000000014)(63.312853000090854 1.0)
(1.0E-9,16.0,0.18400000000000014)(63.06722645401987 37.0)
(1.0E-9,16.0,0.18400000000000014)(63.04191038115853 45.0)
(1.0E-9,16.0,0.18400000000000014)(63.00661529850565 40.0)
(1.0E-9,16.0,0.18400000000000014)(63.06722645401987 41.0)
(1.0E-9,16.0,0.18400000000000014)(62.276831198221565 62.0)
(1.0E-9,16.0,0.18400000000000014)(63.06722645401987 43.0)
(1.0E-9 16.0 0.18500000000000014)(21.291011055063354 113.0)
(1.0E-9,16.0,0.18500000000000014)(63.1358937928245 18.0)
(1.0E-9,16.0,0.18500000000000014)(62.22458705372148 56.0)
(1.0E-9,16.0,0.18500000000000014)(63.06722645401987 38.0)
(1.0E-9,16.0,0.18500000000000014)(63.312853000090854 1.0)
(1.0E-9,16.0,0.18500000000000014)(63.06722645401987 37.0)
(1.0E-9,16.0,0.18500000000000014)(63.06722645401987 44.0)
(1.0E-9,16.0,0.18500000000000014)(63.095599933067454 40.0)
(1.0E-9,16.0,0.18500000000000014)(63.06722645401987 42.0)
(1.0E-9 16.0 0.18600000000000014)(21.14809099771678 116.0)
(1.0E-9,16.0,0.18600000000000014)(63.1358937928245 18.0)
(1.0E-9,16.0,0.18600000000000014)(62.22458705372148 56.0)
(1.0E-9,16.0,0.18600000000000014)(63.06722645401987 38.0)
(1.0E-9,16.0,0.18600000000000014)(63.312853000090854 1.0)
(1.0E-9,16.0,0.18600000000000014)(63.00661529850565 40.0)
(1.0E-9,16.0,0.18600000000000014)(63.06722645401987 44.0)
(1.0E-9,16.0,0.18600000000000014)(63.06722645401987 42.0)
(1.0E-9,16.0,0.18600000000000014)(63.06722645401987 43.0)
(1.0E-9 16.0 0.18700000000000014)(20.77747186711877 117.0)
(1.0E-9,16.0,0.18700000000000014)(63.1358937928245 18.0)
(1.0E-9,16.0,0.18700000000000014)(62.22458705372148 56.0)
(1.0E-9,16.0,0.18700000000000014)(63.06722645401987 38.0)
(1.0E-9,16.0,0.18700000000000014)(63.312853000090854 1.0)
(1.0E-9,16.0,0.18700000000000014)(63.04191038115853 48.0)
(1.0E-9,16.0,0.18700000000000014)(63.06722645401987 42.0)
(1.0E-9,16.0,0.18700000000000014)(63.06722645401987 44.0)
(1.0E-9,16.0,0.18700000000000014)(63.06722645401987 43.0)
(1.0E-9 16.0 0.18800000000000014)(20.77747186711877 117.0)
(1.0E-9,16.0,0.18800000000000014)(63.1358937928245 19.0)
(1.0E-9,16.0,0.18800000000000014)(62.22458705372148 56.0)
(1.0E-9,16.0,0.18800000000000014)(63.06722645401987 38.0)
(1.0E-9,16.0,0.18800000000000014)(63.312853000090854 1.0)
(1.0E-9,16.0,0.18800000000000014)(63.00661529850565 40.0)
(1.0E-9,16.0,0.18800000000000014)(63.06722645401987 39.0)
(1.0E-9,16.0,0.18800000000000014)(63.12639931142351 37.0)
(1.0E-9,16.0,0.18800000000000014)(63.06722645401987 42.0)
(1.0E-9,16.0,0.18800000000000014)(62.21870617211911 63.0)
(1.0E-9,16.0,0.18800000000000014)(63.06722645401987 45.0)
(1.0E-9 16.0 0.18900000000000014)(20.77747186711877 117.0)
(1.0E-9,16.0,0.18900000000000014)(63.1358937928245 19.0)
(1.0E-9,16.0,0.18900000000000014)(62.22458705372148 56.0)
(1.0E-9,16.0,0.18900000000000014)(63.06722645401987 38.0)
(1.0E-9,16.0,0.18900000000000014)(63.312853000090854 1.0)
(1.0E-9,16.0,0.18900000000000014)(63.00661529850565 40.0)
(1.0E-9,16.0,0.18900000000000014)(63.06722645401987 39.0)
(1.0E-9,16.0,0.18900000000000014)(63.12639931142351 37.0)
(1.0E-9,16.0,0.18900000000000014)(63.06722645401987 42.0)
(1.0E-9,16.0,0.18900000000000014)(62.21870617211911 63.0)
(1.0E-9,16.0,0.18900000000000014)(63.06722645401987 45.0)
(1.0E-9 16.0 0.19000000000000014)(20.9301030663757 118.0)
(1.0E-9,16.0,0.19000000000000014)(63.1358937928245 18.0)
(1.0E-9,16.0,0.19000000000000014)(62.22458705372148 56.0)
(1.0E-9,16.0,0.19000000000000014)(63.12639931142351 37.0)
(1.0E-9,16.0,0.19000000000000014)(63.312853000090854 1.0)
(1.0E-9,16.0,0.19000000000000014)(63.11686047036043 38.0)
(1.0E-9,16.0,0.19000000000000014)(63.11686047036043 39.0)
(1.0E-9,16.0,0.19000000000000014)(63.06722645401987 39.0)
(1.0E-9,16.0,0.19000000000000014)(62.32824236280812 67.0)
(1.0E-9,16.0,0.19000000000000014)(63.12639931142351 43.0)
(1.0E-9,16.0,0.19000000000000014)(63.12639931142351 41.0)
(1.0E-9 16.0 0.19100000000000014)(20.9301030663757 118.0)
(1.0E-9,16.0,0.19100000000000014)(63.1358937928245 18.0)
(1.0E-9,16.0,0.19100000000000014)(62.22458705372148 56.0)
(1.0E-9,16.0,0.19100000000000014)(63.06722645401987 37.0)
(1.0E-9,16.0,0.19100000000000014)(63.312853000090854 1.0)
(1.0E-9,16.0,0.19100000000000014)(63.06722645401987 39.0)
(1.0E-9,16.0,0.19100000000000014)(63.12639931142351 36.0)
(1.0E-9,16.0,0.19100000000000014)(63.11686047036043 39.0)
(1.0E-9 16.0 0.19200000000000014)(20.9301030663757 118.0)
(1.0E-9,16.0,0.19200000000000014)(63.1358937928245 19.0)
(1.0E-9,16.0,0.19200000000000014)(62.179639137791405 58.0)
(1.0E-9,16.0,0.19200000000000014)(63.06722645401987 37.0)
(1.0E-9,16.0,0.19200000000000014)(63.312853000090854 1.0)
(1.0E-9,16.0,0.19200000000000014)(63.312853000090854 7.0)
(1.0E-9,16.0,0.19200000000000014)(63.1358937928245 35.0)
(1.0E-9,16.0,0.19200000000000014)(63.12639931142351 37.0)
(1.0E-9,16.0,0.19200000000000014)(63.12639931142351 38.0)
(1.0E-9,16.0,0.19200000000000014)(63.11686047036043 38.0)
(1.0E-9,16.0,0.19200000000000014)(63.11686047036043 39.0)
(1.0E-9,16.0,0.19200000000000014)(63.11686047036043 41.0)
(1.0E-9,16.0,0.19200000000000014)(63.11686047036043 43.0)
(1.0E-9 16.0 0.19300000000000014)(20.9301030663757 118.0)
(1.0E-9,16.0,0.19300000000000014)(63.1358937928245 19.0)
(1.0E-9,16.0,0.19300000000000014)(62.22458705372148 56.0)
(1.0E-9,16.0,0.19300000000000014)(63.06722645401987 37.0)
(1.0E-9,16.0,0.19300000000000014)(63.312853000090854 1.0)
(1.0E-9,16.0,0.19300000000000014)(63.12639931142351 38.0)
(1.0E-9,16.0,0.19300000000000014)(63.05748166817281 40.0)
(1.0E-9,16.0,0.19300000000000014)(61.92118891410804 66.0)
(1.0E-9,16.0,0.19300000000000014)(62.05168339647639 64.0)
(1.0E-9,16.0,0.19300000000000014)(62.309326189564736 56.0)
(1.0E-9,16.0,0.19300000000000014)(62.05168339647639 63.0)
(1.0E-9 16.0 0.19400000000000014)(19.47247771761379 117.0)
(1.0E-9,16.0,0.19400000000000014)(63.1358937928245 18.0)
(1.0E-9,16.0,0.19400000000000014)(62.179639137791405 56.0)
(1.0E-9,16.0,0.19400000000000014)(63.00661529850565 38.0)
(1.0E-9,16.0,0.19400000000000014)(63.312853000090854 1.0)
(1.0E-9,16.0,0.19400000000000014)(63.00661529850565 37.0)
(1.0E-9,16.0,0.19400000000000014)(63.12639931142351 37.0)
(1.0E-9,16.0,0.19400000000000014)(62.32473088069092 67.0)
(1.0E-9,16.0,0.19400000000000014)(62.32824236280812 65.0)
(1.0E-9 16.0 0.19500000000000015)(19.47247771761379 117.0)
(1.0E-9,16.0,0.19500000000000015)(63.1358937928245 18.0)
(1.0E-9,16.0,0.19500000000000015)(62.179639137791405 56.0)
(1.0E-9,16.0,0.19500000000000015)(63.00661529850565 38.0)
(1.0E-9,16.0,0.19500000000000015)(63.312853000090854 1.0)
(1.0E-9,16.0,0.19500000000000015)(63.00661529850565 37.0)
(1.0E-9,16.0,0.19500000000000015)(63.12639931142351 37.0)
(1.0E-9,16.0,0.19500000000000015)(62.32473088069092 67.0)
(1.0E-9,16.0,0.19500000000000015)(62.32824236280812 65.0)
(1.0E-9 16.0 0.19600000000000015)(19.47247771761379 117.0)
(1.0E-9,16.0,0.19600000000000015)(63.1358937928245 18.0)
(1.0E-9,16.0,0.19600000000000015)(62.179639137791405 56.0)
(1.0E-9,16.0,0.19600000000000015)(63.00661529850565 38.0)
(1.0E-9,16.0,0.19600000000000015)(63.312853000090854 1.0)
(1.0E-9,16.0,0.19600000000000015)(63.00813466067176 30.0)
(1.0E-9,16.0,0.19600000000000015)(63.06722645401987 37.0)
(1.0E-9,16.0,0.19600000000000015)(63.06722645401987 36.0)
(1.0E-9,16.0,0.19600000000000015)(62.14239466894998 60.0)
(1.0E-9,16.0,0.19600000000000015)(63.06722645401987 39.0)
(1.0E-9,16.0,0.19600000000000015)(63.06722645401987 42.0)
(1.0E-9,16.0,0.19600000000000015)(63.06722645401987 40.0)
(1.0E-9,16.0,0.19600000000000015)(63.06722645401987 43.0)
(1.0E-9 16.0 0.19700000000000015)(19.47247771761379 117.0)
(1.0E-9,16.0,0.19700000000000015)(63.1358937928245 18.0)
(1.0E-9,16.0,0.19700000000000015)(62.179639137791405 56.0)
(1.0E-9,16.0,0.19700000000000015)(63.06722645401987 37.0)
(1.0E-9,16.0,0.19700000000000015)(63.312853000090854 1.0)
(1.0E-9,16.0,0.19700000000000015)(63.312853000090854 9.0)
(1.0E-9,16.0,0.19700000000000015)(63.06722645401987 38.0)
(1.0E-9,16.0,0.19700000000000015)(63.06722645401987 40.0)
(1.0E-9,16.0,0.19700000000000015)(62.168812692595054 63.0)
(1.0E-9,16.0,0.19700000000000015)(62.168812692595054 60.0)
(1.0E-9,16.0,0.19700000000000015)(62.168812692595054 61.0)
(1.0E-9 16.0 0.19800000000000015)(19.47247771761379 117.0)
(1.0E-9,16.0,0.19800000000000015)(63.1358937928245 18.0)
(1.0E-9,16.0,0.19800000000000015)(62.179639137791405 56.0)
(1.0E-9,16.0,0.19800000000000015)(63.06722645401987 37.0)
(1.0E-9,16.0,0.19800000000000015)(63.312853000090854 1.0)
(1.0E-9,16.0,0.19800000000000015)(63.06722645401987 38.0)
(1.0E-9,16.0,0.19800000000000015)(63.06722645401987 39.0)
(1.0E-9,16.0,0.19800000000000015)(63.06722645401987 40.0)
(1.0E-9,16.0,0.19800000000000015)(63.06722645401987 43.0)
(1.0E-9,16.0,0.19800000000000015)(62.168812692595054 62.0)
(1.0E-9 16.0 0.19900000000000015)(26.14200313286325 115.0)
(1.0E-9,16.0,0.19900000000000015)(63.1358937928245 18.0)
(1.0E-9,16.0,0.19900000000000015)(62.14239466894998 58.0)
(1.0E-9,16.0,0.19900000000000015)(63.06722645401987 37.0)
(1.0E-9,16.0,0.19900000000000015)(63.312853000090854 1.0)
(1.0E-9,16.0,0.19900000000000015)(63.12639931142351 39.0)
(1.0E-9,16.0,0.19900000000000015)(62.14239466894998 66.0)
(1.0E-9,16.0,0.19900000000000015)(63.06722645401987 40.0)
(1.0E-9,16.0,0.19900000000000015)(62.519471951050235 63.0)
(1.0E-9,16.0,0.19900000000000015)(63.06722645401987 43.0)
(1.0E-9 17.0 0.01)(63.07693199520658 21.0)
(1.0E-9,17.0,0.01)(63.312853000090854 1.0)
(1.0E-9,17.0,0.01)(63.312853000090854 3.0)
(1.0E-9,17.0,0.01)(63.312853000090854 5.0)
(1.0E-9,17.0,0.01)(63.1358937928245 9.0)
(1.0E-9,17.0,0.01)(63.1358937928245 11.0)
(1.0E-9,17.0,0.01)(63.1358937928245 14.0)
(1.0E-9,17.0,0.01)(63.1358937928245 16.0)
(1.0E-9,17.0,0.01)(63.07693199520658 21.0)
(1.0E-9 17.0 0.011)(63.07693199520658 21.0)
(1.0E-9,17.0,0.011)(63.312853000090854 1.0)
(1.0E-9,17.0,0.011)(63.312853000090854 3.0)
(1.0E-9,17.0,0.011)(63.312853000090854 5.0)
(1.0E-9,17.0,0.011)(63.1358937928245 11.0)
(1.0E-9,17.0,0.011)(63.1358937928245 13.0)
(1.0E-9,17.0,0.011)(63.1358937928245 14.0)
(1.0E-9,17.0,0.011)(63.1358937928245 16.0)
(1.0E-9,17.0,0.011)(63.07693199520658 21.0)
(1.0E-9 17.0 0.012)(63.07693199520658 21.0)
(1.0E-9,17.0,0.012)(63.312853000090854 1.0)
(1.0E-9,17.0,0.012)(63.312853000090854 3.0)
(1.0E-9,17.0,0.012)(63.312853000090854 5.0)
(1.0E-9,17.0,0.012)(63.1358937928245 11.0)
(1.0E-9,17.0,0.012)(63.1358937928245 13.0)
(1.0E-9,17.0,0.012)(63.1358937928245 14.0)
(1.0E-9,17.0,0.012)(63.1358937928245 16.0)
(1.0E-9,17.0,0.012)(63.07693199520658 21.0)
(1.0E-9 17.0 0.013000000000000001)(63.07693199520658 21.0)
(1.0E-9,17.0,0.013000000000000001)(63.312853000090854 1.0)
(1.0E-9,17.0,0.013000000000000001)(63.312853000090854 3.0)
(1.0E-9,17.0,0.013000000000000001)(63.312853000090854 5.0)
(1.0E-9,17.0,0.013000000000000001)(63.1358937928245 11.0)
(1.0E-9,17.0,0.013000000000000001)(63.1358937928245 13.0)
(1.0E-9,17.0,0.013000000000000001)(63.1358937928245 14.0)
(1.0E-9,17.0,0.013000000000000001)(63.1358937928245 16.0)
(1.0E-9,17.0,0.013000000000000001)(63.07693199520658 21.0)
(1.0E-9 17.0 0.014000000000000002)(63.07693199520658 21.0)
(1.0E-9,17.0,0.014000000000000002)(63.312853000090854 1.0)
(1.0E-9,17.0,0.014000000000000002)(63.312853000090854 3.0)
(1.0E-9,17.0,0.014000000000000002)(63.312853000090854 5.0)
(1.0E-9,17.0,0.014000000000000002)(63.1358937928245 11.0)
(1.0E-9,17.0,0.014000000000000002)(63.1358937928245 14.0)
(1.0E-9,17.0,0.014000000000000002)(63.1358937928245 16.0)
(1.0E-9,17.0,0.014000000000000002)(63.1358937928245 17.0)
(1.0E-9,17.0,0.014000000000000002)(63.07693199520658 21.0)
(1.0E-9 17.0 0.015000000000000003)(63.07693199520658 21.0)
(1.0E-9,17.0,0.015000000000000003)(63.312853000090854 1.0)
(1.0E-9,17.0,0.015000000000000003)(63.312853000090854 3.0)
(1.0E-9,17.0,0.015000000000000003)(63.312853000090854 5.0)
(1.0E-9,17.0,0.015000000000000003)(63.1358937928245 11.0)
(1.0E-9,17.0,0.015000000000000003)(63.1358937928245 14.0)
(1.0E-9,17.0,0.015000000000000003)(63.1358937928245 16.0)
(1.0E-9,17.0,0.015000000000000003)(63.1358937928245 17.0)
(1.0E-9,17.0,0.015000000000000003)(63.07693199520658 21.0)
(1.0E-9 17.0 0.016000000000000004)(63.07693199520658 21.0)
(1.0E-9,17.0,0.016000000000000004)(63.312853000090854 1.0)
(1.0E-9,17.0,0.016000000000000004)(63.312853000090854 3.0)
(1.0E-9,17.0,0.016000000000000004)(63.1358937928245 9.0)
(1.0E-9,17.0,0.016000000000000004)(63.1358937928245 11.0)
(1.0E-9,17.0,0.016000000000000004)(63.1358937928245 14.0)
(1.0E-9,17.0,0.016000000000000004)(63.1358937928245 16.0)
(1.0E-9,17.0,0.016000000000000004)(63.1358937928245 17.0)
(1.0E-9,17.0,0.016000000000000004)(63.07693199520658 21.0)
(1.0E-9 17.0 0.017000000000000005)(63.07693199520658 21.0)
(1.0E-9,17.0,0.017000000000000005)(63.312853000090854 1.0)
(1.0E-9,17.0,0.017000000000000005)(63.312853000090854 3.0)
(1.0E-9,17.0,0.017000000000000005)(63.1358937928245 9.0)
(1.0E-9,17.0,0.017000000000000005)(63.1358937928245 13.0)
(1.0E-9,17.0,0.017000000000000005)(63.1358937928245 16.0)
(1.0E-9,17.0,0.017000000000000005)(63.1358937928245 17.0)
(1.0E-9,17.0,0.017000000000000005)(63.07693199520658 21.0)
(1.0E-9 17.0 0.018000000000000006)(63.01650861089896 24.0)
(1.0E-9,17.0,0.018000000000000006)(63.312853000090854 1.0)
(1.0E-9,17.0,0.018000000000000006)(63.312853000090854 3.0)
(1.0E-9,17.0,0.018000000000000006)(63.1358937928245 9.0)
(1.0E-9,17.0,0.018000000000000006)(63.1358937928245 14.0)
(1.0E-9,17.0,0.018000000000000006)(63.1358937928245 16.0)
(1.0E-9,17.0,0.018000000000000006)(63.07693199520658 21.0)
(1.0E-9,17.0,0.018000000000000006)(63.07693199520658 23.0)
(1.0E-9,17.0,0.018000000000000006)(63.01650861089896 24.0)
(1.0E-9 17.0 0.019000000000000006)(63.01650861089896 24.0)
(1.0E-9,17.0,0.019000000000000006)(63.312853000090854 1.0)
(1.0E-9,17.0,0.019000000000000006)(63.312853000090854 3.0)
(1.0E-9,17.0,0.019000000000000006)(63.1358937928245 11.0)
(1.0E-9,17.0,0.019000000000000006)(63.1358937928245 14.0)
(1.0E-9,17.0,0.019000000000000006)(63.1358937928245 16.0)
(1.0E-9,17.0,0.019000000000000006)(63.1358937928245 17.0)
(1.0E-9,17.0,0.019000000000000006)(63.07693199520658 21.0)
(1.0E-9,17.0,0.019000000000000006)(63.07693199520658 23.0)
(1.0E-9,17.0,0.019000000000000006)(63.01650861089896 24.0)
(1.0E-9 17.0 0.020000000000000007)(63.01650861089896 24.0)
(1.0E-9,17.0,0.020000000000000007)(63.312853000090854 1.0)
(1.0E-9,17.0,0.020000000000000007)(63.312853000090854 3.0)
(1.0E-9,17.0,0.020000000000000007)(63.1358937928245 11.0)
(1.0E-9,17.0,0.020000000000000007)(63.1358937928245 14.0)
(1.0E-9,17.0,0.020000000000000007)(63.1358937928245 16.0)
(1.0E-9,17.0,0.020000000000000007)(63.1358937928245 17.0)
(1.0E-9,17.0,0.020000000000000007)(63.07693199520658 21.0)
(1.0E-9,17.0,0.020000000000000007)(63.07693199520658 23.0)
(1.0E-9,17.0,0.020000000000000007)(63.01650861089896 24.0)
(1.0E-9 17.0 0.021000000000000008)(63.01650861089896 25.0)
(1.0E-9,17.0,0.021000000000000008)(63.312853000090854 1.0)
(1.0E-9,17.0,0.021000000000000008)(63.312853000090854 5.0)
(1.0E-9,17.0,0.021000000000000008)(63.1358937928245 11.0)
(1.0E-9,17.0,0.021000000000000008)(63.1358937928245 16.0)
(1.0E-9,17.0,0.021000000000000008)(63.07693199520658 21.0)
(1.0E-9,17.0,0.021000000000000008)(63.07693199520658 23.0)
(1.0E-9,17.0,0.021000000000000008)(63.01650861089896 24.0)
(1.0E-9,17.0,0.021000000000000008)(63.01650861089896 25.0)
(1.0E-9 17.0 0.02200000000000001)(62.576165324991436 45.0)
(1.0E-9,17.0,0.02200000000000001)(63.312853000090854 1.0)
(1.0E-9,17.0,0.02200000000000001)(63.312853000090854 5.0)
(1.0E-9,17.0,0.02200000000000001)(63.1358937928245 13.0)
(1.0E-9,17.0,0.02200000000000001)(63.1358937928245 16.0)
(1.0E-9,17.0,0.02200000000000001)(63.1358937928245 17.0)
(1.0E-9,17.0,0.02200000000000001)(63.07693199520658 21.0)
(1.0E-9,17.0,0.02200000000000001)(63.07693199520658 23.0)
(1.0E-9,17.0,0.02200000000000001)(63.01650861089896 24.0)
(1.0E-9,17.0,0.02200000000000001)(63.01650861089896 25.0)
(1.0E-9,17.0,0.02200000000000001)(63.01650861089896 27.0)
(1.0E-9 17.0 0.02300000000000001)(62.96101575209007 31.0)
(1.0E-9,17.0,0.02300000000000001)(63.312853000090854 1.0)
(1.0E-9,17.0,0.02300000000000001)(63.312853000090854 5.0)
(1.0E-9,17.0,0.02300000000000001)(63.1358937928245 11.0)
(1.0E-9,17.0,0.02300000000000001)(63.1358937928245 13.0)
(1.0E-9,17.0,0.02300000000000001)(63.1358937928245 16.0)
(1.0E-9,17.0,0.02300000000000001)(63.07693199520658 21.0)
(1.0E-9,17.0,0.02300000000000001)(63.07693199520658 22.0)
(1.0E-9,17.0,0.02300000000000001)(63.03025880802586 23.0)
(1.0E-9,17.0,0.02300000000000001)(63.03025880802586 24.0)
(1.0E-9 17.0 0.02400000000000001)(62.86663067005866 31.0)
(1.0E-9,17.0,0.02400000000000001)(63.312853000090854 1.0)
(1.0E-9,17.0,0.02400000000000001)(63.312853000090854 5.0)
(1.0E-9,17.0,0.02400000000000001)(63.1358937928245 11.0)
(1.0E-9,17.0,0.02400000000000001)(63.1358937928245 14.0)
(1.0E-9,17.0,0.02400000000000001)(63.1358937928245 16.0)
(1.0E-9,17.0,0.02400000000000001)(63.07693199520658 21.0)
(1.0E-9,17.0,0.02400000000000001)(63.07693199520658 22.0)
(1.0E-9,17.0,0.02400000000000001)(63.03025880802586 23.0)
(1.0E-9,17.0,0.02400000000000001)(63.03025880802586 24.0)
(1.0E-9 17.0 0.025000000000000012)(62.70452548317137 34.0)
(1.0E-9,17.0,0.025000000000000012)(63.312853000090854 1.0)
(1.0E-9,17.0,0.025000000000000012)(63.312853000090854 5.0)
(1.0E-9,17.0,0.025000000000000012)(63.1358937928245 11.0)
(1.0E-9,17.0,0.025000000000000012)(63.1358937928245 14.0)
(1.0E-9,17.0,0.025000000000000012)(63.1358937928245 16.0)
(1.0E-9,17.0,0.025000000000000012)(63.1358937928245 19.0)
(1.0E-9,17.0,0.025000000000000012)(63.090035119442504 20.0)
(1.0E-9,17.0,0.025000000000000012)(63.07693199520658 22.0)
(1.0E-9,17.0,0.025000000000000012)(63.03025880802586 23.0)
(1.0E-9,17.0,0.025000000000000012)(63.03025880802586 24.0)
(1.0E-9,17.0,0.025000000000000012)(63.03025880802586 25.0)
(1.0E-9 17.0 0.026000000000000013)(62.70452548317137 34.0)
(1.0E-9,17.0,0.026000000000000013)(63.312853000090854 1.0)
(1.0E-9,17.0,0.026000000000000013)(63.312853000090854 5.0)
(1.0E-9,17.0,0.026000000000000013)(63.1358937928245 11.0)
(1.0E-9,17.0,0.026000000000000013)(63.1358937928245 14.0)
(1.0E-9,17.0,0.026000000000000013)(63.1358937928245 16.0)
(1.0E-9,17.0,0.026000000000000013)(63.1358937928245 19.0)
(1.0E-9,17.0,0.026000000000000013)(63.090035119442504 20.0)
(1.0E-9,17.0,0.026000000000000013)(63.07693199520658 22.0)
(1.0E-9,17.0,0.026000000000000013)(63.03025880802586 23.0)
(1.0E-9,17.0,0.026000000000000013)(63.03025880802586 24.0)
(1.0E-9,17.0,0.026000000000000013)(63.03025880802586 25.0)
(1.0E-9 17.0 0.027000000000000014)(62.477683564134296 45.0)
(1.0E-9,17.0,0.027000000000000014)(63.312853000090854 1.0)
(1.0E-9,17.0,0.027000000000000014)(63.312853000090854 5.0)
(1.0E-9,17.0,0.027000000000000014)(63.1358937928245 11.0)
(1.0E-9,17.0,0.027000000000000014)(63.1358937928245 16.0)
(1.0E-9,17.0,0.027000000000000014)(63.1358937928245 19.0)
(1.0E-9,17.0,0.027000000000000014)(63.090035119442504 21.0)
(1.0E-9,17.0,0.027000000000000014)(63.090035119442504 20.0)
(1.0E-9,17.0,0.027000000000000014)(63.03025880802586 23.0)
(1.0E-9,17.0,0.027000000000000014)(63.03025880802586 24.0)
(1.0E-9,17.0,0.027000000000000014)(63.03025880802586 25.0)
(1.0E-9 17.0 0.028000000000000014)(62.477683564134296 45.0)
(1.0E-9,17.0,0.028000000000000014)(63.312853000090854 1.0)
(1.0E-9,17.0,0.028000000000000014)(63.312853000090854 5.0)
(1.0E-9,17.0,0.028000000000000014)(63.1358937928245 14.0)
(1.0E-9,17.0,0.028000000000000014)(63.1358937928245 16.0)
(1.0E-9,17.0,0.028000000000000014)(63.07693199520658 21.0)
(1.0E-9,17.0,0.028000000000000014)(63.090035119442504 21.0)
(1.0E-9,17.0,0.028000000000000014)(63.03025880802586 23.0)
(1.0E-9,17.0,0.028000000000000014)(63.03025880802586 24.0)
(1.0E-9,17.0,0.028000000000000014)(63.03025880802586 25.0)
(1.0E-9 17.0 0.029000000000000015)(62.477683564134296 45.0)
(1.0E-9,17.0,0.029000000000000015)(63.312853000090854 1.0)
(1.0E-9,17.0,0.029000000000000015)(63.312853000090854 5.0)
(1.0E-9,17.0,0.029000000000000015)(63.1358937928245 14.0)
(1.0E-9,17.0,0.029000000000000015)(63.1358937928245 16.0)
(1.0E-9,17.0,0.029000000000000015)(63.07693199520658 21.0)
(1.0E-9,17.0,0.029000000000000015)(63.090035119442504 21.0)
(1.0E-9,17.0,0.029000000000000015)(63.03025880802586 23.0)
(1.0E-9,17.0,0.029000000000000015)(63.03025880802586 24.0)
(1.0E-9,17.0,0.029000000000000015)(63.03025880802586 25.0)
(1.0E-9 17.0 0.030000000000000016)(62.477683564134296 45.0)
(1.0E-9,17.0,0.030000000000000016)(63.312853000090854 1.0)
(1.0E-9,17.0,0.030000000000000016)(63.1358937928245 9.0)
(1.0E-9,17.0,0.030000000000000016)(63.1358937928245 14.0)
(1.0E-9,17.0,0.030000000000000016)(63.1358937928245 16.0)
(1.0E-9,17.0,0.030000000000000016)(63.1358937928245 17.0)
(1.0E-9,17.0,0.030000000000000016)(63.07693199520658 21.0)
(1.0E-9,17.0,0.030000000000000016)(63.07693199520658 22.0)
(1.0E-9,17.0,0.030000000000000016)(63.03025880802586 23.0)
(1.0E-9,17.0,0.030000000000000016)(63.03025880802586 24.0)
(1.0E-9,17.0,0.030000000000000016)(63.03025880802586 25.0)
(1.0E-9 17.0 0.031000000000000017)(61.23706195005199 54.0)
(1.0E-9,17.0,0.031000000000000017)(63.312853000090854 3.0)
(1.0E-9,17.0,0.031000000000000017)(63.1358937928245 11.0)
(1.0E-9,17.0,0.031000000000000017)(63.1358937928245 16.0)
(1.0E-9,17.0,0.031000000000000017)(63.1358937928245 17.0)
(1.0E-9,17.0,0.031000000000000017)(63.07693199520658 21.0)
(1.0E-9,17.0,0.031000000000000017)(63.07693199520658 22.0)
(1.0E-9,17.0,0.031000000000000017)(63.03025880802586 23.0)
(1.0E-9,17.0,0.031000000000000017)(63.03025880802586 24.0)
(1.0E-9,17.0,0.031000000000000017)(63.03025880802586 25.0)
(1.0E-9 17.0 0.032000000000000015)(61.23706195005199 54.0)
(1.0E-9,17.0,0.032000000000000015)(63.312853000090854 3.0)
(1.0E-9,17.0,0.032000000000000015)(63.1358937928245 11.0)
(1.0E-9,17.0,0.032000000000000015)(63.1358937928245 16.0)
(1.0E-9,17.0,0.032000000000000015)(63.1358937928245 17.0)
(1.0E-9,17.0,0.032000000000000015)(63.07693199520658 22.0)
(1.0E-9,17.0,0.032000000000000015)(63.03025880802586 23.0)
(1.0E-9,17.0,0.032000000000000015)(63.03025880802586 24.0)
(1.0E-9,17.0,0.032000000000000015)(63.03025880802586 25.0)
(1.0E-9 17.0 0.033000000000000015)(61.23706195005199 54.0)
(1.0E-9,17.0,0.033000000000000015)(63.312853000090854 3.0)
(1.0E-9,17.0,0.033000000000000015)(63.1358937928245 11.0)
(1.0E-9,17.0,0.033000000000000015)(63.1358937928245 16.0)
(1.0E-9,17.0,0.033000000000000015)(63.1358937928245 17.0)
(1.0E-9,17.0,0.033000000000000015)(63.07693199520658 22.0)
(1.0E-9,17.0,0.033000000000000015)(63.03025880802586 23.0)
(1.0E-9,17.0,0.033000000000000015)(63.03025880802586 24.0)
(1.0E-9,17.0,0.033000000000000015)(63.03025880802586 25.0)
(1.0E-9 17.0 0.034000000000000016)(61.23706195005199 54.0)
(1.0E-9,17.0,0.034000000000000016)(63.312853000090854 3.0)
(1.0E-9,17.0,0.034000000000000016)(63.1358937928245 11.0)
(1.0E-9,17.0,0.034000000000000016)(63.1358937928245 16.0)
(1.0E-9,17.0,0.034000000000000016)(63.1358937928245 17.0)
(1.0E-9,17.0,0.034000000000000016)(63.07693199520658 22.0)
(1.0E-9,17.0,0.034000000000000016)(63.03025880802586 23.0)
(1.0E-9,17.0,0.034000000000000016)(63.03025880802586 24.0)
(1.0E-9,17.0,0.034000000000000016)(63.03025880802586 25.0)
(1.0E-9 17.0 0.03500000000000002)(61.23706195005199 54.0)
(1.0E-9,17.0,0.03500000000000002)(63.312853000090854 3.0)
(1.0E-9,17.0,0.03500000000000002)(63.1358937928245 11.0)
(1.0E-9,17.0,0.03500000000000002)(63.1358937928245 16.0)
(1.0E-9,17.0,0.03500000000000002)(63.07693199520658 21.0)
(1.0E-9,17.0,0.03500000000000002)(63.07693199520658 22.0)
(1.0E-9,17.0,0.03500000000000002)(63.03025880802586 23.0)
(1.0E-9,17.0,0.03500000000000002)(63.03025880802586 24.0)
(1.0E-9,17.0,0.03500000000000002)(63.03025880802586 25.0)
(1.0E-9 17.0 0.03600000000000002)(61.23706195005199 52.0)
(1.0E-9,17.0,0.03600000000000002)(63.312853000090854 3.0)
(1.0E-9,17.0,0.03600000000000002)(63.1358937928245 11.0)
(1.0E-9,17.0,0.03600000000000002)(63.1358937928245 16.0)
(1.0E-9,17.0,0.03600000000000002)(63.1358937928245 17.0)
(1.0E-9,17.0,0.03600000000000002)(63.1358937928245 20.0)
(1.0E-9,17.0,0.03600000000000002)(63.07693199520658 22.0)
(1.0E-9,17.0,0.03600000000000002)(63.03025880802586 23.0)
(1.0E-9,17.0,0.03600000000000002)(63.03025880802586 25.0)
(1.0E-9,17.0,0.03600000000000002)(63.03025880802586 24.0)
(1.0E-9 17.0 0.03700000000000002)(61.23706195005199 54.0)
(1.0E-9,17.0,0.03700000000000002)(63.312853000090854 3.0)
(1.0E-9,17.0,0.03700000000000002)(63.1358937928245 11.0)
(1.0E-9,17.0,0.03700000000000002)(63.1358937928245 14.0)
(1.0E-9,17.0,0.03700000000000002)(63.1358937928245 16.0)
(1.0E-9,17.0,0.03700000000000002)(63.1358937928245 20.0)
(1.0E-9,17.0,0.03700000000000002)(63.07693199520658 22.0)
(1.0E-9,17.0,0.03700000000000002)(63.03025880802586 23.0)
(1.0E-9,17.0,0.03700000000000002)(63.03025880802586 24.0)
(1.0E-9,17.0,0.03700000000000002)(63.03025880802586 25.0)
(1.0E-9 17.0 0.03800000000000002)(61.871082967626464 50.0)
(1.0E-9,17.0,0.03800000000000002)(63.312853000090854 3.0)
(1.0E-9,17.0,0.03800000000000002)(63.1358937928245 11.0)
(1.0E-9,17.0,0.03800000000000002)(63.1358937928245 16.0)
(1.0E-9,17.0,0.03800000000000002)(63.1358937928245 17.0)
(1.0E-9,17.0,0.03800000000000002)(63.07693199520658 22.0)
(1.0E-9,17.0,0.03800000000000002)(63.03025880802586 23.0)
(1.0E-9,17.0,0.03800000000000002)(63.03025880802586 24.0)
(1.0E-9,17.0,0.03800000000000002)(63.03025880802586 25.0)
(1.0E-9 17.0 0.03900000000000002)(61.871082967626464 50.0)
(1.0E-9,17.0,0.03900000000000002)(63.312853000090854 3.0)
(1.0E-9,17.0,0.03900000000000002)(63.1358937928245 11.0)
(1.0E-9,17.0,0.03900000000000002)(63.1358937928245 16.0)
(1.0E-9,17.0,0.03900000000000002)(63.1358937928245 17.0)
(1.0E-9,17.0,0.03900000000000002)(63.07693199520658 22.0)
(1.0E-9,17.0,0.03900000000000002)(63.03025880802586 23.0)
(1.0E-9,17.0,0.03900000000000002)(63.03025880802586 24.0)
(1.0E-9,17.0,0.03900000000000002)(63.03025880802586 25.0)
(1.0E-9 17.0 0.04000000000000002)(61.871082967626464 50.0)
(1.0E-9,17.0,0.04000000000000002)(63.312853000090854 3.0)
(1.0E-9,17.0,0.04000000000000002)(63.1358937928245 11.0)
(1.0E-9,17.0,0.04000000000000002)(63.1358937928245 16.0)
(1.0E-9,17.0,0.04000000000000002)(63.1358937928245 17.0)
(1.0E-9,17.0,0.04000000000000002)(63.07693199520658 22.0)
(1.0E-9,17.0,0.04000000000000002)(63.03025880802586 23.0)
(1.0E-9,17.0,0.04000000000000002)(63.03025880802586 24.0)
(1.0E-9,17.0,0.04000000000000002)(63.03025880802586 25.0)
(1.0E-9 17.0 0.04100000000000002)(61.871082967626464 50.0)
(1.0E-9,17.0,0.04100000000000002)(63.312853000090854 3.0)
(1.0E-9,17.0,0.04100000000000002)(63.1358937928245 11.0)
(1.0E-9,17.0,0.04100000000000002)(63.1358937928245 16.0)
(1.0E-9,17.0,0.04100000000000002)(63.1358937928245 17.0)
(1.0E-9,17.0,0.04100000000000002)(63.07693199520658 22.0)
(1.0E-9,17.0,0.04100000000000002)(63.03025880802586 23.0)
(1.0E-9,17.0,0.04100000000000002)(63.03025880802586 24.0)
(1.0E-9,17.0,0.04100000000000002)(63.03025880802586 25.0)
(1.0E-9 17.0 0.04200000000000002)(61.871082967626464 50.0)
(1.0E-9,17.0,0.04200000000000002)(63.312853000090854 3.0)
(1.0E-9,17.0,0.04200000000000002)(63.1358937928245 11.0)
(1.0E-9,17.0,0.04200000000000002)(63.1358937928245 16.0)
(1.0E-9,17.0,0.04200000000000002)(63.1358937928245 17.0)
(1.0E-9,17.0,0.04200000000000002)(63.07693199520658 22.0)
(1.0E-9,17.0,0.04200000000000002)(63.03025880802586 23.0)
(1.0E-9,17.0,0.04200000000000002)(63.03025880802586 24.0)
(1.0E-9,17.0,0.04200000000000002)(63.03025880802586 25.0)
(1.0E-9 17.0 0.043000000000000024)(61.871082967626464 50.0)
(1.0E-9,17.0,0.043000000000000024)(63.312853000090854 3.0)
(1.0E-9,17.0,0.043000000000000024)(63.1358937928245 11.0)
(1.0E-9,17.0,0.043000000000000024)(63.1358937928245 16.0)
(1.0E-9,17.0,0.043000000000000024)(63.1358937928245 17.0)
(1.0E-9,17.0,0.043000000000000024)(63.07693199520658 22.0)
(1.0E-9,17.0,0.043000000000000024)(63.03025880802586 23.0)
(1.0E-9,17.0,0.043000000000000024)(63.03025880802586 24.0)
(1.0E-9,17.0,0.043000000000000024)(63.03025880802586 25.0)
(1.0E-9 17.0 0.044000000000000025)(61.871082967626464 50.0)
(1.0E-9,17.0,0.044000000000000025)(63.312853000090854 3.0)
(1.0E-9,17.0,0.044000000000000025)(63.1358937928245 11.0)
(1.0E-9,17.0,0.044000000000000025)(63.1358937928245 16.0)
(1.0E-9,17.0,0.044000000000000025)(63.1358937928245 17.0)
(1.0E-9,17.0,0.044000000000000025)(63.07693199520658 22.0)
(1.0E-9,17.0,0.044000000000000025)(63.03025880802586 23.0)
(1.0E-9,17.0,0.044000000000000025)(63.03025880802586 24.0)
(1.0E-9,17.0,0.044000000000000025)(63.03025880802586 25.0)
(1.0E-9 17.0 0.045000000000000026)(61.871082967626464 50.0)
(1.0E-9,17.0,0.045000000000000026)(63.312853000090854 3.0)
(1.0E-9,17.0,0.045000000000000026)(63.1358937928245 11.0)
(1.0E-9,17.0,0.045000000000000026)(63.1358937928245 16.0)
(1.0E-9,17.0,0.045000000000000026)(63.1358937928245 17.0)
(1.0E-9,17.0,0.045000000000000026)(63.07693199520658 22.0)
(1.0E-9,17.0,0.045000000000000026)(63.03025880802586 23.0)
(1.0E-9,17.0,0.045000000000000026)(63.03025880802586 24.0)
(1.0E-9,17.0,0.045000000000000026)(63.03025880802586 25.0)
(1.0E-9 17.0 0.04600000000000003)(61.871082967626464 50.0)
(1.0E-9,17.0,0.04600000000000003)(63.312853000090854 3.0)
(1.0E-9,17.0,0.04600000000000003)(63.1358937928245 11.0)
(1.0E-9,17.0,0.04600000000000003)(63.1358937928245 16.0)
(1.0E-9,17.0,0.04600000000000003)(63.1358937928245 17.0)
(1.0E-9,17.0,0.04600000000000003)(63.07693199520658 22.0)
(1.0E-9,17.0,0.04600000000000003)(63.03025880802586 23.0)
(1.0E-9,17.0,0.04600000000000003)(63.03025880802586 24.0)
(1.0E-9,17.0,0.04600000000000003)(63.03025880802586 25.0)
(1.0E-9 17.0 0.04700000000000003)(61.871082967626464 50.0)
(1.0E-9,17.0,0.04700000000000003)(63.312853000090854 3.0)
(1.0E-9,17.0,0.04700000000000003)(63.1358937928245 11.0)
(1.0E-9,17.0,0.04700000000000003)(63.1358937928245 16.0)
(1.0E-9,17.0,0.04700000000000003)(63.1358937928245 17.0)
(1.0E-9,17.0,0.04700000000000003)(63.07693199520658 22.0)
(1.0E-9,17.0,0.04700000000000003)(63.03025880802586 23.0)
(1.0E-9,17.0,0.04700000000000003)(63.03025880802586 24.0)
(1.0E-9,17.0,0.04700000000000003)(63.03025880802586 25.0)
(1.0E-9 17.0 0.04800000000000003)(61.871082967626464 50.0)
(1.0E-9,17.0,0.04800000000000003)(63.312853000090854 3.0)
(1.0E-9,17.0,0.04800000000000003)(63.1358937928245 11.0)
(1.0E-9,17.0,0.04800000000000003)(63.1358937928245 16.0)
(1.0E-9,17.0,0.04800000000000003)(63.1358937928245 17.0)
(1.0E-9,17.0,0.04800000000000003)(63.090035119442504 21.0)
(1.0E-9,17.0,0.04800000000000003)(63.03025880802586 23.0)
(1.0E-9,17.0,0.04800000000000003)(63.03025880802586 24.0)
(1.0E-9,17.0,0.04800000000000003)(63.03025880802586 25.0)
(1.0E-9 17.0 0.04900000000000003)(61.871082967626464 50.0)
(1.0E-9,17.0,0.04900000000000003)(63.312853000090854 3.0)
(1.0E-9,17.0,0.04900000000000003)(63.1358937928245 11.0)
(1.0E-9,17.0,0.04900000000000003)(63.1358937928245 14.0)
(1.0E-9,17.0,0.04900000000000003)(63.1358937928245 16.0)
(1.0E-9,17.0,0.04900000000000003)(63.1358937928245 17.0)
(1.0E-9,17.0,0.04900000000000003)(63.07693199520658 22.0)
(1.0E-9,17.0,0.04900000000000003)(63.03025880802586 23.0)
(1.0E-9,17.0,0.04900000000000003)(63.03025880802586 24.0)
(1.0E-9,17.0,0.04900000000000003)(63.03025880802586 25.0)
(1.0E-9 17.0 0.05000000000000003)(61.871082967626464 50.0)
(1.0E-9,17.0,0.05000000000000003)(63.312853000090854 3.0)
(1.0E-9,17.0,0.05000000000000003)(63.1358937928245 11.0)
(1.0E-9,17.0,0.05000000000000003)(63.1358937928245 14.0)
(1.0E-9,17.0,0.05000000000000003)(63.1358937928245 16.0)
(1.0E-9,17.0,0.05000000000000003)(63.1358937928245 17.0)
(1.0E-9,17.0,0.05000000000000003)(63.07693199520658 22.0)
(1.0E-9,17.0,0.05000000000000003)(63.03025880802586 23.0)
(1.0E-9,17.0,0.05000000000000003)(63.03025880802586 24.0)
(1.0E-9,17.0,0.05000000000000003)(63.03025880802586 25.0)
(1.0E-9 17.0 0.05100000000000003)(61.69049626037969 51.0)
(1.0E-9,17.0,0.05100000000000003)(63.312853000090854 3.0)
(1.0E-9,17.0,0.05100000000000003)(63.1358937928245 11.0)
(1.0E-9,17.0,0.05100000000000003)(63.1358937928245 14.0)
(1.0E-9,17.0,0.05100000000000003)(63.1358937928245 16.0)
(1.0E-9,17.0,0.05100000000000003)(63.1358937928245 17.0)
(1.0E-9,17.0,0.05100000000000003)(63.1358937928245 20.0)
(1.0E-9,17.0,0.05100000000000003)(63.07693199520658 22.0)
(1.0E-9,17.0,0.05100000000000003)(63.03025880802586 23.0)
(1.0E-9,17.0,0.05100000000000003)(63.03025880802586 24.0)
(1.0E-9,17.0,0.05100000000000003)(63.03025880802586 25.0)
(1.0E-9 17.0 0.05200000000000003)(61.69049626037969 51.0)
(1.0E-9,17.0,0.05200000000000003)(63.312853000090854 3.0)
(1.0E-9,17.0,0.05200000000000003)(63.1358937928245 11.0)
(1.0E-9,17.0,0.05200000000000003)(63.1358937928245 14.0)
(1.0E-9,17.0,0.05200000000000003)(63.1358937928245 16.0)
(1.0E-9,17.0,0.05200000000000003)(63.1358937928245 17.0)
(1.0E-9,17.0,0.05200000000000003)(63.1358937928245 20.0)
(1.0E-9,17.0,0.05200000000000003)(63.07693199520658 22.0)
(1.0E-9,17.0,0.05200000000000003)(63.03025880802586 23.0)
(1.0E-9,17.0,0.05200000000000003)(63.03025880802586 24.0)
(1.0E-9,17.0,0.05200000000000003)(63.03025880802586 25.0)
(1.0E-9 17.0 0.05300000000000003)(61.69049626037969 51.0)
(1.0E-9,17.0,0.05300000000000003)(63.312853000090854 3.0)
(1.0E-9,17.0,0.05300000000000003)(63.1358937928245 11.0)
(1.0E-9,17.0,0.05300000000000003)(63.1358937928245 14.0)
(1.0E-9,17.0,0.05300000000000003)(63.1358937928245 16.0)
(1.0E-9,17.0,0.05300000000000003)(63.1358937928245 17.0)
(1.0E-9,17.0,0.05300000000000003)(63.1358937928245 20.0)
(1.0E-9,17.0,0.05300000000000003)(63.07693199520658 22.0)
(1.0E-9,17.0,0.05300000000000003)(63.03025880802586 23.0)
(1.0E-9,17.0,0.05300000000000003)(63.03025880802586 24.0)
(1.0E-9 17.0 0.054000000000000034)(61.69049626037969 51.0)
(1.0E-9,17.0,0.054000000000000034)(63.312853000090854 3.0)
(1.0E-9,17.0,0.054000000000000034)(63.1358937928245 11.0)
(1.0E-9,17.0,0.054000000000000034)(63.1358937928245 14.0)
(1.0E-9,17.0,0.054000000000000034)(63.1358937928245 16.0)
(1.0E-9,17.0,0.054000000000000034)(63.1358937928245 17.0)
(1.0E-9,17.0,0.054000000000000034)(63.1358937928245 20.0)
(1.0E-9,17.0,0.054000000000000034)(63.07693199520658 22.0)
(1.0E-9,17.0,0.054000000000000034)(63.03025880802586 23.0)
(1.0E-9,17.0,0.054000000000000034)(63.03025880802586 24.0)
(1.0E-9 17.0 0.055000000000000035)(61.69049626037969 51.0)
(1.0E-9,17.0,0.055000000000000035)(63.312853000090854 3.0)
(1.0E-9,17.0,0.055000000000000035)(63.1358937928245 11.0)
(1.0E-9,17.0,0.055000000000000035)(63.1358937928245 14.0)
(1.0E-9,17.0,0.055000000000000035)(63.1358937928245 16.0)
(1.0E-9,17.0,0.055000000000000035)(63.1358937928245 17.0)
(1.0E-9,17.0,0.055000000000000035)(63.1358937928245 20.0)
(1.0E-9,17.0,0.055000000000000035)(63.07693199520658 22.0)
(1.0E-9,17.0,0.055000000000000035)(63.03025880802586 23.0)
(1.0E-9,17.0,0.055000000000000035)(63.03025880802586 24.0)
(1.0E-9,17.0,0.055000000000000035)(63.07693199520658 21.0)
(1.0E-9 17.0 0.056000000000000036)(61.69049626037969 51.0)
(1.0E-9,17.0,0.056000000000000036)(63.312853000090854 3.0)
(1.0E-9,17.0,0.056000000000000036)(63.1358937928245 11.0)
(1.0E-9,17.0,0.056000000000000036)(63.1358937928245 14.0)
(1.0E-9,17.0,0.056000000000000036)(63.1358937928245 16.0)
(1.0E-9,17.0,0.056000000000000036)(63.1358937928245 17.0)
(1.0E-9,17.0,0.056000000000000036)(63.1358937928245 20.0)
(1.0E-9,17.0,0.056000000000000036)(63.07693199520658 22.0)
(1.0E-9,17.0,0.056000000000000036)(63.03025880802586 23.0)
(1.0E-9,17.0,0.056000000000000036)(63.03025880802586 24.0)
(1.0E-9 17.0 0.05700000000000004)(61.69049626037969 51.0)
(1.0E-9,17.0,0.05700000000000004)(63.312853000090854 3.0)
(1.0E-9,17.0,0.05700000000000004)(63.1358937928245 11.0)
(1.0E-9,17.0,0.05700000000000004)(63.1358937928245 14.0)
(1.0E-9,17.0,0.05700000000000004)(63.1358937928245 16.0)
(1.0E-9,17.0,0.05700000000000004)(63.1358937928245 17.0)
(1.0E-9,17.0,0.05700000000000004)(63.1358937928245 20.0)
(1.0E-9,17.0,0.05700000000000004)(63.07693199520658 22.0)
(1.0E-9,17.0,0.05700000000000004)(63.03025880802586 23.0)
(1.0E-9,17.0,0.05700000000000004)(63.07693199520658 24.0)
(1.0E-9 17.0 0.05800000000000004)(61.69049626037969 51.0)
(1.0E-9,17.0,0.05800000000000004)(63.312853000090854 3.0)
(1.0E-9,17.0,0.05800000000000004)(63.1358937928245 11.0)
(1.0E-9,17.0,0.05800000000000004)(63.1358937928245 14.0)
(1.0E-9,17.0,0.05800000000000004)(63.1358937928245 16.0)
(1.0E-9,17.0,0.05800000000000004)(63.1358937928245 17.0)
(1.0E-9,17.0,0.05800000000000004)(63.1358937928245 20.0)
(1.0E-9,17.0,0.05800000000000004)(63.07693199520658 22.0)
(1.0E-9,17.0,0.05800000000000004)(63.03025880802586 23.0)
(1.0E-9,17.0,0.05800000000000004)(63.1358937928245 21.0)
(1.0E-9,17.0,0.05800000000000004)(63.07693199520658 24.0)
(1.0E-9 17.0 0.05900000000000004)(61.69049626037969 51.0)
(1.0E-9,17.0,0.05900000000000004)(63.312853000090854 3.0)
(1.0E-9,17.0,0.05900000000000004)(63.1358937928245 11.0)
(1.0E-9,17.0,0.05900000000000004)(63.1358937928245 14.0)
(1.0E-9,17.0,0.05900000000000004)(63.1358937928245 16.0)
(1.0E-9,17.0,0.05900000000000004)(63.1358937928245 17.0)
(1.0E-9,17.0,0.05900000000000004)(63.1358937928245 20.0)
(1.0E-9,17.0,0.05900000000000004)(63.07693199520658 22.0)
(1.0E-9,17.0,0.05900000000000004)(63.03025880802586 23.0)
(1.0E-9,17.0,0.05900000000000004)(63.1358937928245 21.0)
(1.0E-9,17.0,0.05900000000000004)(63.07693199520658 24.0)
(1.0E-9 17.0 0.06000000000000004)(61.69049626037969 51.0)
(1.0E-9,17.0,0.06000000000000004)(63.312853000090854 3.0)
(1.0E-9,17.0,0.06000000000000004)(63.1358937928245 11.0)
(1.0E-9,17.0,0.06000000000000004)(63.1358937928245 14.0)
(1.0E-9,17.0,0.06000000000000004)(63.1358937928245 16.0)
(1.0E-9,17.0,0.06000000000000004)(63.1358937928245 20.0)
(1.0E-9,17.0,0.06000000000000004)(63.07693199520658 22.0)
(1.0E-9,17.0,0.06000000000000004)(63.03025880802586 23.0)
(1.0E-9,17.0,0.06000000000000004)(63.1358937928245 21.0)
(1.0E-9,17.0,0.06000000000000004)(63.07693199520658 24.0)
(1.0E-9 17.0 0.06100000000000004)(61.69049626037969 51.0)
(1.0E-9,17.0,0.06100000000000004)(63.312853000090854 3.0)
(1.0E-9,17.0,0.06100000000000004)(63.1358937928245 11.0)
(1.0E-9,17.0,0.06100000000000004)(63.1358937928245 14.0)
(1.0E-9,17.0,0.06100000000000004)(63.1358937928245 16.0)
(1.0E-9,17.0,0.06100000000000004)(63.1358937928245 17.0)
(1.0E-9,17.0,0.06100000000000004)(63.07693199520658 22.0)
(1.0E-9,17.0,0.06100000000000004)(63.03025880802586 23.0)
(1.0E-9,17.0,0.06100000000000004)(63.03025880802586 24.0)
(1.0E-9,17.0,0.06100000000000004)(63.1358937928245 21.0)
(1.0E-9,17.0,0.06100000000000004)(63.1358937928245 20.0)
(1.0E-9 17.0 0.06200000000000004)(61.69049626037969 51.0)
(1.0E-9,17.0,0.06200000000000004)(63.312853000090854 3.0)
(1.0E-9,17.0,0.06200000000000004)(63.1358937928245 11.0)
(1.0E-9,17.0,0.06200000000000004)(63.1358937928245 14.0)
(1.0E-9,17.0,0.06200000000000004)(63.1358937928245 16.0)
(1.0E-9,17.0,0.06200000000000004)(63.1358937928245 17.0)
(1.0E-9,17.0,0.06200000000000004)(63.07693199520658 22.0)
(1.0E-9,17.0,0.06200000000000004)(63.03025880802586 23.0)
(1.0E-9,17.0,0.06200000000000004)(63.03025880802586 24.0)
(1.0E-9,17.0,0.06200000000000004)(63.1358937928245 20.0)
(1.0E-9,17.0,0.06200000000000004)(63.1358937928245 21.0)
(1.0E-9 17.0 0.06300000000000004)(61.69049626037969 51.0)
(1.0E-9,17.0,0.06300000000000004)(63.312853000090854 3.0)
(1.0E-9,17.0,0.06300000000000004)(63.1358937928245 11.0)
(1.0E-9,17.0,0.06300000000000004)(63.1358937928245 14.0)
(1.0E-9,17.0,0.06300000000000004)(63.1358937928245 16.0)
(1.0E-9,17.0,0.06300000000000004)(63.1358937928245 17.0)
(1.0E-9,17.0,0.06300000000000004)(63.07693199520658 22.0)
(1.0E-9,17.0,0.06300000000000004)(63.03025880802586 23.0)
(1.0E-9,17.0,0.06300000000000004)(63.03025880802586 24.0)
(1.0E-9,17.0,0.06300000000000004)(63.1358937928245 20.0)
(1.0E-9,17.0,0.06300000000000004)(63.1358937928245 21.0)
(1.0E-9 17.0 0.06400000000000004)(61.69049626037969 51.0)
(1.0E-9,17.0,0.06400000000000004)(63.312853000090854 3.0)
(1.0E-9,17.0,0.06400000000000004)(63.1358937928245 11.0)
(1.0E-9,17.0,0.06400000000000004)(63.1358937928245 14.0)
(1.0E-9,17.0,0.06400000000000004)(63.1358937928245 16.0)
(1.0E-9,17.0,0.06400000000000004)(63.1358937928245 17.0)
(1.0E-9,17.0,0.06400000000000004)(63.07693199520658 22.0)
(1.0E-9,17.0,0.06400000000000004)(63.03025880802586 23.0)
(1.0E-9,17.0,0.06400000000000004)(63.03025880802586 24.0)
(1.0E-9,17.0,0.06400000000000004)(63.1358937928245 20.0)
(1.0E-9,17.0,0.06400000000000004)(63.1358937928245 21.0)
(1.0E-9 17.0 0.06500000000000004)(61.69049626037969 51.0)
(1.0E-9,17.0,0.06500000000000004)(63.312853000090854 3.0)
(1.0E-9,17.0,0.06500000000000004)(63.1358937928245 11.0)
(1.0E-9,17.0,0.06500000000000004)(63.1358937928245 14.0)
(1.0E-9,17.0,0.06500000000000004)(63.1358937928245 16.0)
(1.0E-9,17.0,0.06500000000000004)(63.1358937928245 17.0)
(1.0E-9,17.0,0.06500000000000004)(63.07693199520658 22.0)
(1.0E-9,17.0,0.06500000000000004)(63.03025880802586 23.0)
(1.0E-9,17.0,0.06500000000000004)(63.03025880802586 24.0)
(1.0E-9,17.0,0.06500000000000004)(63.1358937928245 20.0)
(1.0E-9,17.0,0.06500000000000004)(63.1358937928245 21.0)
(1.0E-9 17.0 0.06600000000000004)(61.455365508360096 52.0)
(1.0E-9,17.0,0.06600000000000004)(63.312853000090854 3.0)
(1.0E-9,17.0,0.06600000000000004)(63.1358937928245 13.0)
(1.0E-9,17.0,0.06600000000000004)(63.1358937928245 16.0)
(1.0E-9,17.0,0.06600000000000004)(63.1358937928245 17.0)
(1.0E-9,17.0,0.06600000000000004)(63.07693199520658 22.0)
(1.0E-9,17.0,0.06600000000000004)(63.03025880802586 23.0)
(1.0E-9,17.0,0.06600000000000004)(63.03025880802586 24.0)
(1.0E-9,17.0,0.06600000000000004)(63.1358937928245 21.0)
(1.0E-9 17.0 0.06700000000000005)(61.455365508360096 52.0)
(1.0E-9,17.0,0.06700000000000005)(63.312853000090854 3.0)
(1.0E-9,17.0,0.06700000000000005)(63.1358937928245 13.0)
(1.0E-9,17.0,0.06700000000000005)(63.1358937928245 16.0)
(1.0E-9,17.0,0.06700000000000005)(63.1358937928245 17.0)
(1.0E-9,17.0,0.06700000000000005)(63.07693199520658 22.0)
(1.0E-9,17.0,0.06700000000000005)(63.03025880802586 23.0)
(1.0E-9,17.0,0.06700000000000005)(63.03025880802586 24.0)
(1.0E-9,17.0,0.06700000000000005)(63.1358937928245 20.0)
(1.0E-9 17.0 0.06800000000000005)(61.455365508360096 52.0)
(1.0E-9,17.0,0.06800000000000005)(63.312853000090854 3.0)
(1.0E-9,17.0,0.06800000000000005)(63.1358937928245 13.0)
(1.0E-9,17.0,0.06800000000000005)(63.1358937928245 16.0)
(1.0E-9,17.0,0.06800000000000005)(63.1358937928245 17.0)
(1.0E-9,17.0,0.06800000000000005)(63.07693199520658 22.0)
(1.0E-9,17.0,0.06800000000000005)(63.03025880802586 23.0)
(1.0E-9,17.0,0.06800000000000005)(63.03025880802586 24.0)
(1.0E-9,17.0,0.06800000000000005)(63.1358937928245 21.0)
(1.0E-9 17.0 0.06900000000000005)(61.455365508360096 52.0)
(1.0E-9,17.0,0.06900000000000005)(63.312853000090854 3.0)
(1.0E-9,17.0,0.06900000000000005)(63.1358937928245 13.0)
(1.0E-9,17.0,0.06900000000000005)(63.1358937928245 16.0)
(1.0E-9,17.0,0.06900000000000005)(63.1358937928245 17.0)
(1.0E-9,17.0,0.06900000000000005)(63.07693199520658 22.0)
(1.0E-9,17.0,0.06900000000000005)(63.03025880802586 23.0)
(1.0E-9,17.0,0.06900000000000005)(63.03025880802586 24.0)
(1.0E-9,17.0,0.06900000000000005)(63.1358937928245 20.0)
(1.0E-9,17.0,0.06900000000000005)(63.1358937928245 21.0)
(1.0E-9 17.0 0.07000000000000005)(59.67525448224063 58.0)
(1.0E-9,17.0,0.07000000000000005)(63.312853000090854 3.0)
(1.0E-9,17.0,0.07000000000000005)(63.1358937928245 13.0)
(1.0E-9,17.0,0.07000000000000005)(63.1358937928245 21.0)
(1.0E-9,17.0,0.07000000000000005)(63.1358937928245 22.0)
(1.0E-9,17.0,0.07000000000000005)(63.1358937928245 24.0)
(1.0E-9,17.0,0.07000000000000005)(63.0764769262858 28.0)
(1.0E-9,17.0,0.07000000000000005)(63.01650861089896 31.0)
(1.0E-9,17.0,0.07000000000000005)(63.01650861089896 32.0)
(1.0E-9,17.0,0.07000000000000005)(63.01650861089896 34.0)
(1.0E-9 17.0 0.07100000000000005)(59.67525448224063 58.0)
(1.0E-9,17.0,0.07100000000000005)(63.312853000090854 3.0)
(1.0E-9,17.0,0.07100000000000005)(63.1358937928245 14.0)
(1.0E-9,17.0,0.07100000000000005)(63.1358937928245 21.0)
(1.0E-9,17.0,0.07100000000000005)(63.1358937928245 23.0)
(1.0E-9,17.0,0.07100000000000005)(63.0764769262858 28.0)
(1.0E-9,17.0,0.07100000000000005)(63.0764769262858 30.0)
(1.0E-9,17.0,0.07100000000000005)(63.01650861089896 30.0)
(1.0E-9,17.0,0.07100000000000005)(63.01650861089896 31.0)
(1.0E-9,17.0,0.07100000000000005)(63.01650861089896 32.0)
(1.0E-9,17.0,0.07100000000000005)(63.01650861089896 34.0)
(1.0E-9 17.0 0.07200000000000005)(59.67525448224063 58.0)
(1.0E-9,17.0,0.07200000000000005)(63.312853000090854 3.0)
(1.0E-9,17.0,0.07200000000000005)(63.1358937928245 14.0)
(1.0E-9,17.0,0.07200000000000005)(63.1358937928245 21.0)
(1.0E-9,17.0,0.07200000000000005)(63.1358937928245 23.0)
(1.0E-9,17.0,0.07200000000000005)(63.0764769262858 28.0)
(1.0E-9,17.0,0.07200000000000005)(63.0764769262858 30.0)
(1.0E-9,17.0,0.07200000000000005)(63.01650861089896 30.0)
(1.0E-9,17.0,0.07200000000000005)(63.01650861089896 31.0)
(1.0E-9,17.0,0.07200000000000005)(63.01650861089896 32.0)
(1.0E-9,17.0,0.07200000000000005)(63.01650861089896 34.0)
(1.0E-9 17.0 0.07300000000000005)(59.67525448224063 58.0)
(1.0E-9,17.0,0.07300000000000005)(63.312853000090854 3.0)
(1.0E-9,17.0,0.07300000000000005)(63.1358937928245 14.0)
(1.0E-9,17.0,0.07300000000000005)(63.1358937928245 21.0)
(1.0E-9,17.0,0.07300000000000005)(63.1358937928245 23.0)
(1.0E-9,17.0,0.07300000000000005)(63.0764769262858 28.0)
(1.0E-9,17.0,0.07300000000000005)(63.0764769262858 29.0)
(1.0E-9,17.0,0.07300000000000005)(63.01650861089896 30.0)
(1.0E-9,17.0,0.07300000000000005)(63.01650861089896 31.0)
(1.0E-9,17.0,0.07300000000000005)(63.01650861089896 32.0)
(1.0E-9,17.0,0.07300000000000005)(63.01650861089896 34.0)
(1.0E-9 17.0 0.07400000000000005)(59.42296247700099 62.0)
(1.0E-9,17.0,0.07400000000000005)(63.312853000090854 3.0)
(1.0E-9,17.0,0.07400000000000005)(63.1358937928245 14.0)
(1.0E-9,17.0,0.07400000000000005)(63.1358937928245 22.0)
(1.0E-9,17.0,0.07400000000000005)(63.1358937928245 23.0)
(1.0E-9,17.0,0.07400000000000005)(63.0764769262858 29.0)
(1.0E-9,17.0,0.07400000000000005)(63.01650861089896 30.0)
(1.0E-9,17.0,0.07400000000000005)(63.01650861089896 31.0)
(1.0E-9,17.0,0.07400000000000005)(63.01650861089896 32.0)
(1.0E-9,17.0,0.07400000000000005)(63.01650861089896 34.0)
(1.0E-9,17.0,0.07400000000000005)(63.01650861089896 35.0)
(1.0E-9 17.0 0.07500000000000005)(59.42296247700099 62.0)
(1.0E-9,17.0,0.07500000000000005)(63.312853000090854 3.0)
(1.0E-9,17.0,0.07500000000000005)(63.1358937928245 14.0)
(1.0E-9,17.0,0.07500000000000005)(63.1358937928245 22.0)
(1.0E-9,17.0,0.07500000000000005)(63.1358937928245 23.0)
(1.0E-9,17.0,0.07500000000000005)(63.0764769262858 30.0)
(1.0E-9,17.0,0.07500000000000005)(63.0764769262858 29.0)
(1.0E-9,17.0,0.07500000000000005)(63.01650861089896 30.0)
(1.0E-9,17.0,0.07500000000000005)(63.01650861089896 31.0)
(1.0E-9,17.0,0.07500000000000005)(63.01650861089896 32.0)
(1.0E-9,17.0,0.07500000000000005)(63.01650861089896 34.0)
(1.0E-9,17.0,0.07500000000000005)(63.01650861089896 33.0)
(1.0E-9 17.0 0.07600000000000005)(58.946360081420934 63.0)
(1.0E-9,17.0,0.07600000000000005)(63.312853000090854 3.0)
(1.0E-9,17.0,0.07600000000000005)(63.1358937928245 17.0)
(1.0E-9,17.0,0.07600000000000005)(63.1358937928245 22.0)
(1.0E-9,17.0,0.07600000000000005)(63.1358937928245 24.0)
(1.0E-9,17.0,0.07600000000000005)(63.0764769262858 30.0)
(1.0E-9,17.0,0.07600000000000005)(63.01650861089896 30.0)
(1.0E-9,17.0,0.07600000000000005)(63.01650861089896 31.0)
(1.0E-9,17.0,0.07600000000000005)(63.01650861089896 32.0)
(1.0E-9,17.0,0.07600000000000005)(63.01650861089896 34.0)
(1.0E-9,17.0,0.07600000000000005)(63.01650861089896 36.0)
(1.0E-9 17.0 0.07700000000000005)(58.7240158374108 64.0)
(1.0E-9,17.0,0.07700000000000005)(63.312853000090854 3.0)
(1.0E-9,17.0,0.07700000000000005)(63.1358937928245 14.0)
(1.0E-9,17.0,0.07700000000000005)(63.1358937928245 19.0)
(1.0E-9,17.0,0.07700000000000005)(63.1358937928245 21.0)
(1.0E-9,17.0,0.07700000000000005)(63.1358937928245 22.0)
(1.0E-9,17.0,0.07700000000000005)(63.07693199520658 27.0)
(1.0E-9,17.0,0.07700000000000005)(63.01650861089896 29.0)
(1.0E-9,17.0,0.07700000000000005)(63.01650861089896 30.0)
(1.0E-9 17.0 0.07800000000000006)(58.7240158374108 64.0)
(1.0E-9,17.0,0.07800000000000006)(63.312853000090854 3.0)
(1.0E-9,17.0,0.07800000000000006)(63.1358937928245 14.0)
(1.0E-9,17.0,0.07800000000000006)(63.1358937928245 19.0)
(1.0E-9,17.0,0.07800000000000006)(63.1358937928245 21.0)
(1.0E-9,17.0,0.07800000000000006)(63.1358937928245 22.0)
(1.0E-9,17.0,0.07800000000000006)(63.07693199520658 27.0)
(1.0E-9,17.0,0.07800000000000006)(63.01650861089896 29.0)
(1.0E-9,17.0,0.07800000000000006)(63.01650861089896 30.0)
(1.0E-9 17.0 0.07900000000000006)(58.67718884517644 65.0)
(1.0E-9,17.0,0.07900000000000006)(63.312853000090854 3.0)
(1.0E-9,17.0,0.07900000000000006)(63.1358937928245 16.0)
(1.0E-9,17.0,0.07900000000000006)(63.1358937928245 19.0)
(1.0E-9,17.0,0.07900000000000006)(63.1358937928245 21.0)
(1.0E-9,17.0,0.07900000000000006)(63.1358937928245 22.0)
(1.0E-9,17.0,0.07900000000000006)(63.07693199520658 27.0)
(1.0E-9,17.0,0.07900000000000006)(63.01650861089896 29.0)
(1.0E-9,17.0,0.07900000000000006)(63.01650861089896 30.0)
(1.0E-9,17.0,0.07900000000000006)(63.01650861089896 31.0)
(1.0E-9 17.0 0.08000000000000006)(58.67718884517644 65.0)
(1.0E-9,17.0,0.08000000000000006)(63.312853000090854 3.0)
(1.0E-9,17.0,0.08000000000000006)(63.1358937928245 16.0)
(1.0E-9,17.0,0.08000000000000006)(63.1358937928245 19.0)
(1.0E-9,17.0,0.08000000000000006)(63.1358937928245 21.0)
(1.0E-9,17.0,0.08000000000000006)(63.0764769262858 27.0)
(1.0E-9,17.0,0.08000000000000006)(63.01650861089896 29.0)
(1.0E-9,17.0,0.08000000000000006)(62.6929540152837 38.0)
(1.0E-9,17.0,0.08000000000000006)(62.34864760283683 47.0)
(1.0E-9,17.0,0.08000000000000006)(62.25474338707069 48.0)
(1.0E-9,17.0,0.08000000000000006)(60.94454565869171 55.0)
(1.0E-9,17.0,0.08000000000000006)(61.348563588599575 52.0)
(1.0E-9,17.0,0.08000000000000006)(60.86051719541699 58.0)
(1.0E-9,17.0,0.08000000000000006)(60.94454565869171 56.0)
(1.0E-9,17.0,0.08000000000000006)(61.348563588599575 53.0)
(1.0E-9 17.0 0.08100000000000006)(53.9513014552535 75.0)
(1.0E-9,17.0,0.08100000000000006)(63.312853000090854 3.0)
(1.0E-9,17.0,0.08100000000000006)(63.1358937928245 18.0)
(1.0E-9,17.0,0.08100000000000006)(63.1358937928245 21.0)
(1.0E-9,17.0,0.08100000000000006)(63.0764769262858 27.0)
(1.0E-9,17.0,0.08100000000000006)(62.6929540152837 38.0)
(1.0E-9,17.0,0.08100000000000006)(62.34864760283683 47.0)
(1.0E-9,17.0,0.08100000000000006)(62.25474338707069 48.0)
(1.0E-9,17.0,0.08100000000000006)(62.44706169888543 42.0)
(1.0E-9,17.0,0.08100000000000006)(60.94454565869171 55.0)
(1.0E-9,17.0,0.08100000000000006)(61.348563588599575 52.0)
(1.0E-9,17.0,0.08100000000000006)(60.94454565869171 56.0)
(1.0E-9,17.0,0.08100000000000006)(61.348563588599575 53.0)
(1.0E-9,17.0,0.08100000000000006)(61.2651235017151 55.0)
(1.0E-9 17.0 0.08200000000000006)(54.30335677364568 75.0)
(1.0E-9,17.0,0.08200000000000006)(63.312853000090854 3.0)
(1.0E-9,17.0,0.08200000000000006)(63.1358937928245 19.0)
(1.0E-9,17.0,0.08200000000000006)(63.1358937928245 21.0)
(1.0E-9,17.0,0.08200000000000006)(63.01650861089896 28.0)
(1.0E-9,17.0,0.08200000000000006)(62.6929540152837 38.0)
(1.0E-9,17.0,0.08200000000000006)(62.34864760283683 47.0)
(1.0E-9,17.0,0.08200000000000006)(62.60022933060055 39.0)
(1.0E-9,17.0,0.08200000000000006)(60.94454565869171 55.0)
(1.0E-9,17.0,0.08200000000000006)(60.94454565869171 56.0)
(1.0E-9,17.0,0.08200000000000006)(61.348563588599575 52.0)
(1.0E-9,17.0,0.08200000000000006)(61.348563588599575 53.0)
(1.0E-9 17.0 0.08300000000000006)(53.85623327052663 76.0)
(1.0E-9,17.0,0.08300000000000006)(63.312853000090854 5.0)
(1.0E-9,17.0,0.08300000000000006)(63.1358937928245 19.0)
(1.0E-9,17.0,0.08300000000000006)(63.1358937928245 25.0)
(1.0E-9,17.0,0.08300000000000006)(63.01650861089896 29.0)
(1.0E-9,17.0,0.08300000000000006)(63.07693199520658 28.0)
(1.0E-9,17.0,0.08300000000000006)(62.47268821889825 45.0)
(1.0E-9,17.0,0.08300000000000006)(62.25474338707069 48.0)
(1.0E-9,17.0,0.08300000000000006)(60.644881022272756 56.0)
(1.0E-9,17.0,0.08300000000000006)(60.94454565869171 55.0)
(1.0E-9,17.0,0.08300000000000006)(61.348563588599575 54.0)
(1.0E-9,17.0,0.08300000000000006)(61.348563588599575 52.0)
(1.0E-9,17.0,0.08300000000000006)(61.348563588599575 53.0)
(1.0E-9 17.0 0.08400000000000006)(49.61943637451142 78.0)
(1.0E-9,17.0,0.08400000000000006)(63.312853000090854 5.0)
(1.0E-9,17.0,0.08400000000000006)(63.1358937928245 19.0)
(1.0E-9,17.0,0.08400000000000006)(63.1358937928245 26.0)
(1.0E-9,17.0,0.08400000000000006)(63.01650861089896 30.0)
(1.0E-9,17.0,0.08400000000000006)(62.34864760283683 47.0)
(1.0E-9,17.0,0.08400000000000006)(62.60022933060055 39.0)
(1.0E-9,17.0,0.08400000000000006)(60.94454565869171 55.0)
(1.0E-9,17.0,0.08400000000000006)(60.86051719541699 59.0)
(1.0E-9,17.0,0.08400000000000006)(61.348563588599575 53.0)
(1.0E-9,17.0,0.08400000000000006)(61.348563588599575 52.0)
(1.0E-9,17.0,0.08400000000000006)(61.348563588599575 54.0)
(1.0E-9 17.0 0.08500000000000006)(49.61943637451142 78.0)
(1.0E-9,17.0,0.08500000000000006)(63.312853000090854 5.0)
(1.0E-9,17.0,0.08500000000000006)(63.1358937928245 19.0)
(1.0E-9,17.0,0.08500000000000006)(63.1358937928245 26.0)
(1.0E-9,17.0,0.08500000000000006)(63.01650861089896 30.0)
(1.0E-9,17.0,0.08500000000000006)(62.34864760283683 47.0)
(1.0E-9,17.0,0.08500000000000006)(62.60022933060055 39.0)
(1.0E-9,17.0,0.08500000000000006)(60.94454565869171 55.0)
(1.0E-9,17.0,0.08500000000000006)(60.86051719541699 59.0)
(1.0E-9,17.0,0.08500000000000006)(61.348563588599575 53.0)
(1.0E-9,17.0,0.08500000000000006)(61.348563588599575 52.0)
(1.0E-9,17.0,0.08500000000000006)(61.348563588599575 54.0)
(1.0E-9 17.0 0.08600000000000006)(49.61943637451142 78.0)
(1.0E-9,17.0,0.08600000000000006)(63.312853000090854 5.0)
(1.0E-9,17.0,0.08600000000000006)(63.1358937928245 19.0)
(1.0E-9,17.0,0.08600000000000006)(63.1358937928245 25.0)
(1.0E-9,17.0,0.08600000000000006)(63.01650861089896 30.0)
(1.0E-9,17.0,0.08600000000000006)(62.34864760283683 47.0)
(1.0E-9,17.0,0.08600000000000006)(62.47268821889825 45.0)
(1.0E-9,17.0,0.08600000000000006)(60.94454565869171 55.0)
(1.0E-9,17.0,0.08600000000000006)(60.86051719541699 59.0)
(1.0E-9,17.0,0.08600000000000006)(60.94454565869171 56.0)
(1.0E-9,17.0,0.08600000000000006)(60.94454565869171 57.0)
(1.0E-9,17.0,0.08600000000000006)(61.348563588599575 56.0)
(1.0E-9,17.0,0.08600000000000006)(63.06722645401987 32.0)
(1.0E-9,17.0,0.08600000000000006)(61.348563588599575 53.0)
(1.0E-9,17.0,0.08600000000000006)(61.348563588599575 54.0)
(1.0E-9 17.0 0.08700000000000006)(49.37515071602898 79.0)
(1.0E-9,17.0,0.08700000000000006)(63.312853000090854 5.0)
(1.0E-9,17.0,0.08700000000000006)(63.1358937928245 19.0)
(1.0E-9,17.0,0.08700000000000006)(63.07693199520658 23.0)
(1.0E-9,17.0,0.08700000000000006)(62.6929540152837 38.0)
(1.0E-9,17.0,0.08700000000000006)(61.11533759848474 53.0)
(1.0E-9,17.0,0.08700000000000006)(60.94454565869171 55.0)
(1.0E-9,17.0,0.08700000000000006)(60.94454565869171 56.0)
(1.0E-9,17.0,0.08700000000000006)(61.348563588599575 53.0)
(1.0E-9,17.0,0.08700000000000006)(61.348563588599575 54.0)
(1.0E-9 17.0 0.08800000000000006)(49.37515071602898 79.0)
(1.0E-9,17.0,0.08800000000000006)(63.312853000090854 5.0)
(1.0E-9,17.0,0.08800000000000006)(63.1358937928245 19.0)
(1.0E-9,17.0,0.08800000000000006)(63.07693199520658 23.0)
(1.0E-9,17.0,0.08800000000000006)(62.6929540152837 38.0)
(1.0E-9,17.0,0.08800000000000006)(61.11533759848474 53.0)
(1.0E-9,17.0,0.08800000000000006)(60.94454565869171 55.0)
(1.0E-9,17.0,0.08800000000000006)(60.94454565869171 56.0)
(1.0E-9,17.0,0.08800000000000006)(61.348563588599575 53.0)
(1.0E-9,17.0,0.08800000000000006)(61.348563588599575 54.0)
(1.0E-9 17.0 0.08900000000000007)(46.62780361260949 79.0)
(1.0E-9,17.0,0.08900000000000007)(63.312853000090854 5.0)
(1.0E-9,17.0,0.08900000000000007)(63.1358937928245 19.0)
(1.0E-9,17.0,0.08900000000000007)(63.07693199520658 27.0)
(1.0E-9,17.0,0.08900000000000007)(62.6929540152837 38.0)
(1.0E-9,17.0,0.08900000000000007)(62.34864760283683 47.0)
(1.0E-9,17.0,0.08900000000000007)(61.01015193521025 53.0)
(1.0E-9,17.0,0.08900000000000007)(61.01015193521025 55.0)
(1.0E-9,17.0,0.08900000000000007)(61.01015193521025 54.0)
(1.0E-9,17.0,0.08900000000000007)(61.413969222758865 51.0)
(1.0E-9,17.0,0.08900000000000007)(61.413969222758865 52.0)
(1.0E-9 17.0 0.09000000000000007)(46.62780361260949 79.0)
(1.0E-9,17.0,0.09000000000000007)(63.312853000090854 5.0)
(1.0E-9,17.0,0.09000000000000007)(63.1358937928245 19.0)
(1.0E-9,17.0,0.09000000000000007)(63.07693199520658 27.0)
(1.0E-9,17.0,0.09000000000000007)(62.633338336740074 41.0)
(1.0E-9,17.0,0.09000000000000007)(62.25474338707069 48.0)
(1.0E-9,17.0,0.09000000000000007)(61.01015193521025 53.0)
(1.0E-9,17.0,0.09000000000000007)(61.413969222758865 52.0)
(1.0E-9,17.0,0.09000000000000007)(60.92617402102984 56.0)
(1.0E-9,17.0,0.09000000000000007)(61.413969222758865 51.0)
(1.0E-9,17.0,0.09000000000000007)(61.413969222758865 54.0)
(1.0E-9 17.0 0.09100000000000007)(46.62780361260949 79.0)
(1.0E-9,17.0,0.09100000000000007)(63.312853000090854 5.0)
(1.0E-9,17.0,0.09100000000000007)(63.1358937928245 19.0)
(1.0E-9,17.0,0.09100000000000007)(63.07693199520658 27.0)
(1.0E-9,17.0,0.09100000000000007)(62.633338336740074 41.0)
(1.0E-9,17.0,0.09100000000000007)(62.25474338707069 48.0)
(1.0E-9,17.0,0.09100000000000007)(61.01015193521025 53.0)
(1.0E-9,17.0,0.09100000000000007)(61.413969222758865 52.0)
(1.0E-9,17.0,0.09100000000000007)(60.92617402102984 56.0)
(1.0E-9,17.0,0.09100000000000007)(61.413969222758865 51.0)
(1.0E-9,17.0,0.09100000000000007)(61.413969222758865 54.0)
(1.0E-9 17.0 0.09200000000000007)(46.38335791383321 80.0)
(1.0E-9,17.0,0.09200000000000007)(63.312853000090854 5.0)
(1.0E-9,17.0,0.09200000000000007)(63.1358937928245 19.0)
(1.0E-9,17.0,0.09200000000000007)(63.07693199520658 27.0)
(1.0E-9,17.0,0.09200000000000007)(62.5658295773526 44.0)
(1.0E-9,17.0,0.09200000000000007)(62.60022933060055 39.0)
(1.0E-9,17.0,0.09200000000000007)(63.07693199520658 29.0)
(1.0E-9,17.0,0.09200000000000007)(61.01015193521025 54.0)
(1.0E-9,17.0,0.09200000000000007)(61.01015193521025 56.0)
(1.0E-9,17.0,0.09200000000000007)(61.413969222758865 51.0)
(1.0E-9,17.0,0.09200000000000007)(61.413969222758865 52.0)
(1.0E-9,17.0,0.09200000000000007)(61.413969222758865 53.0)
(1.0E-9 17.0 0.09300000000000007)(45.76292212033992 85.0)
(1.0E-9,17.0,0.09300000000000007)(63.312853000090854 5.0)
(1.0E-9,17.0,0.09300000000000007)(63.1358937928245 24.0)
(1.0E-9,17.0,0.09300000000000007)(63.01650861089896 32.0)
(1.0E-9,17.0,0.09300000000000007)(62.633338336740074 46.0)
(1.0E-9,17.0,0.09300000000000007)(62.54040209381847 47.0)
(1.0E-9,17.0,0.09300000000000007)(62.44706169888543 46.0)
(1.0E-9,17.0,0.09300000000000007)(61.01015193521025 57.0)
(1.0E-9,17.0,0.09300000000000007)(61.20941564394119 56.0)
(1.0E-9,17.0,0.09300000000000007)(61.01015193521025 59.0)
(1.0E-9 17.0 0.09400000000000007)(46.38335791383321 80.0)
(1.0E-9,17.0,0.09400000000000007)(63.312853000090854 5.0)
(1.0E-9,17.0,0.09400000000000007)(63.1358937928245 19.0)
(1.0E-9,17.0,0.09400000000000007)(63.07693199520658 27.0)
(1.0E-9,17.0,0.09400000000000007)(62.5658295773526 44.0)
(1.0E-9,17.0,0.09400000000000007)(62.60022933060055 39.0)
(1.0E-9,17.0,0.09400000000000007)(61.01015193521025 53.0)
(1.0E-9,17.0,0.09400000000000007)(61.01015193521025 54.0)
(1.0E-9,17.0,0.09400000000000007)(60.92617402102984 56.0)
(1.0E-9,17.0,0.09400000000000007)(61.413969222758865 52.0)
(1.0E-9,17.0,0.09400000000000007)(61.413969222758865 50.0)
(1.0E-9 17.0 0.09500000000000007)(49.43464378694158 79.0)
(1.0E-9,17.0,0.09500000000000007)(63.312853000090854 5.0)
(1.0E-9,17.0,0.09500000000000007)(63.1358937928245 19.0)
(1.0E-9,17.0,0.09500000000000007)(63.01650861089896 28.0)
(1.0E-9,17.0,0.09500000000000007)(63.07693199520658 28.0)
(1.0E-9,17.0,0.09500000000000007)(63.07693199520658 29.0)
(1.0E-9,17.0,0.09500000000000007)(63.07693199520658 32.0)
(1.0E-9,17.0,0.09500000000000007)(63.07693199520658 33.0)
(1.0E-9,17.0,0.09500000000000007)(63.07693199520658 31.0)
(1.0E-9,17.0,0.09500000000000007)(63.06722645401987 34.0)
(1.0E-9,17.0,0.09500000000000007)(63.06722645401987 36.0)
(1.0E-9 17.0 0.09600000000000007)(49.43464378694158 79.0)
(1.0E-9,17.0,0.09600000000000007)(63.312853000090854 5.0)
(1.0E-9,17.0,0.09600000000000007)(63.1358937928245 19.0)
(1.0E-9,17.0,0.09600000000000007)(63.01650861089896 28.0)
(1.0E-9,17.0,0.09600000000000007)(63.07693199520658 28.0)
(1.0E-9,17.0,0.09600000000000007)(63.07693199520658 29.0)
(1.0E-9,17.0,0.09600000000000007)(63.07693199520658 32.0)
(1.0E-9,17.0,0.09600000000000007)(63.07693199520658 30.0)
(1.0E-9,17.0,0.09600000000000007)(63.07693199520658 31.0)
(1.0E-9 17.0 0.09700000000000007)(46.15043988980439 82.0)
(1.0E-9,17.0,0.09700000000000007)(63.312853000090854 5.0)
(1.0E-9,17.0,0.09700000000000007)(63.1358937928245 21.0)
(1.0E-9,17.0,0.09700000000000007)(63.01650861089896 29.0)
(1.0E-9,17.0,0.09700000000000007)(63.07693199520658 28.0)
(1.0E-9,17.0,0.09700000000000007)(63.07693199520658 31.0)
(1.0E-9,17.0,0.09700000000000007)(63.07693199520658 30.0)
(1.0E-9,17.0,0.09700000000000007)(63.07693199520658 33.0)
(1.0E-9,17.0,0.09700000000000007)(63.06722645401987 38.0)
(1.0E-9 17.0 0.09800000000000007)(46.15043988980439 82.0)
(1.0E-9,17.0,0.09800000000000007)(63.312853000090854 5.0)
(1.0E-9,17.0,0.09800000000000007)(63.1358937928245 21.0)
(1.0E-9,17.0,0.09800000000000007)(63.01650861089896 29.0)
(1.0E-9,17.0,0.09800000000000007)(63.07693199520658 28.0)
(1.0E-9,17.0,0.09800000000000007)(63.07693199520658 31.0)
(1.0E-9,17.0,0.09800000000000007)(63.07693199520658 30.0)
(1.0E-9,17.0,0.09800000000000007)(63.07693199520658 33.0)
(1.0E-9,17.0,0.09800000000000007)(63.06722645401987 38.0)
(1.0E-9 17.0 0.09900000000000007)(41.79824614659996 83.0)
(1.0E-9,17.0,0.09900000000000007)(63.312853000090854 5.0)
(1.0E-9,17.0,0.09900000000000007)(63.1358937928245 21.0)
(1.0E-9,17.0,0.09900000000000007)(63.07693199520658 28.0)
(1.0E-9,17.0,0.09900000000000007)(63.07693199520658 29.0)
(1.0E-9,17.0,0.09900000000000007)(63.07693199520658 31.0)
(1.0E-9,17.0,0.09900000000000007)(63.07693199520658 32.0)
(1.0E-9,17.0,0.09900000000000007)(63.07693199520658 30.0)
(1.0E-9,17.0,0.09900000000000007)(63.06722645401987 37.0)
(1.0E-9,17.0,0.09900000000000007)(63.07693199520658 33.0)
(1.0E-9 17.0 0.10000000000000007)(41.79824614659996 83.0)
(1.0E-9,17.0,0.10000000000000007)(63.312853000090854 6.0)
(1.0E-9,17.0,0.10000000000000007)(63.1358937928245 21.0)
(1.0E-9,17.0,0.10000000000000007)(63.07693199520658 28.0)
(1.0E-9,17.0,0.10000000000000007)(63.07693199520658 29.0)
(1.0E-9,17.0,0.10000000000000007)(63.07693199520658 31.0)
(1.0E-9,17.0,0.10000000000000007)(63.07693199520658 32.0)
(1.0E-9,17.0,0.10000000000000007)(63.06722645401987 36.0)
(1.0E-9,17.0,0.10000000000000007)(63.06722645401987 35.0)
(1.0E-9,17.0,0.10000000000000007)(63.07693199520658 30.0)
(1.0E-9,17.0,0.10000000000000007)(63.07693199520658 33.0)
(1.0E-9 17.0 0.10100000000000008)(39.762628365355155 92.0)
(1.0E-9,17.0,0.10100000000000008)(63.1358937928245 9.0)
(1.0E-9,17.0,0.10100000000000008)(63.1358937928245 24.0)
(1.0E-9,17.0,0.10100000000000008)(63.01650861089896 34.0)
(1.0E-9,17.0,0.10100000000000008)(62.45047280281832 49.0)
(1.0E-9,17.0,0.10100000000000008)(62.552080559079194 46.0)
(1.0E-9,17.0,0.10100000000000008)(61.916703537044135 53.0)
(1.0E-9,17.0,0.10100000000000008)(61.16337976077763 58.0)
(1.0E-9,17.0,0.10100000000000008)(61.20941564394119 57.0)
(1.0E-9,17.0,0.10100000000000008)(61.18284386954549 58.0)
(1.0E-9,17.0,0.10100000000000008)(61.18284386954549 59.0)
(1.0E-9,17.0,0.10100000000000008)(61.387491806135294 57.0)
(1.0E-9 17.0 0.10200000000000008)(39.762628365355155 92.0)
(1.0E-9,17.0,0.10200000000000008)(63.1358937928245 9.0)
(1.0E-9,17.0,0.10200000000000008)(63.1358937928245 24.0)
(1.0E-9,17.0,0.10200000000000008)(63.01650861089896 34.0)
(1.0E-9,17.0,0.10200000000000008)(62.45047280281832 49.0)
(1.0E-9,17.0,0.10200000000000008)(61.81076996746752 55.0)
(1.0E-9,17.0,0.10200000000000008)(61.81076996746752 54.0)
(1.0E-9,17.0,0.10200000000000008)(60.937314675026954 59.0)
(1.0E-9,17.0,0.10200000000000008)(61.01015193521025 58.0)
(1.0E-9,17.0,0.10200000000000008)(60.98347387622743 59.0)
(1.0E-9,17.0,0.10200000000000008)(60.98347387622743 60.0)
(1.0E-9,17.0,0.10200000000000008)(60.91060273401556 60.0)
(1.0E-9 17.0 0.10300000000000008)(39.762628365355155 92.0)
(1.0E-9,17.0,0.10300000000000008)(63.1358937928245 9.0)
(1.0E-9,17.0,0.10300000000000008)(63.1358937928245 25.0)
(1.0E-9,17.0,0.10300000000000008)(63.01650861089896 34.0)
(1.0E-9,17.0,0.10300000000000008)(62.45047280281832 49.0)
(1.0E-9,17.0,0.10300000000000008)(62.44706169888543 47.0)
(1.0E-9,17.0,0.10300000000000008)(61.01015193521025 57.0)
(1.0E-9,17.0,0.10300000000000008)(62.68611416528341 47.0)
(1.0E-9,17.0,0.10300000000000008)(61.01015193521025 58.0)
(1.0E-9,17.0,0.10300000000000008)(61.34153095920572 55.0)
(1.0E-9,17.0,0.10300000000000008)(61.315015129190975 57.0)
(1.0E-9,17.0,0.10300000000000008)(61.30405171925083 58.0)
(1.0E-9 17.0 0.10400000000000008)(39.762628365355155 92.0)
(1.0E-9,17.0,0.10400000000000008)(63.1358937928245 9.0)
(1.0E-9,17.0,0.10400000000000008)(63.1358937928245 25.0)
(1.0E-9,17.0,0.10400000000000008)(63.01650861089896 34.0)
(1.0E-9,17.0,0.10400000000000008)(62.45047280281832 49.0)
(1.0E-9,17.0,0.10400000000000008)(62.44706169888543 47.0)
(1.0E-9,17.0,0.10400000000000008)(61.01015193521025 57.0)
(1.0E-9,17.0,0.10400000000000008)(62.68611416528341 47.0)
(1.0E-9,17.0,0.10400000000000008)(61.01015193521025 58.0)
(1.0E-9,17.0,0.10400000000000008)(61.34153095920572 55.0)
(1.0E-9,17.0,0.10400000000000008)(61.315015129190975 57.0)
(1.0E-9,17.0,0.10400000000000008)(61.30405171925083 58.0)
(1.0E-9 17.0 0.10500000000000008)(39.762628365355155 92.0)
(1.0E-9,17.0,0.10500000000000008)(63.1358937928245 9.0)
(1.0E-9,17.0,0.10500000000000008)(63.1358937928245 25.0)
(1.0E-9,17.0,0.10500000000000008)(63.01650861089896 34.0)
(1.0E-9,17.0,0.10500000000000008)(62.45047280281832 49.0)
(1.0E-9,17.0,0.10500000000000008)(62.44706169888543 47.0)
(1.0E-9,17.0,0.10500000000000008)(61.01015193521025 57.0)
(1.0E-9,17.0,0.10500000000000008)(63.06722645401987 36.0)
(1.0E-9,17.0,0.10500000000000008)(61.01015193521025 58.0)
(1.0E-9,17.0,0.10500000000000008)(60.98347387622743 59.0)
(1.0E-9 17.0 0.10600000000000008)(39.762628365355155 92.0)
(1.0E-9,17.0,0.10600000000000008)(63.1358937928245 9.0)
(1.0E-9,17.0,0.10600000000000008)(63.1358937928245 25.0)
(1.0E-9,17.0,0.10600000000000008)(63.01650861089896 34.0)
(1.0E-9,17.0,0.10600000000000008)(62.35684453239775 50.0)
(1.0E-9,17.0,0.10600000000000008)(61.81076996746752 55.0)
(1.0E-9,17.0,0.10600000000000008)(61.81076996746752 54.0)
(1.0E-9,17.0,0.10600000000000008)(60.937314675026954 58.0)
(1.0E-9,17.0,0.10600000000000008)(60.87998130418485 60.0)
(1.0E-9,17.0,0.10600000000000008)(63.06722645401987 36.0)
(1.0E-9,17.0,0.10600000000000008)(60.89944541295271 60.0)
(1.0E-9,17.0,0.10600000000000008)(60.91060273401556 59.0)
(1.0E-9,17.0,0.10600000000000008)(60.92617402102984 59.0)
(1.0E-9,17.0,0.10600000000000008)(60.91060273401556 63.0)
(1.0E-9,17.0,0.10600000000000008)(60.98347387622743 62.0)
(1.0E-9 17.0 0.10700000000000008)(34.170806762968745 91.0)
(1.0E-9,17.0,0.10700000000000008)(63.312853000090854 6.0)
(1.0E-9,17.0,0.10700000000000008)(63.1358937928245 26.0)
(1.0E-9,17.0,0.10700000000000008)(63.07693199520658 28.0)
(1.0E-9,17.0,0.10700000000000008)(63.07693199520658 29.0)
(1.0E-9,17.0,0.10700000000000008)(63.07693199520658 31.0)
(1.0E-9,17.0,0.10700000000000008)(63.07693199520658 30.0)
(1.0E-9,17.0,0.10700000000000008)(63.07693199520658 32.0)
(1.0E-9,17.0,0.10700000000000008)(63.06722645401987 37.0)
(1.0E-9 17.0 0.10800000000000008)(34.170806762968745 91.0)
(1.0E-9,17.0,0.10800000000000008)(63.312853000090854 6.0)
(1.0E-9,17.0,0.10800000000000008)(63.1358937928245 26.0)
(1.0E-9,17.0,0.10800000000000008)(63.07693199520658 28.0)
(1.0E-9,17.0,0.10800000000000008)(63.07693199520658 29.0)
(1.0E-9,17.0,0.10800000000000008)(63.07693199520658 31.0)
(1.0E-9,17.0,0.10800000000000008)(63.06722645401987 34.0)
(1.0E-9,17.0,0.10800000000000008)(63.06722645401987 35.0)
(1.0E-9,17.0,0.10800000000000008)(63.07693199520658 30.0)
(1.0E-9,17.0,0.10800000000000008)(63.312853000090854 1.0)
(1.0E-9,17.0,0.10800000000000008)(63.07693199520658 32.0)
(1.0E-9,17.0,0.10800000000000008)(63.07693199520658 33.0)
(1.0E-9,17.0,0.10800000000000008)(63.06722645401987 39.0)
(1.0E-9 17.0 0.10900000000000008)(33.36662924969925 92.0)
(1.0E-9,17.0,0.10900000000000008)(63.312853000090854 6.0)
(1.0E-9,17.0,0.10900000000000008)(63.1358937928245 26.0)
(1.0E-9,17.0,0.10900000000000008)(63.07693199520658 28.0)
(1.0E-9,17.0,0.10900000000000008)(63.07693199520658 29.0)
(1.0E-9,17.0,0.10900000000000008)(63.07693199520658 31.0)
(1.0E-9,17.0,0.10900000000000008)(63.06722645401987 34.0)
(1.0E-9,17.0,0.10900000000000008)(63.07693199520658 30.0)
(1.0E-9,17.0,0.10900000000000008)(63.06722645401987 35.0)
(1.0E-9,17.0,0.10900000000000008)(63.312853000090854 1.0)
(1.0E-9,17.0,0.10900000000000008)(63.06722645401987 33.0)
(1.0E-9,17.0,0.10900000000000008)(63.07693199520658 32.0)
(1.0E-9,17.0,0.10900000000000008)(63.06722645401987 38.0)
(1.0E-9 17.0 0.11000000000000008)(31.523602968818278 94.0)
(1.0E-9,17.0,0.11000000000000008)(63.1358937928245 9.0)
(1.0E-9,17.0,0.11000000000000008)(63.07693199520658 27.0)
(1.0E-9,17.0,0.11000000000000008)(63.07693199520658 30.0)
(1.0E-9,17.0,0.11000000000000008)(63.07693199520658 31.0)
(1.0E-9,17.0,0.11000000000000008)(63.06722645401987 34.0)
(1.0E-9,17.0,0.11000000000000008)(63.06722645401987 35.0)
(1.0E-9,17.0,0.11000000000000008)(63.06722645401987 37.0)
(1.0E-9,17.0,0.11000000000000008)(63.312853000090854 1.0)
(1.0E-9,17.0,0.11000000000000008)(63.06722645401987 36.0)
(1.0E-9,17.0,0.11000000000000008)(63.07693199520658 32.0)
(1.0E-9 17.0 0.11100000000000008)(31.523602968818278 94.0)
(1.0E-9,17.0,0.11100000000000008)(63.1358937928245 9.0)
(1.0E-9,17.0,0.11100000000000008)(63.07693199520658 27.0)
(1.0E-9,17.0,0.11100000000000008)(63.07693199520658 30.0)
(1.0E-9,17.0,0.11100000000000008)(63.07693199520658 31.0)
(1.0E-9,17.0,0.11100000000000008)(63.06722645401987 34.0)
(1.0E-9,17.0,0.11100000000000008)(63.06722645401987 35.0)
(1.0E-9,17.0,0.11100000000000008)(63.06722645401987 37.0)
(1.0E-9,17.0,0.11100000000000008)(63.312853000090854 1.0)
(1.0E-9,17.0,0.11100000000000008)(63.06722645401987 36.0)
(1.0E-9,17.0,0.11100000000000008)(63.07693199520658 32.0)
(1.0E-9 17.0 0.11200000000000009)(31.523602968818278 94.0)
(1.0E-9,17.0,0.11200000000000009)(63.1358937928245 11.0)
(1.0E-9,17.0,0.11200000000000009)(63.01650861089896 28.0)
(1.0E-9,17.0,0.11200000000000009)(63.07693199520658 28.0)
(1.0E-9,17.0,0.11200000000000009)(63.07693199520658 31.0)
(1.0E-9,17.0,0.11200000000000009)(63.06722645401987 32.0)
(1.0E-9,17.0,0.11200000000000009)(63.07693199520658 30.0)
(1.0E-9,17.0,0.11200000000000009)(63.06722645401987 38.0)
(1.0E-9,17.0,0.11200000000000009)(63.06722645401987 39.0)
(1.0E-9,17.0,0.11200000000000009)(63.06722645401987 41.0)
(1.0E-9 17.0 0.11300000000000009)(27.250884529682033 103.0)
(1.0E-9,17.0,0.11300000000000009)(63.1358937928245 13.0)
(1.0E-9,17.0,0.11300000000000009)(63.07693199520658 31.0)
(1.0E-9,17.0,0.11300000000000009)(62.31994199379181 52.0)
(1.0E-9,17.0,0.11300000000000009)(61.77356633769145 56.0)
(1.0E-9,17.0,0.11300000000000009)(63.06722645401987 37.0)
(1.0E-9,17.0,0.11300000000000009)(63.06722645401987 36.0)
(1.0E-9,17.0,0.11300000000000009)(60.92617402102984 60.0)
(1.0E-9,17.0,0.11300000000000009)(60.89944541295271 62.0)
(1.0E-9,17.0,0.11300000000000009)(60.89944541295271 63.0)
(1.0E-9,17.0,0.11300000000000009)(60.89944541295271 65.0)
(1.0E-9 17.0 0.11400000000000009)(27.181210756370355 104.0)
(1.0E-9,17.0,0.11400000000000009)(63.1358937928245 13.0)
(1.0E-9,17.0,0.11400000000000009)(63.01650861089896 32.0)
(1.0E-9,17.0,0.11400000000000009)(62.44706169888543 47.0)
(1.0E-9,17.0,0.11400000000000009)(60.937314675026954 58.0)
(1.0E-9,17.0,0.11400000000000009)(63.06722645401987 35.0)
(1.0E-9,17.0,0.11400000000000009)(60.92617402102984 59.0)
(1.0E-9,17.0,0.11400000000000009)(60.92617402102984 60.0)
(1.0E-9,17.0,0.11400000000000009)(60.89944541295271 61.0)
(1.0E-9,17.0,0.11400000000000009)(60.91060273401556 59.0)
(1.0E-9,17.0,0.11400000000000009)(63.06722645401987 43.0)
(1.0E-9,17.0,0.11400000000000009)(61.30405171925083 62.0)
(1.0E-9,17.0,0.11400000000000009)(60.89944541295271 64.0)
(1.0E-9,17.0,0.11400000000000009)(63.06722645401987 45.0)
(1.0E-9,17.0,0.11400000000000009)(61.0991272342462 62.0)
(1.0E-9,17.0,0.11400000000000009)(61.0991272342462 66.0)
(1.0E-9,17.0,0.11400000000000009)(63.06722645401987 48.0)
(1.0E-9 17.0 0.11500000000000009)(29.246859221852393 97.0)
(1.0E-9,17.0,0.11500000000000009)(63.1358937928245 11.0)
(1.0E-9,17.0,0.11500000000000009)(63.01650861089896 29.0)
(1.0E-9,17.0,0.11500000000000009)(63.07693199520658 31.0)
(1.0E-9,17.0,0.11500000000000009)(63.06722645401987 34.0)
(1.0E-9,17.0,0.11500000000000009)(63.06722645401987 36.0)
(1.0E-9,17.0,0.11500000000000009)(63.312853000090854 1.0)
(1.0E-9,17.0,0.11500000000000009)(63.06722645401987 35.0)
(1.0E-9,17.0,0.11500000000000009)(63.07693199520658 37.0)
(1.0E-9,17.0,0.11500000000000009)(63.07693199520658 32.0)
(1.0E-9 17.0 0.11600000000000009)(25.18553059083806 105.0)
(1.0E-9,17.0,0.11600000000000009)(63.1358937928245 13.0)
(1.0E-9,17.0,0.11600000000000009)(63.01650861089896 33.0)
(1.0E-9,17.0,0.11600000000000009)(62.35684453239775 50.0)
(1.0E-9,17.0,0.11600000000000009)(61.97411650025809 53.0)
(1.0E-9,17.0,0.11600000000000009)(63.06722645401987 35.0)
(1.0E-9,17.0,0.11600000000000009)(63.06722645401987 37.0)
(1.0E-9,17.0,0.11600000000000009)(63.06722645401987 36.0)
(1.0E-9,17.0,0.11600000000000009)(63.12639931142351 37.0)
(1.0E-9,17.0,0.11600000000000009)(62.4671614501875 51.0)
(1.0E-9,17.0,0.11600000000000009)(63.06722645401987 38.0)
(1.0E-9,17.0,0.11600000000000009)(62.4671614501875 52.0)
(1.0E-9,17.0,0.11600000000000009)(63.06722645401987 41.0)
(1.0E-9,17.0,0.11600000000000009)(63.06722645401987 44.0)
(1.0E-9,17.0,0.11600000000000009)(63.06722645401987 43.0)
(1.0E-9,17.0,0.11600000000000009)(63.06722645401987 48.0)
(1.0E-9 17.0 0.11700000000000009)(25.18553059083806 105.0)
(1.0E-9,17.0,0.11700000000000009)(63.1358937928245 13.0)
(1.0E-9,17.0,0.11700000000000009)(63.01650861089896 33.0)
(1.0E-9,17.0,0.11700000000000009)(62.35684453239775 50.0)
(1.0E-9,17.0,0.11700000000000009)(61.97411650025809 53.0)
(1.0E-9,17.0,0.11700000000000009)(63.06722645401987 35.0)
(1.0E-9,17.0,0.11700000000000009)(63.06722645401987 37.0)
(1.0E-9,17.0,0.11700000000000009)(63.06722645401987 36.0)
(1.0E-9,17.0,0.11700000000000009)(63.12639931142351 37.0)
(1.0E-9,17.0,0.11700000000000009)(62.4671614501875 51.0)
(1.0E-9,17.0,0.11700000000000009)(63.06722645401987 38.0)
(1.0E-9,17.0,0.11700000000000009)(62.4671614501875 52.0)
(1.0E-9,17.0,0.11700000000000009)(63.06722645401987 41.0)
(1.0E-9,17.0,0.11700000000000009)(63.06722645401987 44.0)
(1.0E-9,17.0,0.11700000000000009)(63.06722645401987 43.0)
(1.0E-9,17.0,0.11700000000000009)(63.06722645401987 48.0)
(1.0E-9 17.0 0.11800000000000009)(24.977113275819466 106.0)
(1.0E-9,17.0,0.11800000000000009)(63.1358937928245 14.0)
(1.0E-9,17.0,0.11800000000000009)(63.01650861089896 33.0)
(1.0E-9,17.0,0.11800000000000009)(62.31994199379181 52.0)
(1.0E-9,17.0,0.11800000000000009)(61.77356633769145 56.0)
(1.0E-9,17.0,0.11800000000000009)(63.06722645401987 35.0)
(1.0E-9,17.0,0.11800000000000009)(63.06722645401987 36.0)
(1.0E-9,17.0,0.11800000000000009)(63.06722645401987 38.0)
(1.0E-9,17.0,0.11800000000000009)(63.06722645401987 40.0)
(1.0E-9,17.0,0.11800000000000009)(63.06722645401987 42.0)
(1.0E-9,17.0,0.11800000000000009)(60.89944541295271 61.0)
(1.0E-9,17.0,0.11800000000000009)(60.91060273401556 62.0)
(1.0E-9,17.0,0.11800000000000009)(60.579127829992636 65.0)
(1.0E-9,17.0,0.11800000000000009)(60.579127829992636 67.0)
(1.0E-9,17.0,0.11800000000000009)(60.59469911700692 67.0)
(1.0E-9 17.0 0.11900000000000009)(24.977113275819466 106.0)
(1.0E-9,17.0,0.11900000000000009)(63.1358937928245 14.0)
(1.0E-9,17.0,0.11900000000000009)(63.01650861089896 33.0)
(1.0E-9,17.0,0.11900000000000009)(62.330618879219706 51.0)
(1.0E-9,17.0,0.11900000000000009)(61.805633170151246 57.0)
(1.0E-9,17.0,0.11900000000000009)(62.20487232948916 55.0)
(1.0E-9,17.0,0.11900000000000009)(62.8373095599908 45.0)
(1.0E-9,17.0,0.11900000000000009)(63.06722645401987 40.0)
(1.0E-9,17.0,0.11900000000000009)(62.20487232948916 56.0)
(1.0E-9,17.0,0.11900000000000009)(61.660568146882554 58.0)
(1.0E-9,17.0,0.11900000000000009)(63.06722645401987 42.0)
(1.0E-9,17.0,0.11900000000000009)(61.61181172726394 62.0)
(1.0E-9,17.0,0.11900000000000009)(62.567652362318576 52.0)
(1.0E-9,17.0,0.11900000000000009)(61.18284386954549 61.0)
(1.0E-9,17.0,0.11900000000000009)(60.89944541295271 66.0)
(1.0E-9,17.0,0.11900000000000009)(63.06722645401987 46.0)
(1.0E-9,17.0,0.11900000000000009)(60.91060273401556 63.0)
(1.0E-9 17.0 0.12000000000000009)(24.977113275819466 106.0)
(1.0E-9,17.0,0.12000000000000009)(63.1358937928245 14.0)
(1.0E-9,17.0,0.12000000000000009)(63.01650861089896 33.0)
(1.0E-9,17.0,0.12000000000000009)(62.330618879219706 51.0)
(1.0E-9,17.0,0.12000000000000009)(62.20487232948916 54.0)
(1.0E-9,17.0,0.12000000000000009)(63.06722645401987 35.0)
(1.0E-9,17.0,0.12000000000000009)(63.06722645401987 36.0)
(1.0E-9,17.0,0.12000000000000009)(63.06722645401987 37.0)
(1.0E-9,17.0,0.12000000000000009)(62.00247994625378 57.0)
(1.0E-9,17.0,0.12000000000000009)(62.745504162024154 47.0)
(1.0E-9,17.0,0.12000000000000009)(63.06722645401987 43.0)
(1.0E-9,17.0,0.12000000000000009)(60.263061146690234 63.0)
(1.0E-9,17.0,0.12000000000000009)(63.06722645401987 42.0)
(1.0E-9,17.0,0.12000000000000009)(63.06722645401987 41.0)
(1.0E-9,17.0,0.12000000000000009)(60.89944541295271 63.0)
(1.0E-9,17.0,0.12000000000000009)(60.91060273401556 64.0)
(1.0E-9,17.0,0.12000000000000009)(63.06722645401987 45.0)
(1.0E-9,17.0,0.12000000000000009)(62.33940610255966 55.0)
(1.0E-9,17.0,0.12000000000000009)(60.91060273401556 62.0)
(1.0E-9 17.0 0.1210000000000001)(24.2432597889662 107.0)
(1.0E-9,17.0,0.1210000000000001)(63.1358937928245 14.0)
(1.0E-9,17.0,0.1210000000000001)(63.01650861089896 33.0)
(1.0E-9,17.0,0.1210000000000001)(62.31994199379181 52.0)
(1.0E-9,17.0,0.1210000000000001)(63.312853000090854 1.0)
(1.0E-9,17.0,0.1210000000000001)(63.06722645401987 35.0)
(1.0E-9,17.0,0.1210000000000001)(63.06722645401987 38.0)
(1.0E-9,17.0,0.1210000000000001)(63.06722645401987 41.0)
(1.0E-9,17.0,0.1210000000000001)(63.05748166817281 43.0)
(1.0E-9,17.0,0.1210000000000001)(63.06722645401987 42.0)
(1.0E-9,17.0,0.1210000000000001)(63.06722645401987 44.0)
(1.0E-9,17.0,0.1210000000000001)(63.05748166817281 40.0)
(1.0E-9,17.0,0.1210000000000001)(63.039912877234535 42.0)
(1.0E-9,17.0,0.1210000000000001)(63.039912877234535 46.0)
(1.0E-9,17.0,0.1210000000000001)(63.026199390384186 50.0)
(1.0E-9 17.0 0.1220000000000001)(24.2432597889662 107.0)
(1.0E-9,17.0,0.1220000000000001)(63.1358937928245 16.0)
(1.0E-9,17.0,0.1220000000000001)(62.6929540152837 42.0)
(1.0E-9,17.0,0.1220000000000001)(63.06722645401987 36.0)
(1.0E-9,17.0,0.1220000000000001)(63.312853000090854 1.0)
(1.0E-9,17.0,0.1220000000000001)(60.54839455084625 62.0)
(1.0E-9,17.0,0.1220000000000001)(63.06722645401987 44.0)
(1.0E-9,17.0,0.1220000000000001)(63.05748166817281 38.0)
(1.0E-9,17.0,0.1220000000000001)(63.06722645401987 39.0)
(1.0E-9,17.0,0.1220000000000001)(63.05748166817281 45.0)
(1.0E-9,17.0,0.1220000000000001)(63.039912877234535 44.0)
(1.0E-9,17.0,0.1220000000000001)(63.026199390384186 46.0)
(1.0E-9,17.0,0.1220000000000001)(63.026199390384186 48.0)
(1.0E-9,17.0,0.1220000000000001)(63.026199390384186 50.0)
(1.0E-9 17.0 0.1230000000000001)(23.864975833366596 109.0)
(1.0E-9,17.0,0.1230000000000001)(63.1358937928245 14.0)
(1.0E-9,17.0,0.1230000000000001)(62.22458705372148 53.0)
(1.0E-9,17.0,0.1230000000000001)(60.53639827809022 64.0)
(1.0E-9,17.0,0.1230000000000001)(60.53639827809022 65.0)
(1.0E-9,17.0,0.1230000000000001)(59.655630342468946 65.0)
(1.0E-9,17.0,0.1230000000000001)(59.655630342468946 66.0)
(1.0E-9,17.0,0.1230000000000001)(60.15695089587036 72.0)
(1.0E-9,17.0,0.1230000000000001)(60.06697502293838 66.0)
(1.0E-9,17.0,0.1230000000000001)(59.655630342468946 67.0)
(1.0E-9,17.0,0.1230000000000001)(62.10817096087519 67.0)
(1.0E-9,17.0,0.1230000000000001)(59.655630342468946 70.0)
(1.0E-9 17.0 0.1240000000000001)(23.864975833366596 109.0)
(1.0E-9,17.0,0.1240000000000001)(63.1358937928245 14.0)
(1.0E-9,17.0,0.1240000000000001)(62.22458705372148 53.0)
(1.0E-9,17.0,0.1240000000000001)(60.53639827809022 64.0)
(1.0E-9,17.0,0.1240000000000001)(60.53639827809022 65.0)
(1.0E-9,17.0,0.1240000000000001)(59.655630342468946 65.0)
(1.0E-9,17.0,0.1240000000000001)(59.655630342468946 66.0)
(1.0E-9,17.0,0.1240000000000001)(60.15695089587036 72.0)
(1.0E-9,17.0,0.1240000000000001)(60.06697502293838 66.0)
(1.0E-9,17.0,0.1240000000000001)(59.655630342468946 67.0)
(1.0E-9,17.0,0.1240000000000001)(62.10817096087519 67.0)
(1.0E-9,17.0,0.1240000000000001)(59.655630342468946 70.0)
(1.0E-9 17.0 0.12500000000000008)(24.2432597889662 107.0)
(1.0E-9,17.0,0.12500000000000008)(63.1358937928245 16.0)
(1.0E-9,17.0,0.12500000000000008)(62.54040209381848 45.0)
(1.0E-9,17.0,0.12500000000000008)(63.06722645401987 35.0)
(1.0E-9,17.0,0.12500000000000008)(62.68611416528341 47.0)
(1.0E-9,17.0,0.12500000000000008)(63.06722645401987 36.0)
(1.0E-9,17.0,0.12500000000000008)(63.312853000090854 1.0)
(1.0E-9,17.0,0.12500000000000008)(63.05748166817281 43.0)
(1.0E-9,17.0,0.12500000000000008)(63.039912877234535 41.0)
(1.0E-9,17.0,0.12500000000000008)(63.06722645401987 40.0)
(1.0E-9,17.0,0.12500000000000008)(63.026199390384186 48.0)
(1.0E-9,17.0,0.12500000000000008)(63.026199390384186 50.0)
(1.0E-9 17.0 0.12600000000000008)(24.2432597889662 107.0)
(1.0E-9,17.0,0.12600000000000008)(63.1358937928245 16.0)
(1.0E-9,17.0,0.12600000000000008)(62.54040209381848 46.0)
(1.0E-9,17.0,0.12600000000000008)(62.68611416528341 46.0)
(1.0E-9,17.0,0.12600000000000008)(63.312853000090854 1.0)
(1.0E-9,17.0,0.12600000000000008)(62.68611416528341 48.0)
(1.0E-9,17.0,0.12600000000000008)(63.00661529850565 39.0)
(1.0E-9,17.0,0.12600000000000008)(62.54945605191602 51.0)
(1.0E-9,17.0,0.12600000000000008)(63.06722645401987 40.0)
(1.0E-9,17.0,0.12600000000000008)(63.06722645401987 41.0)
(1.0E-9,17.0,0.12600000000000008)(63.039912877234535 43.0)
(1.0E-9,17.0,0.12600000000000008)(63.039912877234535 45.0)
(1.0E-9,17.0,0.12600000000000008)(63.026199390384186 50.0)
(1.0E-9 17.0 0.12700000000000009)(24.2432597889662 107.0)
(1.0E-9,17.0,0.12700000000000009)(63.1358937928245 16.0)
(1.0E-9,17.0,0.12700000000000009)(62.6929540152837 43.0)
(1.0E-9,17.0,0.12700000000000009)(62.8373095599908 43.0)
(1.0E-9,17.0,0.12700000000000009)(63.312853000090854 1.0)
(1.0E-9,17.0,0.12700000000000009)(63.06722645401987 37.0)
(1.0E-9,17.0,0.12700000000000009)(63.00661529850565 39.0)
(1.0E-9,17.0,0.12700000000000009)(62.8373095599908 46.0)
(1.0E-9,17.0,0.12700000000000009)(62.63121500843375 54.0)
(1.0E-9,17.0,0.12700000000000009)(63.00661529850565 41.0)
(1.0E-9,17.0,0.12700000000000009)(62.24523698391586 60.0)
(1.0E-9,17.0,0.12700000000000009)(60.49698562962751 68.0)
(1.0E-9,17.0,0.12700000000000009)(63.039912877234535 44.0)
(1.0E-9,17.0,0.12700000000000009)(63.026199390384186 48.0)
(1.0E-9,17.0,0.12700000000000009)(63.026199390384186 50.0)
