(1.0E-12 10.0 0.01)(165.85989181798615 11.0)
(1.0E-12,10.0,0.01)(165.85989181798615 1.0)
(1.0E-12,10.0,0.01)(165.85989181798615 9.0)
(1.0E-12,10.0,0.01)(165.85989181798615 12.0)
(1.0E-12 10.0 0.013000000000000001)(165.85989181798615 13.0)
(1.0E-12,10.0,0.013000000000000001)(165.85989181798615 1.0)
(1.0E-12,10.0,0.013000000000000001)(165.85989181798615 6.0)
(1.0E-12,10.0,0.013000000000000001)(165.85989181798615 13.0)
(1.0E-12 10.0 0.016)(165.85989181798615 13.0)
(1.0E-12,10.0,0.016)(165.85989181798615 1.0)
(1.0E-12,10.0,0.016)(165.85989181798615 6.0)
(1.0E-12,10.0,0.016)(165.85989181798615 13.0)
(1.0E-12 10.0 0.019)(165.85989181798615 13.0)
(1.0E-12,10.0,0.019)(165.85989181798615 1.0)
(1.0E-12,10.0,0.019)(165.85989181798615 12.0)
(1.0E-12,10.0,0.019)(165.85989181798615 13.0)
(1.0E-12 10.0 0.022)(165.85989181798615 13.0)
(1.0E-12,10.0,0.022)(165.85989181798615 1.0)
(1.0E-12,10.0,0.022)(165.85989181798615 13.0)
(1.0E-12 10.0 0.024999999999999998)(165.85989181798615 13.0)
(1.0E-12,10.0,0.024999999999999998)(165.85989181798615 1.0)
(1.0E-12,10.0,0.024999999999999998)(165.85989181798615 13.0)
(1.0E-12 10.0 0.027999999999999997)(165.85989181798615 13.0)
(1.0E-12,10.0,0.027999999999999997)(165.85989181798615 1.0)
(1.0E-12,10.0,0.027999999999999997)(165.85989181798615 13.0)
(1.0E-12 10.0 0.030999999999999996)(165.85989181798615 13.0)
(1.0E-12,10.0,0.030999999999999996)(165.85989181798615 1.0)
(1.0E-12,10.0,0.030999999999999996)(165.85989181798615 12.0)
(1.0E-12,10.0,0.030999999999999996)(165.85989181798615 13.0)
(1.0E-12 10.0 0.033999999999999996)(165.85989181798615 13.0)
(1.0E-12,10.0,0.033999999999999996)(165.85989181798615 1.0)
(1.0E-12,10.0,0.033999999999999996)(165.85989181798615 13.0)
(1.0E-12 10.0 0.037)(165.85989181798615 13.0)
(1.0E-12,10.0,0.037)(165.85989181798615 1.0)
(1.0E-12,10.0,0.037)(165.85989181798615 12.0)
(1.0E-12,10.0,0.037)(165.85989181798615 13.0)
(1.0E-12 10.0 0.04)(165.85989181798615 13.0)
(1.0E-12,10.0,0.04)(165.85989181798615 1.0)
(1.0E-12,10.0,0.04)(165.85989181798615 6.0)
(1.0E-12,10.0,0.04)(165.85989181798615 13.0)
(1.0E-12 10.0 0.043000000000000003)(165.85989181798615 13.0)
(1.0E-12,10.0,0.043000000000000003)(165.85989181798615 1.0)
(1.0E-12,10.0,0.043000000000000003)(165.85989181798615 6.0)
(1.0E-12,10.0,0.043000000000000003)(165.85989181798615 13.0)
(1.0E-12 10.0 0.046000000000000006)(165.85989181798615 13.0)
(1.0E-12,10.0,0.046000000000000006)(165.85989181798615 1.0)
(1.0E-12,10.0,0.046000000000000006)(165.85989181798615 8.0)
(1.0E-12,10.0,0.046000000000000006)(165.85989181798615 12.0)
(1.0E-12,10.0,0.046000000000000006)(165.85989181798615 13.0)
(1.0E-12 10.0 0.04900000000000001)(165.85989181798615 15.0)
(1.0E-12,10.0,0.04900000000000001)(165.85989181798615 1.0)
(1.0E-12,10.0,0.04900000000000001)(165.85989181798615 6.0)
(1.0E-12,10.0,0.04900000000000001)(165.85989181798615 12.0)
(1.0E-12,10.0,0.04900000000000001)(165.85989181798615 13.0)
(1.0E-12,10.0,0.04900000000000001)(165.85989181798615 15.0)
(1.0E-12 10.0 0.05200000000000001)(165.85989181798615 15.0)
(1.0E-12,10.0,0.05200000000000001)(165.85989181798615 1.0)
(1.0E-12,10.0,0.05200000000000001)(165.85989181798615 6.0)
(1.0E-12,10.0,0.05200000000000001)(165.85989181798615 13.0)
(1.0E-12,10.0,0.05200000000000001)(165.85989181798615 15.0)
(1.0E-12 10.0 0.055000000000000014)(165.85989181798615 13.0)
(1.0E-12,10.0,0.055000000000000014)(165.85989181798615 1.0)
(1.0E-12,10.0,0.055000000000000014)(165.85989181798615 6.0)
(1.0E-12,10.0,0.055000000000000014)(165.85989181798615 13.0)
(1.0E-12 10.0 0.05800000000000002)(165.85989181798615 13.0)
(1.0E-12,10.0,0.05800000000000002)(165.85989181798615 1.0)
(1.0E-12,10.0,0.05800000000000002)(165.85989181798615 6.0)
(1.0E-12,10.0,0.05800000000000002)(165.85989181798615 13.0)
(1.0E-12 10.0 0.06100000000000002)(165.85989181798615 26.0)
(1.0E-12,10.0,0.06100000000000002)(165.85989181798615 1.0)
(1.0E-12,10.0,0.06100000000000002)(165.85989181798615 6.0)
(1.0E-12,10.0,0.06100000000000002)(165.85989181798615 13.0)
(1.0E-12,10.0,0.06100000000000002)(165.85989181798615 15.0)
(1.0E-12,10.0,0.06100000000000002)(165.85989181798615 22.0)
(1.0E-12 10.0 0.06400000000000002)(165.242513020021 83.0)
(1.0E-12,10.0,0.06400000000000002)(165.85989181798615 1.0)
(1.0E-12,10.0,0.06400000000000002)(165.85989181798615 8.0)
(1.0E-12,10.0,0.06400000000000002)(165.85989181798615 13.0)
(1.0E-12,10.0,0.06400000000000002)(165.85989181798615 17.0)
(1.0E-12,10.0,0.06400000000000002)(165.85989181798615 19.0)
(1.0E-12,10.0,0.06400000000000002)(165.6010525373606 52.0)
(1.0E-12,10.0,0.06400000000000002)(165.49894551584592 60.0)
(1.0E-12,10.0,0.06400000000000002)(165.5543936626345 59.0)
(1.0E-12,10.0,0.06400000000000002)(165.44342441052393 62.0)
(1.0E-12,10.0,0.06400000000000002)(165.39654438283162 69.0)
(1.0E-12,10.0,0.06400000000000002)(165.44342441052393 64.0)
(1.0E-12,10.0,0.06400000000000002)(165.54568756364662 53.0)
(1.0E-12 10.0 0.06700000000000002)(165.69114508766128 37.0)
(1.0E-12,10.0,0.06700000000000002)(165.85989181798615 1.0)
(1.0E-12,10.0,0.06700000000000002)(165.85989181798615 6.0)
(1.0E-12,10.0,0.06700000000000002)(165.85989181798615 13.0)
(1.0E-12,10.0,0.06700000000000002)(165.85989181798615 19.0)
(1.0E-12 10.0 0.07000000000000002)(165.85989181798615 15.0)
(1.0E-12,10.0,0.07000000000000002)(165.85989181798615 1.0)
(1.0E-12,10.0,0.07000000000000002)(165.85989181798615 6.0)
(1.0E-12,10.0,0.07000000000000002)(165.85989181798615 12.0)
(1.0E-12,10.0,0.07000000000000002)(165.85989181798615 13.0)
(1.0E-12,10.0,0.07000000000000002)(165.85989181798615 15.0)
(1.0E-12 10.0 0.07300000000000002)(165.65595089083521 30.0)
(1.0E-12,10.0,0.07300000000000002)(165.85989181798615 1.0)
(1.0E-12,10.0,0.07300000000000002)(165.85989181798615 6.0)
(1.0E-12,10.0,0.07300000000000002)(165.85989181798615 13.0)
(1.0E-12,10.0,0.07300000000000002)(165.85989181798615 15.0)
(1.0E-12 10.0 0.07600000000000003)(165.85989181798615 13.0)
(1.0E-12,10.0,0.07600000000000003)(165.85989181798615 1.0)
(1.0E-12,10.0,0.07600000000000003)(165.85989181798615 6.0)
(1.0E-12,10.0,0.07600000000000003)(165.85989181798615 13.0)
(1.0E-12 10.0 0.07900000000000003)(165.85989181798615 13.0)
(1.0E-12,10.0,0.07900000000000003)(165.85989181798615 1.0)
(1.0E-12,10.0,0.07900000000000003)(165.85989181798615 6.0)
(1.0E-12,10.0,0.07900000000000003)(165.85989181798615 13.0)
(1.0E-12 10.0 0.08200000000000003)(165.85989181798615 13.0)
(1.0E-12,10.0,0.08200000000000003)(165.85989181798615 1.0)
(1.0E-12,10.0,0.08200000000000003)(165.85989181798615 12.0)
(1.0E-12,10.0,0.08200000000000003)(165.85989181798615 13.0)
(1.0E-12 10.0 0.08500000000000003)(165.85989181798615 13.0)
(1.0E-12,10.0,0.08500000000000003)(165.85989181798615 1.0)
(1.0E-12,10.0,0.08500000000000003)(165.85989181798615 8.0)
(1.0E-12,10.0,0.08500000000000003)(165.85989181798615 13.0)
(1.0E-12 10.0 0.08800000000000004)(165.65595089083521 30.0)
(1.0E-12,10.0,0.08800000000000004)(165.85989181798615 1.0)
(1.0E-12,10.0,0.08800000000000004)(165.85989181798615 3.0)
(1.0E-12,10.0,0.08800000000000004)(165.85989181798615 13.0)
(1.0E-12,10.0,0.08800000000000004)(165.85989181798615 17.0)
(1.0E-12 10.0 0.09100000000000004)(165.65595089083521 30.0)
(1.0E-12,10.0,0.09100000000000004)(165.85989181798615 1.0)
(1.0E-12,10.0,0.09100000000000004)(165.85989181798615 3.0)
(1.0E-12,10.0,0.09100000000000004)(165.85989181798615 13.0)
(1.0E-12,10.0,0.09100000000000004)(165.85989181798615 17.0)
(1.0E-12 10.0 0.09400000000000004)(165.85989181798615 13.0)
(1.0E-12,10.0,0.09400000000000004)(165.85989181798615 1.0)
(1.0E-12,10.0,0.09400000000000004)(165.85989181798615 8.0)
(1.0E-12,10.0,0.09400000000000004)(165.85989181798615 13.0)
(1.0E-12 10.0 0.09700000000000004)(165.85989181798615 13.0)
(1.0E-12,10.0,0.09700000000000004)(165.85989181798615 1.0)
(1.0E-12,10.0,0.09700000000000004)(165.85989181798615 8.0)
(1.0E-12,10.0,0.09700000000000004)(165.85989181798615 13.0)
(1.0E-12 10.0 0.10000000000000005)(165.85989181798615 13.0)
(1.0E-12,10.0,0.10000000000000005)(165.85989181798615 1.0)
(1.0E-12,10.0,0.10000000000000005)(165.85989181798615 8.0)
(1.0E-12,10.0,0.10000000000000005)(165.85989181798615 13.0)
(1.0E-12 10.0 0.10300000000000005)(165.85989181798615 13.0)
(1.0E-12,10.0,0.10300000000000005)(165.85989181798615 1.0)
(1.0E-12,10.0,0.10300000000000005)(165.85989181798615 6.0)
(1.0E-12,10.0,0.10300000000000005)(165.85989181798615 9.0)
(1.0E-12,10.0,0.10300000000000005)(165.85989181798615 12.0)
(1.0E-12,10.0,0.10300000000000005)(165.85989181798615 13.0)
(1.0E-12 10.0 0.10600000000000005)(165.85989181798615 13.0)
(1.0E-12,10.0,0.10600000000000005)(165.85989181798615 1.0)
(1.0E-12,10.0,0.10600000000000005)(165.85989181798615 6.0)
(1.0E-12,10.0,0.10600000000000005)(165.85989181798615 3.0)
(1.0E-12,10.0,0.10600000000000005)(165.85989181798615 12.0)
(1.0E-12,10.0,0.10600000000000005)(165.85989181798615 13.0)
(1.0E-12 10.0 0.10900000000000006)(165.85989181798615 13.0)
(1.0E-12,10.0,0.10900000000000006)(165.85989181798615 1.0)
(1.0E-12,10.0,0.10900000000000006)(165.85989181798615 6.0)
(1.0E-12,10.0,0.10900000000000006)(165.85989181798615 13.0)
(1.0E-12 10.0 0.11200000000000006)(165.85989181798615 15.0)
(1.0E-12,10.0,0.11200000000000006)(165.85989181798615 1.0)
(1.0E-12,10.0,0.11200000000000006)(165.85989181798615 6.0)
(1.0E-12,10.0,0.11200000000000006)(165.85989181798615 12.0)
(1.0E-12,10.0,0.11200000000000006)(165.85989181798615 13.0)
(1.0E-12,10.0,0.11200000000000006)(165.85989181798615 16.0)
(1.0E-12,10.0,0.11200000000000006)(165.85989181798615 15.0)
(1.0E-12 10.0 0.11500000000000006)(165.85989181798615 13.0)
(1.0E-12,10.0,0.11500000000000006)(165.85989181798615 1.0)
(1.0E-12,10.0,0.11500000000000006)(165.85989181798615 6.0)
(1.0E-12,10.0,0.11500000000000006)(165.85989181798615 12.0)
(1.0E-12,10.0,0.11500000000000006)(165.85989181798615 13.0)
(1.0E-12 10.0 0.11800000000000006)(165.85989181798615 13.0)
(1.0E-12,10.0,0.11800000000000006)(165.85989181798615 1.0)
(1.0E-12,10.0,0.11800000000000006)(165.85989181798615 6.0)
(1.0E-12,10.0,0.11800000000000006)(165.85989181798615 12.0)
(1.0E-12,10.0,0.11800000000000006)(165.85989181798615 13.0)
(1.0E-12 10.0 0.12100000000000007)(140.96742886258278 258.0)
(1.0E-12,10.0,0.12100000000000007)(165.85989181798615 1.0)
(1.0E-12,10.0,0.12100000000000007)(165.85989181798615 25.0)
(1.0E-12,10.0,0.12100000000000007)(165.7229495181956 46.0)
(1.0E-12,10.0,0.12100000000000007)(165.7229495181956 59.0)
(1.0E-12,10.0,0.12100000000000007)(165.7229495181956 93.0)
(1.0E-12,10.0,0.12100000000000007)(164.57620339772384 111.0)
(1.0E-12,10.0,0.12100000000000007)(164.57620339772384 115.0)
(1.0E-12,10.0,0.12100000000000007)(164.11284944045946 120.0)
(1.0E-12,10.0,0.12100000000000007)(163.74220190547769 127.0)
(1.0E-12,10.0,0.12100000000000007)(163.95670330449443 122.0)
(1.0E-12,10.0,0.12100000000000007)(163.95670330449443 118.0)
(1.0E-12,10.0,0.12100000000000007)(163.80018475949808 119.0)
(1.0E-12,10.0,0.12100000000000007)(164.05070873130123 124.0)
(1.0E-12,10.0,0.12100000000000007)(163.03560901958141 133.0)
(1.0E-12,10.0,0.12100000000000007)(163.03560901958141 142.0)
(1.0E-12,10.0,0.12100000000000007)(162.5331977992322 150.0)
(1.0E-12,10.0,0.12100000000000007)(163.2234517464196 149.0)
(1.0E-12,10.0,0.12100000000000007)(162.32756438111537 148.0)
(1.0E-12,10.0,0.12100000000000007)(164.449465659759 135.0)
(1.0E-12,10.0,0.12100000000000007)(164.449465659759 139.0)
(1.0E-12,10.0,0.12100000000000007)(164.449465659759 141.0)
(1.0E-12,10.0,0.12100000000000007)(164.65287210917535 138.0)
(1.0E-12,10.0,0.12100000000000007)(164.68769650512687 137.0)
(1.0E-12,10.0,0.12100000000000007)(164.89076452675707 140.0)
(1.0E-12,10.0,0.12100000000000007)(164.24947402168655 143.0)
(1.0E-12,10.0,0.12100000000000007)(163.9891089406487 147.0)
(1.0E-12,10.0,0.12100000000000007)(163.95444711007963 147.0)
(1.0E-12,10.0,0.12100000000000007)(163.9370349121039 148.0)
(1.0E-12,10.0,0.12100000000000007)(164.24947402168655 146.0)
(1.0E-12,10.0,0.12100000000000007)(163.69375867279834 148.0)
(1.0E-12,10.0,0.12100000000000007)(163.4328867451465 155.0)
(1.0E-12,10.0,0.12100000000000007)(163.9370349121039 144.0)
(1.0E-12,10.0,0.12100000000000007)(163.4328867451465 154.0)
(1.0E-12,10.0,0.12100000000000007)(163.4328867451465 151.0)
(1.0E-12,10.0,0.12100000000000007)(160.96666173727183 159.0)
(1.0E-12,10.0,0.12100000000000007)(163.4328867451465 152.0)
(1.0E-12,10.0,0.12100000000000007)(162.89162260007043 145.0)
(1.0E-12,10.0,0.12100000000000007)(161.77224899711405 155.0)
(1.0E-12,10.0,0.12100000000000007)(163.6723024520528 135.0)
(1.0E-12,10.0,0.12100000000000007)(163.34108465203118 138.0)
(1.0E-12,10.0,0.12100000000000007)(163.84640828607758 136.0)
(1.0E-12 10.0 0.12400000000000007)(127.45756050403939 269.0)
(1.0E-12,10.0,0.12400000000000007)(165.85989181798615 1.0)
(1.0E-12,10.0,0.12400000000000007)(165.85989181798615 23.0)
(1.0E-12,10.0,0.12400000000000007)(165.85989181798615 25.0)
(1.0E-12,10.0,0.12400000000000007)(165.7229495181956 46.0)
(1.0E-12,10.0,0.12400000000000007)(165.7229495181956 104.0)
(1.0E-12,10.0,0.12400000000000007)(165.7229495181956 110.0)
(1.0E-12,10.0,0.12400000000000007)(165.57277599501643 105.0)
(1.0E-12,10.0,0.12400000000000007)(164.55960073150683 130.0)
(1.0E-12,10.0,0.12400000000000007)(164.29509766380718 114.0)
(1.0E-12,10.0,0.12400000000000007)(163.93937940704785 133.0)
(1.0E-12,10.0,0.12400000000000007)(164.09575397158906 141.0)
(1.0E-12,10.0,0.12400000000000007)(163.93937940704785 136.0)
(1.0E-12,10.0,0.12400000000000007)(163.62158780110582 146.0)
(1.0E-12,10.0,0.12400000000000007)(162.93933478227723 154.0)
(1.0E-12,10.0,0.12400000000000007)(161.57835996742295 164.0)
(1.0E-12,10.0,0.12400000000000007)(161.50832163093267 165.0)
(1.0E-12,10.0,0.12400000000000007)(161.83702816182188 162.0)
(1.0E-12,10.0,0.12400000000000007)(162.55961212546012 160.0)
(1.0E-12,10.0,0.12400000000000007)(162.20928970975277 165.0)
(1.0E-12,10.0,0.12400000000000007)(161.61356671327007 170.0)
(1.0E-12,10.0,0.12400000000000007)(162.08710646268275 165.0)
(1.0E-12,10.0,0.12400000000000007)(161.59217654581843 169.0)
(1.0E-12,10.0,0.12400000000000007)(162.45442451954213 167.0)
(1.0E-12,10.0,0.12400000000000007)(161.62038823422446 168.0)
(1.0E-12,10.0,0.12400000000000007)(161.33099357618215 171.0)
(1.0E-12,10.0,0.12400000000000007)(161.28670565132919 163.0)
(1.0E-12,10.0,0.12400000000000007)(161.8958701461893 168.0)
(1.0E-12,10.0,0.12400000000000007)(161.44054785504994 171.0)
(1.0E-12,10.0,0.12400000000000007)(161.29857487494172 157.0)
(1.0E-12,10.0,0.12400000000000007)(160.7000852101136 177.0)
(1.0E-12,10.0,0.12400000000000007)(161.15611416651103 173.0)
(1.0E-12,10.0,0.12400000000000007)(160.12843241999119 176.0)
(1.0E-12,10.0,0.12400000000000007)(160.75187723073165 168.0)
(1.0E-12,10.0,0.12400000000000007)(160.33069151272412 175.0)
(1.0E-12,10.0,0.12400000000000007)(162.43020081752942 163.0)
(1.0E-12,10.0,0.12400000000000007)(162.94495381020775 154.0)
(1.0E-12,10.0,0.12400000000000007)(163.00161054148 153.0)
(1.0E-12,10.0,0.12400000000000007)(163.0495496352857 152.0)
(1.0E-12,10.0,0.12400000000000007)(163.34565439304134 151.0)
(1.0E-12,10.0,0.12400000000000007)(163.34565439304134 150.0)
(1.0E-12,10.0,0.12400000000000007)(162.49565952010673 159.0)
(1.0E-12,10.0,0.12400000000000007)(164.0588955612382 146.0)
(1.0E-12,10.0,0.12400000000000007)(164.44058819854473 138.0)
(1.0E-12,10.0,0.12400000000000007)(164.50561663925558 134.0)
(1.0E-12,10.0,0.12400000000000007)(163.91123978526878 144.0)
(1.0E-12,10.0,0.12400000000000007)(164.3668349957964 135.0)
(1.0E-12,10.0,0.12400000000000007)(164.43188209955687 131.0)
(1.0E-12,10.0,0.12400000000000007)(164.30153925338735 133.0)
(1.0E-12 10.0 0.12700000000000006)(154.62321178266643 222.0)
(1.0E-12,10.0,0.12700000000000006)(165.85989181798615 1.0)
(1.0E-12,10.0,0.12700000000000006)(165.85989181798615 25.0)
(1.0E-12,10.0,0.12700000000000006)(165.85989181798615 28.0)
(1.0E-12,10.0,0.12700000000000006)(165.85989181798615 39.0)
(1.0E-12,10.0,0.12700000000000006)(165.85989181798615 49.0)
(1.0E-12,10.0,0.12700000000000006)(165.69841369937166 83.0)
(1.0E-12,10.0,0.12700000000000006)(165.47389575698148 94.0)
(1.0E-12,10.0,0.12700000000000006)(165.47389575698148 95.0)
(1.0E-12,10.0,0.12700000000000006)(165.47389575698148 110.0)
(1.0E-12,10.0,0.12700000000000006)(165.206107639382 120.0)
(1.0E-12,10.0,0.12700000000000006)(164.8706905692339 123.0)
(1.0E-12,10.0,0.12700000000000006)(164.36934417434136 127.0)
(1.0E-12,10.0,0.12700000000000006)(164.96403268044946 118.0)
(1.0E-12,10.0,0.12700000000000006)(164.96476636815396 131.0)
(1.0E-12,10.0,0.12700000000000006)(164.90064809536966 137.0)
(1.0E-12,10.0,0.12700000000000006)(164.84473302916334 141.0)
(1.0E-12,10.0,0.12700000000000006)(164.72806082737094 142.0)
(1.0E-12,10.0,0.12700000000000006)(164.63277287216124 144.0)
(1.0E-12,10.0,0.12700000000000006)(164.6023015257037 143.0)
(1.0E-12,10.0,0.12700000000000006)(164.52000207849002 142.0)
(1.0E-12,10.0,0.12700000000000006)(164.28567241386057 146.0)
(1.0E-12,10.0,0.12700000000000006)(164.36378038804017 142.0)
(1.0E-12,10.0,0.12700000000000006)(165.07873189501203 131.0)
(1.0E-12,10.0,0.12700000000000006)(164.28567241386057 147.0)
(1.0E-12,10.0,0.12700000000000006)(164.23353681004653 150.0)
(1.0E-12,10.0,0.12700000000000006)(165.07873189501203 132.0)
(1.0E-12,10.0,0.12700000000000006)(164.28567241386057 149.0)
(1.0E-12,10.0,0.12700000000000006)(164.66276508496188 147.0)
(1.0E-12,10.0,0.12700000000000006)(164.6929691297212 140.0)
(1.0E-12,10.0,0.12700000000000006)(164.6409998374922 141.0)
(1.0E-12,10.0,0.12700000000000006)(164.5803057832257 141.0)
(1.0E-12,10.0,0.12700000000000006)(165.18219475714125 126.0)
(1.0E-12,10.0,0.12700000000000006)(164.6929691297212 138.0)
(1.0E-12,10.0,0.12700000000000006)(164.6929691297212 139.0)
(1.0E-12,10.0,0.12700000000000006)(164.20720166773313 144.0)
(1.0E-12,10.0,0.12700000000000006)(164.20720166773313 145.0)
(1.0E-12,10.0,0.12700000000000006)(164.0942392262405 146.0)
(1.0E-12,10.0,0.12700000000000006)(164.25930720018565 142.0)
(1.0E-12,10.0,0.12700000000000006)(163.98127690319123 156.0)
(1.0E-12,10.0,0.12700000000000006)(163.98127690319123 155.0)
(1.0E-12,10.0,0.12700000000000006)(164.25060110119776 143.0)
(1.0E-12,10.0,0.12700000000000006)(164.03345520596787 153.0)
(1.0E-12,10.0,0.12700000000000006)(164.07691347882422 152.0)
(1.0E-12,10.0,0.12700000000000006)(164.30269106959452 140.0)
(1.0E-12,10.0,0.12700000000000006)(164.02474910697998 155.0)
(1.0E-12,10.0,0.12700000000000006)(164.3894105936719 138.0)
(1.0E-12,10.0,0.12700000000000006)(164.07691347882422 151.0)
(1.0E-12 10.0 0.13000000000000006)(151.9746274186415 223.0)
(1.0E-12,10.0,0.13000000000000006)(165.85989181798615 1.0)
(1.0E-12,10.0,0.13000000000000006)(165.85989181798615 18.0)
(1.0E-12,10.0,0.13000000000000006)(165.85989181798615 27.0)
(1.0E-12,10.0,0.13000000000000006)(165.85989181798615 29.0)
(1.0E-12,10.0,0.13000000000000006)(165.85989181798615 53.0)
(1.0E-12,10.0,0.13000000000000006)(165.85989181798615 80.0)
(1.0E-12,10.0,0.13000000000000006)(165.6635893034202 134.0)
(1.0E-12,10.0,0.13000000000000006)(165.85989181798615 107.0)
(1.0E-12,10.0,0.13000000000000006)(165.85989181798615 95.0)
(1.0E-12,10.0,0.13000000000000006)(165.85989181798615 99.0)
(1.0E-12,10.0,0.13000000000000006)(165.65595089083521 117.0)
(1.0E-12,10.0,0.13000000000000006)(165.65595089083521 116.0)
(1.0E-12,10.0,0.13000000000000006)(165.65595089083521 118.0)
(1.0E-12,10.0,0.13000000000000006)(165.65595089083521 125.0)
(1.0E-12,10.0,0.13000000000000006)(165.65595089083521 122.0)
(1.0E-12,10.0,0.13000000000000006)(165.65595089083521 120.0)
(1.0E-12,10.0,0.13000000000000006)(165.65595089083521 121.0)
(1.0E-12,10.0,0.13000000000000006)(165.65595089083521 123.0)
(1.0E-12,10.0,0.13000000000000006)(165.56797155590155 111.0)
(1.0E-12,10.0,0.13000000000000006)(165.65595089083521 112.0)
(1.0E-12,10.0,0.13000000000000006)(165.65595089083521 127.0)
(1.0E-12,10.0,0.13000000000000006)(165.65595089083521 131.0)
(1.0E-12,10.0,0.13000000000000006)(165.65595089083521 128.0)
(1.0E-12 10.0 0.13300000000000006)(153.19160308946007 203.0)
(1.0E-12,10.0,0.13300000000000006)(165.85989181798615 1.0)
(1.0E-12,10.0,0.13300000000000006)(165.85989181798615 18.0)
(1.0E-12,10.0,0.13300000000000006)(165.85989181798615 25.0)
(1.0E-12,10.0,0.13300000000000006)(165.85989181798615 57.0)
(1.0E-12,10.0,0.13300000000000006)(165.85989181798615 73.0)
(1.0E-12,10.0,0.13300000000000006)(165.82357186705167 101.0)
(1.0E-12,10.0,0.13300000000000006)(165.4998426917187 113.0)
(1.0E-12,10.0,0.13300000000000006)(165.4998426917187 116.0)
(1.0E-12,10.0,0.13300000000000006)(165.4998426917187 124.0)
(1.0E-12,10.0,0.13300000000000006)(165.29008502595514 129.0)
(1.0E-12,10.0,0.13300000000000006)(165.13642541031913 136.0)
(1.0E-12,10.0,0.13300000000000006)(164.96247479278802 139.0)
(1.0E-12,10.0,0.13300000000000006)(164.80805658637223 141.0)
(1.0E-12,10.0,0.13300000000000006)(164.6530274892037 142.0)
(1.0E-12,10.0,0.13300000000000006)(164.60109721204682 143.0)
(1.0E-12,10.0,0.13300000000000006)(164.60109721204682 147.0)
(1.0E-12,10.0,0.13300000000000006)(164.60109721204682 148.0)
(1.0E-12,10.0,0.13300000000000006)(164.60109721204682 152.0)
(1.0E-12,10.0,0.13300000000000006)(164.21947030118193 153.0)
(1.0E-12,10.0,0.13300000000000006)(164.21947030118193 151.0)
(1.0E-12,10.0,0.13300000000000006)(164.1717656571676 156.0)
(1.0E-12,10.0,0.13300000000000006)(164.21947030118193 155.0)
(1.0E-12,10.0,0.13300000000000006)(164.60109721204682 150.0)
(1.0E-12,10.0,0.13300000000000006)(164.60109721204682 145.0)
(1.0E-12,10.0,0.13300000000000006)(164.60109721204682 146.0)
(1.0E-12,10.0,0.13300000000000006)(164.60109721204682 144.0)
(1.0E-12 10.0 0.13600000000000007)(153.58439803697033 200.0)
(1.0E-12,10.0,0.13600000000000007)(165.85989181798615 1.0)
(1.0E-12,10.0,0.13600000000000007)(165.85989181798615 15.0)
(1.0E-12,10.0,0.13600000000000007)(165.85989181798615 25.0)
(1.0E-12,10.0,0.13600000000000007)(165.85989181798615 34.0)
(1.0E-12,10.0,0.13600000000000007)(165.85989181798615 50.0)
(1.0E-12,10.0,0.13600000000000007)(165.85989181798615 79.0)
(1.0E-12,10.0,0.13600000000000007)(165.77776252409544 89.0)
(1.0E-12,10.0,0.13600000000000007)(165.77776252409544 93.0)
(1.0E-12,10.0,0.13600000000000007)(165.66502679069765 98.0)
(1.0E-12,10.0,0.13600000000000007)(165.52506381280952 99.0)
(1.0E-12,10.0,0.13600000000000007)(165.52506381280952 102.0)
(1.0E-12,10.0,0.13600000000000007)(165.3156202991182 107.0)
(1.0E-12,10.0,0.13600000000000007)(165.16213745579117 106.0)
(1.0E-12,10.0,0.13600000000000007)(165.0078569631249 121.0)
(1.0E-12,10.0,0.13600000000000007)(165.0078569631249 122.0)
(1.0E-12,10.0,0.13600000000000007)(164.42794905093794 127.0)
(1.0E-12,10.0,0.13600000000000007)(164.88247404049955 127.0)
(1.0E-12,10.0,0.13600000000000007)(164.35023314822652 140.0)
(1.0E-12,10.0,0.13600000000000007)(164.35023314822652 134.0)
(1.0E-12,10.0,0.13600000000000007)(165.31408497183486 112.0)
(1.0E-12,10.0,0.13600000000000007)(164.44123869442802 133.0)
(1.0E-12,10.0,0.13600000000000007)(164.13821651979904 128.0)
(1.0E-12,10.0,0.13600000000000007)(164.67931714839375 129.0)
(1.0E-12,10.0,0.13600000000000007)(164.67931714839375 131.0)
(1.0E-12,10.0,0.13600000000000007)(164.4064142984766 131.0)
(1.0E-12,10.0,0.13600000000000007)(164.319761801769 131.0)
(1.0E-12,10.0,0.13600000000000007)(164.319761801769 130.0)
(1.0E-12,10.0,0.13600000000000007)(164.45842039739549 133.0)
(1.0E-12,10.0,0.13600000000000007)(164.6404460197187 129.0)
(1.0E-12,10.0,0.13600000000000007)(165.27123201956465 121.0)
(1.0E-12,10.0,0.13600000000000007)(165.20283482895675 122.0)
(1.0E-12,10.0,0.13600000000000007)(164.00291163742742 131.0)
(1.0E-12,10.0,0.13600000000000007)(164.00291163742742 126.0)
(1.0E-12,10.0,0.13600000000000007)(164.00291163742742 132.0)
(1.0E-12,10.0,0.13600000000000007)(164.08978518663343 128.0)
(1.0E-12,10.0,0.13600000000000007)(164.78379033624825 122.0)
(1.0E-12 10.0 0.13900000000000007)(156.32590926569978 205.0)
(1.0E-12,10.0,0.13900000000000007)(165.85989181798615 1.0)
(1.0E-12,10.0,0.13900000000000007)(165.85989181798615 18.0)
(1.0E-12,10.0,0.13900000000000007)(165.85989181798615 25.0)
(1.0E-12,10.0,0.13900000000000007)(165.85989181798615 49.0)
(1.0E-12,10.0,0.13900000000000007)(165.85989181798615 54.0)
(1.0E-12,10.0,0.13900000000000007)(165.85989181798615 82.0)
(1.0E-12,10.0,0.13900000000000007)(165.21719145070423 98.0)
(1.0E-12,10.0,0.13900000000000007)(165.21719145070423 127.0)
(1.0E-12,10.0,0.13900000000000007)(165.21719145070423 125.0)
(1.0E-12,10.0,0.13900000000000007)(165.21719145070423 129.0)
(1.0E-12,10.0,0.13900000000000007)(164.9904557419246 131.0)
(1.0E-12,10.0,0.13900000000000007)(165.21719145070423 126.0)
(1.0E-12,10.0,0.13900000000000007)(164.82123437359735 128.0)
(1.0E-12,10.0,0.13900000000000007)(164.82123437359735 130.0)
(1.0E-12,10.0,0.13900000000000007)(164.6666842179757 137.0)
(1.0E-12,10.0,0.13900000000000007)(164.4849658310848 138.0)
(1.0E-12,10.0,0.13900000000000007)(164.32952020252395 139.0)
(1.0E-12,10.0,0.13900000000000007)(164.06524232437988 140.0)
(1.0E-12,10.0,0.13900000000000007)(163.93067330806005 144.0)
(1.0E-12,10.0,0.13900000000000007)(164.06524232437988 142.0)
(1.0E-12,10.0,0.13900000000000007)(164.06524232437988 143.0)
(1.0E-12,10.0,0.13900000000000007)(164.06524232437988 145.0)
(1.0E-12,10.0,0.13900000000000007)(163.9259850413256 135.0)
(1.0E-12,10.0,0.13900000000000007)(163.9480132839528 145.0)
(1.0E-12,10.0,0.13900000000000007)(163.97839817985084 145.0)
(1.0E-12,10.0,0.13900000000000007)(164.06524232437988 141.0)
(1.0E-12,10.0,0.13900000000000007)(163.8218470707116 142.0)
(1.0E-12,10.0,0.13900000000000007)(163.8218470707116 147.0)
(1.0E-12,10.0,0.13900000000000007)(163.8218470707116 146.0)
(1.0E-12,10.0,0.13900000000000007)(163.27302658079947 150.0)
(1.0E-12 10.0 0.14200000000000007)(145.56153666593264 247.0)
(1.0E-12,10.0,0.14200000000000007)(165.85989181798615 1.0)
(1.0E-12,10.0,0.14200000000000007)(165.85989181798615 18.0)
(1.0E-12,10.0,0.14200000000000007)(165.85989181798615 25.0)
(1.0E-12,10.0,0.14200000000000007)(165.85989181798615 32.0)
(1.0E-12,10.0,0.14200000000000007)(165.85989181798615 38.0)
(1.0E-12,10.0,0.14200000000000007)(165.60975863634846 78.0)
(1.0E-12,10.0,0.14200000000000007)(165.5456875636466 109.0)
(1.0E-12,10.0,0.14200000000000007)(165.5456875636466 124.0)
(1.0E-12,10.0,0.14200000000000007)(165.33658881894104 133.0)
(1.0E-12,10.0,0.14200000000000007)(164.83864657157304 146.0)
(1.0E-12,10.0,0.14200000000000007)(165.49023941685803 127.0)
(1.0E-12,10.0,0.14200000000000007)(164.42030314770088 143.0)
(1.0E-12,10.0,0.14200000000000007)(164.34630130630399 135.0)
(1.0E-12,10.0,0.14200000000000007)(164.19066595530725 144.0)
(1.0E-12,10.0,0.14200000000000007)(164.01300573045262 148.0)
(1.0E-12,10.0,0.14200000000000007)(163.8784367141328 149.0)
(1.0E-12,10.0,0.14200000000000007)(163.84367060933192 150.0)
(1.0E-12,10.0,0.14200000000000007)(163.05570978758024 149.0)
(1.0E-12,10.0,0.14200000000000007)(164.01300573045262 147.0)
(1.0E-12,10.0,0.14200000000000007)(164.01300573045262 151.0)
(1.0E-12,10.0,0.14200000000000007)(162.37509766935412 152.0)
(1.0E-12,10.0,0.14200000000000007)(163.88271754154374 157.0)
(1.0E-12,10.0,0.14200000000000007)(162.8597588103771 155.0)
(1.0E-12,10.0,0.14200000000000007)(164.01300573045262 154.0)
(1.0E-12,10.0,0.14200000000000007)(164.01300573045262 153.0)
(1.0E-12,10.0,0.14200000000000007)(162.57406653462414 155.0)
(1.0E-12 10.0 0.14500000000000007)(158.88872718095456 218.0)
(1.0E-12,10.0,0.14500000000000007)(165.85989181798615 1.0)
(1.0E-12,10.0,0.14500000000000007)(165.85989181798615 24.0)
(1.0E-12,10.0,0.14500000000000007)(165.85989181798615 25.0)
(1.0E-12,10.0,0.14500000000000007)(165.85989181798615 32.0)
(1.0E-12,10.0,0.14500000000000007)(165.85989181798615 40.0)
(1.0E-12,10.0,0.14500000000000007)(165.85989181798615 59.0)
(1.0E-12,10.0,0.14500000000000007)(165.85989181798615 73.0)
(1.0E-12,10.0,0.14500000000000007)(165.74471476566526 112.0)
(1.0E-12,10.0,0.14500000000000007)(165.74471476566526 108.0)
(1.0E-12,10.0,0.14500000000000007)(165.53750020944398 123.0)
(1.0E-12,10.0,0.14500000000000007)(165.58051195959808 120.0)
(1.0E-12,10.0,0.14500000000000007)(165.6940606498777 135.0)
(1.0E-12,10.0,0.14500000000000007)(165.47389575698148 144.0)
(1.0E-12,10.0,0.14500000000000007)(165.3214932763323 148.0)
(1.0E-12,10.0,0.14500000000000007)(165.04289717333526 151.0)
(1.0E-12,10.0,0.14500000000000007)(165.02165080616797 152.0)
(1.0E-12,10.0,0.14500000000000007)(164.89636896622912 156.0)
(1.0E-12,10.0,0.14500000000000007)(164.9660177581321 156.0)
(1.0E-12,10.0,0.14500000000000007)(165.02165080616797 154.0)
(1.0E-12,10.0,0.14500000000000007)(165.02165080616797 155.0)
(1.0E-12,10.0,0.14500000000000007)(165.22719534418255 152.0)
(1.0E-12,10.0,0.14500000000000007)(164.98296480614542 158.0)
(1.0E-12,10.0,0.14500000000000007)(164.98296480614542 159.0)
(1.0E-12,10.0,0.14500000000000007)(164.9398994611685 162.0)
(1.0E-12,10.0,0.14500000000000007)(164.72856524051883 160.0)
(1.0E-12,10.0,0.14500000000000007)(163.75251999511656 164.0)
(1.0E-12,10.0,0.14500000000000007)(164.9442525106624 160.0)
(1.0E-12,10.0,0.14500000000000007)(164.6766553888464 161.0)
(1.0E-12,10.0,0.14500000000000007)(163.8221708022798 158.0)
(1.0E-12,10.0,0.14500000000000007)(163.51288425881893 161.0)
(1.0E-12,10.0,0.14500000000000007)(164.93119336218064 160.0)
(1.0E-12,10.0,0.14500000000000007)(164.6679492898585 162.0)
(1.0E-12,10.0,0.14500000000000007)(164.6766553888464 163.0)
(1.0E-12,10.0,0.14500000000000007)(164.71550609203703 159.0)
(1.0E-12,10.0,0.14500000000000007)(164.71550609203703 157.0)
(1.0E-12,10.0,0.14500000000000007)(164.9699056576636 157.0)
(1.0E-12,10.0,0.14500000000000007)(164.76739485100418 159.0)
(1.0E-12 10.0 0.14800000000000008)(159.15376792856458 204.0)
(1.0E-12,10.0,0.14800000000000008)(165.85989181798615 1.0)
(1.0E-12,10.0,0.14800000000000008)(165.85989181798615 24.0)
(1.0E-12,10.0,0.14800000000000008)(165.85989181798615 25.0)
(1.0E-12,10.0,0.14800000000000008)(165.85989181798615 46.0)
(1.0E-12,10.0,0.14800000000000008)(165.85989181798615 63.0)
(1.0E-12,10.0,0.14800000000000008)(165.17006229229787 91.0)
(1.0E-12,10.0,0.14800000000000008)(165.22154450019815 104.0)
(1.0E-12,10.0,0.14800000000000008)(165.22154450019815 100.0)
(1.0E-12,10.0,0.14800000000000008)(165.15336486501198 107.0)
(1.0E-12,10.0,0.14800000000000008)(164.898416854844 119.0)
(1.0E-12,10.0,0.14800000000000008)(165.41395658080734 123.0)
(1.0E-12,10.0,0.14800000000000008)(165.20053363875542 133.0)
(1.0E-12,10.0,0.14800000000000008)(165.04687402311941 134.0)
(1.0E-12,10.0,0.14800000000000008)(164.92170203003386 143.0)
(1.0E-12,10.0,0.14800000000000008)(164.76702520916177 144.0)
(1.0E-12,10.0,0.14800000000000008)(164.81886958803707 140.0)
(1.0E-12,10.0,0.14800000000000008)(164.74562960353455 145.0)
(1.0E-12,10.0,0.14800000000000008)(164.74562960353455 148.0)
(1.0E-12,10.0,0.14800000000000008)(164.6897145373282 149.0)
(1.0E-12,10.0,0.14800000000000008)(164.51234828126934 150.0)
(1.0E-12,10.0,0.14800000000000008)(164.56842198434364 148.0)
(1.0E-12,10.0,0.14800000000000008)(164.52080574160857 149.0)
(1.0E-12,10.0,0.14800000000000008)(164.47752388531782 152.0)
(1.0E-12,10.0,0.14800000000000008)(164.4385769348807 154.0)
(1.0E-12,10.0,0.14800000000000008)(164.27826406257756 155.0)
(1.0E-12,10.0,0.14800000000000008)(164.64618404238888 154.0)
(1.0E-12,10.0,0.14800000000000008)(164.48622998430574 155.0)
(1.0E-12,10.0,0.14800000000000008)(164.27826406257756 157.0)
(1.0E-12,10.0,0.14800000000000008)(164.16547831797692 160.0)
(1.0E-12,10.0,0.14800000000000008)(164.16547831797692 159.0)
(1.0E-12,10.0,0.14800000000000008)(164.12204881315077 160.0)
(1.0E-12,10.0,0.14800000000000008)(164.06119257079513 161.0)
(1.0E-12,10.0,0.14800000000000008)(164.104636615175 160.0)
(1.0E-12,10.0,0.14800000000000008)(164.23488019316866 157.0)
(1.0E-12,10.0,0.14800000000000008)(164.104636615175 162.0)
(1.0E-12,10.0,0.14800000000000008)(164.0220873474327 162.0)
(1.0E-12,10.0,0.14800000000000008)(164.0568395213012 162.0)
(1.0E-12,10.0,0.14800000000000008)(164.1871277102101 156.0)
(1.0E-12,10.0,0.14800000000000008)(164.54257098907829 157.0)
(1.0E-12,10.0,0.14800000000000008)(164.06119257079513 163.0)
(1.0E-12,10.0,0.14800000000000008)(164.14371307050726 158.0)
(1.0E-12,10.0,0.14800000000000008)(164.01773429793877 163.0)
(1.0E-12,10.0,0.14800000000000008)(164.29986674466483 152.0)
(1.0E-12,10.0,0.14800000000000008)(164.36063053716097 152.0)
(1.0E-12,10.0,0.14800000000000008)(164.40831843000407 151.0)
(1.0E-12,10.0,0.14800000000000008)(164.34757138867917 151.0)
(1.0E-12,10.0,0.14800000000000008)(164.5858341823194 152.0)
(1.0E-12 10.0 0.15100000000000008)(154.11223847461514 232.0)
(1.0E-12,10.0,0.15100000000000008)(165.85989181798615 1.0)
(1.0E-12,10.0,0.15100000000000008)(165.85989181798615 24.0)
(1.0E-12,10.0,0.15100000000000008)(165.85989181798615 25.0)
(1.0E-12,10.0,0.15100000000000008)(165.85989181798615 32.0)
(1.0E-12,10.0,0.15100000000000008)(165.85989181798615 38.0)
(1.0E-12,10.0,0.15100000000000008)(165.85989181798615 75.0)
(1.0E-12,10.0,0.15100000000000008)(165.28169046546643 98.0)
(1.0E-12,10.0,0.15100000000000008)(165.17513011248167 127.0)
(1.0E-12,10.0,0.15100000000000008)(165.17513011248167 131.0)
(1.0E-12,10.0,0.15100000000000008)(165.17513011248167 136.0)
(1.0E-12,10.0,0.15100000000000008)(165.3165148614179 135.0)
(1.0E-12,10.0,0.15100000000000008)(165.22665193571902 146.0)
(1.0E-12,10.0,0.15100000000000008)(164.78815399107552 157.0)
(1.0E-12,10.0,0.15100000000000008)(164.75868875201633 157.0)
(1.0E-12,10.0,0.15100000000000008)(164.63312489390702 158.0)
(1.0E-12,10.0,0.15100000000000008)(164.45184892494342 163.0)
(1.0E-12,10.0,0.15100000000000008)(164.03949954540843 165.0)
(1.0E-12,10.0,0.15100000000000008)(164.17406856172826 163.0)
(1.0E-12,10.0,0.15100000000000008)(165.46696665554188 136.0)
(1.0E-12,10.0,0.15100000000000008)(164.1132417240497 164.0)
(1.0E-12,10.0,0.15100000000000008)(164.06545916972956 165.0)
(1.0E-12,10.0,0.15100000000000008)(164.02201512534967 166.0)
(1.0E-12,10.0,0.15100000000000008)(163.98290990198723 169.0)
(1.0E-12,10.0,0.15100000000000008)(163.98290990198723 170.0)
(1.0E-12,10.0,0.15100000000000008)(165.34246179615513 142.0)
(1.0E-12,10.0,0.15100000000000008)(165.34246179615513 144.0)
(1.0E-12,10.0,0.15100000000000008)(163.9394376981985 172.0)
(1.0E-12,10.0,0.15100000000000008)(163.9394376981985 171.0)
(1.0E-12,10.0,0.15100000000000008)(163.9394376981985 173.0)
(1.0E-12,10.0,0.15100000000000008)(164.04378037281938 171.0)
(1.0E-12,10.0,0.15100000000000008)(164.000322099963 171.0)
(1.0E-12,10.0,0.15100000000000008)(163.98290990198723 174.0)
(1.0E-12,10.0,0.15100000000000008)(163.9394376981985 175.0)
(1.0E-12,10.0,0.15100000000000008)(163.9872629514812 173.0)
(1.0E-12,10.0,0.15100000000000008)(164.0828713677053 171.0)
(1.0E-12,10.0,0.15100000000000008)(164.13065392202543 171.0)
(1.0E-12,10.0,0.15100000000000008)(164.13065392202543 177.0)
(1.0E-12,10.0,0.15100000000000008)(164.50339354363285 160.0)
(1.0E-12,10.0,0.15100000000000008)(164.13065392202543 176.0)
(1.0E-12 10.0 0.15400000000000008)(153.63882310803803 214.0)
(1.0E-12,10.0,0.15400000000000008)(165.85989181798615 1.0)
(1.0E-12,10.0,0.15400000000000008)(165.85989181798615 20.0)
(1.0E-12,10.0,0.15400000000000008)(165.85989181798615 25.0)
(1.0E-12,10.0,0.15400000000000008)(165.85989181798615 32.0)
(1.0E-12,10.0,0.15400000000000008)(165.85989181798615 55.0)
(1.0E-12,10.0,0.15400000000000008)(165.85989181798615 73.0)
(1.0E-12,10.0,0.15400000000000008)(165.85989181798615 91.0)
(1.0E-12,10.0,0.15400000000000008)(165.85989181798615 116.0)
(1.0E-12,10.0,0.15400000000000008)(165.85989181798615 118.0)
(1.0E-12,10.0,0.15400000000000008)(165.85989181798615 120.0)
(1.0E-12,10.0,0.15400000000000008)(165.85989181798615 114.0)
(1.0E-12,10.0,0.15400000000000008)(165.03171733319948 127.0)
(1.0E-12,10.0,0.15400000000000008)(165.242513020021 121.0)
(1.0E-12,10.0,0.15400000000000008)(165.0892177258607 132.0)
(1.0E-12,10.0,0.15400000000000008)(164.93508126171213 140.0)
(1.0E-12,10.0,0.15400000000000008)(164.27728360859666 143.0)
(1.0E-12,10.0,0.15400000000000008)(163.62160679399042 150.0)
(1.0E-12,10.0,0.15400000000000008)(164.2557488561353 144.0)
(1.0E-12,10.0,0.15400000000000008)(163.59989983767136 153.0)
(1.0E-12,10.0,0.15400000000000008)(163.42152418797323 159.0)
(1.0E-12,10.0,0.15400000000000008)(163.42152418797323 160.0)
(1.0E-12,10.0,0.15400000000000008)(163.42152418797323 163.0)
(1.0E-12,10.0,0.15400000000000008)(163.74333350717822 154.0)
(1.0E-12,10.0,0.15400000000000008)(163.42152418797323 161.0)
(1.0E-12,10.0,0.15400000000000008)(163.42152418797323 162.0)
(1.0E-12,10.0,0.15400000000000008)(163.42152418797323 166.0)
(1.0E-12,10.0,0.15400000000000008)(163.7218298686071 161.0)
(1.0E-12,10.0,0.15400000000000008)(164.08619276745267 153.0)
(1.0E-12,10.0,0.15400000000000008)(163.06418077436564 163.0)
(1.0E-12,10.0,0.15400000000000008)(164.07802378585646 160.0)
(1.0E-12,10.0,0.15400000000000008)(163.90004328895992 144.0)
(1.0E-12,10.0,0.15400000000000008)(163.7218298686071 155.0)
(1.0E-12,10.0,0.15400000000000008)(163.90004328895992 142.0)
(1.0E-12,10.0,0.15400000000000008)(163.7218298686071 158.0)
(1.0E-12,10.0,0.15400000000000008)(163.7218298686071 156.0)
(1.0E-12,10.0,0.15400000000000008)(163.7218298686071 157.0)
(1.0E-12,10.0,0.15400000000000008)(164.08619276745267 164.0)
(1.0E-12 10.0 0.15700000000000008)(147.4739335938517 241.0)
(1.0E-12,10.0,0.15700000000000008)(165.85989181798615 1.0)
(1.0E-12,10.0,0.15700000000000008)(165.85989181798615 20.0)
(1.0E-12,10.0,0.15700000000000008)(165.85989181798615 25.0)
(1.0E-12,10.0,0.15700000000000008)(165.85989181798615 32.0)
(1.0E-12,10.0,0.15700000000000008)(165.85989181798615 86.0)
(1.0E-12,10.0,0.15700000000000008)(165.85989181798615 91.0)
(1.0E-12,10.0,0.15700000000000008)(165.85989181798615 94.0)
(1.0E-12,10.0,0.15700000000000008)(165.4303652620421 114.0)
(1.0E-12,10.0,0.15700000000000008)(165.85989181798615 110.0)
(1.0E-12,10.0,0.15700000000000008)(165.85989181798615 96.0)
(1.0E-12,10.0,0.15700000000000008)(165.6127901967704 109.0)
(1.0E-12,10.0,0.15700000000000008)(165.40525048181948 123.0)
(1.0E-12,10.0,0.15700000000000008)(165.19520407000482 126.0)
(1.0E-12,10.0,0.15700000000000008)(165.0413772456151 139.0)
(1.0E-12,10.0,0.15700000000000008)(164.88682708999346 142.0)
(1.0E-12,10.0,0.15700000000000008)(164.61026118933643 145.0)
(1.0E-12,10.0,0.15700000000000008)(164.86545405757576 145.0)
(1.0E-12,10.0,0.15700000000000008)(164.86545405757576 147.0)
(1.0E-12,10.0,0.15700000000000008)(164.4847691893674 160.0)
(1.0E-12,10.0,0.15700000000000008)(165.25540080627636 147.0)
(1.0E-12,10.0,0.15700000000000008)(164.66221126718838 149.0)
(1.0E-12,10.0,0.15700000000000008)(164.4847691893674 162.0)
(1.0E-12,10.0,0.15700000000000008)(164.4847691893674 163.0)
(1.0E-12,10.0,0.15700000000000008)(165.25540080627636 150.0)
(1.0E-12,10.0,0.15700000000000008)(164.12471057269812 164.0)
(1.0E-12,10.0,0.15700000000000008)(164.12471057269812 156.0)
(1.0E-12,10.0,0.15700000000000008)(164.12471057269812 161.0)
(1.0E-12,10.0,0.15700000000000008)(165.21266703898385 156.0)
(1.0E-12,10.0,0.15700000000000008)(164.08126652831822 159.0)
(1.0E-12,10.0,0.15700000000000008)(164.08126652831822 165.0)
(1.0E-12,10.0,0.15700000000000008)(164.12471057269812 157.0)
(1.0E-12,10.0,0.15700000000000008)(164.3026910695946 145.0)
(1.0E-12 10.0 0.1600000000000001)(154.5885647265103 219.0)
(1.0E-12,10.0,0.1600000000000001)(165.85989181798615 1.0)
(1.0E-12,10.0,0.1600000000000001)(165.85989181798615 18.0)
(1.0E-12,10.0,0.1600000000000001)(165.85989181798615 25.0)
(1.0E-12,10.0,0.1600000000000001)(165.85989181798615 32.0)
(1.0E-12,10.0,0.1600000000000001)(165.85989181798615 52.0)
(1.0E-12,10.0,0.1600000000000001)(165.85989181798615 67.0)
(1.0E-12,10.0,0.1600000000000001)(165.85989181798615 71.0)
(1.0E-12,10.0,0.1600000000000001)(165.85989181798615 101.0)
(1.0E-12,10.0,0.1600000000000001)(165.75599727662578 108.0)
(1.0E-12,10.0,0.1600000000000001)(165.75599727662578 105.0)
(1.0E-12,10.0,0.1600000000000001)(165.75599727662578 120.0)
(1.0E-12,10.0,0.1600000000000001)(165.75599727662578 109.0)
(1.0E-12,10.0,0.1600000000000001)(165.39579793591872 117.0)
(1.0E-12,10.0,0.1600000000000001)(165.30176442298952 127.0)
(1.0E-12,10.0,0.1600000000000001)(165.14846912882922 134.0)
(1.0E-12,10.0,0.1600000000000001)(165.089089427822 133.0)
(1.0E-12,10.0,0.1600000000000001)(165.02341748570313 141.0)
(1.0E-12,10.0,0.1600000000000001)(164.86899927928735 144.0)
(1.0E-12,10.0,0.1600000000000001)(164.8515870813116 138.0)
(1.0E-12,10.0,0.1600000000000001)(164.8302374465723 145.0)
(1.0E-12,10.0,0.1600000000000001)(164.8302374465723 148.0)
(1.0E-12,10.0,0.1600000000000001)(164.5580245954092 163.0)
(1.0E-12,10.0,0.1600000000000001)(165.46602181250816 147.0)
(1.0E-12,10.0,0.1600000000000001)(164.5580245954092 164.0)
(1.0E-12,10.0,0.1600000000000001)(164.5580245954092 161.0)
(1.0E-12,10.0,0.1600000000000001)(165.46602181250816 149.0)
(1.0E-12,10.0,0.1600000000000001)(164.5147614021681 165.0)
(1.0E-12,10.0,0.1600000000000001)(165.4234361606025 152.0)
(1.0E-12,10.0,0.1600000000000001)(164.5147614021681 162.0)
(1.0E-12,10.0,0.1600000000000001)(165.4234361606025 153.0)
(1.0E-12,10.0,0.1600000000000001)(164.47147954587732 164.0)
(1.0E-12,10.0,0.1600000000000001)(164.5147614021681 166.0)
(1.0E-12,10.0,0.1600000000000001)(164.47147954587732 168.0)
(1.0E-12,10.0,0.1600000000000001)(164.47147954587732 167.0)
(1.0E-12,10.0,0.1600000000000001)(165.4234361606025 156.0)
(1.0E-12,10.0,0.1600000000000001)(165.4234361606025 158.0)
(1.0E-12,10.0,0.1600000000000001)(164.47147954587732 170.0)
(1.0E-12,10.0,0.1600000000000001)(164.47147954587732 169.0)
(1.0E-12,10.0,0.1600000000000001)(164.47147954587732 174.0)
(1.0E-12,10.0,0.1600000000000001)(164.47147954587732 171.0)
(1.0E-12,10.0,0.1600000000000001)(164.47147954587732 175.0)
(1.0E-12 10.0 0.1630000000000001)(153.19363133458168 235.0)
(1.0E-12,10.0,0.1630000000000001)(165.85989181798615 1.0)
(1.0E-12,10.0,0.1630000000000001)(165.85989181798615 18.0)
(1.0E-12,10.0,0.1630000000000001)(165.85989181798615 25.0)
(1.0E-12,10.0,0.1630000000000001)(165.85989181798615 34.0)
(1.0E-12,10.0,0.1630000000000001)(165.85989181798615 51.0)
(1.0E-12,10.0,0.1630000000000001)(165.82357186705167 86.0)
(1.0E-12,10.0,0.1630000000000001)(165.68535455088985 95.0)
(1.0E-12,10.0,0.1630000000000001)(165.31651486141791 135.0)
(1.0E-12,10.0,0.1630000000000001)(165.31651486141791 139.0)
(1.0E-12,10.0,0.1630000000000001)(165.31651486141791 138.0)
(1.0E-12,10.0,0.1630000000000001)(165.31651486141791 140.0)
(1.0E-12,10.0,0.1630000000000001)(164.88567778955857 143.0)
(1.0E-12,10.0,0.1630000000000001)(164.73087916510607 146.0)
(1.0E-12,10.0,0.1630000000000001)(164.88567778955857 145.0)
(1.0E-12,10.0,0.1630000000000001)(164.5755327328567 155.0)
(1.0E-12,10.0,0.1630000000000001)(164.5755327328567 154.0)
(1.0E-12,10.0,0.1630000000000001)(164.55401612403566 158.0)
(1.0E-12,10.0,0.1630000000000001)(164.48459782714096 160.0)
(1.0E-12,10.0,0.1630000000000001)(164.48459782714096 159.0)
(1.0E-12,10.0,0.1630000000000001)(165.5466576980528 148.0)
(1.0E-12,10.0,0.1630000000000001)(165.4234361606025 151.0)
(1.0E-12,10.0,0.1630000000000001)(164.25042973897135 168.0)
(1.0E-12,10.0,0.1630000000000001)(164.25042973897135 167.0)
(1.0E-12,10.0,0.1630000000000001)(164.19832420651886 168.0)
(1.0E-12,10.0,0.1630000000000001)(165.4234361606025 152.0)
(1.0E-12,10.0,0.1630000000000001)(164.43257407479464 161.0)
(1.0E-12,10.0,0.1630000000000001)(164.19832420651886 169.0)
(1.0E-12,10.0,0.1630000000000001)(165.38079702881163 157.0)
(1.0E-12,10.0,0.1630000000000001)(164.19832420651886 170.0)
(1.0E-12,10.0,0.1630000000000001)(164.25042973897135 166.0)
(1.0E-12,10.0,0.1630000000000001)(164.43257407479464 164.0)
(1.0E-12,10.0,0.1630000000000001)(164.30251970736813 165.0)
(1.0E-12,10.0,0.1630000000000001)(164.53660392605988 156.0)
(1.0E-12,10.0,0.1630000000000001)(164.30251970736813 175.0)
(1.0E-12 10.0 0.1660000000000001)(159.25097888964572 204.0)
(1.0E-12,10.0,0.1660000000000001)(165.85989181798615 1.0)
(1.0E-12,10.0,0.1660000000000001)(165.85989181798615 18.0)
(1.0E-12,10.0,0.1660000000000001)(165.85989181798615 25.0)
(1.0E-12,10.0,0.1660000000000001)(165.85989181798615 32.0)
(1.0E-12,10.0,0.1660000000000001)(165.85989181798615 38.0)
(1.0E-12,10.0,0.1660000000000001)(165.7229495181956 91.0)
(1.0E-12,10.0,0.1660000000000001)(165.7229495181956 76.0)
(1.0E-12,10.0,0.1660000000000001)(165.7229495181956 111.0)
(1.0E-12,10.0,0.1660000000000001)(165.44878097675883 118.0)
(1.0E-12,10.0,0.1660000000000001)(165.7229495181956 113.0)
(1.0E-12,10.0,0.1660000000000001)(165.08395392712666 124.0)
(1.0E-12,10.0,0.1660000000000001)(165.44878097675883 117.0)
(1.0E-12,10.0,0.1660000000000001)(165.23873456494417 121.0)
(1.0E-12,10.0,0.1660000000000001)(165.23873456494417 130.0)
(1.0E-12,10.0,0.1660000000000001)(165.08490774055448 139.0)
(1.0E-12,10.0,0.1660000000000001)(164.99450402690707 133.0)
(1.0E-12,10.0,0.1660000000000001)(164.67527041567018 134.0)
(1.0E-12,10.0,0.1660000000000001)(164.584410194071 144.0)
(1.0E-12,10.0,0.1660000000000001)(164.584410194071 146.0)
(1.0E-12,10.0,0.1660000000000001)(164.56289358524998 145.0)
(1.0E-12,10.0,0.1660000000000001)(164.56289358524998 148.0)
(1.0E-12,10.0,0.1660000000000001)(164.38523644459696 159.0)
(1.0E-12,10.0,0.1660000000000001)(164.38523644459696 161.0)
(1.0E-12,10.0,0.1660000000000001)(164.38523644459696 160.0)
(1.0E-12,10.0,0.1660000000000001)(165.40691532577523 140.0)
(1.0E-12,10.0,0.1660000000000001)(164.34186851504 163.0)
(1.0E-12,10.0,0.1660000000000001)(164.16814007752427 164.0)
(1.0E-12,10.0,0.1660000000000001)(165.3642270436248 143.0)
(1.0E-12,10.0,0.1660000000000001)(164.04657264560035 164.0)
(1.0E-12,10.0,0.1660000000000001)(164.04657264560035 162.0)
(1.0E-12,10.0,0.1660000000000001)(164.26814436064828 149.0)
(1.0E-12,10.0,0.1660000000000001)(164.04657264560035 165.0)
(1.0E-12,10.0,0.1660000000000001)(163.99002764728465 165.0)
(1.0E-12,10.0,0.1660000000000001)(163.99002764728465 166.0)
(1.0E-12,10.0,0.1660000000000001)(163.99002764728465 167.0)
(1.0E-12,10.0,0.1660000000000001)(163.99002764728465 168.0)
(1.0E-12,10.0,0.1660000000000001)(164.26814436064828 152.0)
(1.0E-12 10.0 0.1690000000000001)(152.14530905262552 244.0)
(1.0E-12,10.0,0.1690000000000001)(165.85989181798615 1.0)
(1.0E-12,10.0,0.1690000000000001)(165.85989181798615 18.0)
(1.0E-12,10.0,0.1690000000000001)(165.85989181798615 25.0)
(1.0E-12,10.0,0.1690000000000001)(165.85989181798615 34.0)
(1.0E-12,10.0,0.1690000000000001)(165.85989181798615 58.0)
(1.0E-12,10.0,0.1690000000000001)(165.74906781515924 86.0)
(1.0E-12,10.0,0.1690000000000001)(165.74906781515924 107.0)
(1.0E-12,10.0,0.1690000000000001)(165.64326154322796 135.0)
(1.0E-12,10.0,0.1690000000000001)(165.74906781515924 132.0)
(1.0E-12,10.0,0.1690000000000001)(165.64326154322796 139.0)
(1.0E-12,10.0,0.1690000000000001)(165.64326154322796 138.0)
(1.0E-12,10.0,0.1690000000000001)(164.76034440416532 145.0)
(1.0E-12,10.0,0.1690000000000001)(164.70852342296848 146.0)
(1.0E-12,10.0,0.1690000000000001)(164.58304684453867 147.0)
(1.0E-12,10.0,0.1690000000000001)(164.2718857955282 157.0)
(1.0E-12,10.0,0.1690000000000001)(164.14595655111688 158.0)
(1.0E-12,10.0,0.1690000000000001)(164.05053736907473 164.0)
(1.0E-12,10.0,0.1690000000000001)(164.12432236512197 161.0)
(1.0E-12,10.0,0.1690000000000001)(163.78964728042996 175.0)
(1.0E-12,10.0,0.1690000000000001)(163.78964728042996 176.0)
(1.0E-12,10.0,0.1690000000000001)(163.73742884749564 176.0)
(1.0E-12,10.0,0.1690000000000001)(164.07220162643125 163.0)
(1.0E-12,10.0,0.1690000000000001)(163.73742884749564 177.0)
(1.0E-12,10.0,0.1690000000000001)(163.6939036539183 180.0)
(1.0E-12,10.0,0.1690000000000001)(163.6939036539183 181.0)
(1.0E-12,10.0,0.1690000000000001)(165.10706774009014 153.0)
(1.0E-12,10.0,0.1690000000000001)(163.74613494648352 177.0)
(1.0E-12,10.0,0.1690000000000001)(163.74613494648352 178.0)
(1.0E-12,10.0,0.1690000000000001)(165.10706774009014 155.0)
(1.0E-12,10.0,0.1690000000000001)(163.70260975290617 181.0)
(1.0E-12,10.0,0.1690000000000001)(164.12432236512197 160.0)
(1.0E-12,10.0,0.1690000000000001)(163.70260975290617 179.0)
(1.0E-12,10.0,0.1690000000000001)(163.78964728042996 174.0)
(1.0E-12,10.0,0.1690000000000001)(164.02441907211116 160.0)
(1.0E-12 10.0 0.1720000000000001)(152.0333062717744 222.0)
(1.0E-12,10.0,0.1720000000000001)(165.85989181798615 1.0)
(1.0E-12,10.0,0.1720000000000001)(165.85989181798615 18.0)
(1.0E-12,10.0,0.1720000000000001)(165.85989181798615 25.0)
(1.0E-12,10.0,0.1720000000000001)(165.85989181798615 34.0)
(1.0E-12,10.0,0.1720000000000001)(165.85989181798615 61.0)
(1.0E-12,10.0,0.1720000000000001)(165.85989181798615 63.0)
(1.0E-12,10.0,0.1720000000000001)(165.85989181798615 101.0)
(1.0E-12,10.0,0.1720000000000001)(165.85989181798615 107.0)
(1.0E-12,10.0,0.1720000000000001)(165.85989181798615 105.0)
(1.0E-12,10.0,0.1720000000000001)(165.85989181798615 113.0)
(1.0E-12,10.0,0.1720000000000001)(164.90656100934174 134.0)
(1.0E-12,10.0,0.1720000000000001)(164.90656100934174 135.0)
(1.0E-12,10.0,0.1720000000000001)(164.29283130073185 140.0)
(1.0E-12,10.0,0.1720000000000001)(164.29283130073185 147.0)
(1.0E-12,10.0,0.1720000000000001)(164.13710508525 148.0)
(1.0E-12,10.0,0.1720000000000001)(163.68966723220296 152.0)
(1.0E-12,10.0,0.1720000000000001)(163.66793325682605 153.0)
(1.0E-12,10.0,0.1720000000000001)(162.46954962520124 159.0)
(1.0E-12,10.0,0.1720000000000001)(165.09948775214147 149.0)
(1.0E-12,10.0,0.1720000000000001)(163.21493580807586 170.0)
(1.0E-12,10.0,0.1720000000000001)(163.21493580807586 171.0)
(1.0E-12,10.0,0.1720000000000001)(163.21493580807586 172.0)
(1.0E-12,10.0,0.1720000000000001)(163.17131572176754 175.0)
(1.0E-12,10.0,0.1720000000000001)(162.7915024617098 173.0)
(1.0E-12,10.0,0.1720000000000001)(162.74778941501594 176.0)
(1.0E-12,10.0,0.1720000000000001)(162.7915024617098 174.0)
(1.0E-12,10.0,0.1720000000000001)(162.7040667787203 178.0)
(1.0E-12,10.0,0.1720000000000001)(162.66033468505645 178.0)
(1.0E-12,10.0,0.1720000000000001)(162.74778941501594 177.0)
(1.0E-12,10.0,0.1720000000000001)(162.7040667787203 179.0)
(1.0E-12,10.0,0.1720000000000001)(162.64727553657463 180.0)
(1.0E-12,10.0,0.1720000000000001)(164.9325079440789 167.0)
(1.0E-12,10.0,0.1720000000000001)(163.12768465755292 179.0)
(1.0E-12,10.0,0.1720000000000001)(162.7040667787203 182.0)
(1.0E-12,10.0,0.1720000000000001)(162.7040667787203 181.0)
(1.0E-12,10.0,0.1720000000000001)(162.97060901782868 161.0)
(1.0E-12,10.0,0.1720000000000001)(162.6910076302385 178.0)
(1.0E-12,10.0,0.1720000000000001)(163.35002586322133 160.0)
(1.0E-12,10.0,0.1720000000000001)(162.73473026653414 181.0)
(1.0E-12,10.0,0.1720000000000001)(162.6910076302385 184.0)
(1.0E-12 10.0 0.1750000000000001)(155.30618306854967 237.0)
(1.0E-12,10.0,0.1750000000000001)(165.85989181798615 1.0)
(1.0E-12,10.0,0.1750000000000001)(165.85989181798615 18.0)
(1.0E-12,10.0,0.1750000000000001)(165.85989181798615 25.0)
(1.0E-12,10.0,0.1750000000000001)(165.85989181798615 34.0)
(1.0E-12,10.0,0.1750000000000001)(165.85989181798615 39.0)
(1.0E-12,10.0,0.1750000000000001)(165.64326154322796 68.0)
(1.0E-12,10.0,0.1750000000000001)(165.52941686230346 90.0)
(1.0E-12,10.0,0.1750000000000001)(165.49130795495722 116.0)
(1.0E-12,10.0,0.1750000000000001)(165.44878097675885 139.0)
(1.0E-12,10.0,0.1750000000000001)(165.36355619306232 145.0)
(1.0E-12,10.0,0.1750000000000001)(165.44878097675885 141.0)
(1.0E-12,10.0,0.1750000000000001)(165.44878097675885 140.0)
(1.0E-12,10.0,0.1750000000000001)(165.44878097675885 150.0)
(1.0E-12,10.0,0.1750000000000001)(165.15299354054963 154.0)
(1.0E-12,10.0,0.1750000000000001)(164.8440584519485 164.0)
(1.0E-12,10.0,0.1750000000000001)(164.7184945938392 163.0)
(1.0E-12,10.0,0.1750000000000001)(164.5928489913607 164.0)
(1.0E-12,10.0,0.1750000000000001)(164.50218138734323 165.0)
(1.0E-12,10.0,0.1750000000000001)(164.42858803911741 170.0)
(1.0E-12,10.0,0.1750000000000001)(164.80620265460723 159.0)
(1.0E-12,10.0,0.1750000000000001)(164.69842063631606 172.0)
(1.0E-12,10.0,0.1750000000000001)(164.69842063631606 173.0)
(1.0E-12,10.0,0.1750000000000001)(164.69842063631606 175.0)
(1.0E-12,10.0,0.1750000000000001)(164.42858803911741 171.0)
(1.0E-12,10.0,0.1750000000000001)(164.84934093449462 174.0)
(1.0E-12 10.0 0.1780000000000001)(155.76558186165678 233.0)
(1.0E-12,10.0,0.1780000000000001)(165.85989181798615 1.0)
(1.0E-12,10.0,0.1780000000000001)(165.85989181798615 18.0)
(1.0E-12,10.0,0.1780000000000001)(165.85989181798615 25.0)
(1.0E-12,10.0,0.1780000000000001)(165.85989181798615 34.0)
(1.0E-12,10.0,0.1780000000000001)(165.85989181798615 39.0)
(1.0E-12,10.0,0.1780000000000001)(165.85989181798615 56.0)
(1.0E-12,10.0,0.1780000000000001)(165.85989181798615 66.0)
(1.0E-12,10.0,0.1780000000000001)(165.85989181798615 80.0)
(1.0E-12,10.0,0.1780000000000001)(165.60105253736063 122.0)
(1.0E-12,10.0,0.1780000000000001)(165.60105253736063 124.0)
(1.0E-12,10.0,0.1780000000000001)(165.60105253736063 123.0)
(1.0E-12,10.0,0.1780000000000001)(165.60105253736063 133.0)
(1.0E-12,10.0,0.1780000000000001)(165.39233624957333 139.0)
(1.0E-12,10.0,0.1780000000000001)(165.26773675468493 148.0)
(1.0E-12,10.0,0.1780000000000001)(164.95997341869165 158.0)
(1.0E-12,10.0,0.1780000000000001)(164.98914065168793 158.0)
(1.0E-12,10.0,0.1780000000000001)(164.83459049606628 159.0)
(1.0E-12,10.0,0.1780000000000001)(164.83459049606628 160.0)
(1.0E-12,10.0,0.1780000000000001)(164.83459049606628 161.0)
(1.0E-12,10.0,0.1780000000000001)(164.83459049606628 163.0)
(1.0E-12,10.0,0.1780000000000001)(164.83459049606628 162.0)
(1.0E-12,10.0,0.1780000000000001)(164.74428614854804 159.0)
(1.0E-12,10.0,0.1780000000000001)(165.15607646017764 158.0)
(1.0E-12,10.0,0.1780000000000001)(164.74428614854804 167.0)
(1.0E-12 10.0 0.1810000000000001)(155.979425351484 230.0)
(1.0E-12,10.0,0.1810000000000001)(165.85989181798615 1.0)
(1.0E-12,10.0,0.1810000000000001)(165.85989181798615 18.0)
(1.0E-12,10.0,0.1810000000000001)(165.85989181798615 25.0)
(1.0E-12,10.0,0.1810000000000001)(165.85989181798615 30.0)
(1.0E-12,10.0,0.1810000000000001)(165.85989181798615 32.0)
(1.0E-12,10.0,0.1810000000000001)(165.85989181798615 39.0)
(1.0E-12,10.0,0.1810000000000001)(165.85989181798615 50.0)
(1.0E-12,10.0,0.1810000000000001)(165.85989181798615 70.0)
(1.0E-12,10.0,0.1810000000000001)(165.85989181798615 85.0)
(1.0E-12,10.0,0.1810000000000001)(165.85989181798615 112.0)
(1.0E-12,10.0,0.1810000000000001)(165.85989181798615 122.0)
(1.0E-12,10.0,0.1810000000000001)(165.2936836894221 131.0)
(1.0E-12,10.0,0.1810000000000001)(165.14020084609507 140.0)
(1.0E-12,10.0,0.1810000000000001)(164.9859203534288 149.0)
(1.0E-12,10.0,0.1810000000000001)(164.89575404180687 155.0)
(1.0E-12,10.0,0.1810000000000001)(164.89575404180687 158.0)
(1.0E-12,10.0,0.1810000000000001)(164.89575404180687 160.0)
(1.0E-12,10.0,0.1810000000000001)(164.80538422149152 159.0)
(1.0E-12,10.0,0.1810000000000001)(164.89575404180687 156.0)
(1.0E-12,10.0,0.1810000000000001)(164.89575404180687 157.0)
(1.0E-12,10.0,0.1810000000000001)(164.78797202351578 161.0)
(1.0E-12,10.0,0.1810000000000001)(164.89575404180687 162.0)
(1.0E-12 10.0 0.1840000000000001)(157.79874881486714 228.0)
(1.0E-12,10.0,0.1840000000000001)(165.85989181798615 1.0)
(1.0E-12,10.0,0.1840000000000001)(165.85989181798615 18.0)
(1.0E-12,10.0,0.1840000000000001)(165.85989181798615 25.0)
(1.0E-12,10.0,0.1840000000000001)(165.85989181798615 32.0)
(1.0E-12,10.0,0.1840000000000001)(165.85989181798615 39.0)
(1.0E-12,10.0,0.1840000000000001)(165.85989181798615 62.0)
(1.0E-12,10.0,0.1840000000000001)(165.85989181798615 75.0)
(1.0E-12,10.0,0.1840000000000001)(165.85989181798615 111.0)
(1.0E-12,10.0,0.1840000000000001)(165.35814041819341 122.0)
(1.0E-12,10.0,0.1840000000000001)(165.85989181798615 114.0)
(1.0E-12,10.0,0.1840000000000001)(165.85989181798615 113.0)
(1.0E-12,10.0,0.1840000000000001)(165.85989181798615 123.0)
(1.0E-12,10.0,0.1840000000000001)(165.14782670601423 124.0)
(1.0E-12,10.0,0.1840000000000001)(164.99384121925775 141.0)
(1.0E-12,10.0,0.1840000000000001)(164.83916439838566 150.0)
(1.0E-12,10.0,0.1840000000000001)(164.74879457807026 157.0)
(1.0E-12,10.0,0.1840000000000001)(164.74879457807026 158.0)
(1.0E-12,10.0,0.1840000000000001)(164.5714283220114 169.0)
(1.0E-12,10.0,0.1840000000000001)(164.52812832208033 172.0)
(1.0E-12,10.0,0.1840000000000001)(164.419889478322 174.0)
(1.0E-12,10.0,0.1840000000000001)(164.419889478322 175.0)
(1.0E-12,10.0,0.1840000000000001)(164.47610456973402 174.0)
(1.0E-12,10.0,0.1840000000000001)(164.51942222309245 171.0)
(1.0E-12,10.0,0.1840000000000001)(165.3953237555028 155.0)
(1.0E-12,10.0,0.1840000000000001)(164.36781544977717 175.0)
(1.0E-12,10.0,0.1840000000000001)(164.64082847526575 157.0)
(1.0E-12,10.0,0.1840000000000001)(164.419889478322 173.0)
(1.0E-12,10.0,0.1840000000000001)(165.3953237555028 156.0)
(1.0E-12,10.0,0.1840000000000001)(164.61879592609785 170.0)
(1.0E-12,10.0,0.1840000000000001)(164.66203990496192 169.0)
(1.0E-12,10.0,0.1840000000000001)(164.83916439838566 153.0)
(1.0E-12,10.0,0.1840000000000001)(165.3953237555028 161.0)
(1.0E-12,10.0,0.1840000000000001)(164.66203990496192 166.0)
(1.0E-12,10.0,0.1840000000000001)(164.83916439838566 152.0)
(1.0E-12 10.0 0.1870000000000001)(154.94410230826145 241.0)
(1.0E-12,10.0,0.1870000000000001)(165.85989181798615 1.0)
(1.0E-12,10.0,0.1870000000000001)(165.85989181798615 18.0)
(1.0E-12,10.0,0.1870000000000001)(165.85989181798615 25.0)
(1.0E-12,10.0,0.1870000000000001)(165.85989181798615 32.0)
(1.0E-12,10.0,0.1870000000000001)(165.85989181798615 34.0)
(1.0E-12,10.0,0.1870000000000001)(165.85989181798615 47.0)
(1.0E-12,10.0,0.1870000000000001)(165.1359526670363 110.0)
(1.0E-12,10.0,0.1870000000000001)(165.09309971476605 132.0)
(1.0E-12,10.0,0.1870000000000001)(165.09309971476605 134.0)
(1.0E-12,10.0,0.1870000000000001)(165.09309971476605 137.0)
(1.0E-12,10.0,0.1870000000000001)(165.09309971476605 136.0)
(1.0E-12,10.0,0.1870000000000001)(165.09309971476605 146.0)
(1.0E-12,10.0,0.1870000000000001)(164.52308504560878 144.0)
(1.0E-12,10.0,0.1870000000000001)(164.21138335500066 154.0)
(1.0E-12,10.0,0.1870000000000001)(164.36744969461202 155.0)
(1.0E-12,10.0,0.1870000000000001)(164.18973396276752 162.0)
(1.0E-12,10.0,0.1870000000000001)(164.18973396276752 165.0)
(1.0E-12,10.0,0.1870000000000001)(164.18973396276752 164.0)
(1.0E-12,10.0,0.1870000000000001)(164.18973396276752 161.0)
(1.0E-12,10.0,0.1870000000000001)(164.18973396276752 159.0)
(1.0E-12,10.0,0.1870000000000001)(164.18973396276752 160.0)
(1.0E-12,10.0,0.1870000000000001)(164.12027261153722 160.0)
(1.0E-12,10.0,0.1870000000000001)(164.21138335500066 157.0)
(1.0E-12,10.0,0.1870000000000001)(164.21138335500066 163.0)
(1.0E-12,10.0,0.1870000000000001)(164.21138335500066 158.0)
(1.0E-12 10.0 0.1900000000000001)(156.99325548165208 235.0)
(1.0E-12,10.0,0.1900000000000001)(165.85989181798615 1.0)
(1.0E-12,10.0,0.1900000000000001)(165.85989181798615 18.0)
(1.0E-12,10.0,0.1900000000000001)(165.85989181798615 25.0)
(1.0E-12,10.0,0.1900000000000001)(165.85989181798615 32.0)
(1.0E-12,10.0,0.1900000000000001)(165.85989181798615 39.0)
(1.0E-12,10.0,0.1900000000000001)(165.85989181798615 43.0)
(1.0E-12,10.0,0.1900000000000001)(165.49459246635197 93.0)
(1.0E-12,10.0,0.1900000000000001)(165.49459246635197 120.0)
(1.0E-12,10.0,0.1900000000000001)(165.49459246635197 123.0)
(1.0E-12,10.0,0.1900000000000001)(165.49459246635197 131.0)
(1.0E-12,10.0,0.1900000000000001)(165.28514895266068 140.0)
(1.0E-12,10.0,0.1900000000000001)(165.13166610933365 141.0)
(1.0E-12,10.0,0.1900000000000001)(164.9773856166674 142.0)
(1.0E-12,10.0,0.1900000000000001)(164.95606026916613 152.0)
(1.0E-12,10.0,0.1900000000000001)(164.9773856166674 149.0)
(1.0E-12,10.0,0.1900000000000001)(164.9773856166674 150.0)
(1.0E-12,10.0,0.1900000000000001)(165.3184380213288 152.0)
(1.0E-12,10.0,0.1900000000000001)(165.3184380213288 151.0)
(1.0E-12,10.0,0.1900000000000001)(164.89118013948746 151.0)
(1.0E-12,10.0,0.1900000000000001)(164.9773856166674 147.0)
(1.0E-12,10.0,0.1900000000000001)(165.27123201956468 156.0)
(1.0E-12 10.0 0.19300000000000012)(147.01085435651524 249.0)
(1.0E-12,10.0,0.19300000000000012)(165.85989181798615 1.0)
(1.0E-12,10.0,0.19300000000000012)(165.85989181798615 12.0)
(1.0E-12,10.0,0.19300000000000012)(165.85989181798615 25.0)
(1.0E-12,10.0,0.19300000000000012)(165.85989181798615 32.0)
(1.0E-12,10.0,0.19300000000000012)(165.85989181798615 39.0)
(1.0E-12,10.0,0.19300000000000012)(165.85989181798615 67.0)
(1.0E-12,10.0,0.19300000000000012)(165.59652812564022 109.0)
(1.0E-12,10.0,0.19300000000000012)(165.59652812564022 113.0)
(1.0E-12,10.0,0.19300000000000012)(165.59652812564022 115.0)
(1.0E-12,10.0,0.19300000000000012)(165.59652812564022 122.0)
(1.0E-12,10.0,0.19300000000000012)(165.38781183785292 127.0)
(1.0E-12,10.0,0.19300000000000012)(165.36688880317217 130.0)
(1.0E-12,10.0,0.19300000000000012)(165.21359350901187 139.0)
(1.0E-12,10.0,0.19300000000000012)(165.05945704486328 148.0)
(1.0E-12,10.0,0.19300000000000012)(165.05945704486328 150.0)
(1.0E-12,10.0,0.19300000000000012)(165.05945704486328 151.0)
(1.0E-12,10.0,0.19300000000000012)(165.00377245137298 152.0)
(1.0E-12,10.0,0.19300000000000012)(165.00768560089847 153.0)
(1.0E-12,10.0,0.19300000000000012)(165.24359379488087 150.0)
(1.0E-12,10.0,0.19300000000000012)(165.05945704486328 147.0)
(1.0E-12,10.0,0.19300000000000012)(165.0807308469101 146.0)
(1.0E-12,10.0,0.19300000000000012)(164.62755823346328 165.0)
(1.0E-12,10.0,0.19300000000000012)(165.0289856984057 149.0)
(1.0E-12 10.0 0.19600000000000012)(146.2463221071864 251.0)
(1.0E-12,10.0,0.19600000000000012)(165.85989181798615 1.0)
(1.0E-12,10.0,0.19600000000000012)(165.85989181798615 18.0)
(1.0E-12,10.0,0.19600000000000012)(165.85989181798615 25.0)
(1.0E-12,10.0,0.19600000000000012)(165.85989181798615 32.0)
(1.0E-12,10.0,0.19600000000000012)(165.85989181798615 45.0)
(1.0E-12,10.0,0.19600000000000012)(165.85989181798615 63.0)
(1.0E-12,10.0,0.19600000000000012)(165.85989181798615 82.0)
(1.0E-12,10.0,0.19600000000000012)(165.1821956925263 117.0)
(1.0E-12,10.0,0.19600000000000012)(165.1821956925263 120.0)
(1.0E-12,10.0,0.19600000000000012)(165.36688880317217 135.0)
(1.0E-12,10.0,0.19600000000000012)(165.38781183785292 128.0)
(1.0E-12,10.0,0.19600000000000012)(165.23471633366657 137.0)
(1.0E-12,10.0,0.19600000000000012)(165.05945704486328 153.0)
(1.0E-12,10.0,0.19600000000000012)(165.05945704486328 156.0)
(1.0E-12,10.0,0.19600000000000012)(165.05945704486328 157.0)
(1.0E-12,10.0,0.19600000000000012)(165.00377245137298 158.0)
(1.0E-12,10.0,0.19600000000000012)(165.00377245137298 160.0)
(1.0E-12,10.0,0.19600000000000012)(164.9519514701761 164.0)
(1.0E-12,10.0,0.19600000000000012)(164.9519514701761 163.0)
(1.0E-12,10.0,0.19600000000000012)(164.9519514701761 162.0)
(1.0E-12,10.0,0.19600000000000012)(165.00768560089847 162.0)
(1.0E-12,10.0,0.19600000000000012)(164.64926727255545 175.0)
(1.0E-12,10.0,0.19600000000000012)(164.53635528741134 164.0)
(1.0E-12,10.0,0.19600000000000012)(164.41059598574407 165.0)
(1.0E-12,10.0,0.19600000000000012)(164.34551308491592 166.0)
(1.0E-12,10.0,0.19600000000000012)(164.58832457964033 163.0)
(1.0E-12,10.0,0.19600000000000012)(164.39753683726224 165.0)
(1.0E-12,10.0,0.19600000000000012)(164.5232961389295 164.0)
(1.0E-12,10.0,0.19600000000000012)(164.462602084663 164.0)
(1.0E-12,10.0,0.19600000000000012)(164.35857223339775 168.0)
(1.0E-12,10.0,0.19600000000000012)(164.57526543115853 162.0)
(1.0E-12,10.0,0.19600000000000012)(164.4495429361812 163.0)
(1.0E-12,10.0,0.19600000000000012)(164.64027465749228 159.0)
(1.0E-12 10.0 0.19900000000000012)(145.4120023697089 254.0)
(1.0E-12,10.0,0.19900000000000012)(165.85989181798615 1.0)
(1.0E-12,10.0,0.19900000000000012)(165.85989181798615 24.0)
(1.0E-12,10.0,0.19900000000000012)(165.85989181798615 25.0)
(1.0E-12,10.0,0.19900000000000012)(165.85989181798615 32.0)
(1.0E-12,10.0,0.19900000000000012)(165.85989181798615 65.0)
(1.0E-12,10.0,0.19900000000000012)(165.85989181798615 79.0)
(1.0E-12,10.0,0.19900000000000012)(165.85989181798615 110.0)
(1.0E-12,10.0,0.19900000000000012)(165.85989181798615 112.0)
(1.0E-12,10.0,0.19900000000000012)(165.7690564251076 122.0)
(1.0E-12,10.0,0.19900000000000012)(165.85989181798615 121.0)
(1.0E-12,10.0,0.19900000000000012)(165.68243898867343 129.0)
(1.0E-12,10.0,0.19900000000000012)(165.53131755491725 140.0)
(1.0E-12,10.0,0.19900000000000012)(165.37866594355404 149.0)
(1.0E-12,10.0,0.19900000000000012)(165.2755850690586 151.0)
(1.0E-12,10.0,0.19900000000000012)(165.2755850690586 155.0)
(1.0E-12,10.0,0.19900000000000012)(165.06411485886878 156.0)
(1.0E-12,10.0,0.19900000000000012)(165.186000244699 156.0)
(1.0E-12,10.0,0.19900000000000012)(165.02696045104722 156.0)
(1.0E-12,10.0,0.19900000000000012)(164.93679413942533 158.0)
(1.0E-12,10.0,0.19900000000000012)(164.93679413942533 159.0)
(1.0E-12,10.0,0.19900000000000012)(165.06411485886878 160.0)
(1.0E-12,10.0,0.19900000000000012)(165.06411485886878 161.0)
(1.0E-12,10.0,0.19900000000000012)(164.66326949810983 173.0)
(1.0E-12,10.0,0.19900000000000012)(165.2755850690586 157.0)
(1.0E-12,10.0,0.19900000000000012)(164.66326949810983 172.0)
(1.0E-12,10.0,0.19900000000000012)(164.45900291414955 162.0)
(1.0E-12 10.0 0.20200000000000012)(146.09015530054236 252.0)
(1.0E-12,10.0,0.20200000000000012)(165.85989181798615 1.0)
(1.0E-12,10.0,0.20200000000000012)(165.85989181798615 24.0)
(1.0E-12,10.0,0.20200000000000012)(165.85989181798615 25.0)
(1.0E-12,10.0,0.20200000000000012)(165.85989181798615 32.0)
(1.0E-12,10.0,0.20200000000000012)(165.85989181798615 65.0)
(1.0E-12,10.0,0.20200000000000012)(165.7490678151592 90.0)
(1.0E-12,10.0,0.20200000000000012)(165.7490678151592 119.0)
(1.0E-12,10.0,0.20200000000000012)(165.7490678151592 118.0)
(1.0E-12,10.0,0.20200000000000012)(165.70711979835954 128.0)
(1.0E-12,10.0,0.20200000000000012)(165.65632069170977 139.0)
(1.0E-12,10.0,0.20200000000000012)(165.65632069170977 140.0)
(1.0E-12,10.0,0.20200000000000012)(165.48437885351763 142.0)
(1.0E-12,10.0,0.20200000000000012)(165.43303362273886 151.0)
(1.0E-12,10.0,0.20200000000000012)(165.27993811855254 153.0)
(1.0E-12,10.0,0.20200000000000012)(164.92292716316118 164.0)
(1.0E-12,10.0,0.20200000000000012)(165.27993811855254 156.0)
(1.0E-12,10.0,0.20200000000000012)(165.06846790836266 157.0)
(1.0E-12,10.0,0.20200000000000012)(165.12612399402244 157.0)
(1.0E-12,10.0,0.20200000000000012)(165.07049094598656 158.0)
(1.0E-12,10.0,0.20200000000000012)(165.07049094598656 160.0)
(1.0E-12,10.0,0.20200000000000012)(164.7412765540406 172.0)
(1.0E-12,10.0,0.20200000000000012)(165.0264953010848 159.0)
(1.0E-12,10.0,0.20200000000000012)(165.0264953010848 155.0)
(1.0E-12 10.0 0.20500000000000013)(145.61065266781716 262.0)
(1.0E-12,10.0,0.20500000000000013)(165.85989181798615 1.0)
(1.0E-12,10.0,0.20500000000000013)(165.85989181798615 24.0)
(1.0E-12,10.0,0.20500000000000013)(165.85989181798615 25.0)
(1.0E-12,10.0,0.20500000000000013)(165.85989181798615 32.0)
(1.0E-12,10.0,0.20500000000000013)(165.85989181798615 65.0)
(1.0E-12,10.0,0.20500000000000013)(165.7490678151592 87.0)
(1.0E-12,10.0,0.20500000000000013)(165.71147284785343 116.0)
(1.0E-12,10.0,0.20500000000000013)(165.71147284785343 114.0)
(1.0E-12,10.0,0.20500000000000013)(165.66937984019157 128.0)
(1.0E-12,10.0,0.20500000000000013)(165.66067374120368 139.0)
(1.0E-12,10.0,0.20500000000000013)(165.44609277122066 150.0)
(1.0E-12,10.0,0.20500000000000013)(165.44609277122066 143.0)
(1.0E-12,10.0,0.20500000000000013)(165.24140309592207 152.0)
(1.0E-12,10.0,0.20500000000000013)(165.20718787845067 158.0)
(1.0E-12,10.0,0.20500000000000013)(164.99553250920434 159.0)
(1.0E-12,10.0,0.20500000000000013)(165.1555288982414 160.0)
(1.0E-12,10.0,0.20500000000000013)(165.15172341068364 159.0)
(1.0E-12,10.0,0.20500000000000013)(165.0617848469987 160.0)
(1.0E-12,10.0,0.20500000000000013)(164.9437873607 162.0)
(1.0E-12,10.0,0.20500000000000013)(164.6893877950734 163.0)
(1.0E-12,10.0,0.20500000000000013)(164.6679492898585 174.0)
(1.0E-12,10.0,0.20500000000000013)(164.9533985096187 160.0)
(1.0E-12,10.0,0.20500000000000013)(164.9533985096187 156.0)
(1.0E-12,10.0,0.20500000000000013)(164.9533985096187 157.0)
(1.0E-12,10.0,0.20500000000000013)(164.13445086389518 161.0)
(1.0E-12 10.0 0.20800000000000013)(145.81156013293057 259.0)
(1.0E-12,10.0,0.20800000000000013)(165.85989181798615 1.0)
(1.0E-12,10.0,0.20800000000000013)(165.85989181798615 24.0)
(1.0E-12,10.0,0.20800000000000013)(165.85989181798615 25.0)
(1.0E-12,10.0,0.20800000000000013)(165.85989181798615 30.0)
(1.0E-12,10.0,0.20800000000000013)(165.85989181798615 32.0)
(1.0E-12,10.0,0.20800000000000013)(165.85989181798615 62.0)
(1.0E-12,10.0,0.20800000000000013)(165.4042469650785 89.0)
(1.0E-12,10.0,0.20800000000000013)(165.4042469650785 110.0)
(1.0E-12,10.0,0.20800000000000013)(165.4042469650785 112.0)
(1.0E-12,10.0,0.20800000000000013)(165.4042469650785 115.0)
(1.0E-12,10.0,0.20800000000000013)(165.4042469650785 125.0)
(1.0E-12,10.0,0.20800000000000013)(165.1944892993149 126.0)
(1.0E-12,10.0,0.20800000000000013)(165.17343882253513 137.0)
(1.0E-12,10.0,0.20800000000000013)(164.8650618425238 155.0)
(1.0E-12,10.0,0.20800000000000013)(164.8650618425238 156.0)
(1.0E-12,10.0,0.20800000000000013)(164.80923405599697 158.0)
(1.0E-12,10.0,0.20800000000000013)(164.744286148548 159.0)
(1.0E-12,10.0,0.20800000000000013)(164.65379168427577 161.0)
(1.0E-12,10.0,0.20800000000000013)(164.744286148548 160.0)
(1.0E-12,10.0,0.20800000000000013)(164.69237629687555 161.0)
(1.0E-12,10.0,0.20800000000000013)(164.69237629687555 162.0)
(1.0E-12,10.0,0.20800000000000013)(164.74829136308188 161.0)
(1.0E-12,10.0,0.20800000000000013)(164.70946175259652 162.0)
(1.0E-12,10.0,0.20800000000000013)(164.8001583151667 161.0)
(1.0E-12,10.0,0.20800000000000013)(164.59256247528535 164.0)
(1.0E-12,10.0,0.20800000000000013)(164.49708190249407 163.0)
(1.0E-12,10.0,0.20800000000000013)(164.56209112882783 163.0)
(1.0E-12,10.0,0.20800000000000013)(164.73523221460007 162.0)
(1.0E-12,10.0,0.20800000000000013)(164.549031980346 164.0)
(1.0E-12,10.0,0.20800000000000013)(164.61402140598472 162.0)
(1.0E-12,10.0,0.20800000000000013)(164.549031980346 165.0)
(1.0E-12,10.0,0.20800000000000013)(164.8650618425238 157.0)
(1.0E-12 10.0 0.21100000000000013)(149.81770943079854 244.0)
(1.0E-12,10.0,0.21100000000000013)(165.85989181798615 1.0)
(1.0E-12,10.0,0.21100000000000013)(165.85989181798615 25.0)
(1.0E-12,10.0,0.21100000000000013)(165.85989181798615 30.0)
(1.0E-12,10.0,0.21100000000000013)(165.85989181798615 32.0)
(1.0E-12,10.0,0.21100000000000013)(165.85989181798615 56.0)
(1.0E-12,10.0,0.21100000000000013)(165.71147284785349 88.0)
(1.0E-12,10.0,0.21100000000000013)(165.71147284785349 116.0)
(1.0E-12,10.0,0.21100000000000013)(165.20848535171638 121.0)
(1.0E-12,10.0,0.21100000000000013)(165.20848535171638 136.0)
(1.0E-12,10.0,0.21100000000000013)(164.99747055096594 137.0)
(1.0E-12,10.0,0.21100000000000013)(164.97625286543249 148.0)
(1.0E-12,10.0,0.21100000000000013)(164.82170270981086 149.0)
(1.0E-12,10.0,0.21100000000000013)(164.66656431668233 159.0)
(1.0E-12,10.0,0.21100000000000013)(164.61052849103464 161.0)
(1.0E-12,10.0,0.21100000000000013)(164.54548138727424 162.0)
(1.0E-12,10.0,0.21100000000000013)(164.454706336081 164.0)
(1.0E-12,10.0,0.21100000000000013)(164.454706336081 165.0)
(1.0E-12,10.0,0.21100000000000013)(164.49347528835528 164.0)
(1.0E-12,10.0,0.21100000000000013)(164.54958579811955 164.0)
(1.0E-12,10.0,0.21100000000000013)(164.64869042190784 175.0)
(1.0E-12,10.0,0.21100000000000013)(164.54958579811955 166.0)
(1.0E-12,10.0,0.21100000000000013)(164.3630966451181 166.0)
(1.0E-12,10.0,0.21100000000000013)(164.2892661659476 181.0)
(1.0E-12,10.0,0.21100000000000013)(164.41512039746442 165.0)
(1.0E-12,10.0,0.21100000000000013)(164.29799655429926 167.0)
(1.0E-12,10.0,0.21100000000000013)(164.35003749663628 166.0)
(1.0E-12,10.0,0.21100000000000013)(164.60155509034857 164.0)
(1.0E-12,10.0,0.21100000000000013)(164.53652664963775 165.0)
(1.0E-12,10.0,0.21100000000000013)(164.48018564486517 166.0)
(1.0E-12,10.0,0.21100000000000013)(164.29364350480535 167.0)
(1.0E-12,10.0,0.21100000000000013)(164.29364350480535 168.0)
(1.0E-12,10.0,0.21100000000000013)(164.29364350480535 169.0)
(1.0E-12 10.0 0.21400000000000013)(146.66028311338363 260.0)
(1.0E-12,10.0,0.21400000000000013)(165.85989181798615 1.0)
(1.0E-12,10.0,0.21400000000000013)(165.85989181798615 25.0)
(1.0E-12,10.0,0.21400000000000013)(165.85989181798615 32.0)
(1.0E-12,10.0,0.21400000000000013)(165.85989181798615 72.0)
(1.0E-12,10.0,0.21400000000000013)(165.3617199868801 95.0)
(1.0E-12,10.0,0.21400000000000013)(165.3617199868801 113.0)
(1.0E-12,10.0,0.21400000000000013)(165.3617199868801 121.0)
(1.0E-12,10.0,0.21400000000000013)(165.3617199868801 126.0)
(1.0E-12,10.0,0.21400000000000013)(165.15167357506544 127.0)
(1.0E-12,10.0,0.21400000000000013)(164.97660038350844 147.0)
(1.0E-12,10.0,0.21400000000000013)(164.82192356263639 156.0)
(1.0E-12,10.0,0.21400000000000013)(164.82192356263639 158.0)
(1.0E-12,10.0,0.21400000000000013)(164.76605139601767 159.0)
(1.0E-12,10.0,0.21400000000000013)(164.45451068449077 161.0)
(1.0E-12,10.0,0.21400000000000013)(164.51065699132272 157.0)
(1.0E-12,10.0,0.21400000000000013)(164.59256247528538 162.0)
(1.0E-12,10.0,0.21400000000000013)(164.63143360396046 157.0)
(1.0E-12,10.0,0.21400000000000013)(164.4194734469584 174.0)
(1.0E-12,10.0,0.21400000000000013)(164.63143360396046 163.0)
(1.0E-12,10.0,0.21400000000000013)(164.2281521108061 164.0)
(1.0E-12,10.0,0.21400000000000013)(164.49272885300013 164.0)
(1.0E-12,10.0,0.21400000000000013)(164.14128677251756 163.0)
(1.0E-12,10.0,0.21400000000000013)(164.2801758631524 163.0)
(1.0E-12,10.0,0.21400000000000013)(164.54467893085206 163.0)
(1.0E-12,10.0,0.21400000000000013)(164.68334345563292 162.0)
(1.0E-12,10.0,0.21400000000000013)(164.0892290790093 165.0)
(1.0E-12,10.0,0.21400000000000013)(164.14128677251756 166.0)
(1.0E-12,10.0,0.21400000000000013)(164.14128677251756 167.0)
(1.0E-12,10.0,0.21400000000000013)(164.02409590198263 174.0)
(1.0E-12 10.0 0.21700000000000014)(146.7486834044113 260.0)
(1.0E-12,10.0,0.21700000000000014)(165.85989181798615 1.0)
(1.0E-12,10.0,0.21700000000000014)(165.85989181798615 25.0)
(1.0E-12,10.0,0.21700000000000014)(165.85989181798615 32.0)
(1.0E-12,10.0,0.21700000000000014)(165.85989181798615 37.0)
(1.0E-12,10.0,0.21700000000000014)(165.85989181798615 71.0)
(1.0E-12,10.0,0.21700000000000014)(165.85989181798615 86.0)
(1.0E-12,10.0,0.21700000000000014)(165.85989181798615 105.0)
(1.0E-12,10.0,0.21700000000000014)(165.19525484100814 125.0)
(1.0E-12,10.0,0.21700000000000014)(164.9842400402577 126.0)
(1.0E-12,10.0,0.21700000000000014)(164.96302235472427 137.0)
(1.0E-12,10.0,0.21700000000000014)(164.80847219910262 142.0)
(1.0E-12,10.0,0.21700000000000014)(164.6747927366734 148.0)
(1.0E-12,10.0,0.21700000000000014)(164.59729798032643 158.0)
(1.0E-12,10.0,0.21700000000000014)(164.59729798032643 159.0)
(1.0E-12,10.0,0.21700000000000014)(164.42424252781595 160.0)
(1.0E-12,10.0,0.21700000000000014)(164.480457619228 160.0)
(1.0E-12,10.0,0.21700000000000014)(164.42841667689095 161.0)
(1.0E-12,10.0,0.21700000000000014)(164.60138372812216 160.0)
(1.0E-12,10.0,0.21700000000000014)(164.37635898338266 163.0)
(1.0E-12,10.0,0.21700000000000014)(164.54941443589314 161.0)
(1.0E-12,10.0,0.21700000000000014)(164.37618008296374 171.0)
(1.0E-12,10.0,0.21700000000000014)(164.5104856290963 162.0)
(1.0E-12,10.0,0.21700000000000014)(164.1458099255865 162.0)
(1.0E-12,10.0,0.21700000000000014)(164.41059598574407 163.0)
(1.0E-12,10.0,0.21700000000000014)(164.462602084663 162.0)
(1.0E-12,10.0,0.21700000000000014)(164.00679002878567 165.0)
(1.0E-12,10.0,0.21700000000000014)(164.1978839541313 162.0)
(1.0E-12,10.0,0.21700000000000014)(164.00679002878567 164.0)
(1.0E-12,10.0,0.21700000000000014)(164.23722396495913 177.0)
(1.0E-12,10.0,0.21700000000000014)(164.05889556123822 163.0)
(1.0E-12,10.0,0.21700000000000014)(164.11098552963497 161.0)
(1.0E-12,10.0,0.21700000000000014)(164.65333380597409 157.0)
(1.0E-12,10.0,0.21700000000000014)(163.99373088030384 173.0)
(1.0E-12 10.0 0.22000000000000014)(146.11437395166286 259.0)
(1.0E-12,10.0,0.22000000000000014)(165.85989181798615 1.0)
(1.0E-12,10.0,0.22000000000000014)(165.85989181798615 25.0)
(1.0E-12,10.0,0.22000000000000014)(165.85989181798615 32.0)
(1.0E-12,10.0,0.22000000000000014)(165.85989181798615 39.0)
(1.0E-12,10.0,0.22000000000000014)(165.85989181798615 73.0)
(1.0E-12,10.0,0.22000000000000014)(165.85989181798615 85.0)
(1.0E-12,10.0,0.22000000000000014)(165.85989181798615 111.0)
(1.0E-12,10.0,0.22000000000000014)(165.85989181798615 113.0)
(1.0E-12,10.0,0.22000000000000014)(165.22057641032484 119.0)
(1.0E-12,10.0,0.22000000000000014)(165.1568317815896 133.0)
(1.0E-12,10.0,0.22000000000000014)(164.96682784228193 127.0)
(1.0E-12,10.0,0.22000000000000014)(164.94561015674847 134.0)
(1.0E-12,10.0,0.22000000000000014)(164.79106000112682 143.0)
(1.0E-12,10.0,0.22000000000000014)(164.63592160799828 152.0)
(1.0E-12,10.0,0.22000000000000014)(164.34588763692508 172.0)
(1.0E-12,10.0,0.22000000000000014)(164.44106733220158 160.0)
(1.0E-12,10.0,0.22000000000000014)(164.44106733220158 161.0)
(1.0E-12,10.0,0.22000000000000014)(164.26784193694706 163.0)
(1.0E-12,10.0,0.22000000000000014)(164.26784193694706 164.0)
(1.0E-12,10.0,0.22000000000000014)(164.3890435798553 163.0)
(1.0E-12,10.0,0.22000000000000014)(164.44518988668725 162.0)
(1.0E-12,10.0,0.22000000000000014)(164.16772179858657 177.0)
(1.0E-12,10.0,0.22000000000000014)(164.04148336326242 164.0)
(1.0E-12,10.0,0.22000000000000014)(164.16772179858657 182.0)
(1.0E-12,10.0,0.22000000000000014)(164.04148336326242 165.0)
(1.0E-12,10.0,0.22000000000000014)(164.09357333165917 161.0)
(1.0E-12,10.0,0.22000000000000014)(164.04148336326242 166.0)
(1.0E-12,10.0,0.22000000000000014)(163.74608551339776 197.0)
(1.0E-12,10.0,0.22000000000000014)(164.04148336326242 167.0)
(1.0E-12,10.0,0.22000000000000014)(164.63592160799828 157.0)
(1.0E-12,10.0,0.22000000000000014)(163.9763186823281 174.0)
(1.0E-12 10.0 0.22300000000000014)(143.36889807362235 258.0)
(1.0E-12,10.0,0.22300000000000014)(165.85989181798615 1.0)
(1.0E-12,10.0,0.22300000000000014)(165.85989181798615 25.0)
(1.0E-12,10.0,0.22300000000000014)(165.85989181798615 32.0)
(1.0E-12,10.0,0.22300000000000014)(165.85989181798615 46.0)
(1.0E-12,10.0,0.22300000000000014)(165.85989181798615 72.0)
(1.0E-12,10.0,0.22300000000000014)(165.85989181798615 86.0)
(1.0E-12,10.0,0.22300000000000014)(165.42584085032175 116.0)
(1.0E-12,10.0,0.22300000000000014)(165.40507911959304 135.0)
(1.0E-12,10.0,0.22300000000000014)(165.1950327077784 136.0)
(1.0E-12,10.0,0.22300000000000014)(164.88665572776702 156.0)
(1.0E-12,10.0,0.22300000000000014)(164.88665572776702 153.0)
(1.0E-12,10.0,0.22300000000000014)(164.28103214690358 171.0)
(1.0E-12,10.0,0.22300000000000014)(164.5152820151794 159.0)
(1.0E-12,10.0,0.22300000000000014)(164.5152820151794 160.0)
(1.0E-12,10.0,0.22300000000000014)(164.46324107284235 160.0)
(1.0E-12,10.0,0.22300000000000014)(164.46324107284235 162.0)
(1.0E-12,10.0,0.22300000000000014)(164.46324107284235 161.0)
(1.0E-12,10.0,0.22300000000000014)(164.83481134889175 160.0)
(1.0E-12,10.0,0.22300000000000014)(164.21927464959182 162.0)
(1.0E-12,10.0,0.22300000000000014)(164.21927464959182 163.0)
(1.0E-12,10.0,0.22300000000000014)(163.985024781316 175.0)
(1.0E-12,10.0,0.22300000000000014)(163.985024781316 176.0)
(1.0E-12,10.0,0.22300000000000014)(164.2712984019381 160.0)
(1.0E-12,10.0,0.22300000000000014)(163.985024781316 178.0)
(1.0E-12,10.0,0.22300000000000014)(164.0371303137685 173.0)
(1.0E-12,10.0,0.22300000000000014)(164.0371303137685 174.0)
(1.0E-12,10.0,0.22300000000000014)(163.985024781316 180.0)
(1.0E-12,10.0,0.22300000000000014)(164.0371303137685 179.0)
(1.0E-12,10.0,0.22300000000000014)(164.0371303137685 177.0)
(1.0E-12,10.0,0.22300000000000014)(163.91984489414352 189.0)
(1.0E-12 10.0 0.22600000000000015)(143.48471526888503 260.0)
(1.0E-12,10.0,0.22600000000000015)(165.85989181798615 1.0)
(1.0E-12,10.0,0.22600000000000015)(165.85989181798615 25.0)
(1.0E-12,10.0,0.22600000000000015)(165.85989181798615 32.0)
(1.0E-12,10.0,0.22600000000000015)(165.85989181798615 46.0)
(1.0E-12,10.0,0.22600000000000015)(165.85989181798615 71.0)
(1.0E-12,10.0,0.22600000000000015)(165.70989036971378 94.0)
(1.0E-12,10.0,0.22600000000000015)(165.27197079146316 113.0)
(1.0E-12,10.0,0.22600000000000015)(165.2510477567824 132.0)
(1.0E-12,10.0,0.22600000000000015)(165.0402520699609 133.0)
(1.0E-12,10.0,0.22600000000000015)(164.8859715772946 147.0)
(1.0E-12,10.0,0.22600000000000015)(164.73105563783972 151.0)
(1.0E-12,10.0,0.22600000000000015)(164.44128017378253 170.0)
(1.0E-12,10.0,0.22600000000000015)(164.67509905344372 158.0)
(1.0E-12,10.0,0.22600000000000015)(164.67509905344372 159.0)
(1.0E-12,10.0,0.22600000000000015)(164.5411874705621 161.0)
(1.0E-12,10.0,0.22600000000000015)(164.59729798032635 160.0)
(1.0E-12,10.0,0.22600000000000015)(164.67914578616728 159.0)
(1.0E-12,10.0,0.22600000000000015)(164.4021027283371 176.0)
(1.0E-12,10.0,0.22600000000000015)(164.67914578616728 162.0)
(1.0E-12,10.0,0.22600000000000015)(164.12823516222826 163.0)
(1.0E-12,10.0,0.22600000000000015)(164.2547827884653 183.0)
(1.0E-12,10.0,0.22600000000000015)(164.12823516222826 164.0)
(1.0E-12,10.0,0.22600000000000015)(163.89382758729303 177.0)
(1.0E-12,10.0,0.22600000000000015)(164.18029285573655 161.0)
(1.0E-12,10.0,0.22600000000000015)(163.9459631911071 174.0)
(1.0E-12,10.0,0.22600000000000015)(163.89382758729303 178.0)
(1.0E-12,10.0,0.22600000000000015)(163.9459631911071 175.0)
(1.0E-12,10.0,0.22600000000000015)(164.18029285573655 165.0)
(1.0E-12,10.0,0.22600000000000015)(164.06310198520165 175.0)
(1.0E-12 10.0 0.22900000000000015)(145.22389845124906 257.0)
(1.0E-12,10.0,0.22900000000000015)(165.85989181798615 1.0)
(1.0E-12,10.0,0.22900000000000015)(165.85989181798615 25.0)
(1.0E-12,10.0,0.22900000000000015)(165.85989181798615 30.0)
(1.0E-12,10.0,0.22900000000000015)(165.85989181798615 32.0)
(1.0E-12,10.0,0.22900000000000015)(165.85989181798615 56.0)
(1.0E-12,10.0,0.22900000000000015)(165.2329647082442 93.0)
(1.0E-12,10.0,0.22900000000000015)(164.9629792905365 102.0)
(1.0E-12,10.0,0.22900000000000015)(164.9629792905365 111.0)
(1.0E-12,10.0,0.22900000000000015)(164.9629792905365 115.0)
(1.0E-12,10.0,0.22900000000000015)(164.9629792905365 123.0)
(1.0E-12,10.0,0.22900000000000015)(164.94182322154694 130.0)
(1.0E-12,10.0,0.22900000000000015)(164.751198405209 124.0)
(1.0E-12,10.0,0.22900000000000015)(164.54032588135811 155.0)
(1.0E-12,10.0,0.22900000000000015)(164.38469053036138 155.0)
(1.0E-12,10.0,0.22900000000000015)(164.32847543894934 156.0)
(1.0E-12,10.0,0.22900000000000015)(164.11561626613408 157.0)
(1.0E-12,10.0,0.22900000000000015)(164.06349552744337 158.0)
(1.0E-12,10.0,0.22900000000000015)(164.0070933246949 159.0)
(1.0E-12,10.0,0.22900000000000015)(164.01135992362933 160.0)
(1.0E-12,10.0,0.22900000000000015)(164.01135992362933 161.0)
(1.0E-12,10.0,0.22900000000000015)(164.06773272170076 159.0)
(1.0E-12,10.0,0.22900000000000015)(164.02867113149188 161.0)
(1.0E-12,10.0,0.22900000000000015)(164.36329983490086 174.0)
(1.0E-12,10.0,0.22900000000000015)(164.11983825415328 161.0)
(1.0E-12,10.0,0.22900000000000015)(164.06773272170076 162.0)
(1.0E-12,10.0,0.22900000000000015)(163.85045576499616 162.0)
(1.0E-12,10.0,0.22900000000000015)(163.51542332330487 162.0)
(1.0E-12,10.0,0.22900000000000015)(163.8547365924071 162.0)
(1.0E-12,10.0,0.22900000000000015)(163.56764175623917 161.0)
(1.0E-12,10.0,0.22900000000000015)(163.3021021806327 163.0)
(1.0E-12,10.0,0.22900000000000015)(163.354358476769 162.0)
(1.0E-12,10.0,0.22900000000000015)(163.23677457410537 174.0)
(1.0E-12,10.0,0.22900000000000015)(163.90688673577486 161.0)
(1.0E-12,10.0,0.22900000000000015)(163.29339608164483 164.0)
(1.0E-12,10.0,0.22900000000000015)(163.29339608164483 165.0)
(1.0E-12,10.0,0.22900000000000015)(163.29339608164483 167.0)
(1.0E-12,10.0,0.22900000000000015)(163.3456523777811 163.0)
(1.0E-12,10.0,0.22900000000000015)(163.40660238731851 163.0)
(1.0E-12 10.0 0.23200000000000015)(144.89218001881565 255.0)
(1.0E-12,10.0,0.23200000000000015)(165.85989181798615 1.0)
(1.0E-12,10.0,0.23200000000000015)(165.85989181798615 25.0)
(1.0E-12,10.0,0.23200000000000015)(165.85989181798615 32.0)
(1.0E-12,10.0,0.23200000000000015)(165.85989181798615 39.0)
(1.0E-12,10.0,0.23200000000000015)(165.85989181798615 80.0)
(1.0E-12,10.0,0.23200000000000015)(165.85989181798615 100.0)
(1.0E-12,10.0,0.23200000000000015)(165.85989181798615 108.0)
(1.0E-12,10.0,0.23200000000000015)(165.85989181798615 120.0)
(1.0E-12,10.0,0.23200000000000015)(165.84098406502744 130.0)
(1.0E-12,10.0,0.23200000000000015)(165.1223508318656 145.0)
(1.0E-12,10.0,0.23200000000000015)(164.8134157432645 155.0)
(1.0E-12,10.0,0.23200000000000015)(164.75750067705818 156.0)
(1.0E-12,10.0,0.23200000000000015)(164.75750067705818 158.0)
(1.0E-12,10.0,0.23200000000000015)(164.70150386648265 160.0)
(1.0E-12,10.0,0.23200000000000015)(164.64953457425366 161.0)
(1.0E-12,10.0,0.23200000000000015)(164.7055703999013 161.0)
(1.0E-12,10.0,0.23200000000000015)(164.76152698429732 160.0)
(1.0E-12,10.0,0.23200000000000015)(164.76152698429732 162.0)
(1.0E-12,10.0,0.23200000000000015)(164.65362032204936 166.0)
(1.0E-12,10.0,0.23200000000000015)(164.21076420219413 163.0)
(1.0E-12,10.0,0.23200000000000015)(164.64550946517397 178.0)
(1.0E-12,10.0,0.23200000000000015)(164.60667985468862 180.0)
(1.0E-12,10.0,0.23200000000000015)(164.21076420219413 164.0)
(1.0E-12,10.0,0.23200000000000015)(164.26280514453117 159.0)
(1.0E-12,10.0,0.23200000000000015)(164.08066080870785 163.0)
(1.0E-12,10.0,0.23200000000000015)(164.26280514453117 165.0)
(1.0E-12,10.0,0.23200000000000015)(164.14564736020407 175.0)
(1.0E-12,10.0,0.23200000000000015)(163.9591233297021 180.0)
(1.0E-12,10.0,0.23200000000000015)(163.9591233297021 179.0)
(1.0E-12 10.0 0.23500000000000015)(142.96832853135024 243.0)
(1.0E-12,10.0,0.23500000000000015)(165.85989181798615 1.0)
(1.0E-12,10.0,0.23500000000000015)(165.85989181798615 25.0)
(1.0E-12,10.0,0.23500000000000015)(165.85989181798615 32.0)
(1.0E-12,10.0,0.23500000000000015)(165.85989181798615 49.0)
(1.0E-12,10.0,0.23500000000000015)(165.85989181798615 65.0)
(1.0E-12,10.0,0.23500000000000015)(165.59652812564022 105.0)
(1.0E-12,10.0,0.23500000000000015)(165.59652812564022 135.0)
(1.0E-12,10.0,0.23500000000000015)(165.85989181798615 127.0)
(1.0E-12,10.0,0.23500000000000015)(165.57598754787773 142.0)
(1.0E-12,10.0,0.23500000000000015)(165.38781183785292 136.0)
(1.0E-12,10.0,0.23500000000000015)(165.69229521450688 151.0)
(1.0E-12,10.0,0.23500000000000015)(165.05945704486328 164.0)
(1.0E-12,10.0,0.23500000000000015)(165.00377245137295 165.0)
(1.0E-12,10.0,0.23500000000000015)(165.00377245137295 166.0)
(1.0E-12,10.0,0.23500000000000015)(165.00377245137295 167.0)
(1.0E-12,10.0,0.23500000000000015)(164.9349314872523 168.0)
(1.0E-12,10.0,0.23500000000000015)(164.63260150993483 168.0)
(1.0E-12,10.0,0.23500000000000015)(164.58057775758851 170.0)
(1.0E-12,10.0,0.23500000000000015)(164.63260150993483 169.0)
(1.0E-12,10.0,0.23500000000000015)(165.00768560089847 169.0)
(1.0E-12,10.0,0.23500000000000015)(165.3017033660222 178.0)
(1.0E-12,10.0,0.23500000000000015)(165.00768560089847 171.0)
(1.0E-12,10.0,0.23500000000000015)(165.00768560089847 172.0)
(1.0E-12,10.0,0.23500000000000015)(164.40676632022226 184.0)
(1.0E-12,10.0,0.23500000000000015)(163.99345319329862 173.0)
(1.0E-12,10.0,0.23500000000000015)(165.05945704486328 163.0)
(1.0E-12 10.0 0.23800000000000016)(147.86207984287077 240.0)
(1.0E-12,10.0,0.23800000000000016)(165.85989181798615 1.0)
(1.0E-12,10.0,0.23800000000000016)(165.85989181798615 25.0)
(1.0E-12,10.0,0.23800000000000016)(165.85989181798615 30.0)
(1.0E-12,10.0,0.23800000000000016)(165.85989181798615 32.0)
(1.0E-12,10.0,0.23800000000000016)(165.85989181798615 37.0)
(1.0E-12,10.0,0.23800000000000016)(165.85989181798615 56.0)
(1.0E-12,10.0,0.23800000000000016)(165.85989181798615 66.0)
(1.0E-12,10.0,0.23800000000000016)(165.85989181798615 100.0)
(1.0E-12,10.0,0.23800000000000016)(165.85989181798615 127.0)
(1.0E-12,10.0,0.23800000000000016)(165.85989181798615 130.0)
(1.0E-12,10.0,0.23800000000000016)(165.84098406502744 136.0)
(1.0E-12,10.0,0.23800000000000016)(165.1950327077784 138.0)
(1.0E-12,10.0,0.23800000000000016)(164.96821436771702 163.0)
(1.0E-12,10.0,0.23800000000000016)(164.8134157432645 164.0)
(1.0E-12,10.0,0.23800000000000016)(164.75750067705818 165.0)
(1.0E-12,10.0,0.23800000000000016)(164.75750067705818 167.0)
(1.0E-12,10.0,0.23800000000000016)(164.75750067705818 168.0)
(1.0E-12,10.0,0.23800000000000016)(164.70557039990132 168.0)
(1.0E-12,10.0,0.23800000000000016)(164.70557039990132 169.0)
(1.0E-12,10.0,0.23800000000000016)(164.70557039990132 170.0)
(1.0E-12,10.0,0.23800000000000016)(164.76152698429732 169.0)
(1.0E-12,10.0,0.23800000000000016)(164.46695513415693 171.0)
(1.0E-12,10.0,0.23800000000000016)(164.42342463921756 172.0)
(1.0E-12,10.0,0.23800000000000016)(164.8576314207521 185.0)
(1.0E-12,10.0,0.23800000000000016)(164.3063356394705 173.0)
(1.0E-12,10.0,0.23800000000000016)(164.4754125944962 168.0)
(1.0E-12,10.0,0.23800000000000016)(164.3583593918168 170.0)
(1.0E-12,10.0,0.23800000000000016)(163.91123978526878 175.0)
(1.0E-12,10.0,0.23800000000000016)(163.96337538908284 172.0)
(1.0E-12,10.0,0.23800000000000016)(164.55812053488097 167.0)
(1.0E-12,10.0,0.23800000000000016)(163.96337538908284 176.0)
(1.0E-12 10.0 0.24100000000000016)(149.3245173320378 240.0)
(1.0E-12,10.0,0.24100000000000016)(165.85989181798615 1.0)
(1.0E-12,10.0,0.24100000000000016)(165.85989181798615 25.0)
(1.0E-12,10.0,0.24100000000000016)(165.85989181798615 30.0)
(1.0E-12,10.0,0.24100000000000016)(165.85989181798615 32.0)
(1.0E-12,10.0,0.24100000000000016)(165.85989181798615 35.0)
(1.0E-12,10.0,0.24100000000000016)(165.85989181798615 50.0)
(1.0E-12,10.0,0.24100000000000016)(165.85989181798615 64.0)
(1.0E-12,10.0,0.24100000000000016)(165.4137852185809 138.0)
(1.0E-12,10.0,0.24100000000000016)(165.37119956667524 149.0)
(1.0E-12,10.0,0.24100000000000016)(165.30328435070967 154.0)
(1.0E-12,10.0,0.24100000000000016)(165.09248866388816 155.0)
(1.0E-12,10.0,0.24100000000000016)(165.11901321234333 153.0)
(1.0E-12,10.0,0.24100000000000016)(164.96459500592752 162.0)
(1.0E-12,10.0,0.24100000000000016)(164.90881319028867 163.0)
(1.0E-12,10.0,0.24100000000000016)(164.90881319028867 164.0)
(1.0E-12,10.0,0.24100000000000016)(164.90881319028867 165.0)
(1.0E-12,10.0,0.24100000000000016)(164.72733564737098 177.0)
(1.0E-12,10.0,0.24100000000000016)(164.4980654687939 179.0)
(1.0E-12,10.0,0.24100000000000016)(164.4980654687939 180.0)
(1.0E-12,10.0,0.24100000000000016)(164.55424661904394 179.0)
(1.0E-12,10.0,0.24100000000000016)(164.68815820192555 178.0)
(1.0E-12,10.0,0.24100000000000016)(165.39607814152976 171.0)
(1.0E-12,10.0,0.24100000000000016)(164.17192822255006 179.0)
(1.0E-12,10.0,0.24100000000000016)(165.39607814152976 172.0)
(1.0E-12,10.0,0.24100000000000016)(165.39607814152976 173.0)
(1.0E-12,10.0,0.24100000000000016)(164.17192822255006 181.0)
(1.0E-12,10.0,0.24100000000000016)(164.68815820192555 176.0)
(1.0E-12,10.0,0.24100000000000016)(164.783292231767 173.0)
(1.0E-12,10.0,0.24100000000000016)(164.783292231767 175.0)
(1.0E-12 10.0 0.24400000000000016)(147.45885404114694 265.0)
(1.0E-12,10.0,0.24400000000000016)(165.85989181798615 1.0)
(1.0E-12,10.0,0.24400000000000016)(165.85989181798615 25.0)
(1.0E-12,10.0,0.24400000000000016)(165.85989181798615 35.0)
(1.0E-12,10.0,0.24400000000000016)(165.85989181798615 42.0)
(1.0E-12,10.0,0.24400000000000016)(165.70989036971378 81.0)
(1.0E-12,10.0,0.24400000000000016)(165.405079119593 92.0)
(1.0E-12,10.0,0.24400000000000016)(165.36249346768736 116.0)
(1.0E-12,10.0,0.24400000000000016)(165.31114823690862 129.0)
(1.0E-12,10.0,0.24400000000000016)(165.11799778237167 134.0)
(1.0E-12,10.0,0.24400000000000016)(165.11799778237167 131.0)
(1.0E-12,10.0,0.24400000000000016)(164.96386131822305 143.0)
(1.0E-12,10.0,0.24400000000000016)(164.80906269377056 153.0)
(1.0E-12,10.0,0.24400000000000016)(164.74411478632157 154.0)
(1.0E-12,10.0,0.24400000000000016)(164.68815820192555 155.0)
(1.0E-12,10.0,0.24400000000000016)(164.75314762756423 154.0)
(1.0E-12,10.0,0.24400000000000016)(164.68815820192555 156.0)
(1.0E-12,10.0,0.24400000000000016)(164.68409166850688 156.0)
(1.0E-12,10.0,0.24400000000000016)(164.6971508169887 156.0)
(1.0E-12,10.0,0.24400000000000016)(164.4935167677098 157.0)
(1.0E-12,10.0,0.24400000000000016)(164.44147582537275 158.0)
(1.0E-12,10.0,0.24400000000000016)(164.4976569756228 157.0)
(1.0E-12,10.0,0.24400000000000016)(164.55376748538706 153.0)
(1.0E-12,10.0,0.24400000000000016)(164.7571739348034 152.0)
(1.0E-12,10.0,0.24400000000000016)(165.30605641551614 164.0)
(1.0E-12,10.0,0.24400000000000016)(164.7139701821188 157.0)
(1.0E-12,10.0,0.24400000000000016)(164.6922049346491 155.0)
(1.0E-12,10.0,0.24400000000000016)(164.70526408313094 154.0)
(1.0E-12,10.0,0.24400000000000016)(164.80906269377056 150.0)
(1.0E-12,10.0,0.24400000000000016)(164.7702330832852 153.0)
(1.0E-12 10.0 0.24700000000000016)(147.01153921505093 267.0)
(1.0E-12,10.0,0.24700000000000016)(165.85989181798615 1.0)
(1.0E-12,10.0,0.24700000000000016)(165.85989181798615 25.0)
(1.0E-12,10.0,0.24700000000000016)(165.85989181798615 35.0)
(1.0E-12,10.0,0.24700000000000016)(165.85989181798615 43.0)
(1.0E-12,10.0,0.24700000000000016)(165.85989181798615 64.0)
(1.0E-12,10.0,0.24700000000000016)(165.59652812564022 93.0)
(1.0E-12,10.0,0.24700000000000016)(165.55422230040804 122.0)
(1.0E-12,10.0,0.24700000000000016)(165.55422230040804 130.0)
(1.0E-12,10.0,0.24700000000000016)(165.32415503587967 132.0)
(1.0E-12,10.0,0.24700000000000016)(165.32415503587967 136.0)
(1.0E-12,10.0,0.24700000000000016)(165.01639169988636 153.0)
(1.0E-12,10.0,0.24700000000000016)(165.01639169988636 154.0)
(1.0E-12,10.0,0.24700000000000016)(164.89575404180687 156.0)
(1.0E-12,10.0,0.24700000000000016)(164.96065756916397 155.0)
(1.0E-12,10.0,0.24700000000000016)(164.835855567949 154.0)
(1.0E-12,10.0,0.24700000000000016)(164.79263138978 157.0)
(1.0E-12,10.0,0.24700000000000016)(164.40645577783107 174.0)
(1.0E-12,10.0,0.24700000000000016)(164.35441483549403 176.0)
(1.0E-12,10.0,0.24700000000000016)(164.76152698429735 157.0)
(1.0E-12,10.0,0.24700000000000016)(164.90881319028867 156.0)
(1.0E-12,10.0,0.24700000000000016)(164.96459500592752 155.0)
(1.0E-12,10.0,0.24700000000000016)(164.7142764988892 167.0)
(1.0E-12,10.0,0.24700000000000016)(164.84388708972207 153.0)
(1.0E-12,10.0,0.24700000000000016)(164.7575006770582 157.0)
(1.0E-12,10.0,0.24700000000000016)(164.69686430091346 157.0)
(1.0E-12,10.0,0.24700000000000016)(164.85259318870993 154.0)
(1.0E-12,10.0,0.24700000000000016)(164.74879457807035 153.0)
(1.0E-12,10.0,0.24700000000000016)(164.90446014079475 151.0)
(1.0E-12 10.0 0.25000000000000017)(142.4753635339322 270.0)
(1.0E-12,10.0,0.25000000000000017)(165.85989181798615 1.0)
(1.0E-12,10.0,0.25000000000000017)(165.85989181798615 25.0)
(1.0E-12,10.0,0.25000000000000017)(165.85989181798615 32.0)
(1.0E-12,10.0,0.25000000000000017)(165.85989181798615 46.0)
(1.0E-12,10.0,0.25000000000000017)(165.85989181798615 68.0)
(1.0E-12,10.0,0.25000000000000017)(165.473724394755 118.0)
(1.0E-12,10.0,0.25000000000000017)(165.20831398948994 141.0)
(1.0E-12,10.0,0.25000000000000017)(165.16553788057752 149.0)
(1.0E-12,10.0,0.25000000000000017)(164.93306988856907 152.0)
(1.0E-12,10.0,0.25000000000000017)(164.778393067697 158.0)
(1.0E-12,10.0,0.25000000000000017)(164.62314897559182 167.0)
(1.0E-12,10.0,0.25000000000000017)(164.62314897559182 168.0)
(1.0E-12,10.0,0.25000000000000017)(164.48436733213268 169.0)
(1.0E-12,10.0,0.25000000000000017)(164.272194986441 170.0)
(1.0E-12,10.0,0.25000000000000017)(164.4111833793341 170.0)
(1.0E-12,10.0,0.25000000000000017)(164.272194986441 171.0)
(1.0E-12,10.0,0.25000000000000017)(164.13759835895343 171.0)
(1.0E-12,10.0,0.25000000000000017)(163.8549591685716 172.0)
(1.0E-12,10.0,0.25000000000000017)(163.2409611757955 179.0)
(1.0E-12,10.0,0.25000000000000017)(163.2409611757955 180.0)
(1.0E-12,10.0,0.25000000000000017)(164.52789782707205 169.0)
(1.0E-12,10.0,0.25000000000000017)(163.04892502463875 190.0)
(1.0E-12,10.0,0.25000000000000017)(164.62314897559182 164.0)
(1.0E-12 10.0 0.25300000000000017)(145.0923104419911 268.0)
(1.0E-12,10.0,0.25300000000000017)(165.85989181798615 1.0)
(1.0E-12,10.0,0.25300000000000017)(165.85989181798615 25.0)
(1.0E-12,10.0,0.25300000000000017)(165.85989181798615 32.0)
(1.0E-12,10.0,0.25300000000000017)(165.85989181798615 46.0)
(1.0E-12,10.0,0.25300000000000017)(165.85989181798615 56.0)
(1.0E-12,10.0,0.25300000000000017)(165.85989181798615 67.0)
(1.0E-12,10.0,0.25300000000000017)(165.85989181798615 98.0)
(1.0E-12,10.0,0.25300000000000017)(165.85989181798615 111.0)
(1.0E-12,10.0,0.25300000000000017)(165.84098406502744 119.0)
(1.0E-12,10.0,0.25300000000000017)(165.63541031307273 130.0)
(1.0E-12,10.0,0.25300000000000017)(165.48357892671956 139.0)
(1.0E-12,10.0,0.25300000000000017)(165.3304834225332 152.0)
(1.0E-12,10.0,0.25300000000000017)(165.3304834225332 153.0)
(1.0E-12,10.0,0.25300000000000017)(165.17666929800313 154.0)
(1.0E-12,10.0,0.25300000000000017)(165.17666929800313 155.0)
(1.0E-12,10.0,0.25300000000000017)(165.12103624996726 156.0)
(1.0E-12,10.0,0.25300000000000017)(165.30605641551614 169.0)
(1.0E-12,10.0,0.25300000000000017)(165.09880585253515 156.0)
(1.0E-12,10.0,0.25300000000000017)(165.3304834225332 150.0)
(1.0E-12,10.0,0.25300000000000017)(165.3304834225332 161.0)
(1.0E-12 10.0 0.25600000000000017)(144.53383496544785 270.0)
(1.0E-12,10.0,0.25600000000000017)(165.85989181798615 1.0)
(1.0E-12,10.0,0.25600000000000017)(165.85989181798615 25.0)
(1.0E-12,10.0,0.25600000000000017)(165.85989181798615 32.0)
(1.0E-12,10.0,0.25600000000000017)(165.85989181798615 42.0)
(1.0E-12,10.0,0.25600000000000017)(165.85989181798615 63.0)
(1.0E-12,10.0,0.25600000000000017)(165.85989181798615 87.0)
(1.0E-12,10.0,0.25600000000000017)(165.85989181798615 107.0)
(1.0E-12,10.0,0.25600000000000017)(165.84098406502744 115.0)
(1.0E-12,10.0,0.25600000000000017)(165.63541031307273 126.0)
(1.0E-12,10.0,0.25600000000000017)(165.48357892671956 142.0)
(1.0E-12,10.0,0.25600000000000017)(165.3304834225332 149.0)
(1.0E-12,10.0,0.25600000000000017)(165.17666929800313 150.0)
(1.0E-12,10.0,0.25600000000000017)(165.17666929800313 151.0)
(1.0E-12,10.0,0.25600000000000017)(165.27514538040714 152.0)
(1.0E-12,10.0,0.25600000000000017)(165.18050346719468 153.0)
(1.0E-12,10.0,0.25600000000000017)(165.34890936778635 162.0)
(1.0E-12,10.0,0.25600000000000017)(165.3304834225332 148.0)
(1.0E-12,10.0,0.25600000000000017)(165.3304834225332 146.0)
(1.0E-12 10.0 0.2590000000000002)(145.39096209139183 268.0)
(1.0E-12,10.0,0.2590000000000002)(165.85989181798615 1.0)
(1.0E-12,10.0,0.2590000000000002)(165.85989181798615 25.0)
(1.0E-12,10.0,0.2590000000000002)(165.85989181798615 32.0)
(1.0E-12,10.0,0.2590000000000002)(165.85989181798615 39.0)
(1.0E-12,10.0,0.2590000000000002)(165.85989181798615 49.0)
(1.0E-12,10.0,0.2590000000000002)(165.74906781515924 80.0)
(1.0E-12,10.0,0.2590000000000002)(165.74906781515924 100.0)
(1.0E-12,10.0,0.2590000000000002)(165.68243898867337 126.0)
(1.0E-12,10.0,0.2590000000000002)(165.6619952302757 127.0)
(1.0E-12,10.0,0.2590000000000002)(165.4532789424884 136.0)
(1.0E-12,10.0,0.2590000000000002)(165.26600146516552 143.0)
(1.0E-12,10.0,0.2590000000000002)(165.11186500101692 152.0)
(1.0E-12,10.0,0.2590000000000002)(164.9572377387908 153.0)
(1.0E-12,10.0,0.2590000000000002)(164.775677070106 163.0)
(1.0E-12,10.0,0.2590000000000002)(164.775677070106 164.0)
(1.0E-12,10.0,0.2590000000000002)(164.775677070106 165.0)
(1.0E-12,10.0,0.2590000000000002)(164.9572377387908 155.0)
(1.0E-12,10.0,0.2590000000000002)(164.9013226725845 156.0)
(1.0E-12,10.0,0.2590000000000002)(165.11186500101692 154.0)
(1.0E-12,10.0,0.2590000000000002)(165.0557405075582 160.0)
(1.0E-12,10.0,0.2590000000000002)(165.06879965604 157.0)
(1.0E-12,10.0,0.2590000000000002)(165.08743799399986 165.0)
(1.0E-12,10.0,0.2590000000000002)(165.06879965604 158.0)
(1.0E-12,10.0,0.2590000000000002)(165.08743799399986 166.0)
(1.0E-12,10.0,0.2590000000000002)(165.06879965604 159.0)
(1.0E-12,10.0,0.2590000000000002)(164.90935419435755 161.0)
(1.0E-12,10.0,0.2590000000000002)(164.9825941788601 160.0)
(1.0E-12,10.0,0.2590000000000002)(164.82296778169365 162.0)
(1.0E-12,10.0,0.2590000000000002)(164.52394663481286 171.0)
(1.0E-12,10.0,0.2590000000000002)(164.52394663481286 170.0)
(1.0E-12,10.0,0.2590000000000002)(164.48062898145443 171.0)
(1.0E-12,10.0,0.2590000000000002)(164.77974360352468 163.0)
(1.0E-12,10.0,0.2590000000000002)(164.65453811963096 165.0)
(1.0E-12,10.0,0.2590000000000002)(164.88323589739392 167.0)
(1.0E-12,10.0,0.2590000000000002)(164.49406268194542 169.0)
(1.0E-12,10.0,0.2590000000000002)(164.03351349711858 179.0)
(1.0E-12,10.0,0.2590000000000002)(164.03351349711858 178.0)
(1.0E-12 10.0 0.2620000000000002)(145.6879999872634 265.0)
(1.0E-12,10.0,0.2620000000000002)(165.85989181798615 1.0)
(1.0E-12,10.0,0.2620000000000002)(165.85989181798615 25.0)
(1.0E-12,10.0,0.2620000000000002)(165.85989181798615 32.0)
(1.0E-12,10.0,0.2620000000000002)(165.85989181798615 60.0)
(1.0E-12,10.0,0.2620000000000002)(165.81921881755775 83.0)
(1.0E-12,10.0,0.2620000000000002)(165.81921881755775 90.0)
(1.0E-12,10.0,0.2620000000000002)(165.75342086465315 128.0)
(1.0E-12,10.0,0.2620000000000002)(165.73323809532314 129.0)
(1.0E-12,10.0,0.2620000000000002)(165.52544457770313 130.0)
(1.0E-12,10.0,0.2620000000000002)(165.37279296633992 139.0)
(1.0E-12,10.0,0.2620000000000002)(165.21913335070388 149.0)
(1.0E-12,10.0,0.2620000000000002)(165.03832830958248 159.0)
(1.0E-12,10.0,0.2620000000000002)(164.88358373235397 161.0)
(1.0E-12,10.0,0.2620000000000002)(164.88358373235397 162.0)
(1.0E-12,10.0,0.2620000000000002)(164.88358373235397 163.0)
(1.0E-12,10.0,0.2620000000000002)(164.82762714795797 164.0)
(1.0E-12,10.0,0.2620000000000002)(165.03832830958248 167.0)
(1.0E-12,10.0,0.2620000000000002)(165.03832830958248 165.0)
(1.0E-12,10.0,0.2620000000000002)(164.95251504745448 156.0)
(1.0E-12,10.0,0.2620000000000002)(165.28058054136747 162.0)
(1.0E-12,10.0,0.2620000000000002)(165.21913335070388 154.0)
(1.0E-12,10.0,0.2620000000000002)(165.21913335070388 155.0)
(1.0E-12,10.0,0.2620000000000002)(165.21913335070388 157.0)
(1.0E-12,10.0,0.2620000000000002)(165.13313880306376 160.0)
(1.0E-12,10.0,0.2620000000000002)(164.9738880798722 160.0)
(1.0E-12,10.0,0.2620000000000002)(164.87851320605756 166.0)
(1.0E-12,10.0,0.2620000000000002)(164.79216969298136 168.0)
(1.0E-12,10.0,0.2620000000000002)(164.74896594029678 169.0)
(1.0E-12,10.0,0.2620000000000002)(164.74896594029678 170.0)
(1.0E-12,10.0,0.2620000000000002)(164.8058619004883 162.0)
(1.0E-12,10.0,0.2620000000000002)(164.9307497999848 162.0)
(1.0E-12,10.0,0.2620000000000002)(164.46776548456288 176.0)
(1.0E-12,10.0,0.2620000000000002)(164.3549276635219 175.0)
(1.0E-12,10.0,0.2620000000000002)(164.6363794863001 175.0)
(1.0E-12,10.0,0.2620000000000002)(164.3549276635219 177.0)
(1.0E-12 10.0 0.2650000000000002)(146.1240315380949 255.0)
(1.0E-12,10.0,0.2650000000000002)(165.85989181798615 1.0)
(1.0E-12,10.0,0.2650000000000002)(165.85989181798615 25.0)
(1.0E-12,10.0,0.2650000000000002)(165.85989181798615 39.0)
(1.0E-12,10.0,0.2650000000000002)(165.85989181798615 32.0)
(1.0E-12,10.0,0.2650000000000002)(165.85989181798615 53.0)
(1.0E-12,10.0,0.2650000000000002)(165.81921881755775 91.0)
(1.0E-12,10.0,0.2650000000000002)(165.81921881755775 101.0)
(1.0E-12,10.0,0.2650000000000002)(165.75342086465315 128.0)
(1.0E-12,10.0,0.2650000000000002)(165.73323809532314 129.0)
(1.0E-12,10.0,0.2650000000000002)(165.52544457770313 130.0)
(1.0E-12,10.0,0.2650000000000002)(165.21913335070388 152.0)
(1.0E-12,10.0,0.2650000000000002)(165.21913335070388 148.0)
(1.0E-12,10.0,0.2650000000000002)(165.06488650651448 153.0)
(1.0E-12,10.0,0.2650000000000002)(165.06488650651448 155.0)
(1.0E-12,10.0,0.2650000000000002)(165.06488650651448 157.0)
(1.0E-12,10.0,0.2650000000000002)(165.00910469087563 158.0)
(1.0E-12,10.0,0.2650000000000002)(165.16361014952133 158.0)
(1.0E-12,10.0,0.2650000000000002)(165.21913335070388 159.0)
(1.0E-12,10.0,0.2650000000000002)(165.21913335070388 160.0)
(1.0E-12,10.0,0.2650000000000002)(165.21913335070388 161.0)
(1.0E-12,10.0,0.2650000000000002)(165.21913335070388 162.0)
(1.0E-12,10.0,0.2650000000000002)(165.07315270553391 168.0)
(1.0E-12,10.0,0.2650000000000002)(164.6012685742733 164.0)
(1.0E-12,10.0,0.2650000000000002)(165.13313880306376 166.0)
(1.0E-12,10.0,0.2650000000000002)(164.5147614021681 166.0)
(1.0E-12,10.0,0.2650000000000002)(165.13313880306376 163.0)
(1.0E-12,10.0,0.2650000000000002)(164.5147614021681 167.0)
(1.0E-12,10.0,0.2650000000000002)(164.5147614021681 165.0)
(1.0E-12,10.0,0.2650000000000002)(164.47147954587734 169.0)
(1.0E-12,10.0,0.2650000000000002)(164.47147954587734 170.0)
(1.0E-12,10.0,0.2650000000000002)(163.9463942160893 170.0)
(1.0E-12,10.0,0.2650000000000002)(164.47147954587734 172.0)
(1.0E-12,10.0,0.2650000000000002)(164.22852666281534 173.0)
(1.0E-12,10.0,0.2650000000000002)(164.22852666281534 171.0)
(1.0E-12,10.0,0.2650000000000002)(164.22852666281534 174.0)
(1.0E-12,10.0,0.2650000000000002)(163.70277581377064 175.0)
(1.0E-12,10.0,0.2650000000000002)(163.70277581377064 176.0)
(1.0E-12,10.0,0.2650000000000002)(164.32429375168192 175.0)
(1.0E-12,10.0,0.2650000000000002)(163.48506975748626 187.0)
(1.0E-12 10.0 0.2680000000000002)(145.75744691004013 256.0)
(1.0E-12,10.0,0.2680000000000002)(165.85989181798615 1.0)
(1.0E-12,10.0,0.2680000000000002)(165.85989181798615 25.0)
(1.0E-12,10.0,0.2680000000000002)(165.85989181798615 32.0)
(1.0E-12,10.0,0.2680000000000002)(165.85989181798615 49.0)
(1.0E-12,10.0,0.2680000000000002)(165.70989036971378 91.0)
(1.0E-12,10.0,0.2680000000000002)(165.70989036971378 101.0)
(1.0E-12,10.0,0.2680000000000002)(165.6432615432279 128.0)
(1.0E-12,10.0,0.2680000000000002)(165.62281778483026 129.0)
(1.0E-12,10.0,0.2680000000000002)(165.41410149704294 130.0)
(1.0E-12,10.0,0.2680000000000002)(165.26100599285658 143.0)
(1.0E-12,10.0,0.2680000000000002)(165.1070205061001 148.0)
(1.0E-12,10.0,0.2680000000000002)(164.77103750453676 162.0)
(1.0E-12,10.0,0.2680000000000002)(164.95251504745443 154.0)
(1.0E-12,10.0,0.2680000000000002)(164.95251504745443 155.0)
(1.0E-12,10.0,0.2680000000000002)(164.95251504745443 156.0)
(1.0E-12,10.0,0.2680000000000002)(164.95251504745443 157.0)
(1.0E-12,10.0,0.2680000000000002)(164.89664288083574 158.0)
(1.0E-12,10.0,0.2680000000000002)(165.05138745806426 156.0)
(1.0E-12,10.0,0.2680000000000002)(165.05138745806426 159.0)
(1.0E-12,10.0,0.2680000000000002)(165.02091611160668 160.0)
(1.0E-12,10.0,0.2680000000000002)(164.99915086413702 160.0)
(1.0E-12,10.0,0.2680000000000002)(164.85711760043029 170.0)
(1.0E-12,10.0,0.2680000000000002)(164.87888284789994 162.0)
(1.0E-12,10.0,0.2680000000000002)(165.1070205061001 161.0)
(1.0E-12,10.0,0.2680000000000002)(164.77876270953945 157.0)
(1.0E-12,10.0,0.2680000000000002)(165.02091611160668 163.0)
(1.0E-12,10.0,0.2680000000000002)(165.05527535759575 161.0)
(1.0E-12,10.0,0.2680000000000002)(164.04635568180723 184.0)
(1.0E-12,10.0,0.2680000000000002)(164.96911941764787 161.0)
(1.0E-12,10.0,0.2680000000000002)(164.14612791334332 181.0)
(1.0E-12,10.0,0.2680000000000002)(164.9260045354389 156.0)
(1.0E-12,10.0,0.2680000000000002)(164.83970540245454 161.0)
(1.0E-12,10.0,0.2680000000000002)(163.53733821553175 174.0)
(1.0E-12,10.0,0.2680000000000002)(163.31948742891282 186.0)
(1.0E-12,10.0,0.2680000000000002)(163.53733821553175 175.0)
(1.0E-12,10.0,0.2680000000000002)(163.53733821553175 176.0)
(1.0E-12 10.0 0.2710000000000002)(148.55702844479723 240.0)
(1.0E-12,10.0,0.2710000000000002)(165.85989181798615 1.0)
(1.0E-12,10.0,0.2710000000000002)(165.85989181798615 18.0)
(1.0E-12,10.0,0.2710000000000002)(165.85989181798615 25.0)
(1.0E-12,10.0,0.2710000000000002)(165.85989181798615 32.0)
(1.0E-12,10.0,0.2710000000000002)(165.85989181798615 60.0)
(1.0E-12,10.0,0.2710000000000002)(165.85989181798615 82.0)
(1.0E-12,10.0,0.2710000000000002)(165.81921881755775 94.0)
(1.0E-12,10.0,0.2710000000000002)(165.71582589734737 120.0)
(1.0E-12,10.0,0.2710000000000002)(165.58165345623067 131.0)
(1.0E-12,10.0,0.2710000000000002)(165.5609567468602 135.0)
(1.0E-12,10.0,0.2710000000000002)(165.35119908109664 133.0)
(1.0E-12,10.0,0.2710000000000002)(165.04312125904477 155.0)
(1.0E-12,10.0,0.2710000000000002)(165.04312125904477 151.0)
(1.0E-12,10.0,0.2710000000000002)(164.88826352410268 157.0)
(1.0E-12,10.0,0.2710000000000002)(164.88826352410268 158.0)
(1.0E-12,10.0,0.2710000000000002)(164.88826352410268 159.0)
(1.0E-12,10.0,0.2710000000000002)(164.74572166399525 161.0)
(1.0E-12,10.0,0.2710000000000002)(164.95686809694837 159.0)
(1.0E-12,10.0,0.2710000000000002)(164.9009959303297 159.0)
(1.0E-12,10.0,0.2710000000000002)(164.7884497025125 165.0)
(1.0E-12,10.0,0.2710000000000002)(164.84440628690854 162.0)
(1.0E-12,10.0,0.2710000000000002)(164.84440628690854 164.0)
(1.0E-12,10.0,0.2710000000000002)(164.6671181344558 170.0)
(1.0E-12,10.0,0.2710000000000002)(164.84440628690854 167.0)
(1.0E-12,10.0,0.2710000000000002)(164.95686809694837 168.0)
(1.0E-12,10.0,0.2710000000000002)(164.95686809694837 166.0)
(1.0E-12,10.0,0.2710000000000002)(164.73649962466055 170.0)
(1.0E-12,10.0,0.2710000000000002)(164.62383627816507 168.0)
(1.0E-12,10.0,0.2710000000000002)(164.73649962466055 169.0)
(1.0E-12,10.0,0.2710000000000002)(164.96506116274682 157.0)
(1.0E-12,10.0,0.2710000000000002)(164.73649962466055 172.0)
(1.0E-12,10.0,0.2710000000000002)(164.82296778169365 165.0)
(1.0E-12,10.0,0.2710000000000002)(164.95686809694837 163.0)
(1.0E-12,10.0,0.2710000000000002)(164.62406677317338 173.0)
(1.0E-12,10.0,0.2710000000000002)(164.580536278234 168.0)
(1.0E-12,10.0,0.2710000000000002)(164.99959076410545 154.0)
(1.0E-12,10.0,0.2710000000000002)(164.62406677317338 175.0)
(1.0E-12,10.0,0.2710000000000002)(164.62406677317338 177.0)
(1.0E-12,10.0,0.2710000000000002)(164.62406677317338 176.0)
(1.0E-12,10.0,0.2710000000000002)(164.62406677317338 174.0)
(1.0E-12,10.0,0.2710000000000002)(163.63312500660737 188.0)
(1.0E-12,10.0,0.2710000000000002)(164.7106486293952 174.0)
(1.0E-12,10.0,0.2710000000000002)(163.5198941534377 189.0)
(1.0E-12,10.0,0.2710000000000002)(163.5198941534377 190.0)
(1.0E-12 10.0 0.2740000000000002)(148.61313035331384 236.0)
(1.0E-12,10.0,0.2740000000000002)(165.85989181798615 1.0)
(1.0E-12,10.0,0.2740000000000002)(165.85989181798615 18.0)
(1.0E-12,10.0,0.2740000000000002)(165.85989181798615 25.0)
(1.0E-12,10.0,0.2740000000000002)(165.85989181798615 32.0)
(1.0E-12,10.0,0.2740000000000002)(165.85989181798615 56.0)
(1.0E-12,10.0,0.2740000000000002)(165.85989181798615 80.0)
(1.0E-12,10.0,0.2740000000000002)(165.85989181798615 83.0)
(1.0E-12,10.0,0.2740000000000002)(165.85989181798615 98.0)
(1.0E-12,10.0,0.2740000000000002)(165.79517472207118 112.0)
(1.0E-12,10.0,0.2740000000000002)(165.52544457770313 132.0)
(1.0E-12,10.0,0.2740000000000002)(165.37279296633992 141.0)
(1.0E-12,10.0,0.2740000000000002)(165.21913335070388 150.0)
(1.0E-12,10.0,0.2740000000000002)(165.21913335070388 154.0)
(1.0E-12,10.0,0.2740000000000002)(165.06488650651448 156.0)
(1.0E-12,10.0,0.2740000000000002)(165.06488650651448 157.0)
(1.0E-12,10.0,0.2740000000000002)(165.06488650651448 158.0)
(1.0E-12,10.0,0.2740000000000002)(165.00910469087566 159.0)
(1.0E-12,10.0,0.2740000000000002)(165.20718787845067 158.0)
(1.0E-12,10.0,0.2740000000000002)(165.21913335070388 160.0)
(1.0E-12,10.0,0.2740000000000002)(165.21913335070388 161.0)
(1.0E-12,10.0,0.2740000000000002)(164.88205842776915 162.0)
(1.0E-12,10.0,0.2740000000000002)(164.79580526567275 163.0)
(1.0E-12,10.0,0.2740000000000002)(165.13313880306376 162.0)
(1.0E-12,10.0,0.2740000000000002)(164.79580526567275 164.0)
(1.0E-12,10.0,0.2740000000000002)(164.79580526567275 166.0)
(1.0E-12,10.0,0.2740000000000002)(164.83933576061213 164.0)
(1.0E-12,10.0,0.2740000000000002)(164.5879031090211 163.0)
(1.0E-12,10.0,0.2740000000000002)(164.78404519208559 166.0)
(1.0E-12,10.0,0.2740000000000002)(164.7961749075152 160.0)
(1.0E-12,10.0,0.2740000000000002)(164.55338502984003 165.0)
(1.0E-12,10.0,0.2740000000000002)(164.75264441257582 166.0)
(1.0E-12,10.0,0.2740000000000002)(164.45817175874691 167.0)
(1.0E-12,10.0,0.2740000000000002)(165.09009975354726 161.0)
(1.0E-12,10.0,0.2740000000000002)(164.51014105097596 169.0)
(1.0E-12,10.0,0.2740000000000002)(164.45817175874691 170.0)
(1.0E-12,10.0,0.2740000000000002)(164.21528861391457 170.0)
(1.0E-12,10.0,0.2740000000000002)(164.45817175874691 171.0)
(1.0E-12,10.0,0.2740000000000002)(164.21528861391457 172.0)
(1.0E-12,10.0,0.2740000000000002)(164.21528861391457 173.0)
(1.0E-12 10.0 0.2770000000000002)(148.92244670791706 235.0)
(1.0E-12,10.0,0.2770000000000002)(165.85989181798615 1.0)
(1.0E-12,10.0,0.2770000000000002)(165.85989181798615 18.0)
(1.0E-12,10.0,0.2770000000000002)(165.85989181798615 25.0)
(1.0E-12,10.0,0.2770000000000002)(165.85989181798615 32.0)
(1.0E-12,10.0,0.2770000000000002)(165.85989181798615 82.0)
(1.0E-12,10.0,0.2770000000000002)(165.85989181798615 85.0)
(1.0E-12,10.0,0.2770000000000002)(165.70989036971378 94.0)
(1.0E-12,10.0,0.2770000000000002)(165.70989036971378 109.0)
(1.0E-12,10.0,0.2770000000000002)(165.6432615432279 122.0)
(1.0E-12,10.0,0.2770000000000002)(165.41410149704294 131.0)
(1.0E-12,10.0,0.2770000000000002)(165.41410149704294 134.0)
(1.0E-12,10.0,0.2770000000000002)(165.26100599285658 140.0)
(1.0E-12,10.0,0.2770000000000002)(165.1070205061001 149.0)
(1.0E-12,10.0,0.2770000000000002)(165.1070205061001 153.0)
(1.0E-12,10.0,0.2770000000000002)(164.95251504745443 155.0)
(1.0E-12,10.0,0.2770000000000002)(164.95251504745443 157.0)
(1.0E-12,10.0,0.2770000000000002)(164.81021494998217 159.0)
(1.0E-12,10.0,0.2770000000000002)(164.89664288083574 158.0)
(1.0E-12,10.0,0.2770000000000002)(164.99959076410542 159.0)
(1.0E-12,10.0,0.2770000000000002)(165.05138745806426 159.0)
(1.0E-12,10.0,0.2770000000000002)(165.20718787845067 157.0)
(1.0E-12,10.0,0.2770000000000002)(165.1070205061001 160.0)
(1.0E-12,10.0,0.2770000000000002)(165.02091611160668 161.0)
(1.0E-12,10.0,0.2770000000000002)(164.7696869687091 161.0)
(1.0E-12,10.0,0.2770000000000002)(164.68334345563287 162.0)
(1.0E-12,10.0,0.2770000000000002)(164.63143360396043 163.0)
(1.0E-12,10.0,0.2770000000000002)(164.7178200166243 161.0)
(1.0E-12,10.0,0.2770000000000002)(164.63143360396043 164.0)
(1.0E-12,10.0,0.2770000000000002)(164.96911941764787 162.0)
(1.0E-12,10.0,0.2770000000000002)(164.63143360396043 165.0)
(1.0E-12,10.0,0.2770000000000002)(165.08486467636675 160.0)
(1.0E-12,10.0,0.2770000000000002)(164.72687395057227 158.0)
(1.0E-12,10.0,0.2770000000000002)(164.58820942579143 164.0)
(1.0E-12,10.0,0.2770000000000002)(164.77040444551162 165.0)
(1.0E-12,10.0,0.2770000000000002)(164.6836701978877 159.0)
(1.0E-12,10.0,0.2770000000000002)(164.28474175422727 171.0)
(1.0E-12,10.0,0.2770000000000002)(164.34547160556147 167.0)
(1.0E-12,10.0,0.2770000000000002)(163.98954919303637 169.0)
(1.0E-12,10.0,0.2770000000000002)(164.0503608244768 168.0)
(1.0E-12,10.0,0.2770000000000002)(164.9260045354389 161.0)
(1.0E-12,10.0,0.2770000000000002)(164.0503608244768 170.0)
(1.0E-12,10.0,0.2770000000000002)(164.60966835649074 169.0)
(1.0E-12,10.0,0.2770000000000002)(164.9473541701782 163.0)
(1.0E-12 10.0 0.2800000000000002)(146.85928809976159 235.0)
(1.0E-12,10.0,0.2800000000000002)(165.85989181798615 1.0)
(1.0E-12,10.0,0.2800000000000002)(165.85989181798615 18.0)
(1.0E-12,10.0,0.2800000000000002)(165.85989181798615 25.0)
(1.0E-12,10.0,0.2800000000000002)(165.85989181798615 32.0)
(1.0E-12,10.0,0.2800000000000002)(165.85989181798615 39.0)
(1.0E-12,10.0,0.2800000000000002)(165.85989181798615 82.0)
(1.0E-12,10.0,0.2800000000000002)(165.85989181798615 83.0)
(1.0E-12,10.0,0.2800000000000002)(165.70989036971378 94.0)
(1.0E-12,10.0,0.2800000000000002)(165.70989036971378 110.0)
(1.0E-12,10.0,0.2800000000000002)(165.6432615432279 130.0)
(1.0E-12,10.0,0.2800000000000002)(165.41410149704294 132.0)
(1.0E-12,10.0,0.2800000000000002)(165.26100599285658 141.0)
(1.0E-12,10.0,0.2800000000000002)(165.1070205061001 150.0)
(1.0E-12,10.0,0.2800000000000002)(165.1070205061001 154.0)
(1.0E-12,10.0,0.2800000000000002)(164.95251504745443 156.0)
(1.0E-12,10.0,0.2800000000000002)(164.95251504745443 158.0)
(1.0E-12,10.0,0.2800000000000002)(164.89664288083574 159.0)
(1.0E-12,10.0,0.2800000000000002)(165.05138745806426 157.0)
(1.0E-12,10.0,0.2800000000000002)(165.05527535759575 160.0)
(1.0E-12,10.0,0.2800000000000002)(165.1070205061001 161.0)
(1.0E-12,10.0,0.2800000000000002)(164.5574317625635 161.0)
(1.0E-12,10.0,0.2800000000000002)(165.1070205061001 163.0)
(1.0E-12,10.0,0.2800000000000002)(164.5574317625635 162.0)
(1.0E-12,10.0,0.2800000000000002)(165.07772156928678 161.0)
(1.0E-12,10.0,0.2800000000000002)(165.02091611160668 163.0)
(1.0E-12,10.0,0.2800000000000002)(164.96911941764787 165.0)
(1.0E-12,10.0,0.2800000000000002)(164.88247404049955 164.0)
(1.0E-12,10.0,0.2800000000000002)(164.47096360553044 164.0)
(1.0E-12,10.0,0.2800000000000002)(164.3757124570107 163.0)
(1.0E-12,10.0,0.2800000000000002)(164.41899431330145 163.0)
(1.0E-12,10.0,0.2800000000000002)(164.9916709051333 164.0)
(1.0E-12,10.0,0.2800000000000002)(164.50550148540663 163.0)
(1.0E-12,10.0,0.2800000000000002)(164.44189703294418 165.0)
(1.0E-12,10.0,0.2800000000000002)(164.35830025903496 165.0)
(1.0E-12,10.0,0.2800000000000002)(164.3757124570107 166.0)
(1.0E-12,10.0,0.2800000000000002)(164.3757124570107 167.0)
(1.0E-12,10.0,0.2800000000000002)(164.9260045354389 160.0)
(1.0E-12,10.0,0.2800000000000002)(163.93731259910913 167.0)
(1.0E-12,10.0,0.2800000000000002)(164.3757124570107 168.0)
(1.0E-12,10.0,0.2800000000000002)(163.8938979594063 168.0)
(1.0E-12,10.0,0.2800000000000002)(164.00247728004348 168.0)
(1.0E-12,10.0,0.2800000000000002)(164.6578582176944 160.0)
(1.0E-12,10.0,0.2800000000000002)(164.3757124570107 170.0)
(1.0E-12,10.0,0.2800000000000002)(163.5199295740323 170.0)
(1.0E-12,10.0,0.2800000000000002)(163.5199295740323 171.0)
(1.0E-12,10.0,0.2800000000000002)(163.5634287968789 171.0)
(1.0E-12,10.0,0.2800000000000002)(163.5199295740323 173.0)
(1.0E-12,10.0,0.2800000000000002)(163.7809061132366 173.0)
(1.0E-12,10.0,0.2800000000000002)(163.5199295740323 172.0)
(1.0E-12 10.0 0.2830000000000002)(148.9659772028564 235.0)
(1.0E-12,10.0,0.2830000000000002)(165.85989181798615 1.0)
(1.0E-12,10.0,0.2830000000000002)(165.85989181798615 18.0)
(1.0E-12,10.0,0.2830000000000002)(165.85989181798615 25.0)
(1.0E-12,10.0,0.2830000000000002)(165.85989181798615 30.0)
(1.0E-12,10.0,0.2830000000000002)(165.85989181798615 32.0)
(1.0E-12,10.0,0.2830000000000002)(165.85989181798615 67.0)
(1.0E-12,10.0,0.2830000000000002)(165.70989036971378 81.0)
(1.0E-12,10.0,0.2830000000000002)(165.70989036971378 94.0)
(1.0E-12,10.0,0.2830000000000002)(165.70989036971378 110.0)
(1.0E-12,10.0,0.2830000000000002)(165.62281778483026 130.0)
(1.0E-12,10.0,0.2830000000000002)(165.41410149704294 132.0)
(1.0E-12,10.0,0.2830000000000002)(165.41410149704294 136.0)
(1.0E-12,10.0,0.2830000000000002)(165.26100599285658 141.0)
(1.0E-12,10.0,0.2830000000000002)(165.1070205061001 150.0)
(1.0E-12,10.0,0.2830000000000002)(164.95251504745443 155.0)
(1.0E-12,10.0,0.2830000000000002)(164.95251504745443 157.0)
(1.0E-12,10.0,0.2830000000000002)(164.95251504745443 158.0)
(1.0E-12,10.0,0.2830000000000002)(164.8661715343782 159.0)
(1.0E-12,10.0,0.2830000000000002)(164.88358373235394 159.0)
(1.0E-12,10.0,0.2830000000000002)(164.89664288083574 159.0)
(1.0E-12,10.0,0.2830000000000002)(165.05138745806426 160.0)
(1.0E-12,10.0,0.2830000000000002)(164.9002784535272 158.0)
(1.0E-12,10.0,0.2830000000000002)(165.1070205061001 162.0)
(1.0E-12,10.0,0.2830000000000002)(165.02091611160668 162.0)
(1.0E-12,10.0,0.2830000000000002)(165.1070205061001 161.0)
(1.0E-12,10.0,0.2830000000000002)(164.7696869687091 162.0)
(1.0E-12,10.0,0.2830000000000002)(164.96911941764787 164.0)
(1.0E-12,10.0,0.2830000000000002)(164.93471063442675 164.0)
(1.0E-12,10.0,0.2830000000000002)(164.63143360396043 163.0)
(1.0E-12,10.0,0.2830000000000002)(164.63143360396043 165.0)
(1.0E-12,10.0,0.2830000000000002)(164.8828662555515 166.0)
(1.0E-12,10.0,0.2830000000000002)(164.54496544692736 164.0)
(1.0E-12,10.0,0.2830000000000002)(164.7178200166243 164.0)
(1.0E-12,10.0,0.2830000000000002)(164.5969155247793 165.0)
(1.0E-12,10.0,0.2830000000000002)(164.72750700959745 162.0)
(1.0E-12,10.0,0.2830000000000002)(164.6755569317455 163.0)
(1.0E-12,10.0,0.2830000000000002)(164.25011300986597 167.0)
(1.0E-12,10.0,0.2830000000000002)(164.58849594186674 164.0)
(1.0E-12,10.0,0.2830000000000002)(164.50170225368626 166.0)
(1.0E-12,10.0,0.2830000000000002)(164.20676141534557 169.0)
(1.0E-12,10.0,0.2830000000000002)(164.20676141534557 168.0)
(1.0E-12,10.0,0.2830000000000002)(164.20676141534557 172.0)
(1.0E-12,10.0,0.2830000000000002)(164.44100819941974 170.0)
(1.0E-12,10.0,0.2830000000000002)(164.12856908983719 168.0)
(1.0E-12,10.0,0.2830000000000002)(164.17209958477656 169.0)
(1.0E-12,10.0,0.2830000000000002)(164.20676141534557 171.0)
(1.0E-12,10.0,0.2830000000000002)(163.72009393355515 171.0)
(1.0E-12,10.0,0.2830000000000002)(163.83314270716394 171.0)
(1.0E-12,10.0,0.2830000000000002)(163.83314270716394 174.0)
(1.0E-12,10.0,0.2830000000000002)(164.20676141534557 173.0)
(1.0E-12,10.0,0.2830000000000002)(163.72009393355515 175.0)
(1.0E-12,10.0,0.2830000000000002)(164.54523274862564 166.0)
(1.0E-12 10.0 0.2860000000000002)(148.43385105993391 236.0)
(1.0E-12,10.0,0.2860000000000002)(165.85989181798615 1.0)
(1.0E-12,10.0,0.2860000000000002)(165.85989181798615 18.0)
(1.0E-12,10.0,0.2860000000000002)(165.85989181798615 25.0)
(1.0E-12,10.0,0.2860000000000002)(165.85989181798615 30.0)
(1.0E-12,10.0,0.2860000000000002)(165.85989181798615 32.0)
(1.0E-12,10.0,0.2860000000000002)(165.85989181798615 39.0)
(1.0E-12,10.0,0.2860000000000002)(165.85989181798615 63.0)
(1.0E-12,10.0,0.2860000000000002)(165.85989181798615 67.0)
(1.0E-12,10.0,0.2860000000000002)(165.85989181798615 93.0)
(1.0E-12,10.0,0.2860000000000002)(165.79517472207118 114.0)
(1.0E-12,10.0,0.2860000000000002)(165.79517472207118 122.0)
(1.0E-12,10.0,0.2860000000000002)(165.56797155590152 134.0)
(1.0E-12,10.0,0.2860000000000002)(165.56797155590152 135.0)
(1.0E-12,10.0,0.2860000000000002)(165.41556907525234 144.0)
(1.0E-12,10.0,0.2860000000000002)(165.26208623192528 153.0)
(1.0E-12,10.0,0.2860000000000002)(165.26208623192528 154.0)
(1.0E-12,10.0,0.2860000000000002)(165.10797710148543 156.0)
(1.0E-12,10.0,0.2860000000000002)(165.10797710148543 157.0)
(1.0E-12,10.0,0.2860000000000002)(164.88856984087306 158.0)
(1.0E-12,10.0,0.2860000000000002)(165.07359260550234 155.0)
(1.0E-12,10.0,0.2860000000000002)(165.07359260550234 159.0)
(1.0E-12,10.0,0.2860000000000002)(165.107511951523 157.0)
(1.0E-12,10.0,0.2860000000000002)(165.26208623192528 160.0)
(1.0E-12,10.0,0.2860000000000002)(165.17615041770074 160.0)
(1.0E-12,10.0,0.2860000000000002)(165.17615041770074 161.0)
(1.0E-12,10.0,0.2860000000000002)(164.9251490227401 161.0)
(1.0E-12,10.0,0.2860000000000002)(165.09009975354726 161.0)
(1.0E-12,10.0,0.2860000000000002)(165.09009975354726 162.0)
(1.0E-12,10.0,0.2860000000000002)(164.71816785158444 159.0)
(1.0E-12,10.0,0.2860000000000002)(165.04703440857034 163.0)
(1.0E-12,10.0,0.2860000000000002)(165.04703440857034 164.0)
(1.0E-12,10.0,0.2860000000000002)(164.67496409889986 162.0)
(1.0E-12,10.0,0.2860000000000002)(165.13313880306376 163.0)
(1.0E-12,10.0,0.2860000000000002)(164.04165472548897 174.0)
(1.0E-12,10.0,0.2860000000000002)(164.04165472548897 173.0)
(1.0E-12,10.0,0.2860000000000002)(165.04703440857034 165.0)
(1.0E-12 10.0 0.2890000000000002)(147.75606733791284 235.0)
(1.0E-12,10.0,0.2890000000000002)(165.85989181798615 1.0)
(1.0E-12,10.0,0.2890000000000002)(165.85989181798615 18.0)
(1.0E-12,10.0,0.2890000000000002)(165.85989181798615 25.0)
(1.0E-12,10.0,0.2890000000000002)(165.85989181798615 32.0)
(1.0E-12,10.0,0.2890000000000002)(165.85989181798615 39.0)
(1.0E-12,10.0,0.2890000000000002)(165.85989181798615 71.0)
(1.0E-12,10.0,0.2890000000000002)(165.85989181798615 78.0)
(1.0E-12,10.0,0.2890000000000002)(165.85989181798615 85.0)
(1.0E-12,10.0,0.2890000000000002)(165.85989181798615 106.0)
(1.0E-12,10.0,0.2890000000000002)(165.84098406502744 118.0)
(1.0E-12,10.0,0.2890000000000002)(165.63541031307273 129.0)
(1.0E-12,10.0,0.2890000000000002)(165.48357892671956 141.0)
(1.0E-12,10.0,0.2890000000000002)(165.3304834225332 147.0)
(1.0E-12,10.0,0.2890000000000002)(165.21968091264011 152.0)
(1.0E-12,10.0,0.2890000000000002)(165.21968091264011 154.0)
(1.0E-12,10.0,0.2890000000000002)(165.21968091264011 153.0)
(1.0E-12,10.0,0.2890000000000002)(165.09491795300363 155.0)
(1.0E-12,10.0,0.2890000000000002)(164.99604554239383 155.0)
(1.0E-12,10.0,0.2890000000000002)(165.3304834225332 151.0)
(1.0E-12,10.0,0.2890000000000002)(165.3304834225332 148.0)
(1.0E-12,10.0,0.2890000000000002)(165.27514538040714 151.0)
(1.0E-12,10.0,0.2890000000000002)(164.8701767489121 155.0)
(1.0E-12,10.0,0.2890000000000002)(165.1892095661826 155.0)
(1.0E-12,10.0,0.2890000000000002)(164.8701767489121 157.0)
(1.0E-12,10.0,0.2890000000000002)(165.27514538040714 156.0)
(1.0E-12,10.0,0.2890000000000002)(165.24467403394956 156.0)
(1.0E-12,10.0,0.2890000000000002)(165.27514538040714 149.0)
(1.0E-12,10.0,0.2890000000000002)(165.09396135761835 150.0)
(1.0E-12,10.0,0.2890000000000002)(164.8701767489121 158.0)
(1.0E-12,10.0,0.2890000000000002)(165.15873821972502 155.0)
(1.0E-12,10.0,0.2890000000000002)(165.27514538040714 145.0)
(1.0E-12,10.0,0.2890000000000002)(164.5321736001438 158.0)
(1.0E-12,10.0,0.2890000000000002)(164.5321736001438 159.0)
(1.0E-12 10.0 0.2920000000000002)(149.98289878883915 233.0)
(1.0E-12,10.0,0.2920000000000002)(165.85989181798615 1.0)
(1.0E-12,10.0,0.2920000000000002)(165.85989181798615 18.0)
(1.0E-12,10.0,0.2920000000000002)(165.85989181798615 25.0)
(1.0E-12,10.0,0.2920000000000002)(165.85989181798615 32.0)
(1.0E-12,10.0,0.2920000000000002)(165.85989181798615 39.0)
(1.0E-12,10.0,0.2920000000000002)(165.85989181798615 71.0)
(1.0E-12,10.0,0.2920000000000002)(165.85989181798615 78.0)
(1.0E-12,10.0,0.2920000000000002)(165.85989181798615 85.0)
(1.0E-12,10.0,0.2920000000000002)(165.85989181798615 102.0)
(1.0E-12,10.0,0.2920000000000002)(165.84098406502744 117.0)
(1.0E-12,10.0,0.2920000000000002)(165.63541031307273 128.0)
(1.0E-12,10.0,0.2920000000000002)(165.48357892671956 137.0)
(1.0E-12,10.0,0.2920000000000002)(165.3304834225332 146.0)
(1.0E-12,10.0,0.2920000000000002)(165.21968091264011 151.0)
(1.0E-12,10.0,0.2920000000000002)(165.21968091264011 153.0)
(1.0E-12,10.0,0.2920000000000002)(165.21968091264011 152.0)
(1.0E-12,10.0,0.2920000000000002)(165.21968091264011 154.0)
(1.0E-12,10.0,0.2920000000000002)(165.27514538040714 150.0)
(1.0E-12,10.0,0.2920000000000002)(165.27514538040714 148.0)
(1.0E-12,10.0,0.2920000000000002)(165.09396135761835 154.0)
(1.0E-12,10.0,0.2920000000000002)(165.2278394496918 154.0)
(1.0E-12,10.0,0.2920000000000002)(165.24467403394956 153.0)
(1.0E-12,10.0,0.2920000000000002)(165.27514538040714 155.0)
(1.0E-12,10.0,0.2920000000000002)(165.1892095661826 153.0)
(1.0E-12,10.0,0.2920000000000002)(165.15873821972502 154.0)
(1.0E-12,10.0,0.2920000000000002)(165.10315890202912 154.0)
(1.0E-12,10.0,0.2920000000000002)(164.72652611561222 155.0)
(1.0E-12,10.0,0.2920000000000002)(165.06398145658366 156.0)
(1.0E-12,10.0,0.2920000000000002)(165.3304834225332 143.0)
(1.0E-12,10.0,0.2920000000000002)(164.72652611561222 158.0)
(1.0E-12,10.0,0.2920000000000002)(165.3304834225332 147.0)
(1.0E-12,10.0,0.2920000000000002)(165.3304834225332 149.0)
(1.0E-12 10.0 0.2950000000000002)(150.0637074886958 232.0)
(1.0E-12,10.0,0.2950000000000002)(165.85989181798615 1.0)
(1.0E-12,10.0,0.2950000000000002)(165.85989181798615 18.0)
(1.0E-12,10.0,0.2950000000000002)(165.85989181798615 25.0)
(1.0E-12,10.0,0.2950000000000002)(165.85989181798615 32.0)
(1.0E-12,10.0,0.2950000000000002)(165.85989181798615 39.0)
(1.0E-12,10.0,0.2950000000000002)(165.85989181798615 71.0)
(1.0E-12,10.0,0.2950000000000002)(165.85989181798615 78.0)
(1.0E-12,10.0,0.2950000000000002)(165.85989181798615 85.0)
(1.0E-12,10.0,0.2950000000000002)(165.85989181798615 105.0)
(1.0E-12,10.0,0.2950000000000002)(165.84098406502744 116.0)
(1.0E-12,10.0,0.2950000000000002)(165.63541031307273 127.0)
(1.0E-12,10.0,0.2950000000000002)(165.48357892671956 136.0)
(1.0E-12,10.0,0.2950000000000002)(165.3304834225332 145.0)
(1.0E-12,10.0,0.2950000000000002)(165.2751453804071 151.0)
(1.0E-12,10.0,0.2950000000000002)(165.18972844648496 151.0)
(1.0E-12,10.0,0.2950000000000002)(165.18972844648496 153.0)
(1.0E-12,10.0,0.2950000000000002)(165.10362405199155 153.0)
(1.0E-12,10.0,0.2950000000000002)(165.18972844648496 152.0)
(1.0E-12,10.0,0.2950000000000002)(165.24525164766754 151.0)
(1.0E-12,10.0,0.2950000000000002)(165.27514538040714 147.0)
(1.0E-12,10.0,0.2950000000000002)(165.27514538040714 148.0)
(1.0E-12,10.0,0.2950000000000002)(165.06398145658366 152.0)
(1.0E-12,10.0,0.2950000000000002)(165.27514538040714 150.0)
(1.0E-12,10.0,0.2950000000000002)(165.27514538040714 149.0)
(1.0E-12,10.0,0.2950000000000002)(165.06398145658366 154.0)
(1.0E-12,10.0,0.2950000000000002)(165.1892095661826 152.0)
(1.0E-12,10.0,0.2950000000000002)(165.07315270553403 156.0)
(1.0E-12,10.0,0.2950000000000002)(165.10315890202912 154.0)
(1.0E-12,10.0,0.2950000000000002)(165.24467403394956 151.0)
(1.0E-12,10.0,0.2950000000000002)(165.15873821972502 155.0)
(1.0E-12,10.0,0.2950000000000002)(165.15925710002742 155.0)
(1.0E-12,10.0,0.2950000000000002)(165.3304834225332 146.0)
(1.0E-12,10.0,0.2950000000000002)(165.17560285576454 147.0)
(1.0E-12,10.0,0.2950000000000002)(165.3304834225332 142.0)
(1.0E-12 10.0 0.2980000000000002)(152.17848932680536 230.0)
(1.0E-12,10.0,0.2980000000000002)(165.85989181798615 1.0)
(1.0E-12,10.0,0.2980000000000002)(165.85989181798615 13.0)
(1.0E-12,10.0,0.2980000000000002)(165.85989181798615 25.0)
(1.0E-12,10.0,0.2980000000000002)(165.85989181798615 32.0)
(1.0E-12,10.0,0.2980000000000002)(165.85989181798615 37.0)
(1.0E-12,10.0,0.2980000000000002)(165.85989181798615 44.0)
(1.0E-12,10.0,0.2980000000000002)(165.85989181798615 71.0)
(1.0E-12,10.0,0.2980000000000002)(165.85989181798615 78.0)
(1.0E-12,10.0,0.2980000000000002)(165.85989181798615 88.0)
(1.0E-12,10.0,0.2980000000000002)(165.85989181798615 111.0)
(1.0E-12,10.0,0.2980000000000002)(165.84098406502744 119.0)
(1.0E-12,10.0,0.2980000000000002)(165.63541031307273 133.0)
(1.0E-12,10.0,0.2980000000000002)(165.48357892671956 142.0)
(1.0E-12,10.0,0.2980000000000002)(165.3304834225332 148.0)
(1.0E-12,10.0,0.2980000000000002)(165.18537539699102 153.0)
(1.0E-12,10.0,0.2980000000000002)(165.18537539699102 154.0)
(1.0E-12,10.0,0.2980000000000002)(165.09927100249757 155.0)
(1.0E-12,10.0,0.2980000000000002)(165.11668320047332 155.0)
(1.0E-12,10.0,0.2980000000000002)(165.2408985981736 153.0)
(1.0E-12,10.0,0.2980000000000002)(165.2408985981736 157.0)
(1.0E-12,10.0,0.2980000000000002)(165.2408985981736 159.0)
(1.0E-12,10.0,0.2980000000000002)(165.2408985981736 161.0)
(1.0E-12,10.0,0.2980000000000002)(165.2408985981736 158.0)
(1.0E-12,10.0,0.2980000000000002)(164.6876965051269 160.0)
(1.0E-12,10.0,0.2980000000000002)(164.68769650512687 161.0)
(1.0E-12,10.0,0.2980000000000002)(164.6876965051269 163.0)
(1.0E-12,10.0,0.2980000000000002)(164.13275957394873 163.0)
(1.0E-12,10.0,0.2980000000000002)(164.6876965051269 162.0)
(1.0E-12,10.0,0.2980000000000002)(165.00394381359942 158.0)
(1.0E-12,10.0,0.2980000000000002)(164.13275957394873 165.0)
(1.0E-12,10.0,0.2980000000000002)(164.13275957394873 164.0)
(1.0E-12,10.0,0.2980000000000002)(164.71745037478195 163.0)
(1.0E-12,10.0,0.2980000000000002)(164.03294862650108 166.0)
(1.0E-12,10.0,0.2980000000000002)(164.03294862650108 168.0)
(1.0E-12,10.0,0.2980000000000002)(164.1238745745419 165.0)
(1.0E-12,10.0,0.2980000000000002)(164.22358621973126 165.0)
(1.0E-12,10.0,0.2980000000000002)(164.1238745745419 167.0)
(1.0E-12,10.0,0.2980000000000002)(164.1238745745419 169.0)
(1.0E-12,10.0,0.2980000000000002)(165.11572660508804 157.0)
(1.0E-12 20.0 0.01)(165.85989181798615 12.0)
(1.0E-12,20.0,0.01)(165.85989181798615 1.0)
(1.0E-12,20.0,0.01)(165.85989181798615 11.0)
(1.0E-12,20.0,0.01)(165.85989181798615 12.0)
(1.0E-12 20.0 0.013000000000000001)(165.85989181798615 13.0)
(1.0E-12,20.0,0.013000000000000001)(165.85989181798615 1.0)
(1.0E-12,20.0,0.013000000000000001)(165.85989181798615 6.0)
(1.0E-12,20.0,0.013000000000000001)(165.85989181798615 13.0)
(1.0E-12 20.0 0.016)(165.85989181798615 13.0)
(1.0E-12,20.0,0.016)(165.85989181798615 1.0)
(1.0E-12,20.0,0.016)(165.85989181798615 13.0)
(1.0E-12 20.0 0.019)(165.85989181798615 13.0)
(1.0E-12,20.0,0.019)(165.85989181798615 1.0)
(1.0E-12,20.0,0.019)(165.85989181798615 12.0)
(1.0E-12,20.0,0.019)(165.85989181798615 13.0)
(1.0E-12 20.0 0.022)(165.85989181798615 13.0)
(1.0E-12,20.0,0.022)(165.85989181798615 1.0)
(1.0E-12,20.0,0.022)(165.85989181798615 13.0)
(1.0E-12 20.0 0.024999999999999998)(165.85989181798615 13.0)
(1.0E-12,20.0,0.024999999999999998)(165.85989181798615 1.0)
(1.0E-12,20.0,0.024999999999999998)(165.85989181798615 13.0)
(1.0E-12 20.0 0.027999999999999997)(165.85989181798615 13.0)
(1.0E-12,20.0,0.027999999999999997)(165.85989181798615 1.0)
(1.0E-12,20.0,0.027999999999999997)(165.85989181798615 13.0)
(1.0E-12 20.0 0.030999999999999996)(165.85989181798615 13.0)
(1.0E-12,20.0,0.030999999999999996)(165.85989181798615 1.0)
(1.0E-12,20.0,0.030999999999999996)(165.85989181798615 13.0)
(1.0E-12 20.0 0.033999999999999996)(165.85989181798615 13.0)
(1.0E-12,20.0,0.033999999999999996)(165.85989181798615 1.0)
(1.0E-12,20.0,0.033999999999999996)(165.85989181798615 13.0)
(1.0E-12 20.0 0.037)(165.85989181798615 13.0)
(1.0E-12,20.0,0.037)(165.85989181798615 1.0)
(1.0E-12,20.0,0.037)(165.85989181798615 13.0)
(1.0E-12 20.0 0.04)(165.85989181798615 13.0)
(1.0E-12,20.0,0.04)(165.85989181798615 1.0)
(1.0E-12,20.0,0.04)(165.85989181798615 13.0)
(1.0E-12,20.0,0.04)(165.85989181798615 3.0)
(1.0E-12 20.0 0.043000000000000003)(165.85989181798615 13.0)
(1.0E-12,20.0,0.043000000000000003)(165.85989181798615 1.0)
(1.0E-12,20.0,0.043000000000000003)(165.85989181798615 13.0)
(1.0E-12 20.0 0.046000000000000006)(165.85989181798615 13.0)
(1.0E-12,20.0,0.046000000000000006)(165.85989181798615 3.0)
(1.0E-12,20.0,0.046000000000000006)(165.85989181798615 13.0)
(1.0E-12 20.0 0.04900000000000001)(165.85989181798615 15.0)
(1.0E-12,20.0,0.04900000000000001)(165.85989181798615 3.0)
(1.0E-12,20.0,0.04900000000000001)(165.85989181798615 13.0)
(1.0E-12,20.0,0.04900000000000001)(165.85989181798615 15.0)
(1.0E-12,20.0,0.04900000000000001)(165.85989181798615 1.0)
(1.0E-12,20.0,0.04900000000000001)(165.85989181798615 5.0)
(1.0E-12 20.0 0.05200000000000001)(165.85989181798615 15.0)
(1.0E-12,20.0,0.05200000000000001)(165.85989181798615 3.0)
(1.0E-12,20.0,0.05200000000000001)(165.85989181798615 13.0)
(1.0E-12,20.0,0.05200000000000001)(165.85989181798615 15.0)
(1.0E-12,20.0,0.05200000000000001)(165.85989181798615 1.0)
(1.0E-12 20.0 0.055000000000000014)(165.85989181798615 13.0)
(1.0E-12,20.0,0.055000000000000014)(165.85989181798615 3.0)
(1.0E-12,20.0,0.055000000000000014)(165.85989181798615 13.0)
(1.0E-12,20.0,0.055000000000000014)(165.85989181798615 1.0)
(1.0E-12,20.0,0.055000000000000014)(165.85989181798615 8.0)
(1.0E-12 20.0 0.05800000000000002)(165.85989181798615 13.0)
(1.0E-12,20.0,0.05800000000000002)(165.85989181798615 3.0)
(1.0E-12,20.0,0.05800000000000002)(165.85989181798615 13.0)
(1.0E-12,20.0,0.05800000000000002)(165.85989181798615 1.0)
(1.0E-12,20.0,0.05800000000000002)(165.85989181798615 6.0)
(1.0E-12 20.0 0.06100000000000002)(165.85989181798615 13.0)
(1.0E-12,20.0,0.06100000000000002)(165.85989181798615 3.0)
(1.0E-12,20.0,0.06100000000000002)(165.85989181798615 13.0)
(1.0E-12,20.0,0.06100000000000002)(165.85989181798615 1.0)
(1.0E-12 20.0 0.06400000000000002)(165.85989181798615 13.0)
(1.0E-12,20.0,0.06400000000000002)(165.85989181798615 3.0)
(1.0E-12,20.0,0.06400000000000002)(165.85989181798615 13.0)
(1.0E-12,20.0,0.06400000000000002)(165.85989181798615 1.0)
(1.0E-12 20.0 0.06700000000000002)(165.85989181798615 13.0)
(1.0E-12,20.0,0.06700000000000002)(165.85989181798615 1.0)
(1.0E-12,20.0,0.06700000000000002)(165.85989181798615 13.0)
(1.0E-12 20.0 0.07000000000000002)(165.85989181798615 13.0)
(1.0E-12,20.0,0.07000000000000002)(165.85989181798615 1.0)
(1.0E-12,20.0,0.07000000000000002)(165.85989181798615 13.0)
(1.0E-12 20.0 0.07300000000000002)(165.65595089083521 30.0)
(1.0E-12,20.0,0.07300000000000002)(165.85989181798615 1.0)
(1.0E-12,20.0,0.07300000000000002)(165.85989181798615 13.0)
(1.0E-12,20.0,0.07300000000000002)(165.85989181798615 15.0)
(1.0E-12 20.0 0.07600000000000003)(165.85989181798615 13.0)
(1.0E-12,20.0,0.07600000000000003)(165.85989181798615 1.0)
(1.0E-12,20.0,0.07600000000000003)(165.85989181798615 13.0)
(1.0E-12 20.0 0.07900000000000003)(165.85989181798615 13.0)
(1.0E-12,20.0,0.07900000000000003)(165.85989181798615 1.0)
(1.0E-12,20.0,0.07900000000000003)(165.85989181798615 13.0)
(1.0E-12 20.0 0.08200000000000003)(165.85989181798615 13.0)
(1.0E-12,20.0,0.08200000000000003)(165.85989181798615 1.0)
(1.0E-12,20.0,0.08200000000000003)(165.85989181798615 13.0)
(1.0E-12 20.0 0.08500000000000003)(165.85989181798615 13.0)
(1.0E-12,20.0,0.08500000000000003)(165.85989181798615 1.0)
(1.0E-12,20.0,0.08500000000000003)(165.85989181798615 13.0)
(1.0E-12 20.0 0.08800000000000004)(165.65595089083521 30.0)
(1.0E-12,20.0,0.08800000000000004)(165.85989181798615 1.0)
(1.0E-12,20.0,0.08800000000000004)(165.85989181798615 13.0)
(1.0E-12,20.0,0.08800000000000004)(165.85989181798615 17.0)
(1.0E-12 20.0 0.09100000000000004)(165.65595089083521 30.0)
(1.0E-12,20.0,0.09100000000000004)(165.85989181798615 1.0)
(1.0E-12,20.0,0.09100000000000004)(165.85989181798615 13.0)
(1.0E-12,20.0,0.09100000000000004)(165.85989181798615 17.0)
(1.0E-12 20.0 0.09400000000000004)(165.85989181798615 13.0)
(1.0E-12,20.0,0.09400000000000004)(165.85989181798615 1.0)
(1.0E-12,20.0,0.09400000000000004)(165.85989181798615 13.0)
(1.0E-12 20.0 0.09700000000000004)(165.85989181798615 13.0)
(1.0E-12,20.0,0.09700000000000004)(165.85989181798615 1.0)
(1.0E-12,20.0,0.09700000000000004)(165.85989181798615 13.0)
(1.0E-12 20.0 0.10000000000000005)(165.85989181798615 13.0)
(1.0E-12,20.0,0.10000000000000005)(165.85989181798615 1.0)
(1.0E-12,20.0,0.10000000000000005)(165.85989181798615 13.0)
(1.0E-12 20.0 0.10300000000000005)(165.85989181798615 13.0)
(1.0E-12,20.0,0.10300000000000005)(165.85989181798615 1.0)
(1.0E-12,20.0,0.10300000000000005)(165.85989181798615 13.0)
(1.0E-12 20.0 0.10600000000000005)(165.85989181798615 13.0)
(1.0E-12,20.0,0.10600000000000005)(165.85989181798615 1.0)
(1.0E-12,20.0,0.10600000000000005)(165.85989181798615 13.0)
(1.0E-12 20.0 0.10900000000000006)(165.85989181798615 13.0)
(1.0E-12,20.0,0.10900000000000006)(165.85989181798615 1.0)
(1.0E-12,20.0,0.10900000000000006)(165.85989181798615 13.0)
(1.0E-12 20.0 0.11200000000000006)(165.85989181798615 13.0)
(1.0E-12,20.0,0.11200000000000006)(165.85989181798615 1.0)
(1.0E-12,20.0,0.11200000000000006)(165.85989181798615 13.0)
(1.0E-12 20.0 0.11500000000000006)(165.85989181798615 13.0)
(1.0E-12,20.0,0.11500000000000006)(165.85989181798615 1.0)
(1.0E-12,20.0,0.11500000000000006)(165.85989181798615 13.0)
(1.0E-12 20.0 0.11800000000000006)(165.85989181798615 13.0)
(1.0E-12,20.0,0.11800000000000006)(165.85989181798615 1.0)
(1.0E-12,20.0,0.11800000000000006)(165.85989181798615 3.0)
(1.0E-12,20.0,0.11800000000000006)(165.85989181798615 13.0)
(1.0E-12 20.0 0.12100000000000007)(119.3042959002759 279.0)
(1.0E-12,20.0,0.12100000000000007)(165.85989181798615 6.0)
(1.0E-12,20.0,0.12100000000000007)(165.85989181798615 32.0)
(1.0E-12,20.0,0.12100000000000007)(165.7229495181956 71.0)
(1.0E-12,20.0,0.12100000000000007)(165.7229495181956 76.0)
(1.0E-12,20.0,0.12100000000000007)(165.7229495181956 85.0)
(1.0E-12,20.0,0.12100000000000007)(165.46297962326182 109.0)
(1.0E-12,20.0,0.12100000000000007)(165.10011452380738 120.0)
(1.0E-12,20.0,0.12100000000000007)(164.93356133399197 128.0)
(1.0E-12,20.0,0.12100000000000007)(164.55338502983997 134.0)
(1.0E-12,20.0,0.12100000000000007)(164.11548520465936 137.0)
(1.0E-12,20.0,0.12100000000000007)(163.68083920407443 140.0)
(1.0E-12,20.0,0.12100000000000007)(163.31017001184549 147.0)
(1.0E-12,20.0,0.12100000000000007)(163.03075028546635 150.0)
(1.0E-12,20.0,0.12100000000000007)(161.3929178632248 162.0)
(1.0E-12,20.0,0.12100000000000007)(161.3929178632248 163.0)
(1.0E-12,20.0,0.12100000000000007)(161.13245382777353 163.0)
(1.0E-12,20.0,0.12100000000000007)(160.49615600503816 165.0)
(1.0E-12,20.0,0.12100000000000007)(159.50111211084646 171.0)
(1.0E-12,20.0,0.12100000000000007)(158.7349268494837 175.0)
(1.0E-12,20.0,0.12100000000000007)(159.58881260579838 174.0)
(1.0E-12,20.0,0.12100000000000007)(157.8465821186198 178.0)
(1.0E-12,20.0,0.12100000000000007)(157.0205176615632 194.0)
(1.0E-12,20.0,0.12100000000000007)(156.15627820339424 196.0)
(1.0E-12,20.0,0.12100000000000007)(149.84309721330308 202.0)
(1.0E-12,20.0,0.12100000000000007)(164.20676141534554 159.0)
(1.0E-12,20.0,0.12100000000000007)(149.28104064086057 205.0)
(1.0E-12,20.0,0.12100000000000007)(149.28104064086057 206.0)
(1.0E-12,20.0,0.12100000000000007)(149.83561297904015 204.0)
(1.0E-12,20.0,0.12100000000000007)(150.09658565783803 201.0)
(1.0E-12,20.0,0.12100000000000007)(149.7952136688697 206.0)
(1.0E-12,20.0,0.12100000000000007)(151.11480510196492 205.0)
(1.0E-12,20.0,0.12100000000000007)(148.87615323416216 208.0)
(1.0E-12,20.0,0.12100000000000007)(151.83177081278214 204.0)
(1.0E-12,20.0,0.12100000000000007)(149.17781115518986 204.0)
(1.0E-12,20.0,0.12100000000000007)(151.74425671830235 205.0)
(1.0E-12,20.0,0.12100000000000007)(152.35453213370945 202.0)
(1.0E-12,20.0,0.12100000000000007)(151.42736453861812 204.0)
(1.0E-12,20.0,0.12100000000000007)(152.40120496445866 201.0)
(1.0E-12,20.0,0.12100000000000007)(153.71134203208322 200.0)
(1.0E-12,20.0,0.12100000000000007)(156.03625425260356 202.0)
(1.0E-12,20.0,0.12100000000000007)(155.84496294116983 197.0)
(1.0E-12,20.0,0.12100000000000007)(157.73024464418842 195.0)
(1.0E-12,20.0,0.12100000000000007)(157.6641493515788 194.0)
(1.0E-12,20.0,0.12100000000000007)(156.59842725076066 196.0)
(1.0E-12,20.0,0.12100000000000007)(156.769734329129 193.0)
(1.0E-12,20.0,0.12100000000000007)(158.4434922918856 190.0)
(1.0E-12,20.0,0.12100000000000007)(155.9294858293559 197.0)
(1.0E-12,20.0,0.12100000000000007)(153.96380299091865 203.0)
(1.0E-12,20.0,0.12100000000000007)(159.46210602762753 190.0)
(1.0E-12,20.0,0.12100000000000007)(158.50951660346198 190.0)
(1.0E-12,20.0,0.12100000000000007)(158.4812043751332 190.0)
(1.0E-12,20.0,0.12100000000000007)(155.81482175782656 193.0)
(1.0E-12,20.0,0.12100000000000007)(155.98378513072944 192.0)
(1.0E-12,20.0,0.12100000000000007)(155.66049914823617 191.0)
(1.0E-12,20.0,0.12100000000000007)(154.70591934591477 195.0)
(1.0E-12,20.0,0.12100000000000007)(154.74074374186628 195.0)
(1.0E-12,20.0,0.12100000000000007)(153.05311617912704 199.0)
(1.0E-12,20.0,0.12100000000000007)(154.48100297391798 189.0)
(1.0E-12,20.0,0.12100000000000007)(154.20757153374743 200.0)
(1.0E-12,20.0,0.12100000000000007)(153.1858231144941 199.0)
(1.0E-12,20.0,0.12100000000000007)(154.55402841385222 198.0)
(1.0E-12,20.0,0.12100000000000007)(155.3214250494822 196.0)
(1.0E-12,20.0,0.12100000000000007)(155.07881155967317 195.0)
(1.0E-12,20.0,0.12100000000000007)(158.5862169478647 188.0)
(1.0E-12,20.0,0.12100000000000007)(154.27386463274902 195.0)
(1.0E-12,20.0,0.12100000000000007)(160.4330067633119 181.0)
(1.0E-12,20.0,0.12100000000000007)(158.5448362709335 187.0)
(1.0E-12,20.0,0.12100000000000007)(160.19326375723497 180.0)
(1.0E-12,20.0,0.12100000000000007)(161.00959587155197 166.0)
(1.0E-12,20.0,0.12100000000000007)(158.85323615125657 179.0)
(1.0E-12,20.0,0.12100000000000007)(161.39595719360807 172.0)
(1.0E-12,20.0,0.12100000000000007)(156.8889614706343 187.0)
(1.0E-12,20.0,0.12100000000000007)(162.0755614107564 163.0)
(1.0E-12,20.0,0.12100000000000007)(161.10633553081 163.0)
(1.0E-12,20.0,0.12100000000000007)(160.33059074040148 172.0)
(1.0E-12,20.0,0.12100000000000007)(163.3189854554893 159.0)
(1.0E-12,20.0,0.12100000000000007)(162.26916397104762 163.0)
(1.0E-12,20.0,0.12100000000000007)(161.8998707819553 167.0)
(1.0E-12,20.0,0.12100000000000007)(162.0323736402699 164.0)
(1.0E-12,20.0,0.12100000000000007)(160.33151565671196 171.0)
(1.0E-12,20.0,0.12100000000000007)(160.73645378831642 166.0)
(1.0E-12,20.0,0.12100000000000007)(161.71228593909223 168.0)
(1.0E-12,20.0,0.12100000000000007)(161.04325795574593 171.0)
(1.0E-12 20.0 0.12400000000000007)(110.08245675287127 287.0)
(1.0E-12,20.0,0.12400000000000007)(165.85989181798615 6.0)
(1.0E-12,20.0,0.12400000000000007)(165.85989181798615 32.0)
(1.0E-12,20.0,0.12400000000000007)(165.7229495181956 71.0)
(1.0E-12,20.0,0.12400000000000007)(165.7229495181956 66.0)
(1.0E-12,20.0,0.12400000000000007)(165.7229495181956 77.0)
(1.0E-12,20.0,0.12400000000000007)(165.45106197141257 103.0)
(1.0E-12,20.0,0.12400000000000007)(165.2416184577213 120.0)
(1.0E-12,20.0,0.12400000000000007)(164.8776082027596 130.0)
(1.0E-12,20.0,0.12400000000000007)(163.69406971478264 137.0)
(1.0E-12,20.0,0.12400000000000007)(164.51031241320226 135.0)
(1.0E-12,20.0,0.12400000000000007)(163.28441323775246 142.0)
(1.0E-12,20.0,0.12400000000000007)(162.9435164695448 148.0)
(1.0E-12,20.0,0.12400000000000007)(162.576138543146 151.0)
(1.0E-12,20.0,0.12400000000000007)(162.2557620981129 162.0)
(1.0E-12,20.0,0.12400000000000007)(160.80349750912654 167.0)
(1.0E-12,20.0,0.12400000000000007)(159.59558527375924 168.0)
(1.0E-12,20.0,0.12400000000000007)(160.5728644716633 167.0)
(1.0E-12,20.0,0.12400000000000007)(159.89603352613534 170.0)
(1.0E-12,20.0,0.12400000000000007)(160.3735336340186 172.0)
(1.0E-12,20.0,0.12400000000000007)(158.7850312315679 176.0)
(1.0E-12,20.0,0.12400000000000007)(158.87716051685496 178.0)
(1.0E-12,20.0,0.12400000000000007)(157.50420204766525 180.0)
(1.0E-12,20.0,0.12400000000000007)(157.07529704447427 182.0)
(1.0E-12,20.0,0.12400000000000007)(157.76891896816576 194.0)
(1.0E-12,20.0,0.12400000000000007)(156.35152213496258 199.0)
(1.0E-12,20.0,0.12400000000000007)(156.23121239371528 200.0)
(1.0E-12,20.0,0.12400000000000007)(163.2623958120681 166.0)
(1.0E-12,20.0,0.12400000000000007)(155.77529947870326 201.0)
(1.0E-12,20.0,0.12400000000000007)(148.99494272094597 207.0)
(1.0E-12,20.0,0.12400000000000007)(149.54965644357992 206.0)
(1.0E-12,20.0,0.12400000000000007)(150.04264393921198 207.0)
(1.0E-12,20.0,0.12400000000000007)(148.6304214908605 208.0)
(1.0E-12,20.0,0.12400000000000007)(152.95204880716605 202.0)
(1.0E-12,20.0,0.12400000000000007)(151.71082119029663 204.0)
(1.0E-12,20.0,0.12400000000000007)(150.59687399318614 207.0)
(1.0E-12,20.0,0.12400000000000007)(150.89128659958973 206.0)
(1.0E-12,20.0,0.12400000000000007)(151.95573339773532 206.0)
(1.0E-12,20.0,0.12400000000000007)(151.29879972994323 208.0)
(1.0E-12,20.0,0.12400000000000007)(151.87074025771952 207.0)
(1.0E-12,20.0,0.12400000000000007)(154.2467671198375 205.0)
(1.0E-12,20.0,0.12400000000000007)(152.48279284384824 206.0)
(1.0E-12,20.0,0.12400000000000007)(151.40327291779775 208.0)
(1.0E-12,20.0,0.12400000000000007)(151.41081246755266 209.0)
(1.0E-12,20.0,0.12400000000000007)(155.1629895427783 200.0)
(1.0E-12,20.0,0.12400000000000007)(153.40580343392358 202.0)
(1.0E-12,20.0,0.12400000000000007)(155.79801947236191 201.0)
(1.0E-12,20.0,0.12400000000000007)(153.841746242862 203.0)
(1.0E-12,20.0,0.12400000000000007)(155.86368829164232 201.0)
(1.0E-12,20.0,0.12400000000000007)(153.873252132753 200.0)
(1.0E-12,20.0,0.12400000000000007)(153.703681493109 202.0)
(1.0E-12,20.0,0.12400000000000007)(153.68957678461365 202.0)
(1.0E-12,20.0,0.12400000000000007)(157.17541718283488 196.0)
(1.0E-12,20.0,0.12400000000000007)(154.6616320821138 202.0)
(1.0E-12,20.0,0.12400000000000007)(154.80569720973614 200.0)
(1.0E-12,20.0,0.12400000000000007)(154.20010049764426 202.0)
(1.0E-12,20.0,0.12400000000000007)(158.39774989274625 191.0)
(1.0E-12,20.0,0.12400000000000007)(158.10590936040555 193.0)
(1.0E-12,20.0,0.12400000000000007)(158.5661062468831 190.0)
(1.0E-12,20.0,0.12400000000000007)(157.82341718923627 192.0)
(1.0E-12,20.0,0.12400000000000007)(156.08906387594462 191.0)
(1.0E-12,20.0,0.12400000000000007)(158.70320989932398 187.0)
(1.0E-12,20.0,0.12400000000000007)(157.9607121927708 192.0)
(1.0E-12,20.0,0.12400000000000007)(152.78241643702992 197.0)
(1.0E-12,20.0,0.12400000000000007)(156.99880090790447 192.0)
(1.0E-12,20.0,0.12400000000000007)(157.10477517643793 191.0)
(1.0E-12,20.0,0.12400000000000007)(156.44939006435428 193.0)
(1.0E-12,20.0,0.12400000000000007)(157.3684384147235 193.0)
(1.0E-12,20.0,0.12400000000000007)(153.08899963913004 195.0)
(1.0E-12,20.0,0.12400000000000007)(154.1646636043713 196.0)
(1.0E-12,20.0,0.12400000000000007)(154.8219555871331 194.0)
(1.0E-12,20.0,0.12400000000000007)(158.4432114471977 187.0)
(1.0E-12,20.0,0.12400000000000007)(156.1627355542272 192.0)
(1.0E-12,20.0,0.12400000000000007)(154.50220904938635 193.0)
(1.0E-12,20.0,0.12400000000000007)(159.0309342150715 185.0)
(1.0E-12,20.0,0.12400000000000007)(160.06580245639893 184.0)
(1.0E-12,20.0,0.12400000000000007)(159.0309342150715 186.0)
(1.0E-12,20.0,0.12400000000000007)(160.9760603075657 172.0)
(1.0E-12,20.0,0.12400000000000007)(159.16498781190487 182.0)
(1.0E-12,20.0,0.12400000000000007)(162.2772027384106 168.0)
(1.0E-12,20.0,0.12400000000000007)(162.98660246953318 164.0)
(1.0E-12,20.0,0.12400000000000007)(161.93509184356498 168.0)
(1.0E-12,20.0,0.12400000000000007)(161.2232380212077 178.0)
(1.0E-12 20.0 0.12700000000000006)(144.88622584370628 251.0)
(1.0E-12,20.0,0.12700000000000006)(165.85989181798615 3.0)
(1.0E-12,20.0,0.12700000000000006)(165.85989181798615 25.0)
(1.0E-12,20.0,0.12700000000000006)(165.85989181798615 28.0)
(1.0E-12,20.0,0.12700000000000006)(165.85989181798615 39.0)
(1.0E-12,20.0,0.12700000000000006)(165.85989181798615 73.0)
(1.0E-12,20.0,0.12700000000000006)(165.85989181798615 67.0)
(1.0E-12,20.0,0.12700000000000006)(165.85989181798615 81.0)
(1.0E-12,20.0,0.12700000000000006)(165.85989181798615 86.0)
(1.0E-12,20.0,0.12700000000000006)(165.708557285637 102.0)
(1.0E-12,20.0,0.12700000000000006)(165.45564108299746 116.0)
(1.0E-12,20.0,0.12700000000000006)(165.45564108299746 115.0)
(1.0E-12,20.0,0.12700000000000006)(164.98846715607417 126.0)
(1.0E-12,20.0,0.12700000000000006)(163.91137946502658 135.0)
(1.0E-12,20.0,0.12700000000000006)(164.91522717157162 145.0)
(1.0E-12,20.0,0.12700000000000006)(163.50594586642265 156.0)
(1.0E-12,20.0,0.12700000000000006)(163.47970556231195 152.0)
(1.0E-12,20.0,0.12700000000000006)(164.27874590534847 157.0)
(1.0E-12,20.0,0.12700000000000006)(164.39154967419864 157.0)
(1.0E-12,20.0,0.12700000000000006)(163.60378754938745 159.0)
(1.0E-12,20.0,0.12700000000000006)(163.07496325569124 162.0)
(1.0E-12,20.0,0.12700000000000006)(163.37681975771832 161.0)
(1.0E-12,20.0,0.12700000000000006)(163.61684669786925 161.0)
(1.0E-12,20.0,0.12700000000000006)(163.7214879100751 160.0)
(1.0E-12,20.0,0.12700000000000006)(163.5382798650533 158.0)
(1.0E-12,20.0,0.12700000000000006)(163.40293805468195 164.0)
(1.0E-12,20.0,0.12700000000000006)(163.34603250120273 160.0)
(1.0E-12,20.0,0.12700000000000006)(163.29362308123268 161.0)
(1.0E-12,20.0,0.12700000000000006)(162.57104431384928 163.0)
(1.0E-12,20.0,0.12700000000000006)(165.26813057136576 142.0)
(1.0E-12,20.0,0.12700000000000006)(165.26813057136576 143.0)
(1.0E-12,20.0,0.12700000000000006)(163.46823379709096 161.0)
(1.0E-12,20.0,0.12700000000000006)(163.25822239344595 160.0)
(1.0E-12,20.0,0.12700000000000006)(163.4512188751746 159.0)
(1.0E-12,20.0,0.12700000000000006)(162.37547902927736 164.0)
(1.0E-12,20.0,0.12700000000000006)(163.84784898262268 156.0)
(1.0E-12,20.0,0.12700000000000006)(162.16448505280798 165.0)
(1.0E-12,20.0,0.12700000000000006)(162.97890013756023 158.0)
(1.0E-12,20.0,0.12700000000000006)(162.2321424041545 163.0)
(1.0E-12,20.0,0.12700000000000006)(163.61701472222063 155.0)
(1.0E-12,20.0,0.12700000000000006)(163.8568291373669 154.0)
(1.0E-12,20.0,0.12700000000000006)(162.80607034838366 155.0)
(1.0E-12,20.0,0.12700000000000006)(162.19668205737068 167.0)
(1.0E-12,20.0,0.12700000000000006)(165.18219475714125 139.0)
(1.0E-12,20.0,0.12700000000000006)(164.04835801373807 156.0)
(1.0E-12,20.0,0.12700000000000006)(162.0433127779835 160.0)
(1.0E-12,20.0,0.12700000000000006)(163.0282584243289 155.0)
(1.0E-12,20.0,0.12700000000000006)(161.948062266818 159.0)
(1.0E-12,20.0,0.12700000000000006)(162.56971348513017 153.0)
(1.0E-12,20.0,0.12700000000000006)(163.78715332663262 149.0)
(1.0E-12,20.0,0.12700000000000006)(163.78715332663262 151.0)
(1.0E-12,20.0,0.12700000000000006)(162.35915604471953 157.0)
(1.0E-12,20.0,0.12700000000000006)(162.81830469777535 156.0)
(1.0E-12,20.0,0.12700000000000006)(162.0431313373862 155.0)
(1.0E-12,20.0,0.12700000000000006)(162.44678800739814 154.0)
(1.0E-12,20.0,0.12700000000000006)(163.42052161488408 153.0)
(1.0E-12,20.0,0.12700000000000006)(163.26332309700152 155.0)
(1.0E-12,20.0,0.12700000000000006)(163.50785787367505 151.0)
(1.0E-12,20.0,0.12700000000000006)(163.8219458584658 150.0)
(1.0E-12 20.0 0.13000000000000006)(119.60835347600096 270.0)
(1.0E-12,20.0,0.13000000000000006)(165.85989181798615 6.0)
(1.0E-12,20.0,0.13000000000000006)(165.85989181798615 25.0)
(1.0E-12,20.0,0.13000000000000006)(165.85989181798615 43.0)
(1.0E-12,20.0,0.13000000000000006)(165.85989181798615 99.0)
(1.0E-12,20.0,0.13000000000000006)(165.85989181798615 103.0)
(1.0E-12,20.0,0.13000000000000006)(165.85989181798615 97.0)
(1.0E-12,20.0,0.13000000000000006)(165.85989181798615 98.0)
(1.0E-12,20.0,0.13000000000000006)(165.81258692004695 98.0)
(1.0E-12,20.0,0.13000000000000006)(165.66304853775648 121.0)
(1.0E-12,20.0,0.13000000000000006)(165.21136956571823 131.0)
(1.0E-12,20.0,0.13000000000000006)(164.66650810830478 138.0)
(1.0E-12,20.0,0.13000000000000006)(164.57584050428724 141.0)
(1.0E-12,20.0,0.13000000000000006)(164.53687590042276 142.0)
(1.0E-12,20.0,0.13000000000000006)(164.08954345229378 144.0)
(1.0E-12,20.0,0.13000000000000006)(163.70243839067976 145.0)
(1.0E-12,20.0,0.13000000000000006)(164.19826869952902 145.0)
(1.0E-12,20.0,0.13000000000000006)(163.71974789512564 150.0)
(1.0E-12,20.0,0.13000000000000006)(163.56291547612045 149.0)
(1.0E-12,20.0,0.13000000000000006)(162.90831738048257 150.0)
(1.0E-12,20.0,0.13000000000000006)(162.90831738048257 152.0)
(1.0E-12,20.0,0.13000000000000006)(162.57969852731085 159.0)
(1.0E-12,20.0,0.13000000000000006)(162.25543231077324 163.0)
(1.0E-12,20.0,0.13000000000000006)(162.02295708349178 162.0)
(1.0E-12,20.0,0.13000000000000006)(161.86470366155098 165.0)
(1.0E-12,20.0,0.13000000000000006)(165.69229521450688 115.0)
(1.0E-12,20.0,0.13000000000000006)(161.90427777265458 164.0)
(1.0E-12,20.0,0.13000000000000006)(162.0882528259008 163.0)
(1.0E-12,20.0,0.13000000000000006)(162.88980513328215 158.0)
(1.0E-12,20.0,0.13000000000000006)(162.70620987411982 154.0)
(1.0E-12,20.0,0.13000000000000006)(165.62501258894366 116.0)
(1.0E-12,20.0,0.13000000000000006)(163.1522802934993 150.0)
(1.0E-12,20.0,0.13000000000000006)(163.29176042905974 152.0)
(1.0E-12,20.0,0.13000000000000006)(163.18275163995682 150.0)
(1.0E-12,20.0,0.13000000000000006)(162.96884754710464 151.0)
(1.0E-12,20.0,0.13000000000000006)(162.6493473192139 151.0)
(1.0E-12,20.0,0.13000000000000006)(162.46565040642886 152.0)
(1.0E-12,20.0,0.13000000000000006)(163.44086206593883 149.0)
(1.0E-12,20.0,0.13000000000000006)(163.44086206593883 143.0)
(1.0E-12,20.0,0.13000000000000006)(163.6239252568866 147.0)
(1.0E-12,20.0,0.13000000000000006)(162.13917169438355 162.0)
(1.0E-12,20.0,0.13000000000000006)(163.71974789512558 164.0)
(1.0E-12,20.0,0.13000000000000006)(162.7383468514945 168.0)
(1.0E-12,20.0,0.13000000000000006)(162.7383468514945 167.0)
(1.0E-12 20.0 0.13300000000000006)(147.19675241890945 220.0)
(1.0E-12,20.0,0.13300000000000006)(165.85989181798615 3.0)
(1.0E-12,20.0,0.13300000000000006)(165.85989181798615 25.0)
(1.0E-12,20.0,0.13300000000000006)(165.85989181798615 30.0)
(1.0E-12,20.0,0.13300000000000006)(165.85989181798615 61.0)
(1.0E-12,20.0,0.13300000000000006)(165.85989181798615 69.0)
(1.0E-12,20.0,0.13300000000000006)(165.4998426917187 107.0)
(1.0E-12,20.0,0.13300000000000006)(165.4998426917187 111.0)
(1.0E-12,20.0,0.13300000000000006)(165.4112683752692 125.0)
(1.0E-12,20.0,0.13300000000000006)(165.25817287108285 130.0)
(1.0E-12,20.0,0.13300000000000006)(165.25817287108288 130.0)
(1.0E-12,20.0,0.13300000000000006)(165.10418738432637 136.0)
(1.0E-12,20.0,0.13300000000000006)(164.2892891966599 142.0)
(1.0E-12,20.0,0.13300000000000006)(164.23719922826314 143.0)
(1.0E-12,20.0,0.13300000000000006)(163.78512286870955 145.0)
(1.0E-12,20.0,0.13300000000000006)(163.70678412355142 150.0)
(1.0E-12,20.0,0.13300000000000006)(163.33617693615926 152.0)
(1.0E-12,20.0,0.13300000000000006)(163.3929785215055 150.0)
(1.0E-12,20.0,0.13300000000000006)(163.3929785215055 151.0)
(1.0E-12,20.0,0.13300000000000006)(162.87368512588725 155.0)
(1.0E-12,20.0,0.13300000000000006)(163.2051881752818 158.0)
(1.0E-12,20.0,0.13300000000000006)(163.03474795716295 159.0)
(1.0E-12,20.0,0.13300000000000006)(162.58484464213376 162.0)
(1.0E-12,20.0,0.13300000000000006)(162.58484464213376 163.0)
(1.0E-12,20.0,0.13300000000000006)(162.36491027811658 162.0)
(1.0E-12,20.0,0.13300000000000006)(165.56161753914836 132.0)
(1.0E-12,20.0,0.13300000000000006)(161.91413084614328 164.0)
(1.0E-12,20.0,0.13300000000000006)(162.06356058875488 158.0)
(1.0E-12,20.0,0.13300000000000006)(161.98989629164305 161.0)
(1.0E-12,20.0,0.13300000000000006)(163.1008577781939 159.0)
(1.0E-12,20.0,0.13300000000000006)(160.9399470796489 167.0)
(1.0E-12,20.0,0.13300000000000006)(161.1111654640089 165.0)
(1.0E-12,20.0,0.13300000000000006)(161.11551851350282 165.0)
(1.0E-12,20.0,0.13300000000000006)(163.13146160279706 154.0)
(1.0E-12,20.0,0.13300000000000006)(160.93559403015496 168.0)
(1.0E-12,20.0,0.13300000000000006)(162.95691140423762 155.0)
(1.0E-12,20.0,0.13300000000000006)(161.05892887008167 161.0)
(1.0E-12,20.0,0.13300000000000006)(162.9262770976118 156.0)
(1.0E-12,20.0,0.13300000000000006)(163.09663720684554 152.0)
(1.0E-12,20.0,0.13300000000000006)(161.6968461047838 153.0)
(1.0E-12,20.0,0.13300000000000006)(163.4280380296593 150.0)
(1.0E-12,20.0,0.13300000000000006)(162.6068569161762 152.0)
(1.0E-12,20.0,0.13300000000000006)(163.3752323744576 149.0)
(1.0E-12,20.0,0.13300000000000006)(162.4319677560017 153.0)
(1.0E-12,20.0,0.13300000000000006)(164.2462532340755 147.0)
(1.0E-12 20.0 0.13600000000000007)(156.13481018084892 205.0)
(1.0E-12,20.0,0.13600000000000007)(165.85989181798615 3.0)
(1.0E-12,20.0,0.13600000000000007)(165.85989181798615 25.0)
(1.0E-12,20.0,0.13600000000000007)(165.85989181798615 34.0)
(1.0E-12,20.0,0.13600000000000007)(165.85989181798615 50.0)
(1.0E-12,20.0,0.13600000000000007)(165.85989181798615 42.0)
(1.0E-12,20.0,0.13600000000000007)(165.85989181798615 69.0)
(1.0E-12,20.0,0.13600000000000007)(165.77776252409544 90.0)
(1.0E-12,20.0,0.13600000000000007)(165.77776252409544 88.0)
(1.0E-12,20.0,0.13600000000000007)(165.77776252409544 98.0)
(1.0E-12,20.0,0.13600000000000007)(165.77776252409544 100.0)
(1.0E-12,20.0,0.13600000000000007)(165.62822414180496 113.0)
(1.0E-12,20.0,0.13600000000000007)(165.15042687280308 116.0)
(1.0E-12,20.0,0.13600000000000007)(165.15042687280308 114.0)
(1.0E-12,20.0,0.13600000000000007)(164.71815186938633 120.0)
(1.0E-12,20.0,0.13600000000000007)(164.66622159222945 123.0)
(1.0E-12,20.0,0.13600000000000007)(164.66622159222945 128.0)
(1.0E-12,20.0,0.13600000000000007)(164.66622159222945 134.0)
(1.0E-12,20.0,0.13600000000000007)(164.66622159222945 132.0)
(1.0E-12,20.0,0.13600000000000007)(164.66622159222945 135.0)
(1.0E-12,20.0,0.13600000000000007)(164.4452490194691 143.0)
(1.0E-12,20.0,0.13600000000000007)(164.3455373742797 143.0)
(1.0E-12,20.0,0.13600000000000007)(164.3455373742797 144.0)
(1.0E-12,20.0,0.13600000000000007)(165.4763927554518 123.0)
(1.0E-12,20.0,0.13600000000000007)(164.3455373742797 145.0)
(1.0E-12,20.0,0.13600000000000007)(164.4841959699062 134.0)
(1.0E-12,20.0,0.13600000000000007)(164.4841959699062 138.0)
(1.0E-12,20.0,0.13600000000000007)(164.4841959699062 139.0)
(1.0E-12,20.0,0.13600000000000007)(164.4841959699062 140.0)
(1.0E-12,20.0,0.13600000000000007)(164.4841959699062 133.0)
(1.0E-12,20.0,0.13600000000000007)(165.4763927554518 118.0)
(1.0E-12,20.0,0.13600000000000007)(164.4841959699062 136.0)
(1.0E-12,20.0,0.13600000000000007)(164.84806877698958 126.0)
(1.0E-12,20.0,0.13600000000000007)(164.84806877698958 124.0)
(1.0E-12 20.0 0.13900000000000007)(148.99644854931398 237.0)
(1.0E-12,20.0,0.13900000000000007)(165.85989181798615 3.0)
(1.0E-12,20.0,0.13900000000000007)(165.85989181798615 25.0)
(1.0E-12,20.0,0.13900000000000007)(165.85989181798615 49.0)
(1.0E-12,20.0,0.13900000000000007)(165.85989181798615 85.0)
(1.0E-12,20.0,0.13900000000000007)(164.86528374883906 118.0)
(1.0E-12,20.0,0.13900000000000007)(165.21719145070423 126.0)
(1.0E-12,20.0,0.13900000000000007)(165.21719145070423 124.0)
(1.0E-12,20.0,0.13900000000000007)(165.21719145070423 128.0)
(1.0E-12,20.0,0.13900000000000007)(165.0061766499538 135.0)
(1.0E-12,20.0,0.13900000000000007)(165.21719145070423 133.0)
(1.0E-12,20.0,0.13900000000000007)(165.03651007134485 136.0)
(1.0E-12,20.0,0.13900000000000007)(164.77098604360376 137.0)
(1.0E-12,20.0,0.13900000000000007)(164.433822028152 147.0)
(1.0E-12,20.0,0.13900000000000007)(164.433822028152 148.0)
(1.0E-12,20.0,0.13900000000000007)(164.1695441500079 147.0)
(1.0E-12,20.0,0.13900000000000007)(163.76957332290687 148.0)
(1.0E-12,20.0,0.13900000000000007)(163.4821928251321 150.0)
(1.0E-12,20.0,0.13900000000000007)(163.25533164794746 158.0)
(1.0E-12,20.0,0.13900000000000007)(163.4821928251321 151.0)
(1.0E-12,20.0,0.13900000000000007)(163.207559476164 158.0)
(1.0E-12,20.0,0.13900000000000007)(163.10272043036696 158.0)
(1.0E-12,20.0,0.13900000000000007)(162.92361387424808 165.0)
(1.0E-12,20.0,0.13900000000000007)(163.01101065033788 164.0)
(1.0E-12,20.0,0.13900000000000007)(162.92361387424808 166.0)
(1.0E-12,20.0,0.13900000000000007)(164.16944662207317 156.0)
(1.0E-12,20.0,0.13900000000000007)(162.59515763006218 169.0)
(1.0E-12,20.0,0.13900000000000007)(162.80550524607654 167.0)
(1.0E-12,20.0,0.13900000000000007)(162.76611687306257 167.0)
(1.0E-12,20.0,0.13900000000000007)(162.29368894008417 168.0)
(1.0E-12,20.0,0.13900000000000007)(163.34729701582302 163.0)
(1.0E-12,20.0,0.13900000000000007)(162.0486783745769 169.0)
(1.0E-12,20.0,0.13900000000000007)(162.6437821420462 167.0)
(1.0E-12,20.0,0.13900000000000007)(163.50420510952677 162.0)
(1.0E-12,20.0,0.13900000000000007)(162.4996463044281 167.0)
(1.0E-12,20.0,0.13900000000000007)(163.26023602594424 162.0)
(1.0E-12,20.0,0.13900000000000007)(163.59564616773076 156.0)
(1.0E-12,20.0,0.13900000000000007)(164.2476301507376 153.0)
(1.0E-12,20.0,0.13900000000000007)(163.96107243243466 154.0)
(1.0E-12,20.0,0.13900000000000007)(163.88271754154374 152.0)
(1.0E-12,20.0,0.13900000000000007)(164.2476301507376 149.0)
(1.0E-12,20.0,0.13900000000000007)(164.03942732332544 155.0)
(1.0E-12 20.0 0.14200000000000007)(147.00255447344543 239.0)
(1.0E-12,20.0,0.14200000000000007)(165.85989181798615 3.0)
(1.0E-12,20.0,0.14200000000000007)(165.85989181798615 25.0)
(1.0E-12,20.0,0.14200000000000007)(165.85989181798615 32.0)
(1.0E-12,20.0,0.14200000000000007)(165.85989181798615 95.0)
(1.0E-12,20.0,0.14200000000000007)(165.85989181798615 115.0)
(1.0E-12,20.0,0.14200000000000007)(165.85989181798615 102.0)
(1.0E-12,20.0,0.14200000000000007)(165.85989181798615 113.0)
(1.0E-12,20.0,0.14200000000000007)(165.85989181798615 116.0)
(1.0E-12,20.0,0.14200000000000007)(165.85989181798615 114.0)
(1.0E-12,20.0,0.14200000000000007)(165.85989181798615 120.0)
(1.0E-12,20.0,0.14200000000000007)(165.53359854957097 141.0)
(1.0E-12,20.0,0.14200000000000007)(165.38146787937413 142.0)
(1.0E-12,20.0,0.14200000000000007)(165.13736772432128 144.0)
(1.0E-12,20.0,0.14200000000000007)(164.74034333491977 153.0)
(1.0E-12,20.0,0.14200000000000007)(164.68921643284702 150.0)
(1.0E-12,20.0,0.14200000000000007)(164.01718741772015 156.0)
(1.0E-12,20.0,0.14200000000000007)(163.88261840140032 157.0)
(1.0E-12,20.0,0.14200000000000007)(163.83466263488404 158.0)
(1.0E-12,20.0,0.14200000000000007)(163.74337910874496 166.0)
(1.0E-12,20.0,0.14200000000000007)(163.4996806978064 166.0)
(1.0E-12,20.0,0.14200000000000007)(163.4996806978064 167.0)
(1.0E-12,20.0,0.14200000000000007)(164.7833610416132 138.0)
(1.0E-12,20.0,0.14200000000000007)(163.4996806978064 169.0)
(1.0E-12,20.0,0.14200000000000007)(163.4996806978064 170.0)
(1.0E-12,20.0,0.14200000000000007)(163.38201713739912 170.0)
(1.0E-12,20.0,0.14200000000000007)(163.23822098326573 170.0)
(1.0E-12,20.0,0.14200000000000007)(163.23822098326573 171.0)
(1.0E-12,20.0,0.14200000000000007)(163.3689579889173 172.0)
(1.0E-12,20.0,0.14200000000000007)(163.7738913041953 168.0)
(1.0E-12,20.0,0.14200000000000007)(163.99110942150818 168.0)
(1.0E-12,20.0,0.14200000000000007)(163.58676870651647 170.0)
(1.0E-12,20.0,0.14200000000000007)(163.5911217560104 165.0)
(1.0E-12,20.0,0.14200000000000007)(164.08221426996798 158.0)
(1.0E-12,20.0,0.14200000000000007)(163.86796710311538 163.0)
(1.0E-12,20.0,0.14200000000000007)(163.24052121994245 169.0)
(1.0E-12 20.0 0.14500000000000007)(151.28606293890408 229.0)
(1.0E-12,20.0,0.14500000000000007)(165.85989181798615 3.0)
(1.0E-12,20.0,0.14500000000000007)(165.85989181798615 25.0)
(1.0E-12,20.0,0.14500000000000007)(165.85989181798615 37.0)
(1.0E-12,20.0,0.14500000000000007)(165.85989181798615 57.0)
(1.0E-12,20.0,0.14500000000000007)(165.85989181798615 74.0)
(1.0E-12,20.0,0.14500000000000007)(165.74471476566526 112.0)
(1.0E-12,20.0,0.14500000000000007)(165.63152388381812 115.0)
(1.0E-12,20.0,0.14500000000000007)(165.63152388381812 117.0)
(1.0E-12,20.0,0.14500000000000007)(165.63152388381812 139.0)
(1.0E-12,20.0,0.14500000000000007)(165.48002580402365 144.0)
(1.0E-12,20.0,0.14500000000000007)(165.3555209446369 145.0)
(1.0E-12,20.0,0.14500000000000007)(164.98761164337537 147.0)
(1.0E-12,20.0,0.14500000000000007)(164.86222872075 148.0)
(1.0E-12,20.0,0.14500000000000007)(164.86222872075 149.0)
(1.0E-12,20.0,0.14500000000000007)(164.75416434029597 150.0)
(1.0E-12,20.0,0.14500000000000007)(164.59001586958692 152.0)
(1.0E-12,20.0,0.14500000000000007)(164.59001586958692 155.0)
(1.0E-12,20.0,0.14500000000000007)(164.38638182030797 155.0)
(1.0E-12,20.0,0.14500000000000007)(164.26051793699298 156.0)
(1.0E-12,20.0,0.14500000000000007)(164.05222865902138 161.0)
(1.0E-12,20.0,0.14500000000000007)(164.0825990153658 165.0)
(1.0E-12,20.0,0.14500000000000007)(163.96532634178513 166.0)
(1.0E-12,20.0,0.14500000000000007)(163.92185413799638 169.0)
(1.0E-12,20.0,0.14500000000000007)(163.52131472120513 170.0)
(1.0E-12,20.0,0.14500000000000007)(163.5649007655169 167.0)
(1.0E-12,20.0,0.14500000000000007)(163.4690110394268 171.0)
(1.0E-12,20.0,0.14500000000000007)(163.03039490766903 176.0)
(1.0E-12,20.0,0.14500000000000007)(162.97796617238552 176.0)
(1.0E-12,20.0,0.14500000000000007)(163.03039490766903 175.0)
(1.0E-12,20.0,0.14500000000000007)(163.0173357591872 175.0)
(1.0E-12,20.0,0.14500000000000007)(163.6984207490164 171.0)
(1.0E-12,20.0,0.14500000000000007)(163.1091051763572 174.0)
(1.0E-12,20.0,0.14500000000000007)(163.20954122477576 174.0)
(1.0E-12,20.0,0.14500000000000007)(163.24886146098785 171.0)
(1.0E-12,20.0,0.14500000000000007)(163.15715168095875 172.0)
(1.0E-12,20.0,0.14500000000000007)(163.30123053306068 170.0)
(1.0E-12,20.0,0.14500000000000007)(163.5891008609351 169.0)
(1.0E-12,20.0,0.14500000000000007)(163.63268690524689 166.0)
(1.0E-12,20.0,0.14500000000000007)(163.34488303514712 168.0)
(1.0E-12 20.0 0.14800000000000008)(149.80384525372824 238.0)
(1.0E-12,20.0,0.14800000000000008)(165.85989181798615 3.0)
(1.0E-12,20.0,0.14800000000000008)(165.85989181798615 25.0)
(1.0E-12,20.0,0.14800000000000008)(165.85989181798615 32.0)
(1.0E-12,20.0,0.14800000000000008)(165.85989181798615 82.0)
(1.0E-12,20.0,0.14800000000000008)(165.49459246635197 84.0)
(1.0E-12,20.0,0.14800000000000008)(165.41395658080734 94.0)
(1.0E-12,20.0,0.14800000000000008)(165.41395658080734 106.0)
(1.0E-12,20.0,0.14800000000000008)(165.41395658080734 110.0)
(1.0E-12,20.0,0.14800000000000008)(165.41395658080734 111.0)
(1.0E-12,20.0,0.14800000000000008)(165.37572397839563 128.0)
(1.0E-12,20.0,0.14800000000000008)(165.17931179974923 137.0)
(1.0E-12,20.0,0.14800000000000008)(164.88330981774735 140.0)
(1.0E-12,20.0,0.14800000000000008)(164.7454582413081 141.0)
(1.0E-12,20.0,0.14800000000000008)(164.60278850199342 142.0)
(1.0E-12,20.0,0.14800000000000008)(164.60278850199342 144.0)
(1.0E-12,20.0,0.14800000000000008)(164.40379401828375 147.0)
(1.0E-12,20.0,0.14800000000000008)(164.2606805023754 151.0)
(1.0E-12,20.0,0.14800000000000008)(164.2606805023754 150.0)
(1.0E-12,20.0,0.14800000000000008)(164.13471975405645 151.0)
(1.0E-12,20.0,0.14800000000000008)(163.92620718749032 157.0)
(1.0E-12,20.0,0.14800000000000008)(163.79570978086346 159.0)
(1.0E-12,20.0,0.14800000000000008)(163.83486906531598 158.0)
(1.0E-12,20.0,0.14800000000000008)(164.61601901270168 148.0)
(1.0E-12,20.0,0.14800000000000008)(162.90355180469558 169.0)
(1.0E-12,20.0,0.14800000000000008)(163.14844558197092 165.0)
(1.0E-12,20.0,0.14800000000000008)(163.1047521268633 168.0)
(1.0E-12,20.0,0.14800000000000008)(162.59738363677138 171.0)
(1.0E-12,20.0,0.14800000000000008)(162.90355180469558 170.0)
(1.0E-12,20.0,0.14800000000000008)(162.85544812882145 170.0)
(1.0E-12,20.0,0.14800000000000008)(162.66729681928612 170.0)
(1.0E-12,20.0,0.14800000000000008)(162.65859072029826 171.0)
(1.0E-12,20.0,0.14800000000000008)(162.60608973575924 171.0)
(1.0E-12,20.0,0.14800000000000008)(162.84238898033962 170.0)
(1.0E-12,20.0,0.14800000000000008)(162.60608973575924 172.0)
(1.0E-12,20.0,0.14800000000000008)(163.08298687939362 168.0)
(1.0E-12,20.0,0.14800000000000008)(162.93423407872172 169.0)
(1.0E-12,20.0,0.14800000000000008)(162.9736131228916 168.0)
(1.0E-12,20.0,0.14800000000000008)(163.15715168095878 165.0)
(1.0E-12,20.0,0.14800000000000008)(163.21824732376365 164.0)
(1.0E-12,20.0,0.14800000000000008)(163.20518817528182 164.0)
(1.0E-12,20.0,0.14800000000000008)(163.26627365896357 163.0)
(1.0E-12,20.0,0.14800000000000008)(163.26192060946966 163.0)
(1.0E-12,20.0,0.14800000000000008)(163.26192060946966 161.0)
(1.0E-12,20.0,0.14800000000000008)(163.30993663204853 162.0)
(1.0E-12,20.0,0.14800000000000008)(162.93443567744615 171.0)
(1.0E-12 20.0 0.15100000000000008)(155.26083814905388 223.0)
(1.0E-12,20.0,0.15100000000000008)(165.85989181798615 3.0)
(1.0E-12,20.0,0.15100000000000008)(165.85989181798615 25.0)
(1.0E-12,20.0,0.15100000000000008)(165.85989181798615 32.0)
(1.0E-12,20.0,0.15100000000000008)(165.85989181798615 38.0)
(1.0E-12,20.0,0.15100000000000008)(165.54568756364662 91.0)
(1.0E-12,20.0,0.15100000000000008)(165.3243787476169 97.0)
(1.0E-12,20.0,0.15100000000000008)(165.21794583673116 112.0)
(1.0E-12,20.0,0.15100000000000008)(165.21794583673116 116.0)
(1.0E-12,20.0,0.15100000000000008)(165.21794583673116 130.0)
(1.0E-12,20.0,0.15100000000000008)(165.21794583673116 135.0)
(1.0E-12,20.0,0.15100000000000008)(165.1794831619756 142.0)
(1.0E-12,20.0,0.15100000000000008)(165.0545646921356 151.0)
(1.0E-12,20.0,0.15100000000000008)(164.6724372938964 153.0)
(1.0E-12,20.0,0.15100000000000008)(164.26769531141665 159.0)
(1.0E-12,20.0,0.15100000000000008)(164.1504861452089 153.0)
(1.0E-12,20.0,0.15100000000000008)(164.11139515032295 159.0)
(1.0E-12,20.0,0.15100000000000008)(163.85914817246152 164.0)
(1.0E-12,20.0,0.15100000000000008)(163.64133745486234 166.0)
(1.0E-12,20.0,0.15100000000000008)(163.73288271830603 164.0)
(1.0E-12,20.0,0.15100000000000008)(163.64139300423477 168.0)
(1.0E-12,20.0,0.15100000000000008)(163.45827426391457 172.0)
(1.0E-12,20.0,0.15100000000000008)(163.3360549290122 170.0)
(1.0E-12,20.0,0.15100000000000008)(163.28803890643331 174.0)
(1.0E-12,20.0,0.15100000000000008)(163.28803890643331 173.0)
(1.0E-12,20.0,0.15100000000000008)(163.2443656207273 177.0)
(1.0E-12,20.0,0.15100000000000008)(165.29735031652828 149.0)
(1.0E-12,20.0,0.15100000000000008)(163.00843751884307 178.0)
(1.0E-12,20.0,0.15100000000000008)(163.19632912640424 178.0)
(1.0E-12,20.0,0.15100000000000008)(162.9997314198552 178.0)
(1.0E-12,20.0,0.15100000000000008)(163.28368585693937 176.0)
(1.0E-12,20.0,0.15100000000000008)(163.46698036290243 173.0)
(1.0E-12,20.0,0.15100000000000008)(163.32734883002433 175.0)
(1.0E-12,20.0,0.15100000000000008)(163.37100133211075 172.0)
(1.0E-12,20.0,0.15100000000000008)(163.55420937713257 169.0)
(1.0E-12,20.0,0.15100000000000008)(163.61521915789874 168.0)
(1.0E-12,20.0,0.15100000000000008)(163.6021600094169 170.0)
(1.0E-12,20.0,0.15100000000000008)(163.66315825170443 169.0)
(1.0E-12 20.0 0.15400000000000008)(154.32120202392665 225.0)
(1.0E-12,20.0,0.15400000000000008)(165.85989181798615 3.0)
(1.0E-12,20.0,0.15400000000000008)(165.85989181798615 25.0)
(1.0E-12,20.0,0.15400000000000008)(165.85989181798615 32.0)
(1.0E-12,20.0,0.15400000000000008)(165.85989181798615 53.0)
(1.0E-12,20.0,0.15400000000000008)(165.85989181798615 98.0)
(1.0E-12,20.0,0.15400000000000008)(165.85989181798615 106.0)
(1.0E-12,20.0,0.15400000000000008)(165.85989181798615 119.0)
(1.0E-12,20.0,0.15400000000000008)(165.85989181798615 121.0)
(1.0E-12,20.0,0.15400000000000008)(165.85989181798615 122.0)
(1.0E-12,20.0,0.15400000000000008)(165.85989181798615 123.0)
(1.0E-12,20.0,0.15400000000000008)(165.17202201532905 139.0)
(1.0E-12,20.0,0.15400000000000008)(165.11081161110397 132.0)
(1.0E-12,20.0,0.15400000000000008)(164.61921980598393 142.0)
(1.0E-12,20.0,0.15400000000000008)(164.13272604040867 148.0)
(1.0E-12,20.0,0.15400000000000008)(164.0547190563423 153.0)
(1.0E-12,20.0,0.15400000000000008)(164.11109185441376 154.0)
(1.0E-12,20.0,0.15400000000000008)(164.07203026420487 157.0)
(1.0E-12,20.0,0.15400000000000008)(163.6327842974147 156.0)
(1.0E-12,20.0,0.15400000000000008)(163.52393634259698 159.0)
(1.0E-12,20.0,0.15400000000000008)(163.52393634259698 160.0)
(1.0E-12,20.0,0.15400000000000008)(163.48472703303332 164.0)
(1.0E-12,20.0,0.15400000000000008)(163.22310902196674 165.0)
(1.0E-12,20.0,0.15400000000000008)(163.13581465229106 174.0)
(1.0E-12,20.0,0.15400000000000008)(162.8301546309479 180.0)
(1.0E-12,20.0,0.15400000000000008)(163.21440292297882 171.0)
(1.0E-12,20.0,0.15400000000000008)(163.13581465229106 173.0)
(1.0E-12,20.0,0.15400000000000008)(162.8301546309479 177.0)
(1.0E-12,20.0,0.15400000000000008)(162.8301546309479 178.0)
(1.0E-12,20.0,0.15400000000000008)(163.13581465229106 172.0)
(1.0E-12,20.0,0.15400000000000008)(163.21440292297882 169.0)
(1.0E-12,20.0,0.15400000000000008)(163.3539691004114 166.0)
(1.0E-12,20.0,0.15400000000000008)(163.21440292297882 168.0)
(1.0E-12,20.0,0.15400000000000008)(163.3539691004114 167.0)
(1.0E-12 20.0 0.15700000000000008)(152.49255050794724 230.0)
(1.0E-12,20.0,0.15700000000000008)(165.85989181798615 3.0)
(1.0E-12,20.0,0.15700000000000008)(165.85989181798615 25.0)
(1.0E-12,20.0,0.15700000000000008)(165.85989181798615 32.0)
(1.0E-12,20.0,0.15700000000000008)(165.85989181798615 45.0)
(1.0E-12,20.0,0.15700000000000008)(165.6548832044323 114.0)
(1.0E-12,20.0,0.15700000000000008)(165.85989181798615 93.0)
(1.0E-12,20.0,0.15700000000000008)(165.85989181798615 100.0)
(1.0E-12,20.0,0.15700000000000008)(165.85989181798615 101.0)
(1.0E-12,20.0,0.15700000000000008)(165.85989181798615 105.0)
(1.0E-12,20.0,0.15700000000000008)(165.85989181798615 109.0)
(1.0E-12,20.0,0.15700000000000008)(165.65488320443228 117.0)
(1.0E-12,20.0,0.15700000000000008)(165.41188452596714 134.0)
(1.0E-12,20.0,0.15700000000000008)(164.75943935423442 140.0)
(1.0E-12,20.0,0.15700000000000008)(164.913144652016 138.0)
(1.0E-12,20.0,0.15700000000000008)(164.04155891774724 147.0)
(1.0E-12,20.0,0.15700000000000008)(164.04155891774724 154.0)
(1.0E-12,20.0,0.15700000000000008)(164.01989466039075 157.0)
(1.0E-12,20.0,0.15700000000000008)(163.6763200937161 160.0)
(1.0E-12,20.0,0.15700000000000008)(163.73288627478232 159.0)
(1.0E-12,20.0,0.15700000000000008)(163.73288627478232 158.0)
(1.0E-12,20.0,0.15700000000000008)(163.63278959877675 161.0)
(1.0E-12,20.0,0.15700000000000008)(163.52825752797264 164.0)
(1.0E-12,20.0,0.15700000000000008)(163.38879349636287 167.0)
(1.0E-12,20.0,0.15700000000000008)(163.34953761793508 168.0)
(1.0E-12,20.0,0.15700000000000008)(165.71273897290453 139.0)
(1.0E-12,20.0,0.15700000000000008)(163.07894973995764 169.0)
(1.0E-12,20.0,0.15700000000000008)(163.15757989976075 167.0)
(1.0E-12,20.0,0.15700000000000008)(163.15757989976075 166.0)
(1.0E-12,20.0,0.15700000000000008)(163.07894973995764 170.0)
(1.0E-12,20.0,0.15700000000000008)(163.15757989976075 162.0)
(1.0E-12,20.0,0.15700000000000008)(162.84321377942976 165.0)
(1.0E-12,20.0,0.15700000000000008)(163.29721143263882 158.0)
(1.0E-12,20.0,0.15700000000000008)(163.29721143263882 155.0)
(1.0E-12 20.0 0.1600000000000001)(153.74188654317763 229.0)
(1.0E-12,20.0,0.1600000000000001)(165.85989181798615 3.0)
(1.0E-12,20.0,0.1600000000000001)(165.85989181798615 25.0)
(1.0E-12,20.0,0.1600000000000001)(165.85989181798615 32.0)
(1.0E-12,20.0,0.1600000000000001)(165.85989181798615 54.0)
(1.0E-12,20.0,0.1600000000000001)(165.85989181798615 89.0)
(1.0E-12,20.0,0.1600000000000001)(165.85989181798615 80.0)
(1.0E-12,20.0,0.1600000000000001)(165.85989181798615 87.0)
(1.0E-12,20.0,0.1600000000000001)(165.85989181798615 103.0)
(1.0E-12,20.0,0.1600000000000001)(165.85989181798615 107.0)
(1.0E-12,20.0,0.1600000000000001)(165.50267581349246 116.0)
(1.0E-12,20.0,0.1600000000000001)(165.75599727662578 126.0)
(1.0E-12,20.0,0.1600000000000001)(165.23363555880672 138.0)
(1.0E-12,20.0,0.1600000000000001)(165.4372153100064 140.0)
(1.0E-12,20.0,0.1600000000000001)(164.92620380049786 148.0)
(1.0E-12,20.0,0.1600000000000001)(164.01554161089686 154.0)
(1.0E-12,20.0,0.1600000000000001)(163.99386281398668 155.0)
(1.0E-12,20.0,0.1600000000000001)(163.906976982447 162.0)
(1.0E-12,20.0,0.1600000000000001)(163.78078798020854 163.0)
(1.0E-12,20.0,0.1600000000000001)(163.83732819054404 162.0)
(1.0E-12,20.0,0.1600000000000001)(163.7981820171914 162.0)
(1.0E-12,20.0,0.1600000000000001)(163.69808534118582 164.0)
(1.0E-12,20.0,0.1600000000000001)(163.48462767308058 168.0)
(1.0E-12,20.0,0.1600000000000001)(163.48462767308058 167.0)
(1.0E-12,20.0,0.1600000000000001)(163.52386066789845 166.0)
(1.0E-12,20.0,0.1600000000000001)(165.69229521450688 143.0)
(1.0E-12,20.0,0.1600000000000001)(163.31452306133943 168.0)
(1.0E-12,20.0,0.1600000000000001)(163.31452306133943 169.0)
(1.0E-12,20.0,0.1600000000000001)(163.0613845920922 169.0)
(1.0E-12,20.0,0.1600000000000001)(163.07009069108005 172.0)
(1.0E-12,20.0,0.1600000000000001)(163.45408923877199 164.0)
(1.0E-12,20.0,0.1600000000000001)(163.31452306133943 165.0)
(1.0E-12 20.0 0.1630000000000001)(152.9171466812702 232.0)
(1.0E-12,20.0,0.1630000000000001)(165.85989181798615 1.0)
(1.0E-12,20.0,0.1630000000000001)(165.85989181798615 25.0)
(1.0E-12,20.0,0.1630000000000001)(165.85989181798615 34.0)
(1.0E-12,20.0,0.1630000000000001)(165.85989181798615 74.0)
(1.0E-12,20.0,0.1630000000000001)(165.68535455088985 109.0)
(1.0E-12,20.0,0.1630000000000001)(165.68535455088985 106.0)
(1.0E-12,20.0,0.1630000000000001)(165.64326154322796 131.0)
(1.0E-12,20.0,0.1630000000000001)(165.64326154322796 135.0)
(1.0E-12,20.0,0.1630000000000001)(165.81921881755775 132.0)
(1.0E-12,20.0,0.1630000000000001)(165.6476145927219 137.0)
(1.0E-12,20.0,0.1630000000000001)(165.37209092982374 149.0)
(1.0E-12,20.0,0.1630000000000001)(165.21464237614347 148.0)
(1.0E-12,20.0,0.1630000000000001)(165.03854412384132 152.0)
(1.0E-12,20.0,0.1630000000000001)(164.96166470863818 157.0)
(1.0E-12,20.0,0.1630000000000001)(164.79749655561935 160.0)
(1.0E-12,20.0,0.1630000000000001)(164.892871429434 160.0)
(1.0E-12,20.0,0.1630000000000001)(164.81451653854316 160.0)
(1.0E-12,20.0,0.1630000000000001)(164.8532783712582 158.0)
(1.0E-12,20.0,0.1630000000000001)(164.8532783712582 163.0)
(1.0E-12,20.0,0.1630000000000001)(165.67052996703717 149.0)
(1.0E-12,20.0,0.1630000000000001)(164.69374084456734 164.0)
(1.0E-12,20.0,0.1630000000000001)(164.69374084456734 165.0)
(1.0E-12,20.0,0.1630000000000001)(164.7325704550527 164.0)
(1.0E-12,20.0,0.1630000000000001)(164.5379506378861 164.0)
(1.0E-12,20.0,0.1630000000000001)(164.7325704550527 161.0)
(1.0E-12,20.0,0.1630000000000001)(164.7325704550527 162.0)
(1.0E-12,20.0,0.1630000000000001)(164.7325704550527 159.0)
(1.0E-12 20.0 0.1660000000000001)(155.10898681492313 218.0)
(1.0E-12,20.0,0.1660000000000001)(165.85989181798615 1.0)
(1.0E-12,20.0,0.1660000000000001)(165.85989181798615 25.0)
(1.0E-12,20.0,0.1660000000000001)(165.85989181798615 32.0)
(1.0E-12,20.0,0.1660000000000001)(165.85989181798615 55.0)
(1.0E-12,20.0,0.1660000000000001)(165.7229495181956 92.0)
(1.0E-12,20.0,0.1660000000000001)(165.7229495181956 103.0)
(1.0E-12,20.0,0.1660000000000001)(165.7229495181956 111.0)
(1.0E-12,20.0,0.1660000000000001)(165.53262841516477 120.0)
(1.0E-12,20.0,0.1660000000000001)(165.7229495181956 116.0)
(1.0E-12,20.0,0.1660000000000001)(165.6141116858424 127.0)
(1.0E-12,20.0,0.1660000000000001)(165.6141116858424 128.0)
(1.0E-12,20.0,0.1660000000000001)(165.56309976162237 137.0)
(1.0E-12,20.0,0.1660000000000001)(165.30973192234092 138.0)
(1.0E-12,20.0,0.1660000000000001)(165.25817287108282 139.0)
(1.0E-12,20.0,0.1660000000000001)(165.23705004642815 139.0)
(1.0E-12,20.0,0.1660000000000001)(165.14682279925356 147.0)
(1.0E-12,20.0,0.1660000000000001)(165.09129959807098 148.0)
(1.0E-12,20.0,0.1660000000000001)(165.05261359804842 149.0)
(1.0E-12,20.0,0.1660000000000001)(165.10819291574435 147.0)
(1.0E-12,20.0,0.1660000000000001)(165.1038398662504 152.0)
(1.0E-12,20.0,0.1660000000000001)(165.1038398662504 155.0)
(1.0E-12,20.0,0.1660000000000001)(165.04341605363766 155.0)
(1.0E-12,20.0,0.1660000000000001)(164.8841653304461 156.0)
(1.0E-12,20.0,0.1660000000000001)(164.87069056923391 156.0)
(1.0E-12,20.0,0.1660000000000001)(164.8841653304461 157.0)
(1.0E-12,20.0,0.1660000000000001)(164.8841653304461 158.0)
(1.0E-12,20.0,0.1660000000000001)(165.67052996703717 134.0)
(1.0E-12,20.0,0.1660000000000001)(164.92292716316115 154.0)
(1.0E-12,20.0,0.1660000000000001)(164.9660177581321 148.0)
(1.0E-12,20.0,0.1660000000000001)(164.98342995610784 152.0)
(1.0E-12,20.0,0.1660000000000001)(165.0264953010848 146.0)
(1.0E-12,20.0,0.1660000000000001)(165.0264953010848 144.0)
(1.0E-12 20.0 0.1690000000000001)(153.39711922918838 229.0)
(1.0E-12,20.0,0.1690000000000001)(165.85989181798615 1.0)
(1.0E-12,20.0,0.1690000000000001)(165.85989181798615 25.0)
(1.0E-12,20.0,0.1690000000000001)(165.85989181798615 34.0)
(1.0E-12,20.0,0.1690000000000001)(165.85989181798615 72.0)
(1.0E-12,20.0,0.1690000000000001)(165.74906781515924 99.0)
(1.0E-12,20.0,0.1690000000000001)(165.74906781515924 107.0)
(1.0E-12,20.0,0.1690000000000001)(165.74906781515924 127.0)
(1.0E-12,20.0,0.1690000000000001)(165.74906781515924 132.0)
(1.0E-12,20.0,0.1690000000000001)(165.07986920405781 137.0)
(1.0E-12,20.0,0.1690000000000001)(164.86826559158285 138.0)
(1.0E-12,20.0,0.1690000000000001)(164.4277004122893 156.0)
(1.0E-12,20.0,0.1690000000000001)(164.50613257960237 149.0)
(1.0E-12,20.0,0.1690000000000001)(164.2718857955282 157.0)
(1.0E-12,20.0,0.1690000000000001)(164.25028311344093 158.0)
(1.0E-12,20.0,0.1690000000000001)(164.19397115702495 162.0)
(1.0E-12,20.0,0.1690000000000001)(163.95498724400122 167.0)
(1.0E-12,20.0,0.1690000000000001)(163.92456054264915 168.0)
(1.0E-12,20.0,0.1690000000000001)(163.97234115082637 166.0)
(1.0E-12,20.0,0.1690000000000001)(164.0114463741888 165.0)
(1.0E-12,20.0,0.1690000000000001)(163.95928200234454 167.0)
(1.0E-12,20.0,0.1690000000000001)(163.91580979855578 170.0)
(1.0E-12,20.0,0.1690000000000001)(163.95928200234454 169.0)
(1.0E-12,20.0,0.1690000000000001)(163.83753082486322 170.0)
(1.0E-12,20.0,0.1690000000000001)(164.3805331324576 159.0)
(1.0E-12,20.0,0.1690000000000001)(163.83753082486322 171.0)
(1.0E-12,20.0,0.1690000000000001)(163.83753082486322 172.0)
(1.0E-12,20.0,0.1690000000000001)(163.87667699821586 170.0)
(1.0E-12,20.0,0.1690000000000001)(163.9288689470376 168.0)
(1.0E-12 20.0 0.1720000000000001)(152.21388220124103 228.0)
(1.0E-12,20.0,0.1720000000000001)(165.85989181798615 3.0)
(1.0E-12,20.0,0.1720000000000001)(165.85989181798615 25.0)
(1.0E-12,20.0,0.1720000000000001)(165.85989181798615 34.0)
(1.0E-12,20.0,0.1720000000000001)(165.85989181798615 63.0)
(1.0E-12,20.0,0.1720000000000001)(165.85989181798615 94.0)
(1.0E-12,20.0,0.1720000000000001)(165.85989181798615 93.0)
(1.0E-12,20.0,0.1720000000000001)(165.85989181798615 101.0)
(1.0E-12,20.0,0.1720000000000001)(165.85989181798615 105.0)
(1.0E-12,20.0,0.1720000000000001)(165.519569266683 113.0)
(1.0E-12,20.0,0.1720000000000001)(165.46847416938834 121.0)
(1.0E-12,20.0,0.1720000000000001)(165.25903065569705 122.0)
(1.0E-12,20.0,0.1720000000000001)(165.10554781236996 131.0)
(1.0E-12,20.0,0.1720000000000001)(164.63926684611744 147.0)
(1.0E-12,20.0,0.1720000000000001)(164.48402275401224 148.0)
(1.0E-12,20.0,0.1720000000000001)(164.4625248082408 152.0)
(1.0E-12,20.0,0.1720000000000001)(164.15468738680067 156.0)
(1.0E-12,20.0,0.1720000000000001)(164.0853162819029 158.0)
(1.0E-12,20.0,0.1720000000000001)(164.85520644310108 147.0)
(1.0E-12,20.0,0.1720000000000001)(164.85520644310108 146.0)
(1.0E-12,20.0,0.1720000000000001)(164.17193701939405 157.0)
(1.0E-12,20.0,0.1720000000000001)(164.17193701939405 159.0)
(1.0E-12,20.0,0.1720000000000001)(163.98966504827283 160.0)
(1.0E-12,20.0,0.1720000000000001)(163.98966504827283 161.0)
(1.0E-12,20.0,0.1720000000000001)(164.02872663848171 161.0)
(1.0E-12,20.0,0.1720000000000001)(163.98966504827283 162.0)
(1.0E-12,20.0,0.1720000000000001)(164.02872663848171 155.0)
(1.0E-12 20.0 0.1750000000000001)(153.75192782316049 231.0)
(1.0E-12,20.0,0.1750000000000001)(165.85989181798615 3.0)
(1.0E-12,20.0,0.1750000000000001)(165.85989181798615 25.0)
(1.0E-12,20.0,0.1750000000000001)(165.85989181798615 32.0)
(1.0E-12,20.0,0.1750000000000001)(165.85989181798615 39.0)
(1.0E-12,20.0,0.1750000000000001)(165.64326154322796 80.0)
(1.0E-12,20.0,0.1750000000000001)(165.49130795495722 117.0)
(1.0E-12,20.0,0.1750000000000001)(165.49130795495722 130.0)
(1.0E-12,20.0,0.1750000000000001)(165.38532144053198 131.0)
(1.0E-12,20.0,0.1750000000000001)(165.38532144053198 135.0)
(1.0E-12,20.0,0.1750000000000001)(165.20560145893927 139.0)
(1.0E-12,20.0,0.1750000000000001)(165.20560145893927 147.0)
(1.0E-12,20.0,0.1750000000000001)(164.99418394371062 148.0)
(1.0E-12,20.0,0.1750000000000001)(164.68426303073338 158.0)
(1.0E-12,20.0,0.1750000000000001)(164.52394663481286 166.0)
(1.0E-12,20.0,0.1750000000000001)(164.30719074461905 168.0)
(1.0E-12,20.0,0.1750000000000001)(164.23343581993336 174.0)
(1.0E-12,20.0,0.1750000000000001)(164.01614594424834 176.0)
(1.0E-12,20.0,0.1750000000000001)(164.5851021693089 174.0)
(1.0E-12,20.0,0.1750000000000001)(163.90737444134768 179.0)
(1.0E-12,20.0,0.1750000000000001)(163.94219353593715 179.0)
(1.0E-12,20.0,0.1750000000000001)(164.06827960191947 176.0)
(1.0E-12,20.0,0.1750000000000001)(164.06827960191947 178.0)
(1.0E-12,20.0,0.1750000000000001)(164.06827960191947 180.0)
(1.0E-12,20.0,0.1750000000000001)(164.8403799796694 171.0)
(1.0E-12,20.0,0.1750000000000001)(164.06827960191947 181.0)
(1.0E-12,20.0,0.1750000000000001)(164.02480739813072 181.0)
(1.0E-12,20.0,0.1750000000000001)(164.10738482528188 179.0)
(1.0E-12,20.0,0.1750000000000001)(163.9204101274745 181.0)
(1.0E-12,20.0,0.1750000000000001)(163.92041012747453 181.0)
(1.0E-12,20.0,0.1750000000000001)(164.10738482528188 177.0)
(1.0E-12,20.0,0.1750000000000001)(164.10738482528188 173.0)
(1.0E-12,20.0,0.1750000000000001)(164.10738482528188 175.0)
(1.0E-12 20.0 0.1780000000000001)(153.588686890909 227.0)
(1.0E-12,20.0,0.1780000000000001)(165.85989181798615 3.0)
(1.0E-12,20.0,0.1780000000000001)(165.85989181798615 25.0)
(1.0E-12,20.0,0.1780000000000001)(165.85989181798615 34.0)
(1.0E-12,20.0,0.1780000000000001)(165.85989181798615 39.0)
(1.0E-12,20.0,0.1780000000000001)(165.85989181798615 70.0)
(1.0E-12,20.0,0.1780000000000001)(165.85989181798615 80.0)
(1.0E-12,20.0,0.1780000000000001)(165.75777391414715 112.0)
(1.0E-12,20.0,0.1780000000000001)(165.75777391414715 116.0)
(1.0E-12,20.0,0.1780000000000001)(165.75777391414715 124.0)
(1.0E-12,20.0,0.1780000000000001)(165.5505593579258 131.0)
(1.0E-12,20.0,0.1780000000000001)(165.23924074538698 148.0)
(1.0E-12,20.0,0.1780000000000001)(164.95997341869165 158.0)
(1.0E-12,20.0,0.1780000000000001)(164.86980710706973 162.0)
(1.0E-12,20.0,0.1780000000000001)(164.77943728675436 163.0)
(1.0E-12,20.0,0.1780000000000001)(164.65379168427586 165.0)
(1.0E-12,20.0,0.1780000000000001)(164.58030578322578 167.0)
(1.0E-12,20.0,0.1780000000000001)(164.47211853405682 169.0)
(1.0E-12,20.0,0.1780000000000001)(164.7054354453574 166.0)
(1.0E-12,20.0,0.1780000000000001)(164.61488154052867 167.0)
(1.0E-12,20.0,0.1780000000000001)(164.61488154052867 170.0)
(1.0E-12,20.0,0.1780000000000001)(164.7054354453574 168.0)
(1.0E-12,20.0,0.1780000000000001)(164.7054354453574 171.0)
(1.0E-12,20.0,0.1780000000000001)(164.74428614854804 168.0)
(1.0E-12,20.0,0.1780000000000001)(164.74428614854804 164.0)
(1.0E-12 20.0 0.1810000000000001)(152.62174997030772 232.0)
(1.0E-12,20.0,0.1810000000000001)(165.85989181798615 3.0)
(1.0E-12,20.0,0.1810000000000001)(165.85989181798615 25.0)
(1.0E-12,20.0,0.1810000000000001)(165.85989181798615 32.0)
(1.0E-12,20.0,0.1810000000000001)(165.85989181798615 49.0)
(1.0E-12,20.0,0.1810000000000001)(165.85989181798615 77.0)
(1.0E-12,20.0,0.1810000000000001)(165.85989181798615 86.0)
(1.0E-12,20.0,0.1810000000000001)(165.85989181798615 101.0)
(1.0E-12,20.0,0.1810000000000001)(165.85989181798615 110.0)
(1.0E-12,20.0,0.1810000000000001)(165.50312720311342 118.0)
(1.0E-12,20.0,0.1810000000000001)(165.50312720311342 122.0)
(1.0E-12,20.0,0.1810000000000001)(165.13476755753246 139.0)
(1.0E-12,20.0,0.1810000000000001)(164.98078207077597 148.0)
(1.0E-12,20.0,0.1810000000000001)(164.85550023083712 149.0)
(1.0E-12,20.0,0.1810000000000001)(164.70058429138223 158.0)
(1.0E-12,20.0,0.1810000000000001)(164.61008982711004 162.0)
(1.0E-12,20.0,0.1810000000000001)(164.3935922809395 164.0)
(1.0E-12,20.0,0.1810000000000001)(164.31993190534394 167.0)
(1.0E-12,20.0,0.1810000000000001)(164.21149921023726 169.0)
(1.0E-12,20.0,0.1810000000000001)(164.28090108542898 168.0)
(1.0E-12,20.0,0.1810000000000001)(164.22879555297646 171.0)
(1.0E-12,20.0,0.1810000000000001)(164.22879555297646 172.0)
(1.0E-12,20.0,0.1810000000000001)(164.558120534881 167.0)
(1.0E-12,20.0,0.1810000000000001)(164.22879555297646 173.0)
(1.0E-12,20.0,0.1810000000000001)(164.08109516609184 173.0)
(1.0E-12,20.0,0.1810000000000001)(164.2331486024704 172.0)
(1.0E-12,20.0,0.1810000000000001)(164.0419899427294 173.0)
(1.0E-12,20.0,0.1810000000000001)(163.85060813433805 174.0)
(1.0E-12,20.0,0.1810000000000001)(164.03763689323546 173.0)
(1.0E-12,20.0,0.1810000000000001)(164.13738151360383 170.0)
(1.0E-12,20.0,0.1810000000000001)(164.0767421165979 172.0)
(1.0E-12,20.0,0.1810000000000001)(164.0028707884346 174.0)
(1.0E-12,20.0,0.1810000000000001)(164.19408701226152 173.0)
(1.0E-12,20.0,0.1810000000000001)(164.18948704605634 166.0)
(1.0E-12 20.0 0.1840000000000001)(153.53971048884756 228.0)
(1.0E-12,20.0,0.1840000000000001)(165.85989181798615 3.0)
(1.0E-12,20.0,0.1840000000000001)(165.85989181798615 25.0)
(1.0E-12,20.0,0.1840000000000001)(165.85989181798615 32.0)
(1.0E-12,20.0,0.1840000000000001)(165.85989181798615 39.0)
(1.0E-12,20.0,0.1840000000000001)(165.85989181798615 84.0)
(1.0E-12,20.0,0.1840000000000001)(165.85989181798615 85.0)
(1.0E-12,20.0,0.1840000000000001)(165.85989181798615 100.0)
(1.0E-12,20.0,0.1840000000000001)(165.85989181798615 111.0)
(1.0E-12,20.0,0.1840000000000001)(165.35814041819341 123.0)
(1.0E-12,20.0,0.1840000000000001)(165.14782670601423 132.0)
(1.0E-12,20.0,0.1840000000000001)(164.97172845371207 136.0)
(1.0E-12,20.0,0.1840000000000001)(164.66203990496192 154.0)
(1.0E-12,20.0,0.1840000000000001)(164.53635528741128 155.0)
(1.0E-12,20.0,0.1840000000000001)(164.51483867859022 156.0)
(1.0E-12,20.0,0.1840000000000001)(164.25913583795924 163.0)
(1.0E-12,20.0,0.1840000000000001)(164.25913583795924 164.0)
(1.0E-12,20.0,0.1840000000000001)(164.22008945398855 165.0)
(1.0E-12,20.0,0.1840000000000001)(164.18102786377966 166.0)
(1.0E-12,20.0,0.1840000000000001)(164.16796871529783 168.0)
(1.0E-12,20.0,0.1840000000000001)(164.16796871529783 169.0)
(1.0E-12,20.0,0.1840000000000001)(164.0115768874224 169.0)
(1.0E-12,20.0,0.1840000000000001)(163.8157817231262 170.0)
(1.0E-12,20.0,0.1840000000000001)(163.97244408708247 169.0)
(1.0E-12,20.0,0.1840000000000001)(163.73305408053238 172.0)
(1.0E-12,20.0,0.1840000000000001)(163.97244408708247 171.0)
(1.0E-12,20.0,0.1840000000000001)(163.49771266295534 178.0)
(1.0E-12,20.0,0.1840000000000001)(163.73740713002627 177.0)
(1.0E-12,20.0,0.1840000000000001)(163.75049329733943 174.0)
(1.0E-12,20.0,0.1840000000000001)(163.46279867563487 179.0)
(1.0E-12,20.0,0.1840000000000001)(163.7896654414228 174.0)
(1.0E-12,20.0,0.1840000000000001)(163.50206571244925 178.0)
(1.0E-12,20.0,0.1840000000000001)(163.50206571244925 176.0)
(1.0E-12,20.0,0.1840000000000001)(163.58927222316146 171.0)
(1.0E-12,20.0,0.1840000000000001)(163.82884818823027 170.0)
(1.0E-12,20.0,0.1840000000000001)(163.5543807393589 172.0)
(1.0E-12,20.0,0.1840000000000001)(163.5543807393589 173.0)
(1.0E-12 20.0 0.1870000000000001)(151.20587020169964 233.0)
(1.0E-12,20.0,0.1870000000000001)(165.85989181798615 3.0)
(1.0E-12,20.0,0.1870000000000001)(165.85989181798615 25.0)
(1.0E-12,20.0,0.1870000000000001)(165.85989181798615 32.0)
(1.0E-12,20.0,0.1870000000000001)(165.85989181798615 41.0)
(1.0E-12,20.0,0.1870000000000001)(165.1359526670363 110.0)
(1.0E-12,20.0,0.1870000000000001)(165.09309971476605 118.0)
(1.0E-12,20.0,0.1870000000000001)(165.09309971476605 132.0)
(1.0E-12,20.0,0.1870000000000001)(165.09309971476605 139.0)
(1.0E-12,20.0,0.1870000000000001)(164.307677678632 148.0)
(1.0E-12,20.0,0.1870000000000001)(164.307677678632 156.0)
(1.0E-12,20.0,0.1870000000000001)(164.093916056112 157.0)
(1.0E-12,20.0,0.1870000000000001)(163.90731591078713 169.0)
(1.0E-12,20.0,0.1870000000000001)(163.78978737056352 166.0)
(1.0E-12,20.0,0.1870000000000001)(163.9766942003203 162.0)
(1.0E-12,20.0,0.1870000000000001)(163.89847351777834 167.0)
(1.0E-12,20.0,0.1870000000000001)(163.76354512919897 171.0)
(1.0E-12,20.0,0.1870000000000001)(163.59803387152178 173.0)
(1.0E-12,20.0,0.1870000000000001)(163.06155595431852 177.0)
(1.0E-12,20.0,0.1870000000000001)(162.80795607805538 180.0)
(1.0E-12,20.0,0.1870000000000001)(162.80795607805538 181.0)
(1.0E-12,20.0,0.1870000000000001)(162.96545307924086 180.0)
(1.0E-12,20.0,0.1870000000000001)(162.80795607805538 182.0)
(1.0E-12,20.0,0.1870000000000001)(162.6154873508178 183.0)
(1.0E-12,20.0,0.1870000000000001)(162.61548735081777 183.0)
(1.0E-12,20.0,0.1870000000000001)(162.61548735081777 184.0)
(1.0E-12,20.0,0.1870000000000001)(162.42287877923647 184.0)
(1.0E-12,20.0,0.1870000000000001)(162.67714446179642 182.0)
(1.0E-12,20.0,0.1870000000000001)(162.71654203868272 180.0)
(1.0E-12,20.0,0.1870000000000001)(162.76898956017848 177.0)
(1.0E-12,20.0,0.1870000000000001)(162.76898956017848 176.0)
(1.0E-12,20.0,0.1870000000000001)(162.71654203868272 179.0)
(1.0E-12,20.0,0.1870000000000001)(162.81272165384232 176.0)
(1.0E-12,20.0,0.1870000000000001)(162.81272165384232 175.0)
(1.0E-12,20.0,0.1870000000000001)(162.7602834611906 179.0)
(1.0E-12,20.0,0.1870000000000001)(162.93933478227723 174.0)
(1.0E-12,20.0,0.1870000000000001)(162.8956217355834 175.0)
(1.0E-12 20.0 0.1900000000000001)(153.9205916603187 227.0)
(1.0E-12,20.0,0.1900000000000001)(165.85989181798615 3.0)
(1.0E-12,20.0,0.1900000000000001)(165.85989181798615 25.0)
(1.0E-12,20.0,0.1900000000000001)(165.85989181798615 32.0)
(1.0E-12,20.0,0.1900000000000001)(165.85989181798615 42.0)
(1.0E-12,20.0,0.1900000000000001)(165.49459246635197 100.0)
(1.0E-12,20.0,0.1900000000000001)(165.49459246635197 113.0)
(1.0E-12,20.0,0.1900000000000001)(165.49459246635197 124.0)
(1.0E-12,20.0,0.1900000000000001)(165.49459246635197 131.0)
(1.0E-12,20.0,0.1900000000000001)(165.49459246635197 135.0)
(1.0E-12,20.0,0.1900000000000001)(165.26343605470177 143.0)
(1.0E-12,20.0,0.1900000000000001)(164.95635506375896 145.0)
(1.0E-12,20.0,0.1900000000000001)(164.87939666822183 151.0)
(1.0E-12,20.0,0.1900000000000001)(164.75396606068 151.0)
(1.0E-12,20.0,0.1900000000000001)(164.68068169608557 154.0)
(1.0E-12,20.0,0.1900000000000001)(164.61166596320774 156.0)
(1.0E-12,20.0,0.1900000000000001)(164.64183099289494 155.0)
(1.0E-12,20.0,0.1900000000000001)(164.4083184300041 159.0)
(1.0E-12,20.0,0.1900000000000001)(164.4083184300041 161.0)
(1.0E-12,20.0,0.1900000000000001)(164.4083184300041 158.0)
(1.0E-12,20.0,0.1900000000000001)(164.4083184300041 160.0)
(1.0E-12,20.0,0.1900000000000001)(164.64183099289494 157.0)
(1.0E-12,20.0,0.1900000000000001)(164.48622998430574 160.0)
(1.0E-12,20.0,0.1900000000000001)(164.25229239114447 161.0)
(1.0E-12,20.0,0.1900000000000001)(164.48622998430574 162.0)
(1.0E-12,20.0,0.1900000000000001)(164.29551369517094 162.0)
(1.0E-12,20.0,0.1900000000000001)(164.29551369517094 163.0)
(1.0E-12,20.0,0.1900000000000001)(164.1045356250619 163.0)
(1.0E-12,20.0,0.1900000000000001)(164.50312624193464 159.0)
(1.0E-12,20.0,0.1900000000000001)(164.35586899449595 158.0)
(1.0E-12,20.0,0.1900000000000001)(164.26085186460185 161.0)
(1.0E-12,20.0,0.1900000000000001)(164.3948159449331 156.0)
(1.0E-12,20.0,0.1900000000000001)(164.3948159449331 153.0)
(1.0E-12,20.0,0.1900000000000001)(164.3948159449331 152.0)
(1.0E-12,20.0,0.1900000000000001)(164.29986674466488 154.0)
(1.0E-12 20.0 0.19300000000000012)(152.29069158332652 235.0)
(1.0E-12,20.0,0.19300000000000012)(165.85989181798615 3.0)
(1.0E-12,20.0,0.19300000000000012)(165.85989181798615 25.0)
(1.0E-12,20.0,0.19300000000000012)(165.85989181798615 32.0)
(1.0E-12,20.0,0.19300000000000012)(165.85989181798615 42.0)
(1.0E-12,20.0,0.19300000000000012)(165.21266703898385 112.0)
(1.0E-12,20.0,0.19300000000000012)(165.21266703898385 122.0)
(1.0E-12,20.0,0.19300000000000012)(165.21266703898385 133.0)
(1.0E-12,20.0,0.19300000000000012)(165.16118483108357 134.0)
(1.0E-12,20.0,0.19300000000000012)(165.16118483108357 145.0)
(1.0E-12,20.0,0.19300000000000012)(165.1608858544961 132.0)
(1.0E-12,20.0,0.19300000000000012)(164.9638613182231 142.0)
(1.0E-12,20.0,0.19300000000000012)(164.85635574353591 147.0)
(1.0E-12,20.0,0.19300000000000012)(164.7012173504074 156.0)
(1.0E-12,20.0,0.19300000000000012)(164.64926727255545 158.0)
(1.0E-12,20.0,0.19300000000000012)(164.53683442106825 161.0)
(1.0E-12,20.0,0.19300000000000012)(164.50657591619162 162.0)
(1.0E-12,20.0,0.19300000000000012)(164.43276972638492 166.0)
(1.0E-12,20.0,0.19300000000000012)(164.21995839251386 167.0)
(1.0E-12,20.0,0.19300000000000012)(163.94192809551944 180.0)
(1.0E-12,20.0,0.19300000000000012)(164.15501055692923 177.0)
(1.0E-12,20.0,0.19300000000000012)(164.76988524832512 155.0)
(1.0E-12,20.0,0.19300000000000012)(163.78531769329098 182.0)
(1.0E-12,20.0,0.19300000000000012)(163.78531769329098 181.0)
(1.0E-12,20.0,0.19300000000000012)(163.6808174866052 182.0)
(1.0E-12,20.0,0.19300000000000012)(164.82175220040995 151.0)
(1.0E-12,20.0,0.19300000000000012)(163.46279867563493 188.0)
(1.0E-12,20.0,0.19300000000000012)(163.5936808220279 183.0)
(1.0E-12,20.0,0.19300000000000012)(163.59368082202786 183.0)
(1.0E-12,20.0,0.19300000000000012)(163.64596122653546 182.0)
(1.0E-12,20.0,0.19300000000000012)(163.64596122653543 182.0)
(1.0E-12,20.0,0.19300000000000012)(163.4018559827198 184.0)
(1.0E-12,20.0,0.19300000000000012)(163.45418216801605 183.0)
(1.0E-12,20.0,0.19300000000000012)(163.70696280240017 180.0)
(1.0E-12,20.0,0.19300000000000012)(163.70695548577788 181.0)
(1.0E-12,20.0,0.19300000000000012)(163.70696280240017 179.0)
(1.0E-12,20.0,0.19300000000000012)(163.74613494648355 178.0)
(1.0E-12,20.0,0.19300000000000012)(163.84185260226442 174.0)
(1.0E-12,20.0,0.19300000000000012)(163.95934029349522 174.0)
(1.0E-12,20.0,0.19300000000000012)(164.05497686912824 172.0)
(1.0E-12,20.0,0.19300000000000012)(164.05497686912824 171.0)
(1.0E-12,20.0,0.19300000000000012)(164.05497686912824 170.0)
(1.0E-12,20.0,0.19300000000000012)(164.05497686912824 173.0)
(1.0E-12 20.0 0.19600000000000012)(150.68254221482064 236.0)
(1.0E-12,20.0,0.19600000000000012)(165.85989181798615 3.0)
(1.0E-12,20.0,0.19600000000000012)(165.85989181798615 25.0)
(1.0E-12,20.0,0.19600000000000012)(165.85989181798615 37.0)
(1.0E-12,20.0,0.19600000000000012)(165.85989181798615 62.0)
(1.0E-12,20.0,0.19600000000000012)(165.85989181798615 91.0)
(1.0E-12,20.0,0.19600000000000012)(165.85989181798615 106.0)
(1.0E-12,20.0,0.19600000000000012)(165.85989181798615 109.0)
(1.0E-12,20.0,0.19600000000000012)(165.85989181798615 113.0)
(1.0E-12,20.0,0.19600000000000012)(165.1821956925263 128.0)
(1.0E-12,20.0,0.19600000000000012)(164.9711808917759 129.0)
(1.0E-12,20.0,0.19600000000000012)(164.7954130506208 145.0)
(1.0E-12,20.0,0.19600000000000012)(164.59703067862822 155.0)
(1.0E-12,20.0,0.19600000000000012)(164.48895087663493 160.0)
(1.0E-12,20.0,0.19600000000000012)(164.41535752840915 162.0)
(1.0E-12,20.0,0.19600000000000012)(164.32428495483785 165.0)
(1.0E-12,20.0,0.19600000000000012)(164.29396023391075 166.0)
(1.0E-12,20.0,0.19600000000000012)(164.11137907187674 168.0)
(1.0E-12,20.0,0.19600000000000012)(164.2721949864411 167.0)
(1.0E-12,20.0,0.19600000000000012)(163.85058997334508 171.0)
(1.0E-12,20.0,0.19600000000000012)(163.85058997334508 172.0)
(1.0E-12,20.0,0.19600000000000012)(163.693876635087 173.0)
(1.0E-12,20.0,0.19600000000000012)(163.87237338180768 170.0)
(1.0E-12,20.0,0.19600000000000012)(163.65905223913552 173.0)
(1.0E-12,20.0,0.19600000000000012)(163.71130853527183 172.0)
(1.0E-12,20.0,0.19600000000000012)(163.46731974948025 174.0)
(1.0E-12,20.0,0.19600000000000012)(163.51962343125857 173.0)
(1.0E-12,20.0,0.19600000000000012)(163.38009073525015 175.0)
(1.0E-12,20.0,0.19600000000000012)(163.71130853527185 172.0)
(1.0E-12,20.0,0.19600000000000012)(163.4324169205464 174.0)
(1.0E-12,20.0,0.19600000000000012)(163.5588564260764 172.0)
(1.0E-12,20.0,0.19600000000000012)(163.61113683058394 168.0)
(1.0E-12,20.0,0.19600000000000012)(163.61113683058394 169.0)
(1.0E-12 20.0 0.19900000000000012)(149.15948605609134 238.0)
(1.0E-12,20.0,0.19900000000000012)(165.85989181798615 3.0)
(1.0E-12,20.0,0.19900000000000012)(165.85989181798615 25.0)
(1.0E-12,20.0,0.19900000000000012)(165.85989181798615 32.0)
(1.0E-12,20.0,0.19900000000000012)(165.85989181798615 64.0)
(1.0E-12,20.0,0.19900000000000012)(165.85989181798615 93.0)
(1.0E-12,20.0,0.19900000000000012)(165.85989181798615 108.0)
(1.0E-12,20.0,0.19900000000000012)(165.85989181798615 115.0)
(1.0E-12,20.0,0.19900000000000012)(165.15683178158966 123.0)
(1.0E-12,20.0,0.19900000000000012)(164.9456101567485 131.0)
(1.0E-12,20.0,0.19900000000000012)(164.85567159306353 139.0)
(1.0E-12,20.0,0.19900000000000012)(164.60562162376723 149.0)
(1.0E-12,20.0,0.19900000000000012)(164.49330392612887 158.0)
(1.0E-12,20.0,0.19900000000000012)(164.43692712428864 158.0)
(1.0E-12,20.0,0.19900000000000012)(164.18112885389291 166.0)
(1.0E-12,20.0,0.19900000000000012)(164.142037859007 168.0)
(1.0E-12,20.0,0.19900000000000012)(164.10293263564455 169.0)
(1.0E-12,20.0,0.19900000000000012)(163.8897835645232 169.0)
(1.0E-12,20.0,0.19900000000000012)(163.8375272683869 170.0)
(1.0E-12,20.0,0.19900000000000012)(163.7852588103414 172.0)
(1.0E-12,20.0,0.19900000000000012)(163.7373314553278 176.0)
(1.0E-12,20.0,0.19900000000000012)(163.724272306846 173.0)
(1.0E-12,20.0,0.19900000000000012)(164.08987348716272 171.0)
(1.0E-12,20.0,0.19900000000000012)(163.8984916787713 171.0)
(1.0E-12,20.0,0.19900000000000012)(163.89849167877134 171.0)
(1.0E-12,20.0,0.19900000000000012)(163.7591723774961 171.0)
(1.0E-12,20.0,0.19900000000000012)(164.14203785900696 169.0)
(1.0E-12,20.0,0.19900000000000012)(163.70690391945055 172.0)
(1.0E-12,20.0,0.19900000000000012)(163.95071011170563 170.0)
(1.0E-12,20.0,0.19900000000000012)(163.79836952515055 170.0)
(1.0E-12,20.0,0.19900000000000012)(163.85061343570007 167.0)
(1.0E-12,20.0,0.19900000000000012)(163.85061343570007 165.0)
(1.0E-12 20.0 0.20200000000000012)(149.64847606913713 239.0)
(1.0E-12,20.0,0.20200000000000012)(165.85989181798615 3.0)
(1.0E-12,20.0,0.20200000000000012)(165.85989181798615 25.0)
(1.0E-12,20.0,0.20200000000000012)(165.85989181798615 32.0)
(1.0E-12,20.0,0.20200000000000012)(165.85989181798615 64.0)
(1.0E-12,20.0,0.20200000000000012)(165.7490678151592 99.0)
(1.0E-12,20.0,0.20200000000000012)(165.7490678151592 117.0)
(1.0E-12,20.0,0.20200000000000012)(165.12272215632802 128.0)
(1.0E-12,20.0,0.20200000000000012)(165.07116310506996 144.0)
(1.0E-12,20.0,0.20200000000000012)(164.859559492595 145.0)
(1.0E-12,20.0,0.20200000000000012)(164.739386984478 152.0)
(1.0E-12,20.0,0.20200000000000012)(164.484597827141 157.0)
(1.0E-12,20.0,0.20200000000000012)(164.42841667689095 162.0)
(1.0E-12,20.0,0.20200000000000012)(164.3026663328986 164.0)
(1.0E-12,20.0,0.20200000000000012)(164.26361994892792 166.0)
(1.0E-12,20.0,0.20200000000000012)(164.2332644577069 167.0)
(1.0E-12,20.0,0.20200000000000012)(164.107343976289 167.0)
(1.0E-12,20.0,0.20200000000000012)(163.67633321304024 180.0)
(1.0E-12,20.0,0.20200000000000012)(163.34940744686747 182.0)
(1.0E-12,20.0,0.20200000000000012)(163.51068222006822 182.0)
(1.0E-12,20.0,0.20200000000000012)(163.45834505686574 184.0)
(1.0E-12,20.0,0.20200000000000012)(163.34091328980472 185.0)
(1.0E-12,20.0,0.20200000000000012)(163.7199949320506 181.0)
(1.0E-12,20.0,0.20200000000000012)(163.42787371040822 182.0)
(1.0E-12,20.0,0.20200000000000012)(163.07427931658938 183.0)
(1.0E-12,20.0,0.20200000000000012)(162.7202075652451 184.0)
(1.0E-12,20.0,0.20200000000000012)(163.5412431578948 181.0)
(1.0E-12,20.0,0.20200000000000012)(163.18779438964282 182.0)
(1.0E-12,20.0,0.20200000000000012)(163.1877943896428 182.0)
(1.0E-12,20.0,0.20200000000000012)(162.83385424357826 183.0)
(1.0E-12,20.0,0.20200000000000012)(162.75503196119658 184.0)
(1.0E-12,20.0,0.20200000000000012)(162.8732518204645 182.0)
(1.0E-12,20.0,0.20200000000000012)(162.92569934196027 179.0)
(1.0E-12,20.0,0.20200000000000012)(162.92569934196027 178.0)
(1.0E-12,20.0,0.20200000000000012)(163.35811354585542 164.0)
(1.0E-12 20.0 0.20500000000000013)(149.89543093795308 241.0)
(1.0E-12,20.0,0.20500000000000013)(165.85989181798615 3.0)
(1.0E-12,20.0,0.20500000000000013)(165.85989181798615 25.0)
(1.0E-12,20.0,0.20500000000000013)(165.85989181798615 32.0)
(1.0E-12,20.0,0.20500000000000013)(165.85989181798615 64.0)
(1.0E-12,20.0,0.20500000000000013)(165.71147284785343 96.0)
(1.0E-12,20.0,0.20500000000000013)(165.71147284785343 114.0)
(1.0E-12,20.0,0.20500000000000013)(165.71147284785343 118.0)
(1.0E-12,20.0,0.20500000000000013)(165.04133418142735 125.0)
(1.0E-12,20.0,0.20500000000000013)(164.9897067659802 141.0)
(1.0E-12,20.0,0.20500000000000013)(164.77775660214107 142.0)
(1.0E-12,20.0,0.20500000000000013)(164.55802459540917 145.0)
(1.0E-12,20.0,0.20500000000000013)(164.40229837992732 154.0)
(1.0E-12,20.0,0.20500000000000013)(164.25926689943395 163.0)
(1.0E-12,20.0,0.20500000000000013)(164.18548190338674 164.0)
(1.0E-12,20.0,0.20500000000000013)(164.14639090850082 166.0)
(1.0E-12,20.0,0.20500000000000013)(164.07687262983146 168.0)
(1.0E-12,20.0,0.20500000000000013)(164.1072856851384 167.0)
(1.0E-12,20.0,0.20500000000000013)(164.05079897797333 170.0)
(1.0E-12,20.0,0.20500000000000013)(163.8854378316515 172.0)
(1.0E-12,20.0,0.20500000000000013)(163.56736145485834 184.0)
(1.0E-12,20.0,0.20500000000000013)(163.36681964484325 184.0)
(1.0E-12,20.0,0.20500000000000013)(163.5630868383468 183.0)
(1.0E-12,20.0,0.20500000000000013)(163.5630868383468 182.0)
(1.0E-12,20.0,0.20500000000000013)(163.27065527991732 183.0)
(1.0E-12,20.0,0.20500000000000013)(163.1658661820048 184.0)
(1.0E-12,20.0,0.20500000000000013)(162.91678231540385 184.0)
(1.0E-12,20.0,0.20500000000000013)(162.56245769156158 185.0)
(1.0E-12,20.0,0.20500000000000013)(163.03037412853925 183.0)
(1.0E-12,20.0,0.20500000000000013)(163.03037412853922 183.0)
(1.0E-12,20.0,0.20500000000000013)(162.6761742805005 184.0)
(1.0E-12,20.0,0.20500000000000013)(162.56245769156158 186.0)
(1.0E-12,20.0,0.20500000000000013)(163.38846288516584 167.0)
(1.0E-12,20.0,0.20500000000000013)(162.75503196119658 182.0)
(1.0E-12,20.0,0.20500000000000013)(162.80750673286934 179.0)
(1.0E-12,20.0,0.20500000000000013)(162.75503196119658 181.0)
(1.0E-12,20.0,0.20500000000000013)(162.80750673286934 180.0)
(1.0E-12,20.0,0.20500000000000013)(163.24018393345978 166.0)
(1.0E-12 20.0 0.20800000000000013)(150.8750384401603 250.0)
(1.0E-12,20.0,0.20800000000000013)(165.85989181798615 3.0)
(1.0E-12,20.0,0.20800000000000013)(165.85989181798615 25.0)
(1.0E-12,20.0,0.20800000000000013)(165.85989181798615 30.0)
(1.0E-12,20.0,0.20800000000000013)(165.85989181798615 32.0)
(1.0E-12,20.0,0.20800000000000013)(165.85989181798615 69.0)
(1.0E-12,20.0,0.20800000000000013)(165.4042469650785 97.0)
(1.0E-12,20.0,0.20800000000000013)(165.4042469650785 110.0)
(1.0E-12,20.0,0.20800000000000013)(165.4042469650785 114.0)
(1.0E-12,20.0,0.20800000000000013)(165.35301388789222 130.0)
(1.0E-12,20.0,0.20800000000000013)(165.12187977127707 142.0)
(1.0E-12,20.0,0.20800000000000013)(164.9248552350041 144.0)
(1.0E-12,20.0,0.20800000000000013)(164.71414154434527 157.0)
(1.0E-12,20.0,0.20800000000000013)(164.66221126718838 158.0)
(1.0E-12,20.0,0.20800000000000013)(164.54983443676818 160.0)
(1.0E-12,20.0,0.20800000000000013)(164.38958949409093 163.0)
(1.0E-12,20.0,0.20800000000000013)(164.05957350293156 176.0)
(1.0E-12,20.0,0.20800000000000013)(164.4458045855029 164.0)
(1.0E-12,20.0,0.20800000000000013)(164.0638543303425 178.0)
(1.0E-12,20.0,0.20800000000000013)(164.11600447371026 178.0)
(1.0E-12,20.0,0.20800000000000013)(164.0638543303425 180.0)
(1.0E-12,20.0,0.20800000000000013)(164.11600447371026 177.0)
(1.0E-12,20.0,0.20800000000000013)(164.0638543303425 179.0)
(1.0E-12,20.0,0.20800000000000013)(163.95955630082713 178.0)
(1.0E-12,20.0,0.20800000000000013)(164.1681400775243 179.0)
(1.0E-12,20.0,0.20800000000000013)(163.88125084302197 179.0)
(1.0E-12,20.0,0.20800000000000013)(164.01174824964883 180.0)
(1.0E-12,20.0,0.20800000000000013)(163.9073509789927 179.0)
(1.0E-12,20.0,0.20800000000000013)(163.52408075512787 181.0)
(1.0E-12,20.0,0.20800000000000013)(163.71581324478313 180.0)
(1.0E-12,20.0,0.20800000000000013)(163.57638443690618 180.0)
(1.0E-12,20.0,0.20800000000000013)(163.76806954091944 179.0)
(1.0E-12,20.0,0.20800000000000013)(163.62867658020582 179.0)
(1.0E-12,20.0,0.20800000000000013)(163.70710714579525 175.0)
(1.0E-12,20.0,0.20800000000000013)(164.03780825546187 161.0)
(1.0E-12,20.0,0.20800000000000013)(164.03780825546187 162.0)
(1.0E-12,20.0,0.20800000000000013)(164.10303177578794 161.0)
(1.0E-12 20.0 0.21100000000000013)(150.43563414782216 246.0)
(1.0E-12,20.0,0.21100000000000013)(165.85989181798615 3.0)
(1.0E-12,20.0,0.21100000000000013)(165.85989181798615 25.0)
(1.0E-12,20.0,0.21100000000000013)(165.85989181798615 32.0)
(1.0E-12,20.0,0.21100000000000013)(165.85989181798615 63.0)
(1.0E-12,20.0,0.21100000000000013)(165.71147284785349 96.0)
(1.0E-12,20.0,0.21100000000000013)(165.71147284785349 116.0)
(1.0E-12,20.0,0.21100000000000013)(165.71147284785349 127.0)
(1.0E-12,20.0,0.21100000000000013)(165.20848535171638 128.0)
(1.0E-12,20.0,0.21100000000000013)(165.15700314381604 141.0)
(1.0E-12,20.0,0.21100000000000013)(164.92453515180765 149.0)
(1.0E-12,20.0,0.21100000000000013)(164.76985833093556 154.0)
(1.0E-12,20.0,0.21100000000000013)(164.515240535825 160.0)
(1.0E-12,20.0,0.21100000000000013)(164.46321678347869 161.0)
(1.0E-12,20.0,0.21100000000000013)(164.35057461402792 163.0)
(1.0E-12,20.0,0.21100000000000013)(164.19000631510718 166.0)
(1.0E-12,20.0,0.21100000000000013)(163.955234523426 179.0)
(1.0E-12,20.0,0.21100000000000013)(164.16388801814358 171.0)
(1.0E-12,20.0,0.21100000000000013)(163.66357665085593 185.0)
(1.0E-12,20.0,0.21100000000000013)(163.8768977935281 185.0)
(1.0E-12,20.0,0.21100000000000013)(163.70712684800435 185.0)
(1.0E-12,20.0,0.21100000000000013)(163.9204101274745 184.0)
(1.0E-12,20.0,0.21100000000000013)(163.9204101274745 183.0)
(1.0E-12,20.0,0.21100000000000013)(163.81595308535273 183.0)
(1.0E-12,20.0,0.21100000000000013)(163.77240288820434 184.0)
(1.0E-12,20.0,0.21100000000000013)(163.62426798133947 184.0)
(1.0E-12,20.0,0.21100000000000013)(163.76369678921645 184.0)
(1.0E-12,20.0,0.21100000000000013)(163.5719642995612 185.0)
(1.0E-12,20.0,0.21100000000000013)(163.6242679813395 184.0)
(1.0E-12,20.0,0.21100000000000013)(163.67656012463914 186.0)
(1.0E-12,20.0,0.21100000000000013)(163.4323981221286 185.0)
(1.0E-12,20.0,0.21100000000000013)(163.3887562545394 186.0)
(1.0E-12,20.0,0.21100000000000013)(163.48473528533108 184.0)
(1.0E-12,20.0,0.21100000000000013)(163.5632582005733 180.0)
(1.0E-12,20.0,0.21100000000000013)(163.83772564944468 164.0)
(1.0E-12,20.0,0.21100000000000013)(163.5632582005733 181.0)
(1.0E-12,20.0,0.21100000000000013)(163.83772564944468 165.0)
(1.0E-12,20.0,0.21100000000000013)(163.9030160904917 164.0)
(1.0E-12 20.0 0.21400000000000013)(148.5147035287822 251.0)
(1.0E-12,20.0,0.21400000000000013)(165.85989181798615 3.0)
(1.0E-12,20.0,0.21400000000000013)(165.85989181798615 25.0)
(1.0E-12,20.0,0.21400000000000013)(165.85989181798615 32.0)
(1.0E-12,20.0,0.21400000000000013)(165.85989181798615 39.0)
(1.0E-12,20.0,0.21400000000000013)(165.85989181798615 70.0)
(1.0E-12,20.0,0.21400000000000013)(165.3617199868801 105.0)
(1.0E-12,20.0,0.21400000000000013)(165.3617199868801 112.0)
(1.0E-12,20.0,0.21400000000000013)(165.3617199868801 113.0)
(1.0E-12,20.0,0.21400000000000013)(165.3617199868801 125.0)
(1.0E-12,20.0,0.21400000000000013)(165.13088484685244 133.0)
(1.0E-12,20.0,0.21400000000000013)(164.9196632220113 134.0)
(1.0E-12,20.0,0.21400000000000013)(164.7651130663897 147.0)
(1.0E-12,20.0,0.21400000000000013)(164.92123587321458 157.0)
(1.0E-12,20.0,0.21400000000000013)(164.88247404049955 157.0)
(1.0E-12,20.0,0.21400000000000013)(164.60562162376718 160.0)
(1.0E-12,20.0,0.21400000000000013)(164.05931384017586 164.0)
(1.0E-12,20.0,0.21400000000000013)(163.88555445943013 165.0)
(1.0E-12,20.0,0.21400000000000013)(163.9029220123004 167.0)
(1.0E-12,20.0,0.21400000000000013)(163.60701402626597 168.0)
(1.0E-12,20.0,0.21400000000000013)(163.60701402626597 170.0)
(1.0E-12,20.0,0.21400000000000013)(164.02448944422437 167.0)
(1.0E-12,20.0,0.21400000000000013)(163.7897873705636 180.0)
(1.0E-12,20.0,0.21400000000000013)(163.5678095619893 181.0)
(1.0E-12,20.0,0.21400000000000013)(163.62006585812557 180.0)
(1.0E-12,20.0,0.21400000000000013)(163.62006585812557 182.0)
(1.0E-12,20.0,0.21400000000000013)(163.75936545719176 178.0)
(1.0E-12,20.0,0.21400000000000013)(163.75936545719176 179.0)
(1.0E-12,20.0,0.21400000000000013)(163.89415762216194 164.0)
(1.0E-12,20.0,0.21400000000000013)(164.03329653332545 162.0)
(1.0E-12,20.0,0.21400000000000013)(164.03329653332545 163.0)
(1.0E-12 20.0 0.21700000000000014)(148.90536553655866 250.0)
(1.0E-12,20.0,0.21700000000000014)(165.85989181798615 3.0)
(1.0E-12,20.0,0.21700000000000014)(165.85989181798615 25.0)
(1.0E-12,20.0,0.21700000000000014)(165.85989181798615 32.0)
(1.0E-12,20.0,0.21700000000000014)(165.85989181798615 46.0)
(1.0E-12,20.0,0.21700000000000014)(165.85989181798615 70.0)
(1.0E-12,20.0,0.21700000000000014)(165.85989181798615 98.0)
(1.0E-12,20.0,0.21700000000000014)(165.85989181798615 105.0)
(1.0E-12,20.0,0.21700000000000014)(165.85989181798615 106.0)
(1.0E-12,20.0,0.21700000000000014)(165.19525484100814 114.0)
(1.0E-12,20.0,0.21700000000000014)(165.19525484100814 121.0)
(1.0E-12,20.0,0.21700000000000014)(164.77296365267873 133.0)
(1.0E-12,20.0,0.21700000000000014)(164.7516383051775 138.0)
(1.0E-12,20.0,0.21700000000000014)(164.59660920800897 147.0)
(1.0E-12,20.0,0.21700000000000014)(164.44106733220164 156.0)
(1.0E-12,20.0,0.21700000000000014)(164.40210272833716 157.0)
(1.0E-12,20.0,0.21700000000000014)(164.12432236512194 160.0)
(1.0E-12,20.0,0.21700000000000014)(164.02885857216458 163.0)
(1.0E-12,20.0,0.21700000000000014)(163.85496118383188 164.0)
(1.0E-12,20.0,0.21700000000000014)(163.32350109182892 178.0)
(1.0E-12,20.0,0.21700000000000014)(163.27116392862646 179.0)
(1.0E-12,20.0,0.21700000000000014)(163.50661983214908 167.0)
(1.0E-12,20.0,0.21700000000000014)(163.80707763939856 166.0)
(1.0E-12,20.0,0.21700000000000014)(163.9809750277313 165.0)
(1.0E-12,20.0,0.21700000000000014)(163.7461349464835 178.0)
(1.0E-12,20.0,0.21700000000000014)(163.52403203012489 179.0)
(1.0E-12,20.0,0.21700000000000014)(163.22773400296236 181.0)
(1.0E-12,20.0,0.21700000000000014)(163.57631243463246 178.0)
(1.0E-12,20.0,0.21700000000000014)(163.2800601882586 180.0)
(1.0E-12,20.0,0.21700000000000014)(163.62858089267797 177.0)
(1.0E-12,20.0,0.21700000000000014)(163.81141252789962 164.0)
(1.0E-12,20.0,0.21700000000000014)(163.62858089267797 176.0)
(1.0E-12,20.0,0.21700000000000014)(163.86361784973408 162.0)
(1.0E-12 20.0 0.22000000000000014)(147.12593081122952 254.0)
(1.0E-12,20.0,0.22000000000000014)(165.85989181798615 3.0)
(1.0E-12,20.0,0.22000000000000014)(165.85989181798615 25.0)
(1.0E-12,20.0,0.22000000000000014)(165.85989181798615 32.0)
(1.0E-12,20.0,0.22000000000000014)(165.85989181798615 39.0)
(1.0E-12,20.0,0.22000000000000014)(165.85989181798615 70.0)
(1.0E-12,20.0,0.22000000000000014)(165.85989181798615 106.0)
(1.0E-12,20.0,0.22000000000000014)(165.85989181798615 107.0)
(1.0E-12,20.0,0.22000000000000014)(165.85989181798615 112.0)
(1.0E-12,20.0,0.22000000000000014)(165.85989181798615 118.0)
(1.0E-12,20.0,0.22000000000000014)(165.22057641032484 124.0)
(1.0E-12,20.0,0.22000000000000014)(164.94617627104085 134.0)
(1.0E-12,20.0,0.22000000000000014)(164.7342261072017 135.0)
(1.0E-12,20.0,0.22000000000000014)(164.5791970100332 149.0)
(1.0E-12,20.0,0.22000000000000014)(164.42365513422587 157.0)
(1.0E-12,20.0,0.22000000000000014)(164.38469053036138 159.0)
(1.0E-12,20.0,0.22000000000000014)(164.0505373690747 162.0)
(1.0E-12,20.0,0.22000000000000014)(164.01144637418878 164.0)
(1.0E-12,20.0,0.22000000000000014)(163.87227930361638 165.0)
(1.0E-12,20.0,0.22000000000000014)(163.1665793681221 180.0)
(1.0E-12,20.0,0.22000000000000014)(163.22338095346834 179.0)
(1.0E-12,20.0,0.22000000000000014)(163.45878009829607 167.0)
(1.0E-12,20.0,0.22000000000000014)(163.87657406195973 166.0)
(1.0E-12,20.0,0.22000000000000014)(163.64166705999102 179.0)
(1.0E-12,20.0,0.22000000000000014)(163.41950329289796 180.0)
(1.0E-12,20.0,0.22000000000000014)(164.7583191101739 176.0)
(1.0E-12,20.0,0.22000000000000014)(163.12316024583262 182.0)
(1.0E-12,20.0,0.22000000000000014)(163.41950329289796 181.0)
(1.0E-12,20.0,0.22000000000000014)(163.2886766958774 180.0)
(1.0E-12,20.0,0.22000000000000014)(163.36719961111967 181.0)
(1.0E-12,20.0,0.22000000000000014)(163.41950329289799 180.0)
(1.0E-12,20.0,0.22000000000000014)(163.65472620847282 167.0)
(1.0E-12,20.0,0.22000000000000014)(163.79400032992385 166.0)
(1.0E-12 20.0 0.22300000000000014)(144.7776243548631 242.0)
(1.0E-12,20.0,0.22300000000000014)(165.85989181798615 3.0)
(1.0E-12,20.0,0.22300000000000014)(165.85989181798615 25.0)
(1.0E-12,20.0,0.22300000000000014)(165.85989181798615 32.0)
(1.0E-12,20.0,0.22300000000000014)(165.85989181798615 56.0)
(1.0E-12,20.0,0.22300000000000014)(165.85989181798615 83.0)
(1.0E-12,20.0,0.22300000000000014)(165.42584085032175 112.0)
(1.0E-12,20.0,0.22300000000000014)(165.42584085032175 110.0)
(1.0E-12,20.0,0.22300000000000014)(165.42584085032175 117.0)
(1.0E-12,20.0,0.22300000000000014)(165.42584085032175 121.0)
(1.0E-12,20.0,0.22300000000000014)(165.08354471088262 136.0)
(1.0E-12,20.0,0.22300000000000014)(164.87212719565395 137.0)
(1.0E-12,20.0,0.22300000000000014)(164.71745037478186 148.0)
(1.0E-12,20.0,0.22300000000000014)(164.5622062826767 156.0)
(1.0E-12,20.0,0.22300000000000014)(164.5232961389295 158.0)
(1.0E-12,20.0,0.22300000000000014)(163.74178719835146 161.0)
(1.0E-12,20.0,0.22300000000000014)(163.70260243628377 163.0)
(1.0E-12,20.0,0.22300000000000014)(163.70260243628377 164.0)
(1.0E-12,20.0,0.22300000000000014)(162.7953094558665 182.0)
(1.0E-12,20.0,0.22300000000000014)(163.07491084345665 168.0)
(1.0E-12,20.0,0.22300000000000014)(163.19665343852026 184.0)
(1.0E-12,20.0,0.22300000000000014)(163.78961600833713 179.0)
(1.0E-12,20.0,0.22300000000000014)(163.78961600833713 178.0)
(1.0E-12,20.0,0.22300000000000014)(163.74611678549056 181.0)
(1.0E-12,20.0,0.22300000000000014)(163.92010455689913 176.0)
(1.0E-12,20.0,0.22300000000000014)(163.46308933720974 182.0)
(1.0E-12,20.0,0.22300000000000014)(163.25364035800084 183.0)
(1.0E-12,20.0,0.22300000000000014)(163.20998785591442 181.0)
(1.0E-12,20.0,0.22300000000000014)(163.50666364272942 179.0)
(1.0E-12,20.0,0.22300000000000014)(163.29728222559004 179.0)
(1.0E-12,20.0,0.22300000000000014)(163.55893210077494 177.0)
(1.0E-12,20.0,0.22300000000000014)(163.79396905783108 163.0)
(1.0E-12,20.0,0.22300000000000014)(163.79396905783108 162.0)
(1.0E-12 20.0 0.22600000000000015)(144.81794532768734 251.0)
(1.0E-12,20.0,0.22600000000000015)(165.85989181798615 1.0)
(1.0E-12,20.0,0.22600000000000015)(165.85989181798615 25.0)
(1.0E-12,20.0,0.22600000000000015)(165.85989181798615 30.0)
(1.0E-12,20.0,0.22600000000000015)(165.85989181798615 32.0)
(1.0E-12,20.0,0.22600000000000015)(165.85989181798615 39.0)
(1.0E-12,20.0,0.22600000000000015)(165.85989181798615 80.0)
(1.0E-12,20.0,0.22600000000000015)(165.27197079146316 108.0)
(1.0E-12,20.0,0.22600000000000015)(165.27197079146316 106.0)
(1.0E-12,20.0,0.22600000000000015)(165.27197079146316 113.0)
(1.0E-12,20.0,0.22600000000000015)(165.27197079146316 115.0)
(1.0E-12,20.0,0.22600000000000015)(165.27197079146316 126.0)
(1.0E-12,20.0,0.22600000000000015)(165.2510477567824 133.0)
(1.0E-12,20.0,0.22600000000000015)(165.06140813895044 127.0)
(1.0E-12,20.0,0.22600000000000015)(164.8859715772946 147.0)
(1.0E-12,20.0,0.22600000000000015)(164.73105563783972 157.0)
(1.0E-12,20.0,0.22600000000000015)(164.67509905344372 158.0)
(1.0E-12,20.0,0.22600000000000015)(164.67509905344372 160.0)
(1.0E-12,20.0,0.22600000000000015)(164.3070193823925 174.0)
(1.0E-12,20.0,0.22600000000000015)(164.49742648061448 171.0)
(1.0E-12,20.0,0.22600000000000015)(164.31122580635596 175.0)
(1.0E-12,20.0,0.22600000000000015)(164.54531002504774 162.0)
(1.0E-12,20.0,0.22600000000000015)(164.67914578616728 160.0)
(1.0E-12,20.0,0.22600000000000015)(164.44542038169553 173.0)
(1.0E-12,20.0,0.22600000000000015)(164.4021027283371 174.0)
(1.0E-12,20.0,0.22600000000000015)(164.44542038169553 172.0)
(1.0E-12,20.0,0.22600000000000015)(164.49742648061448 168.0)
(1.0E-12,20.0,0.22600000000000015)(164.49742648061448 167.0)
(1.0E-12,20.0,0.22600000000000015)(164.49742648061448 170.0)
(1.0E-12,20.0,0.22600000000000015)(164.73105563783972 156.0)
(1.0E-12 20.0 0.22900000000000015)(146.51518429235102 248.0)
(1.0E-12,20.0,0.22900000000000015)(165.85989181798615 1.0)
(1.0E-12,20.0,0.22900000000000015)(165.85989181798615 25.0)
(1.0E-12,20.0,0.22900000000000015)(165.85989181798615 32.0)
(1.0E-12,20.0,0.22900000000000015)(165.85989181798615 78.0)
(1.0E-12,20.0,0.22900000000000015)(165.2329647082442 93.0)
(1.0E-12,20.0,0.22900000000000015)(164.9629792905365 111.0)
(1.0E-12,20.0,0.22900000000000015)(164.9629792905365 113.0)
(1.0E-12,20.0,0.22900000000000015)(164.9629792905365 116.0)
(1.0E-12,20.0,0.22900000000000015)(164.72987305770778 132.0)
(1.0E-12,20.0,0.22900000000000015)(164.69546427448665 147.0)
(1.0E-12,20.0,0.22900000000000015)(164.38469053036138 157.0)
(1.0E-12,20.0,0.22900000000000015)(164.32847543894934 158.0)
(1.0E-12,20.0,0.22900000000000015)(164.06349552744337 160.0)
(1.0E-12,20.0,0.22900000000000015)(163.7896472804299 176.0)
(1.0E-12,20.0,0.22900000000000015)(163.77225324344712 175.0)
(1.0E-12,20.0,0.22900000000000015)(164.0070933246949 162.0)
(1.0E-12,20.0,0.22900000000000015)(163.7765881319481 175.0)
(1.0E-12,20.0,0.22900000000000015)(163.9722689287434 164.0)
(1.0E-12,20.0,0.22900000000000015)(164.02867113149188 163.0)
(1.0E-12,20.0,0.22900000000000015)(163.79396905783108 176.0)
(1.0E-12,20.0,0.22900000000000015)(164.06773272170076 161.0)
(1.0E-12,20.0,0.22900000000000015)(165.29735031652825 172.0)
(1.0E-12,20.0,0.22900000000000015)(163.79396905783108 178.0)
(1.0E-12,20.0,0.22900000000000015)(163.84616100665284 177.0)
(1.0E-12,20.0,0.22900000000000015)(163.73742884749564 177.0)
(1.0E-12,20.0,0.22900000000000015)(164.05924346806262 174.0)
(1.0E-12,20.0,0.22900000000000015)(164.11137907187666 170.0)
(1.0E-12,20.0,0.22900000000000015)(163.89833930942947 171.0)
(1.0E-12,20.0,0.22900000000000015)(164.38469053036138 154.0)
(1.0E-12 20.0 0.23200000000000015)(145.92595705005735 247.0)
(1.0E-12,20.0,0.23200000000000015)(165.85989181798615 1.0)
(1.0E-12,20.0,0.23200000000000015)(165.85989181798615 25.0)
(1.0E-12,20.0,0.23200000000000015)(165.85989181798615 32.0)
(1.0E-12,20.0,0.23200000000000015)(165.85989181798615 39.0)
(1.0E-12,20.0,0.23200000000000015)(165.85989181798615 78.0)
(1.0E-12,20.0,0.23200000000000015)(165.85989181798615 80.0)
(1.0E-12,20.0,0.23200000000000015)(165.42584085032175 111.0)
(1.0E-12,20.0,0.23200000000000015)(165.85989181798615 108.0)
(1.0E-12,20.0,0.23200000000000015)(165.42584085032175 116.0)
(1.0E-12,20.0,0.23200000000000015)(165.40507911959304 130.0)
(1.0E-12,20.0,0.23200000000000015)(165.1950327077784 134.0)
(1.0E-12,20.0,0.23200000000000015)(165.1223508318656 147.0)
(1.0E-12,20.0,0.23200000000000015)(164.8134157432645 155.0)
(1.0E-12,20.0,0.23200000000000015)(164.75750067705818 156.0)
(1.0E-12,20.0,0.23200000000000015)(164.75750067705818 158.0)
(1.0E-12,20.0,0.23200000000000015)(164.480457619228 174.0)
(1.0E-12,20.0,0.23200000000000015)(164.37216849927114 176.0)
(1.0E-12,20.0,0.23200000000000015)(164.42841667689095 176.0)
(1.0E-12,20.0,0.23200000000000015)(164.47175152024013 175.0)
(1.0E-12,20.0,0.23200000000000015)(164.70557039990132 161.0)
(1.0E-12,20.0,0.23200000000000015)(164.76152698429732 161.0)
(1.0E-12,20.0,0.23200000000000015)(164.52789782707205 174.0)
(1.0E-12,20.0,0.23200000000000015)(165.36995984456613 163.0)
(1.0E-12,20.0,0.23200000000000015)(164.7226762811067 165.0)
(1.0E-12,20.0,0.23200000000000015)(164.52789782707205 173.0)
(1.0E-12,20.0,0.23200000000000015)(164.5798857823507 169.0)
(1.0E-12,20.0,0.23200000000000015)(164.5798857823507 168.0)
(1.0E-12,20.0,0.23200000000000015)(164.52789782707205 172.0)
(1.0E-12,20.0,0.23200000000000015)(164.76152698429732 159.0)
(1.0E-12,20.0,0.23200000000000015)(164.8134157432645 154.0)
(1.0E-12 20.0 0.23500000000000015)(142.12703914772058 257.0)
(1.0E-12,20.0,0.23500000000000015)(165.85989181798615 1.0)
(1.0E-12,20.0,0.23500000000000015)(165.85989181798615 25.0)
(1.0E-12,20.0,0.23500000000000015)(165.85989181798615 32.0)
(1.0E-12,20.0,0.23500000000000015)(165.85989181798615 39.0)
(1.0E-12,20.0,0.23500000000000015)(165.85989181798615 63.0)
(1.0E-12,20.0,0.23500000000000015)(165.85989181798615 85.0)
(1.0E-12,20.0,0.23500000000000015)(165.85989181798615 115.0)
(1.0E-12,20.0,0.23500000000000015)(165.59652812564022 123.0)
(1.0E-12,20.0,0.23500000000000015)(165.59652812564022 135.0)
(1.0E-12,20.0,0.23500000000000015)(165.38781183785292 136.0)
(1.0E-12,20.0,0.23500000000000015)(165.21359350901187 156.0)
(1.0E-12,20.0,0.23500000000000015)(165.05945704486328 165.0)
(1.0E-12,20.0,0.23500000000000015)(165.00377245137295 167.0)
(1.0E-12,20.0,0.23500000000000015)(165.00377245137295 169.0)
(1.0E-12,20.0,0.23500000000000015)(164.63260150993483 170.0)
(1.0E-12,20.0,0.23500000000000015)(164.6887120196991 170.0)
(1.0E-12,20.0,0.23500000000000015)(165.00768560089847 169.0)
(1.0E-12,20.0,0.23500000000000015)(165.36995984456613 174.0)
(1.0E-12,20.0,0.23500000000000015)(164.8221218422524 181.0)
(1.0E-12,20.0,0.23500000000000015)(165.00768560089847 171.0)
(1.0E-12,20.0,0.23500000000000015)(164.8221218422524 183.0)
(1.0E-12,20.0,0.23500000000000015)(164.8221218422524 182.0)
(1.0E-12,20.0,0.23500000000000015)(165.00768560089847 168.0)
(1.0E-12,20.0,0.23500000000000015)(164.8221218422524 180.0)
(1.0E-12,20.0,0.23500000000000015)(164.8739887943372 176.0)
(1.0E-12,20.0,0.23500000000000015)(164.8221218422524 179.0)
(1.0E-12,20.0,0.23500000000000015)(164.8739887943372 175.0)
(1.0E-12,20.0,0.23500000000000015)(165.05945704486328 163.0)
(1.0E-12,20.0,0.23500000000000015)(165.05945704486328 164.0)
(1.0E-12,20.0,0.23500000000000015)(165.05945704486328 162.0)
(1.0E-12 20.0 0.23800000000000016)(147.1323753291017 254.0)
(1.0E-12,20.0,0.23800000000000016)(165.85989181798615 1.0)
(1.0E-12,20.0,0.23800000000000016)(165.85989181798615 25.0)
(1.0E-12,20.0,0.23800000000000016)(165.85989181798615 32.0)
(1.0E-12,20.0,0.23800000000000016)(165.85989181798615 42.0)
(1.0E-12,20.0,0.23800000000000016)(165.85989181798615 46.0)
(1.0E-12,20.0,0.23800000000000016)(165.85989181798615 65.0)
(1.0E-12,20.0,0.23800000000000016)(165.42584085032175 91.0)
(1.0E-12,20.0,0.23800000000000016)(165.42584085032175 121.0)
(1.0E-12,20.0,0.23800000000000016)(165.42584085032175 133.0)
(1.0E-12,20.0,0.23800000000000016)(165.40507911959304 140.0)
(1.0E-12,20.0,0.23800000000000016)(165.1950327077784 141.0)
(1.0E-12,20.0,0.23800000000000016)(164.8134157432645 167.0)
(1.0E-12,20.0,0.23800000000000016)(164.88665572776702 159.0)
(1.0E-12,20.0,0.23800000000000016)(164.75750067705818 169.0)
(1.0E-12,20.0,0.23800000000000016)(164.75750067705818 170.0)
(1.0E-12,20.0,0.23800000000000016)(164.70150386648265 172.0)
(1.0E-12,20.0,0.23800000000000016)(164.70150386648265 173.0)
(1.0E-12,20.0,0.23800000000000016)(164.64953457425366 173.0)
(1.0E-12,20.0,0.23800000000000016)(164.76152698429732 171.0)
(1.0E-12,20.0,0.23800000000000016)(165.36995984456613 176.0)
(1.0E-12,20.0,0.23800000000000016)(164.76152698429732 174.0)
(1.0E-12,20.0,0.23800000000000016)(164.57553273285674 185.0)
(1.0E-12,20.0,0.23800000000000016)(164.57553273285674 184.0)
(1.0E-12,20.0,0.23800000000000016)(164.57553273285674 182.0)
(1.0E-12,20.0,0.23800000000000016)(164.62750202508576 180.0)
(1.0E-12,20.0,0.23800000000000016)(164.62750202508576 178.0)
(1.0E-12,20.0,0.23800000000000016)(164.57553273285674 181.0)
(1.0E-12,20.0,0.23800000000000016)(164.62750202508576 177.0)
(1.0E-12,20.0,0.23800000000000016)(164.8134157432645 165.0)
(1.0E-12,20.0,0.23800000000000016)(164.8134157432645 166.0)
(1.0E-12,20.0,0.23800000000000016)(164.8134157432645 164.0)
(1.0E-12 20.0 0.24100000000000016)(148.8194169933578 249.0)
(1.0E-12,20.0,0.24100000000000016)(165.85989181798615 1.0)
(1.0E-12,20.0,0.24100000000000016)(165.85989181798615 25.0)
(1.0E-12,20.0,0.24100000000000016)(165.85989181798615 32.0)
(1.0E-12,20.0,0.24100000000000016)(165.85989181798615 43.0)
(1.0E-12,20.0,0.24100000000000016)(165.85989181798615 64.0)
(1.0E-12,20.0,0.24100000000000016)(165.46937134526107 120.0)
(1.0E-12,20.0,0.24100000000000016)(165.46937134526107 137.0)
(1.0E-12,20.0,0.24100000000000016)(165.36249346768736 147.0)
(1.0E-12,20.0,0.24100000000000016)(165.2728130042521 155.0)
(1.0E-12,20.0,0.24100000000000016)(165.08813561439422 158.0)
(1.0E-12,20.0,0.24100000000000016)(165.08813561439422 159.0)
(1.0E-12,20.0,0.24100000000000016)(164.93385512172796 166.0)
(1.0E-12,20.0,0.24100000000000016)(164.96459500592752 164.0)
(1.0E-12,20.0,0.24100000000000016)(164.72298259787704 179.0)
(1.0E-12,20.0,0.24100000000000016)(164.72298259787704 181.0)
(1.0E-12,20.0,0.24100000000000016)(164.31585654285513 186.0)
(1.0E-12,20.0,0.24100000000000016)(164.545753361637 185.0)
(1.0E-12,20.0,0.24100000000000016)(164.45036082477955 186.0)
(1.0E-12,20.0,0.24100000000000016)(164.49371241929995 183.0)
(1.0E-12,20.0,0.24100000000000016)(164.64056117356756 184.0)
(1.0E-12,20.0,0.24100000000000016)(164.6838051524316 181.0)
(1.0E-12,20.0,0.24100000000000016)(165.3445563182924 172.0)
(1.0E-12,20.0,0.24100000000000016)(164.6838051524316 180.0)
(1.0E-12,20.0,0.24100000000000016)(164.4976569756228 181.0)
(1.0E-12,20.0,0.24100000000000016)(164.4976569756228 182.0)
(1.0E-12,20.0,0.24100000000000016)(164.5929449308325 177.0)
(1.0E-12,20.0,0.24100000000000016)(164.5929449308325 175.0)
(1.0E-12,20.0,0.24100000000000016)(164.77893918227306 174.0)
(1.0E-12,20.0,0.24100000000000016)(164.6838051524316 178.0)
(1.0E-12,20.0,0.24100000000000016)(164.77893918227306 173.0)
(1.0E-12 20.0 0.24400000000000016)(150.84238724753945 253.0)
(1.0E-12,20.0,0.24400000000000016)(165.85989181798615 3.0)
(1.0E-12,20.0,0.24400000000000016)(165.85989181798615 24.0)
(1.0E-12,20.0,0.24400000000000016)(165.85989181798615 25.0)
(1.0E-12,20.0,0.24400000000000016)(165.85989181798615 32.0)
(1.0E-12,20.0,0.24400000000000016)(165.85989181798615 35.0)
(1.0E-12,20.0,0.24400000000000016)(165.85989181798615 64.0)
(1.0E-12,20.0,0.24400000000000016)(165.405079119593 92.0)
(1.0E-12,20.0,0.24400000000000016)(165.405079119593 102.0)
(1.0E-12,20.0,0.24400000000000016)(165.405079119593 109.0)
(1.0E-12,20.0,0.24400000000000016)(165.3537873686995 122.0)
(1.0E-12,20.0,0.24400000000000016)(165.31114823690862 129.0)
(1.0E-12,20.0,0.24400000000000016)(165.07942951540636 131.0)
(1.0E-12,20.0,0.24400000000000016)(164.92514902274007 147.0)
(1.0E-12,20.0,0.24400000000000016)(164.7702330832852 156.0)
(1.0E-12,20.0,0.24400000000000016)(164.71832323161274 157.0)
(1.0E-12,20.0,0.24400000000000016)(164.52354477757808 160.0)
(1.0E-12,20.0,0.24400000000000016)(164.52354477757808 162.0)
(1.0E-12,20.0,0.24400000000000016)(164.46739847074616 163.0)
(1.0E-12,20.0,0.24400000000000016)(164.5235447775781 162.0)
(1.0E-12,20.0,0.24400000000000016)(164.4715386786592 163.0)
(1.0E-12,20.0,0.24400000000000016)(164.4715386786592 164.0)
(1.0E-12,20.0,0.24400000000000016)(164.52764918842342 162.0)
(1.0E-12,20.0,0.24400000000000016)(164.25028311344093 177.0)
(1.0E-12,20.0,0.24400000000000016)(164.52764918842342 161.0)
(1.0E-12,20.0,0.24400000000000016)(164.29365104299788 175.0)
(1.0E-12,20.0,0.24400000000000016)(164.29365104299788 174.0)
(1.0E-12,20.0,0.24400000000000016)(164.29816665787425 175.0)
(1.0E-12,20.0,0.24400000000000016)(164.52789782707205 169.0)
(1.0E-12,20.0,0.24400000000000016)(164.34570873650617 170.0)
(1.0E-12,20.0,0.24400000000000016)(164.5798857823507 165.0)
(1.0E-12,20.0,0.24400000000000016)(164.71832323161274 155.0)
(1.0E-12,20.0,0.24400000000000016)(164.484597827141 168.0)
(1.0E-12,20.0,0.24400000000000016)(164.6663929544559 158.0)
(1.0E-12,20.0,0.24400000000000016)(164.71832323161274 154.0)
(1.0E-12 20.0 0.24700000000000016)(150.39603134713002 255.0)
(1.0E-12,20.0,0.24700000000000016)(165.85989181798615 3.0)
(1.0E-12,20.0,0.24700000000000016)(165.85989181798615 24.0)
(1.0E-12,20.0,0.24700000000000016)(165.85989181798615 25.0)
(1.0E-12,20.0,0.24700000000000016)(165.85989181798615 32.0)
(1.0E-12,20.0,0.24700000000000016)(165.85989181798615 39.0)
(1.0E-12,20.0,0.24700000000000016)(165.85989181798615 64.0)
(1.0E-12,20.0,0.24700000000000016)(165.59652812564022 103.0)
(1.0E-12,20.0,0.24700000000000016)(165.59652812564022 110.0)
(1.0E-12,20.0,0.24700000000000016)(165.59652812564022 123.0)
(1.0E-12,20.0,0.24700000000000016)(165.55422230040804 130.0)
(1.0E-12,20.0,0.24700000000000016)(165.3451235557025 131.0)
(1.0E-12,20.0,0.24700000000000016)(165.17067219255262 145.0)
(1.0E-12,20.0,0.24700000000000016)(165.01639169988636 153.0)
(1.0E-12,20.0,0.24700000000000016)(164.90881319028867 156.0)
(1.0E-12,20.0,0.24700000000000016)(164.7702330832852 159.0)
(1.0E-12,20.0,0.24700000000000016)(164.7702330832852 160.0)
(1.0E-12,20.0,0.24700000000000016)(164.60189966846895 161.0)
(1.0E-12,20.0,0.24700000000000016)(164.6060040793143 161.0)
(1.0E-12,20.0,0.24700000000000016)(164.77423829781907 160.0)
(1.0E-12,20.0,0.24700000000000016)(164.63620812407362 176.0)
(1.0E-12,20.0,0.24700000000000016)(164.54070833690528 173.0)
(1.0E-12,20.0,0.24700000000000016)(164.54070833690528 172.0)
(1.0E-12,20.0,0.24700000000000016)(164.54531002504785 172.0)
(1.0E-12,20.0,0.24700000000000016)(164.61035712880826 170.0)
(1.0E-12,20.0,0.24700000000000016)(164.59729798032646 168.0)
(1.0E-12,20.0,0.24700000000000016)(164.7789391822731 159.0)
(1.0E-12,20.0,0.24700000000000016)(164.67945210293772 170.0)
(1.0E-12,20.0,0.24700000000000016)(164.66232642103728 166.0)
(1.0E-12,20.0,0.24700000000000016)(164.7313823800946 166.0)
(1.0E-12,20.0,0.24700000000000016)(164.96459500592752 156.0)
(1.0E-12,20.0,0.24700000000000016)(164.96459500592752 155.0)
(1.0E-12,20.0,0.24700000000000016)(165.05945704486328 152.0)
(1.0E-12,20.0,0.24700000000000016)(165.01639169988636 154.0)
(1.0E-12 20.0 0.25000000000000017)(146.00010561433254 258.0)
(1.0E-12,20.0,0.25000000000000017)(165.85989181798615 3.0)
(1.0E-12,20.0,0.25000000000000017)(165.85989181798615 24.0)
(1.0E-12,20.0,0.25000000000000017)(165.85989181798615 25.0)
(1.0E-12,20.0,0.25000000000000017)(165.85989181798615 32.0)
(1.0E-12,20.0,0.25000000000000017)(165.85989181798615 64.0)
(1.0E-12,20.0,0.25000000000000017)(165.473724394755 118.0)
(1.0E-12,20.0,0.25000000000000017)(165.473724394755 126.0)
(1.0E-12,20.0,0.25000000000000017)(165.42249131756876 135.0)
(1.0E-12,20.0,0.25000000000000017)(165.3668465171813 136.0)
(1.0E-12,20.0,0.25000000000000017)(165.32420738539042 144.0)
(1.0E-12,20.0,0.25000000000000017)(165.11401605734017 152.0)
(1.0E-12,20.0,0.25000000000000017)(164.9025985421115 153.0)
(1.0E-12,20.0,0.25000000000000017)(164.7265261156122 161.0)
(1.0E-12,20.0,0.25000000000000017)(164.5711796833628 168.0)
(1.0E-12,20.0,0.25000000000000017)(164.11148006198977 172.0)
(1.0E-12,20.0,0.25000000000000017)(163.81573430530068 173.0)
(1.0E-12,20.0,0.25000000000000017)(163.81573430530068 176.0)
(1.0E-12,20.0,0.25000000000000017)(163.53268257974025 177.0)
(1.0E-12,20.0,0.25000000000000017)(163.43676997004022 178.0)
(1.0E-12,20.0,0.25000000000000017)(163.65036584235665 177.0)
(1.0E-12,20.0,0.25000000000000017)(163.93300503273844 176.0)
(1.0E-12,20.0,0.25000000000000017)(163.90710369956793 180.0)
(1.0E-12,20.0,0.25000000000000017)(163.69823324105724 177.0)
(1.0E-12,20.0,0.25000000000000017)(163.93300503273844 175.0)
(1.0E-12,20.0,0.25000000000000017)(163.92016284804978 176.0)
(1.0E-12,20.0,0.25000000000000017)(164.15479371157952 175.0)
(1.0E-12,20.0,0.25000000000000017)(164.01579942368278 172.0)
(1.0E-12,20.0,0.25000000000000017)(163.7939244127256 172.0)
(1.0E-12,20.0,0.25000000000000017)(164.19819314504414 172.0)
(1.0E-12,20.0,0.25000000000000017)(164.15490956681606 170.0)
(1.0E-12,20.0,0.25000000000000017)(164.25028311344093 170.0)
(1.0E-12,20.0,0.25000000000000017)(164.089613824407 170.0)
(1.0E-12,20.0,0.25000000000000017)(164.32394348903642 168.0)
(1.0E-12,20.0,0.25000000000000017)(164.5711796833628 167.0)
(1.0E-12 20.0 0.25300000000000017)(150.2093125230264 252.0)
(1.0E-12,20.0,0.25300000000000017)(165.85989181798615 1.0)
(1.0E-12,20.0,0.25300000000000017)(165.85989181798615 25.0)
(1.0E-12,20.0,0.25300000000000017)(165.85989181798615 32.0)
(1.0E-12,20.0,0.25300000000000017)(165.85989181798615 46.0)
(1.0E-12,20.0,0.25300000000000017)(165.85989181798615 64.0)
(1.0E-12,20.0,0.25300000000000017)(165.85989181798615 89.0)
(1.0E-12,20.0,0.25300000000000017)(165.85989181798615 96.0)
(1.0E-12,20.0,0.25300000000000017)(165.85989181798615 98.0)
(1.0E-12,20.0,0.25300000000000017)(165.85989181798615 111.0)
(1.0E-12,20.0,0.25300000000000017)(165.84098406502744 120.0)
(1.0E-12,20.0,0.25300000000000017)(165.63541031307273 131.0)
(1.0E-12,20.0,0.25300000000000017)(165.48357892671956 144.0)
(1.0E-12,20.0,0.25300000000000017)(165.54079713471242 148.0)
(1.0E-12,20.0,0.25300000000000017)(165.38808681323175 151.0)
(1.0E-12,20.0,0.25300000000000017)(165.17666929800313 157.0)
(1.0E-12,20.0,0.25300000000000017)(165.17666929800313 158.0)
(1.0E-12,20.0,0.25300000000000017)(164.88793678184794 172.0)
(1.0E-12,20.0,0.25300000000000017)(165.12103624996726 159.0)
(1.0E-12,20.0,0.25300000000000017)(165.3304834225332 158.0)
(1.0E-12,20.0,0.25300000000000017)(165.1712498062706 159.0)
(1.0E-12,20.0,0.25300000000000017)(165.0983144071123 171.0)
(1.0E-12,20.0,0.25300000000000017)(165.0983144071123 170.0)
(1.0E-12,20.0,0.25300000000000017)(165.0983144071123 166.0)
(1.0E-12,20.0,0.25300000000000017)(165.3304834225332 153.0)
(1.0E-12,20.0,0.25300000000000017)(165.0983144071123 168.0)
(1.0E-12,20.0,0.25300000000000017)(165.0983144071123 169.0)
(1.0E-12,20.0,0.25300000000000017)(165.0983144071123 164.0)
(1.0E-12,20.0,0.25300000000000017)(165.0983144071123 167.0)
(1.0E-12,20.0,0.25300000000000017)(165.3304834225332 150.0)
(1.0E-12,20.0,0.25300000000000017)(165.3304834225332 154.0)
(1.0E-12 20.0 0.25600000000000017)(150.59667876748415 252.0)
(1.0E-12,20.0,0.25600000000000017)(165.85989181798615 1.0)
(1.0E-12,20.0,0.25600000000000017)(165.85989181798615 25.0)
(1.0E-12,20.0,0.25600000000000017)(165.85989181798615 32.0)
(1.0E-12,20.0,0.25600000000000017)(165.85989181798615 39.0)
(1.0E-12,20.0,0.25600000000000017)(165.85989181798615 63.0)
(1.0E-12,20.0,0.25600000000000017)(165.85989181798615 88.0)
(1.0E-12,20.0,0.25600000000000017)(165.85989181798615 90.0)
(1.0E-12,20.0,0.25600000000000017)(165.85989181798615 97.0)
(1.0E-12,20.0,0.25600000000000017)(165.85989181798615 109.0)
(1.0E-12,20.0,0.25600000000000017)(165.84098406502744 117.0)
(1.0E-12,20.0,0.25600000000000017)(165.63541031307273 128.0)
(1.0E-12,20.0,0.25600000000000017)(165.48357892671956 138.0)
(1.0E-12,20.0,0.25600000000000017)(165.3304834225332 147.0)
(1.0E-12,20.0,0.25600000000000017)(165.17666929800313 154.0)
(1.0E-12,20.0,0.25600000000000017)(165.17666929800313 155.0)
(1.0E-12,20.0,0.25600000000000017)(165.17666929800313 156.0)
(1.0E-12,20.0,0.25600000000000017)(165.12103624996726 157.0)
(1.0E-12,20.0,0.25600000000000017)(165.12103624996726 158.0)
(1.0E-12,20.0,0.25600000000000017)(165.12103624996726 159.0)
(1.0E-12,20.0,0.25600000000000017)(165.27514538040714 157.0)
(1.0E-12,20.0,0.25600000000000017)(165.0983144071123 170.0)
(1.0E-12,20.0,0.25600000000000017)(165.0983144071123 169.0)
(1.0E-12,20.0,0.25600000000000017)(165.0983144071123 168.0)
(1.0E-12,20.0,0.25600000000000017)(165.0983144071123 164.0)
(1.0E-12,20.0,0.25600000000000017)(165.0983144071123 167.0)
(1.0E-12,20.0,0.25600000000000017)(165.3304834225332 151.0)
(1.0E-12,20.0,0.25600000000000017)(165.0983144071123 166.0)
(1.0E-12,20.0,0.25600000000000017)(165.3304834225332 153.0)
(1.0E-12,20.0,0.25600000000000017)(165.0983144071123 162.0)
(1.0E-12,20.0,0.25600000000000017)(165.0983144071123 165.0)
(1.0E-12,20.0,0.25600000000000017)(165.3304834225332 148.0)
(1.0E-12,20.0,0.25600000000000017)(165.3304834225332 152.0)
(1.0E-12 20.0 0.2590000000000002)(149.70980640313044 254.0)
(1.0E-12,20.0,0.2590000000000002)(165.85989181798615 1.0)
(1.0E-12,20.0,0.2590000000000002)(165.85989181798615 25.0)
(1.0E-12,20.0,0.2590000000000002)(165.85989181798615 32.0)
(1.0E-12,20.0,0.2590000000000002)(165.85989181798615 39.0)
(1.0E-12,20.0,0.2590000000000002)(165.85989181798615 56.0)
(1.0E-12,20.0,0.2590000000000002)(165.74906781515924 100.0)
(1.0E-12,20.0,0.2590000000000002)(165.74906781515924 107.0)
(1.0E-12,20.0,0.2590000000000002)(165.69406064987774 109.0)
(1.0E-12,20.0,0.2590000000000002)(165.69406064987774 121.0)
(1.0E-12,20.0,0.2590000000000002)(165.67373288968554 128.0)
(1.0E-12,20.0,0.2590000000000002)(165.46544672782176 137.0)
(1.0E-12,20.0,0.2590000000000002)(165.3125650441147 142.0)
(1.0E-12,20.0,0.2590000000000002)(165.1244327040759 153.0)
(1.0E-12,20.0,0.2590000000000002)(164.96992724543023 156.0)
(1.0E-12,20.0,0.2590000000000002)(164.96992724543023 157.0)
(1.0E-12,20.0,0.2590000000000002)(164.96992724543023 158.0)
(1.0E-12,20.0,0.2590000000000002)(164.9267663923333 159.0)
(1.0E-12,20.0,0.2590000000000002)(164.91405507881154 159.0)
(1.0E-12,20.0,0.2590000000000002)(164.96992724543023 160.0)
(1.0E-12,20.0,0.2590000000000002)(165.0813936545594 159.0)
(1.0E-12,20.0,0.2590000000000002)(164.84841150144243 172.0)
(1.0E-12,20.0,0.2590000000000002)(165.01264991258728 162.0)
(1.0E-12,20.0,0.2590000000000002)(164.84841150144243 171.0)
(1.0E-12,20.0,0.2590000000000002)(164.8915723545394 166.0)
(1.0E-12,20.0,0.2590000000000002)(164.9046315030212 167.0)
(1.0E-12,20.0,0.2590000000000002)(164.94776978290864 162.0)
(1.0E-12,20.0,0.2590000000000002)(165.18050346719468 149.0)
(1.0E-12,20.0,0.2590000000000002)(165.18050346719468 148.0)
(1.0E-12,20.0,0.2590000000000002)(165.18050346719468 151.0)
(1.0E-12,20.0,0.2590000000000002)(165.18050346719468 152.0)
(1.0E-12,20.0,0.2590000000000002)(165.1244327040759 154.0)
(1.0E-12 20.0 0.2620000000000002)(150.01464019031113 251.0)
(1.0E-12,20.0,0.2620000000000002)(165.85989181798615 1.0)
(1.0E-12,20.0,0.2620000000000002)(165.85989181798615 25.0)
(1.0E-12,20.0,0.2620000000000002)(165.85989181798615 32.0)
(1.0E-12,20.0,0.2620000000000002)(165.85989181798615 43.0)
(1.0E-12,20.0,0.2620000000000002)(165.85989181798615 67.0)
(1.0E-12,20.0,0.2620000000000002)(165.81921881755775 90.0)
(1.0E-12,20.0,0.2620000000000002)(165.81921881755775 99.0)
(1.0E-12,20.0,0.2620000000000002)(165.81921881755775 106.0)
(1.0E-12,20.0,0.2620000000000002)(165.81921881755775 108.0)
(1.0E-12,20.0,0.2620000000000002)(165.81921881755775 121.0)
(1.0E-12,20.0,0.2620000000000002)(165.59302131476596 129.0)
(1.0E-12,20.0,0.2620000000000002)(165.59302131476596 130.0)
(1.0E-12,20.0,0.2620000000000002)(165.44089064456912 142.0)
(1.0E-12,20.0,0.2620000000000002)(165.28759535040882 151.0)
(1.0E-12,20.0,0.2620000000000002)(165.13363024848664 154.0)
(1.0E-12,20.0,0.2620000000000002)(165.13363024848664 156.0)
(1.0E-12,20.0,0.2620000000000002)(165.0779456549963 157.0)
(1.0E-12,20.0,0.2620000000000002)(165.28759535040882 158.0)
(1.0E-12,20.0,0.2620000000000002)(165.54079713471242 150.0)
(1.0E-12,20.0,0.2620000000000002)(165.3656067950722 166.0)
(1.0E-12,20.0,0.2620000000000002)(165.0552753575958 170.0)
(1.0E-12,20.0,0.2620000000000002)(165.0552753575958 169.0)
(1.0E-12,20.0,0.2620000000000002)(165.0552753575958 164.0)
(1.0E-12,20.0,0.2620000000000002)(165.28759535040882 152.0)
(1.0E-12,20.0,0.2620000000000002)(165.28759535040882 147.0)
(1.0E-12,20.0,0.2620000000000002)(165.0552753575958 160.0)
(1.0E-12,20.0,0.2620000000000002)(165.28759535040882 146.0)
(1.0E-12 20.0 0.2650000000000002)(147.92458709195765 252.0)
(1.0E-12,20.0,0.2650000000000002)(165.85989181798615 1.0)
(1.0E-12,20.0,0.2650000000000002)(165.85989181798615 25.0)
(1.0E-12,20.0,0.2650000000000002)(165.85989181798615 32.0)
(1.0E-12,20.0,0.2650000000000002)(165.85989181798615 43.0)
(1.0E-12,20.0,0.2650000000000002)(165.85989181798615 76.0)
(1.0E-12,20.0,0.2650000000000002)(165.81921881755775 101.0)
(1.0E-12,20.0,0.2650000000000002)(165.81921881755775 108.0)
(1.0E-12,20.0,0.2650000000000002)(165.81921881755775 109.0)
(1.0E-12,20.0,0.2650000000000002)(165.81921881755775 121.0)
(1.0E-12,20.0,0.2650000000000002)(165.59302131476596 129.0)
(1.0E-12,20.0,0.2650000000000002)(165.4408906445691 139.0)
(1.0E-12,20.0,0.2650000000000002)(165.28759535040882 151.0)
(1.0E-12,20.0,0.2650000000000002)(165.13363024848664 153.0)
(1.0E-12,20.0,0.2650000000000002)(165.13363024848664 154.0)
(1.0E-12,20.0,0.2650000000000002)(165.13363024848664 156.0)
(1.0E-12,20.0,0.2650000000000002)(165.0779456549963 157.0)
(1.0E-12,20.0,0.2650000000000002)(165.0779456549963 159.0)
(1.0E-12,20.0,0.2650000000000002)(165.0779456549963 158.0)
(1.0E-12,20.0,0.2650000000000002)(165.23219249918574 158.0)
(1.0E-12,20.0,0.2650000000000002)(165.0552753575958 171.0)
(1.0E-12,20.0,0.2650000000000002)(165.0552753575958 170.0)
(1.0E-12,20.0,0.2650000000000002)(165.0552753575958 169.0)
(1.0E-12,20.0,0.2650000000000002)(165.0552753575958 167.0)
(1.0E-12,20.0,0.2650000000000002)(165.0552753575958 164.0)
(1.0E-12,20.0,0.2650000000000002)(165.0552753575958 162.0)
(1.0E-12,20.0,0.2650000000000002)(165.28759535040882 149.0)
(1.0E-12,20.0,0.2650000000000002)(165.0552753575958 165.0)
(1.0E-12,20.0,0.2650000000000002)(165.28759535040882 152.0)
(1.0E-12 20.0 0.2680000000000002)(147.61633445209063 253.0)
(1.0E-12,20.0,0.2680000000000002)(165.85989181798615 1.0)
(1.0E-12,20.0,0.2680000000000002)(165.85989181798615 25.0)
(1.0E-12,20.0,0.2680000000000002)(165.85989181798615 32.0)
(1.0E-12,20.0,0.2680000000000002)(165.85989181798615 39.0)
(1.0E-12,20.0,0.2680000000000002)(165.85989181798615 77.0)
(1.0E-12,20.0,0.2680000000000002)(165.70989036971378 94.0)
(1.0E-12,20.0,0.2680000000000002)(165.70989036971378 108.0)
(1.0E-12,20.0,0.2680000000000002)(165.70989036971378 109.0)
(1.0E-12,20.0,0.2680000000000002)(165.70989036971378 121.0)
(1.0E-12,20.0,0.2680000000000002)(165.68970760038377 128.0)
(1.0E-12,20.0,0.2680000000000002)(165.48191408276375 129.0)
(1.0E-12,20.0,0.2680000000000002)(165.32926247140054 141.0)
(1.0E-12,20.0,0.2680000000000002)(165.1756028557645 151.0)
(1.0E-12,20.0,0.2680000000000002)(165.0213560115751 153.0)
(1.0E-12,20.0,0.2680000000000002)(165.0213560115751 155.0)
(1.0E-12,20.0,0.2680000000000002)(165.0213560115751 156.0)
(1.0E-12,20.0,0.2680000000000002)(164.78814338574216 169.0)
(1.0E-12,20.0,0.2680000000000002)(164.96557419593626 157.0)
(1.0E-12,20.0,0.2680000000000002)(164.96557419593626 158.0)
(1.0E-12,20.0,0.2680000000000002)(165.12007965458196 158.0)
(1.0E-12,20.0,0.2680000000000002)(164.94300112068427 170.0)
(1.0E-12,20.0,0.2680000000000002)(165.06833450607758 161.0)
(1.0E-12,20.0,0.2680000000000002)(165.1369729722553 159.0)
(1.0E-12,20.0,0.2680000000000002)(165.1756028557645 148.0)
(1.0E-12,20.0,0.2680000000000002)(164.94300112068427 164.0)
(1.0E-12,20.0,0.2680000000000002)(164.94300112068427 162.0)
(1.0E-12,20.0,0.2680000000000002)(165.1756028557645 149.0)
(1.0E-12,20.0,0.2680000000000002)(164.94300112068427 165.0)
(1.0E-12,20.0,0.2680000000000002)(165.1756028557645 152.0)
(1.0E-12 20.0 0.2710000000000002)(147.01136785282452 255.0)
(1.0E-12,20.0,0.2710000000000002)(165.85989181798615 1.0)
(1.0E-12,20.0,0.2710000000000002)(165.85989181798615 25.0)
(1.0E-12,20.0,0.2710000000000002)(165.85989181798615 30.0)
(1.0E-12,20.0,0.2710000000000002)(165.85989181798615 32.0)
(1.0E-12,20.0,0.2710000000000002)(165.85989181798615 50.0)
(1.0E-12,20.0,0.2710000000000002)(165.85989181798615 82.0)
(1.0E-12,20.0,0.2710000000000002)(165.81921881755775 101.0)
(1.0E-12,20.0,0.2710000000000002)(165.81921881755775 108.0)
(1.0E-12,20.0,0.2710000000000002)(165.81921881755775 109.0)
(1.0E-12,20.0,0.2710000000000002)(165.75342086465318 128.0)
(1.0E-12,20.0,0.2710000000000002)(165.52544457770315 133.0)
(1.0E-12,20.0,0.2710000000000002)(165.37279296633994 143.0)
(1.0E-12,20.0,0.2710000000000002)(165.2191333507039 152.0)
(1.0E-12,20.0,0.2710000000000002)(165.06488650651448 155.0)
(1.0E-12,20.0,0.2710000000000002)(165.06488650651448 157.0)
(1.0E-12,20.0,0.2710000000000002)(164.77567707010604 171.0)
(1.0E-12,20.0,0.2710000000000002)(165.16361014952133 157.0)
(1.0E-12,20.0,0.2710000000000002)(165.2191333507039 158.0)
(1.0E-12,20.0,0.2710000000000002)(165.2191333507039 159.0)
(1.0E-12,20.0,0.2710000000000002)(165.14094982203946 171.0)
(1.0E-12,20.0,0.2710000000000002)(164.98653161562368 172.0)
(1.0E-12,20.0,0.2710000000000002)(165.14094982203946 167.0)
(1.0E-12,20.0,0.2710000000000002)(164.98653161562368 169.0)
(1.0E-12,20.0,0.2710000000000002)(164.98653161562368 166.0)
(1.0E-12,20.0,0.2710000000000002)(164.98653161562368 170.0)
(1.0E-12,20.0,0.2710000000000002)(164.98653161562368 164.0)
(1.0E-12,20.0,0.2710000000000002)(165.2191333507039 151.0)
(1.0E-12,20.0,0.2710000000000002)(165.2191333507039 150.0)
(1.0E-12,20.0,0.2710000000000002)(164.98653161562368 163.0)
(1.0E-12,20.0,0.2710000000000002)(165.2191333507039 149.0)
(1.0E-12 20.0 0.2740000000000002)(146.66539861484577 257.0)
(1.0E-12,20.0,0.2740000000000002)(165.85989181798615 1.0)
(1.0E-12,20.0,0.2740000000000002)(165.85989181798615 25.0)
(1.0E-12,20.0,0.2740000000000002)(165.85989181798615 32.0)
(1.0E-12,20.0,0.2740000000000002)(165.85989181798615 46.0)
(1.0E-12,20.0,0.2740000000000002)(165.85989181798615 80.0)
(1.0E-12,20.0,0.2740000000000002)(165.85989181798615 90.0)
(1.0E-12,20.0,0.2740000000000002)(165.85989181798615 97.0)
(1.0E-12,20.0,0.2740000000000002)(165.85989181798615 98.0)
(1.0E-12,20.0,0.2740000000000002)(165.81921881755775 117.0)
(1.0E-12,20.0,0.2740000000000002)(165.81921881755775 122.0)
(1.0E-12,20.0,0.2740000000000002)(165.59302131476596 130.0)
(1.0E-12,20.0,0.2740000000000002)(165.59302131476596 134.0)
(1.0E-12,20.0,0.2740000000000002)(165.28759535040882 152.0)
(1.0E-12,20.0,0.2740000000000002)(165.28759535040882 153.0)
(1.0E-12,20.0,0.2740000000000002)(165.13363024848664 155.0)
(1.0E-12,20.0,0.2740000000000002)(165.13363024848664 157.0)
(1.0E-12,20.0,0.2740000000000002)(165.07794565499634 158.0)
(1.0E-12,20.0,0.2740000000000002)(165.07794565499634 160.0)
(1.0E-12,20.0,0.2740000000000002)(165.23219249918574 160.0)
(1.0E-12,20.0,0.2740000000000002)(165.23219249918574 159.0)
(1.0E-12,20.0,0.2740000000000002)(165.01221001261888 174.0)
(1.0E-12,20.0,0.2740000000000002)(165.05527535759583 172.0)
(1.0E-12,20.0,0.2740000000000002)(165.05527535759583 171.0)
(1.0E-12,20.0,0.2740000000000002)(165.05527535759583 166.0)
(1.0E-12,20.0,0.2740000000000002)(165.28759535040882 151.0)
(1.0E-12,20.0,0.2740000000000002)(165.05527535759583 169.0)
(1.0E-12,20.0,0.2740000000000002)(165.05527535759583 163.0)
(1.0E-12,20.0,0.2740000000000002)(165.05527535759583 164.0)
(1.0E-12 20.0 0.2770000000000002)(146.62622116940034 257.0)
(1.0E-12,20.0,0.2770000000000002)(165.85989181798615 1.0)
(1.0E-12,20.0,0.2770000000000002)(165.85989181798615 25.0)
(1.0E-12,20.0,0.2770000000000002)(165.85989181798615 32.0)
(1.0E-12,20.0,0.2770000000000002)(165.85989181798615 41.0)
(1.0E-12,20.0,0.2770000000000002)(165.85989181798615 84.0)
(1.0E-12,20.0,0.2770000000000002)(165.70989036971378 101.0)
(1.0E-12,20.0,0.2770000000000002)(165.70989036971378 108.0)
(1.0E-12,20.0,0.2770000000000002)(165.70989036971378 109.0)
(1.0E-12,20.0,0.2770000000000002)(165.70989036971378 116.0)
(1.0E-12,20.0,0.2770000000000002)(165.70989036971378 121.0)
(1.0E-12,20.0,0.2770000000000002)(165.48191408276375 133.0)
(1.0E-12,20.0,0.2770000000000002)(165.1756028557645 151.0)
(1.0E-12,20.0,0.2770000000000002)(165.0213560115751 153.0)
(1.0E-12,20.0,0.2770000000000002)(165.0213560115751 154.0)
(1.0E-12,20.0,0.2770000000000002)(165.0213560115751 156.0)
(1.0E-12,20.0,0.2770000000000002)(164.73214657516664 170.0)
(1.0E-12,20.0,0.2770000000000002)(164.96557419593626 158.0)
(1.0E-12,20.0,0.2770000000000002)(164.91370724385146 160.0)
(1.0E-12,20.0,0.2770000000000002)(165.1239138237735 158.0)
(1.0E-12,20.0,0.2770000000000002)(165.06833450607758 159.0)
(1.0E-12,20.0,0.2770000000000002)(164.89118013948743 171.0)
(1.0E-12,20.0,0.2770000000000002)(164.80488100650305 171.0)
(1.0E-12,20.0,0.2770000000000002)(165.1239138237735 157.0)
(1.0E-12,20.0,0.2770000000000002)(164.94300112068427 164.0)
(1.0E-12,20.0,0.2770000000000002)(164.89118013948743 163.0)
(1.0E-12,20.0,0.2770000000000002)(164.94300112068427 167.0)
(1.0E-12,20.0,0.2770000000000002)(164.89118013948743 165.0)
(1.0E-12,20.0,0.2770000000000002)(165.1239138237735 150.0)
(1.0E-12,20.0,0.2770000000000002)(165.1239138237735 149.0)
(1.0E-12,20.0,0.2770000000000002)(165.1756028557645 148.0)
(1.0E-12 20.0 0.2800000000000002)(144.61002685527555 257.0)
(1.0E-12,20.0,0.2800000000000002)(165.85989181798615 1.0)
(1.0E-12,20.0,0.2800000000000002)(165.85989181798615 25.0)
(1.0E-12,20.0,0.2800000000000002)(165.85989181798615 32.0)
(1.0E-12,20.0,0.2800000000000002)(165.85989181798615 39.0)
(1.0E-12,20.0,0.2800000000000002)(165.85989181798615 83.0)
(1.0E-12,20.0,0.2800000000000002)(165.70989036971378 102.0)
(1.0E-12,20.0,0.2800000000000002)(165.70989036971378 109.0)
(1.0E-12,20.0,0.2800000000000002)(165.70989036971378 110.0)
(1.0E-12,20.0,0.2800000000000002)(165.70989036971378 112.0)
(1.0E-12,20.0,0.2800000000000002)(165.70989036971378 122.0)
(1.0E-12,20.0,0.2800000000000002)(165.48191408276375 130.0)
(1.0E-12,20.0,0.2800000000000002)(165.48191408276375 134.0)
(1.0E-12,20.0,0.2800000000000002)(165.1756028557645 152.0)
(1.0E-12,20.0,0.2800000000000002)(165.0213560115751 153.0)
(1.0E-12,20.0,0.2800000000000002)(165.0213560115751 155.0)
(1.0E-12,20.0,0.2800000000000002)(165.0213560115751 157.0)
(1.0E-12,20.0,0.2800000000000002)(164.96557419593626 158.0)
(1.0E-12,20.0,0.2800000000000002)(164.91370724385146 161.0)
(1.0E-12,20.0,0.2800000000000002)(164.96557419593626 160.0)
(1.0E-12,20.0,0.2800000000000002)(165.06833450607758 160.0)
(1.0E-12,20.0,0.2800000000000002)(165.1239138237735 159.0)
(1.0E-12,20.0,0.2800000000000002)(164.89118013948743 172.0)
(1.0E-12,20.0,0.2800000000000002)(164.89118013948743 171.0)
(1.0E-12,20.0,0.2800000000000002)(164.80488100650305 172.0)
(1.0E-12,20.0,0.2800000000000002)(164.89118013948743 164.0)
(1.0E-12,20.0,0.2800000000000002)(165.1239138237735 151.0)
(1.0E-12,20.0,0.2800000000000002)(165.1239138237735 156.0)
(1.0E-12,20.0,0.2800000000000002)(164.94300112068427 165.0)
(1.0E-12,20.0,0.2800000000000002)(164.94300112068427 163.0)
(1.0E-12,20.0,0.2800000000000002)(164.89118013948743 167.0)
(1.0E-12,20.0,0.2800000000000002)(165.1756028557645 149.0)
(1.0E-12,20.0,0.2800000000000002)(164.94300112068427 166.0)
(1.0E-12 20.0 0.2830000000000002)(146.7899895596862 257.0)
(1.0E-12,20.0,0.2830000000000002)(165.85989181798615 1.0)
(1.0E-12,20.0,0.2830000000000002)(165.85989181798615 25.0)
(1.0E-12,20.0,0.2830000000000002)(165.85989181798615 32.0)
(1.0E-12,20.0,0.2830000000000002)(165.85989181798615 46.0)
(1.0E-12,20.0,0.2830000000000002)(165.70989036971378 81.0)
(1.0E-12,20.0,0.2830000000000002)(165.70989036971378 108.0)
(1.0E-12,20.0,0.2830000000000002)(165.70989036971378 109.0)
(1.0E-12,20.0,0.2830000000000002)(165.70989036971378 114.0)
(1.0E-12,20.0,0.2830000000000002)(165.70989036971378 121.0)
(1.0E-12,20.0,0.2830000000000002)(165.50267581349246 122.0)
(1.0E-12,20.0,0.2830000000000002)(165.32926247140054 143.0)
(1.0E-12,20.0,0.2830000000000002)(165.1756028557645 147.0)
(1.0E-12,20.0,0.2830000000000002)(165.0213560115751 153.0)
(1.0E-12,20.0,0.2830000000000002)(165.0213560115751 156.0)
(1.0E-12,20.0,0.2830000000000002)(165.0213560115751 157.0)
(1.0E-12,20.0,0.2830000000000002)(164.96557419593626 158.0)
(1.0E-12,20.0,0.2830000000000002)(164.96557419593626 159.0)
(1.0E-12,20.0,0.2830000000000002)(165.06833450607758 159.0)
(1.0E-12,20.0,0.2830000000000002)(165.1239138237735 158.0)
(1.0E-12,20.0,0.2830000000000002)(164.84804185960002 172.0)
(1.0E-12,20.0,0.2830000000000002)(164.89118013948743 172.0)
(1.0E-12,20.0,0.2830000000000002)(165.1239138237735 154.0)
(1.0E-12,20.0,0.2830000000000002)(164.80488100650305 172.0)
(1.0E-12,20.0,0.2830000000000002)(164.89118013948743 171.0)
(1.0E-12,20.0,0.2830000000000002)(164.89118013948743 166.0)
(1.0E-12,20.0,0.2830000000000002)(164.89118013948743 167.0)
(1.0E-12,20.0,0.2830000000000002)(164.89118013948743 164.0)
(1.0E-12,20.0,0.2830000000000002)(165.1239138237735 152.0)
(1.0E-12,20.0,0.2830000000000002)(165.1239138237735 151.0)
(1.0E-12,20.0,0.2830000000000002)(165.1239138237735 150.0)
(1.0E-12,20.0,0.2830000000000002)(165.1756028557645 149.0)
(1.0E-12 20.0 0.2860000000000002)(146.2425915558624 259.0)
(1.0E-12,20.0,0.2860000000000002)(165.85989181798615 3.0)
(1.0E-12,20.0,0.2860000000000002)(165.85989181798615 25.0)
(1.0E-12,20.0,0.2860000000000002)(165.85989181798615 32.0)
(1.0E-12,20.0,0.2860000000000002)(165.85989181798615 46.0)
(1.0E-12,20.0,0.2860000000000002)(165.85989181798615 67.0)
(1.0E-12,20.0,0.2860000000000002)(165.85989181798615 94.0)
(1.0E-12,20.0,0.2860000000000002)(165.85989181798615 101.0)
(1.0E-12,20.0,0.2860000000000002)(165.85989181798615 106.0)
(1.0E-12,20.0,0.2860000000000002)(165.84098406502744 121.0)
(1.0E-12,20.0,0.2860000000000002)(165.63541031307273 132.0)
(1.0E-12,20.0,0.2860000000000002)(165.48357892671956 143.0)
(1.0E-12,20.0,0.2860000000000002)(165.3304834225332 151.0)
(1.0E-12,20.0,0.2860000000000002)(165.3304834225332 154.0)
(1.0E-12,20.0,0.2860000000000002)(165.17666929800313 156.0)
(1.0E-12,20.0,0.2860000000000002)(165.17666929800313 157.0)
(1.0E-12,20.0,0.2860000000000002)(164.95758557375092 158.0)
(1.0E-12,20.0,0.2860000000000002)(165.11233015097937 157.0)
(1.0E-12,20.0,0.2860000000000002)(165.11233015097937 159.0)
(1.0E-12,20.0,0.2860000000000002)(165.11233015097937 160.0)
(1.0E-12,20.0,0.2860000000000002)(164.87923068286005 173.0)
(1.0E-12,20.0,0.2860000000000002)(165.11233015097937 155.0)
(1.0E-12,20.0,0.2860000000000002)(165.0983144071123 172.0)
(1.0E-12,20.0,0.2860000000000002)(165.0552753575958 170.0)
(1.0E-12,20.0,0.2860000000000002)(164.87923068286005 167.0)
(1.0E-12,20.0,0.2860000000000002)(164.87923068286005 168.0)
(1.0E-12,20.0,0.2860000000000002)(165.0983144071123 171.0)
(1.0E-12,20.0,0.2860000000000002)(165.0983144071123 166.0)
(1.0E-12,20.0,0.2860000000000002)(165.0983144071123 165.0)
(1.0E-12,20.0,0.2860000000000002)(165.0983144071123 164.0)
(1.0E-12,20.0,0.2860000000000002)(165.0983144071123 163.0)
(1.0E-12,20.0,0.2860000000000002)(165.3304834225332 150.0)
(1.0E-12,20.0,0.2860000000000002)(165.3304834225332 149.0)
(1.0E-12 20.0 0.2890000000000002)(147.62068750158454 257.0)
(1.0E-12,20.0,0.2890000000000002)(165.85989181798615 3.0)
(1.0E-12,20.0,0.2890000000000002)(165.85989181798615 25.0)
(1.0E-12,20.0,0.2890000000000002)(165.85989181798615 32.0)
(1.0E-12,20.0,0.2890000000000002)(165.85989181798615 42.0)
(1.0E-12,20.0,0.2890000000000002)(165.85989181798615 78.0)
(1.0E-12,20.0,0.2890000000000002)(165.85989181798615 85.0)
(1.0E-12,20.0,0.2890000000000002)(165.85989181798615 93.0)
(1.0E-12,20.0,0.2890000000000002)(165.85989181798615 106.0)
(1.0E-12,20.0,0.2890000000000002)(165.84098406502744 118.0)
(1.0E-12,20.0,0.2890000000000002)(165.63541031307273 129.0)
(1.0E-12,20.0,0.2890000000000002)(165.48357892671956 138.0)
(1.0E-12,20.0,0.2890000000000002)(165.3304834225332 150.0)
(1.0E-12,20.0,0.2890000000000002)(165.27514538040714 152.0)
(1.0E-12,20.0,0.2890000000000002)(165.21968091264011 155.0)
(1.0E-12,20.0,0.2890000000000002)(165.21968091264011 154.0)
(1.0E-12,20.0,0.2890000000000002)(165.21968091264011 156.0)
(1.0E-12,20.0,0.2890000000000002)(164.94380894846662 172.0)
(1.0E-12,20.0,0.2890000000000002)(165.27514538040714 157.0)
(1.0E-12,20.0,0.2890000000000002)(165.27514538040714 158.0)
(1.0E-12,20.0,0.2890000000000002)(165.0552753575958 170.0)
(1.0E-12,20.0,0.2890000000000002)(165.27514538040714 153.0)
(1.0E-12,20.0,0.2890000000000002)(164.99959076410548 173.0)
(1.0E-12,20.0,0.2890000000000002)(164.99959076410548 174.0)
(1.0E-12,20.0,0.2890000000000002)(164.99959076410548 168.0)
(1.0E-12,20.0,0.2890000000000002)(165.0552753575958 167.0)
(1.0E-12,20.0,0.2890000000000002)(165.0552753575958 166.0)
(1.0E-12,20.0,0.2890000000000002)(165.3304834225332 148.0)
(1.0E-12,20.0,0.2890000000000002)(165.3304834225332 151.0)
(1.0E-12,20.0,0.2890000000000002)(165.3304834225332 149.0)
(1.0E-12,20.0,0.2890000000000002)(165.0552753575958 164.0)
(1.0E-12,20.0,0.2890000000000002)(165.3304834225332 147.0)
(1.0E-12 20.0 0.2920000000000002)(147.62068750158454 257.0)
(1.0E-12,20.0,0.2920000000000002)(165.85989181798615 3.0)
(1.0E-12,20.0,0.2920000000000002)(165.85989181798615 25.0)
(1.0E-12,20.0,0.2920000000000002)(165.85989181798615 32.0)
(1.0E-12,20.0,0.2920000000000002)(165.85989181798615 42.0)
(1.0E-12,20.0,0.2920000000000002)(165.85989181798615 78.0)
(1.0E-12,20.0,0.2920000000000002)(165.85989181798615 85.0)
(1.0E-12,20.0,0.2920000000000002)(165.85989181798615 93.0)
(1.0E-12,20.0,0.2920000000000002)(165.85989181798615 105.0)
(1.0E-12,20.0,0.2920000000000002)(165.85989181798615 109.0)
(1.0E-12,20.0,0.2920000000000002)(165.65595089083521 121.0)
(1.0E-12,20.0,0.2920000000000002)(165.48357892671956 140.0)
(1.0E-12,20.0,0.2920000000000002)(165.3304834225332 149.0)
(1.0E-12,20.0,0.2920000000000002)(165.21968091264011 151.0)
(1.0E-12,20.0,0.2920000000000002)(165.21968091264011 153.0)
(1.0E-12,20.0,0.2920000000000002)(165.21968091264011 154.0)
(1.0E-12,20.0,0.2920000000000002)(164.94380894846662 171.0)
(1.0E-12,20.0,0.2920000000000002)(165.27514538040714 154.0)
(1.0E-12,20.0,0.2920000000000002)(165.27514538040714 156.0)
(1.0E-12,20.0,0.2920000000000002)(165.27514538040714 157.0)
(1.0E-12,20.0,0.2920000000000002)(164.99959076410548 173.0)
(1.0E-12,20.0,0.2920000000000002)(165.16796319901528 161.0)
(1.0E-12,20.0,0.2920000000000002)(165.27514538040714 152.0)
(1.0E-12,20.0,0.2920000000000002)(164.99959076410548 167.0)
(1.0E-12,20.0,0.2920000000000002)(164.99959076410548 168.0)
(1.0E-12,20.0,0.2920000000000002)(164.99959076410548 172.0)
(1.0E-12,20.0,0.2920000000000002)(165.0552753575958 166.0)
(1.0E-12,20.0,0.2920000000000002)(165.3304834225332 150.0)
(1.0E-12,20.0,0.2920000000000002)(165.0552753575958 164.0)
(1.0E-12,20.0,0.2920000000000002)(165.3304834225332 148.0)
(1.0E-12,20.0,0.2920000000000002)(165.3304834225332 147.0)
(1.0E-12,20.0,0.2920000000000002)(165.3304834225332 146.0)
(1.0E-12 20.0 0.2950000000000002)(147.70167989215847 256.0)
(1.0E-12,20.0,0.2950000000000002)(165.85989181798615 3.0)
(1.0E-12,20.0,0.2950000000000002)(165.85989181798615 25.0)
(1.0E-12,20.0,0.2950000000000002)(165.85989181798615 32.0)
(1.0E-12,20.0,0.2950000000000002)(165.85989181798615 42.0)
(1.0E-12,20.0,0.2950000000000002)(165.85989181798615 78.0)
(1.0E-12,20.0,0.2950000000000002)(165.85989181798615 85.0)
(1.0E-12,20.0,0.2950000000000002)(165.85989181798615 93.0)
(1.0E-12,20.0,0.2950000000000002)(165.85989181798615 95.0)
(1.0E-12,20.0,0.2950000000000002)(165.85989181798615 105.0)
(1.0E-12,20.0,0.2950000000000002)(165.84098406502744 116.0)
(1.0E-12,20.0,0.2950000000000002)(165.63541031307273 127.0)
(1.0E-12,20.0,0.2950000000000002)(165.48357892671956 136.0)
(1.0E-12,20.0,0.2950000000000002)(165.3304834225332 149.0)
(1.0E-12,20.0,0.2950000000000002)(165.18972844648496 151.0)
(1.0E-12,20.0,0.2950000000000002)(165.18972844648496 154.0)
(1.0E-12,20.0,0.2950000000000002)(165.18972844648496 153.0)
(1.0E-12,20.0,0.2950000000000002)(165.18972844648496 155.0)
(1.0E-12,20.0,0.2950000000000002)(165.24525164766754 154.0)
(1.0E-12,20.0,0.2950000000000002)(165.24525164766754 156.0)
(1.0E-12,20.0,0.2950000000000002)(165.24525164766754 157.0)
(1.0E-12,20.0,0.2950000000000002)(165.24525164766754 158.0)
(1.0E-12,20.0,0.2950000000000002)(165.0552753575958 169.0)
(1.0E-12,20.0,0.2950000000000002)(165.14233634747453 158.0)
(1.0E-12,20.0,0.2950000000000002)(164.9695350303783 173.0)
(1.0E-12,20.0,0.2950000000000002)(164.9695350303783 168.0)
(1.0E-12,20.0,0.2950000000000002)(164.9695350303783 172.0)
(1.0E-12,20.0,0.2950000000000002)(164.9695350303783 167.0)
(1.0E-12,20.0,0.2950000000000002)(165.0552753575958 166.0)
(1.0E-12,20.0,0.2950000000000002)(165.0552753575958 164.0)
(1.0E-12,20.0,0.2950000000000002)(165.0552753575958 165.0)
(1.0E-12,20.0,0.2950000000000002)(165.3304834225332 148.0)
(1.0E-12,20.0,0.2950000000000002)(165.3304834225332 150.0)
(1.0E-12 20.0 0.2980000000000002)(147.58586310563308 257.0)
(1.0E-12,20.0,0.2980000000000002)(165.85989181798615 3.0)
(1.0E-12,20.0,0.2980000000000002)(165.85989181798615 25.0)
(1.0E-12,20.0,0.2980000000000002)(165.85989181798615 32.0)
(1.0E-12,20.0,0.2980000000000002)(165.85989181798615 39.0)
(1.0E-12,20.0,0.2980000000000002)(165.85989181798615 78.0)
(1.0E-12,20.0,0.2980000000000002)(165.85989181798615 88.0)
(1.0E-12,20.0,0.2980000000000002)(165.85989181798615 96.0)
(1.0E-12,20.0,0.2980000000000002)(165.85989181798615 101.0)
(1.0E-12,20.0,0.2980000000000002)(165.85989181798615 108.0)
(1.0E-12,20.0,0.2980000000000002)(165.85989181798615 109.0)
(1.0E-12,20.0,0.2980000000000002)(165.65595089083521 121.0)
(1.0E-12,20.0,0.2980000000000002)(165.48357892671956 140.0)
(1.0E-12,20.0,0.2980000000000002)(165.3304834225332 149.0)
(1.0E-12,20.0,0.2980000000000002)(165.18537539699102 151.0)
(1.0E-12,20.0,0.2980000000000002)(165.18537539699102 153.0)
(1.0E-12,20.0,0.2980000000000002)(165.18537539699102 154.0)
(1.0E-12,20.0,0.2980000000000002)(165.18537539699102 155.0)
(1.0E-12,20.0,0.2980000000000002)(165.2408985981736 154.0)
(1.0E-12,20.0,0.2980000000000002)(165.2408985981736 158.0)
(1.0E-12,20.0,0.2980000000000002)(165.2408985981736 157.0)
(1.0E-12,20.0,0.2980000000000002)(164.96518198088435 168.0)
(1.0E-12,20.0,0.2980000000000002)(164.96518198088435 173.0)
(1.0E-12,20.0,0.2980000000000002)(164.96518198088435 172.0)
(1.0E-12,20.0,0.2980000000000002)(164.96518198088435 167.0)
(1.0E-12,20.0,0.2980000000000002)(165.0552753575958 162.0)
(1.0E-12,20.0,0.2980000000000002)(165.13363024848667 155.0)
(1.0E-12,20.0,0.2980000000000002)(165.0552753575958 166.0)
(1.0E-12,20.0,0.2980000000000002)(165.0552753575958 164.0)
(1.0E-12,20.0,0.2980000000000002)(165.3304834225332 148.0)
(1.0E-12,20.0,0.2980000000000002)(165.3304834225332 147.0)
(1.0E-12,20.0,0.2980000000000002)(165.3304834225332 146.0)
(1.0E-12 30.0 0.01)(165.85989181798615 12.0)
(1.0E-12,30.0,0.01)(165.85989181798615 1.0)
(1.0E-12,30.0,0.01)(165.85989181798615 12.0)
(1.0E-12 30.0 0.013000000000000001)(165.85989181798615 13.0)
(1.0E-12,30.0,0.013000000000000001)(165.85989181798615 1.0)
(1.0E-12,30.0,0.013000000000000001)(165.85989181798615 12.0)
(1.0E-12,30.0,0.013000000000000001)(165.85989181798615 13.0)
(1.0E-12 30.0 0.016)(165.85989181798615 13.0)
(1.0E-12,30.0,0.016)(165.85989181798615 1.0)
(1.0E-12,30.0,0.016)(165.85989181798615 13.0)
(1.0E-12 30.0 0.019)(165.85989181798615 13.0)
(1.0E-12,30.0,0.019)(165.85989181798615 1.0)
(1.0E-12,30.0,0.019)(165.85989181798615 12.0)
(1.0E-12,30.0,0.019)(165.85989181798615 13.0)
(1.0E-12 30.0 0.022)(165.85989181798615 13.0)
(1.0E-12,30.0,0.022)(165.85989181798615 1.0)
(1.0E-12,30.0,0.022)(165.85989181798615 13.0)
(1.0E-12 30.0 0.024999999999999998)(165.85989181798615 13.0)
(1.0E-12,30.0,0.024999999999999998)(165.85989181798615 1.0)
(1.0E-12,30.0,0.024999999999999998)(165.85989181798615 13.0)
(1.0E-12 30.0 0.027999999999999997)(165.85989181798615 13.0)
(1.0E-12,30.0,0.027999999999999997)(165.85989181798615 1.0)
(1.0E-12,30.0,0.027999999999999997)(165.85989181798615 13.0)
(1.0E-12 30.0 0.030999999999999996)(165.85989181798615 13.0)
(1.0E-12,30.0,0.030999999999999996)(165.85989181798615 1.0)
(1.0E-12,30.0,0.030999999999999996)(165.85989181798615 13.0)
(1.0E-12 30.0 0.033999999999999996)(165.85989181798615 13.0)
(1.0E-12,30.0,0.033999999999999996)(165.85989181798615 1.0)
(1.0E-12,30.0,0.033999999999999996)(165.85989181798615 13.0)
(1.0E-12 30.0 0.037)(165.85989181798615 13.0)
(1.0E-12,30.0,0.037)(165.85989181798615 1.0)
(1.0E-12,30.0,0.037)(165.85989181798615 13.0)
(1.0E-12 30.0 0.04)(165.85989181798615 13.0)
(1.0E-12,30.0,0.04)(165.85989181798615 3.0)
(1.0E-12,30.0,0.04)(165.85989181798615 13.0)
(1.0E-12,30.0,0.04)(165.85989181798615 1.0)
(1.0E-12,30.0,0.04)(165.85989181798615 11.0)
(1.0E-12 30.0 0.043000000000000003)(165.85989181798615 13.0)
(1.0E-12,30.0,0.043000000000000003)(165.85989181798615 3.0)
(1.0E-12,30.0,0.043000000000000003)(165.85989181798615 13.0)
(1.0E-12,30.0,0.043000000000000003)(165.85989181798615 1.0)
(1.0E-12,30.0,0.043000000000000003)(165.85989181798615 12.0)
(1.0E-12 30.0 0.046000000000000006)(165.85989181798615 13.0)
(1.0E-12,30.0,0.046000000000000006)(165.85989181798615 3.0)
(1.0E-12,30.0,0.046000000000000006)(165.85989181798615 13.0)
(1.0E-12,30.0,0.046000000000000006)(165.85989181798615 1.0)
(1.0E-12,30.0,0.046000000000000006)(165.85989181798615 9.0)
(1.0E-12,30.0,0.046000000000000006)(165.85989181798615 8.0)
(1.0E-12,30.0,0.046000000000000006)(165.85989181798615 11.0)
(1.0E-12 30.0 0.04900000000000001)(165.85989181798615 13.0)
(1.0E-12,30.0,0.04900000000000001)(165.85989181798615 3.0)
(1.0E-12,30.0,0.04900000000000001)(165.85989181798615 13.0)
(1.0E-12,30.0,0.04900000000000001)(165.85989181798615 1.0)
(1.0E-12 30.0 0.05200000000000001)(165.85989181798615 13.0)
(1.0E-12,30.0,0.05200000000000001)(165.85989181798615 3.0)
(1.0E-12,30.0,0.05200000000000001)(165.85989181798615 13.0)
(1.0E-12,30.0,0.05200000000000001)(165.85989181798615 1.0)
(1.0E-12 30.0 0.055000000000000014)(165.85989181798615 13.0)
(1.0E-12,30.0,0.055000000000000014)(165.85989181798615 3.0)
(1.0E-12,30.0,0.055000000000000014)(165.85989181798615 13.0)
(1.0E-12,30.0,0.055000000000000014)(165.85989181798615 1.0)
(1.0E-12 30.0 0.05800000000000002)(165.85989181798615 13.0)
(1.0E-12,30.0,0.05800000000000002)(165.85989181798615 3.0)
(1.0E-12,30.0,0.05800000000000002)(165.85989181798615 13.0)
(1.0E-12,30.0,0.05800000000000002)(165.85989181798615 1.0)
(1.0E-12,30.0,0.05800000000000002)(165.85989181798615 8.0)
